Date,Portfolio,Return,"Rolling VaR (95%, 252D)","Rolling ES (95%, 252D)",VaR Breach,Loss Exceeds ES
2025-01-02,Equal Weighted Portfolio,0.00031045416371222557,0.022303136313049556,0.03281729270693296,False,False
2025-01-03,Equal Weighted Portfolio,0.01701315391413403,0.022303136313049556,0.03281729270693296,False,False
2025-01-06,Equal Weighted Portfolio,0.0183929929649767,0.022303136313049556,0.03281729270693296,False,False
2025-01-07,Equal Weighted Portfolio,-0.02336883657123705,0.022303136313049556,0.03281729270693296,True,False
2025-01-08,Equal Weighted Portfolio,7.474621390735066e-05,0.023489255936359425,0.03281729270693296,False,False
2025-01-10,Equal Weighted Portfolio,-0.01860334701620088,0.023489255936359425,0.03281729270693296,False,False
2025-01-13,Equal Weighted Portfolio,-0.008202421801049731,0.023489255936359425,0.03281729270693296,False,False
2025-01-14,Equal Weighted Portfolio,-0.005821584491857768,0.023489255936359425,0.03281729270693296,False,False
2025-01-15,Equal Weighted Portfolio,0.027196804073222933,0.023489255936359425,0.03281729270693296,False,False
2025-01-16,Equal Weighted Portfolio,-0.017829458859070946,0.023489255936359425,0.03281729270693296,False,False
2025-01-17,Equal Weighted Portfolio,0.01781822996226534,0.023489255936359425,0.03281729270693296,False,False
2025-01-21,Equal Weighted Portfolio,0.004229183509768441,0.023489255936359425,0.03281729270693296,False,False
2025-01-22,Equal Weighted Portfolio,0.022320483029088668,0.023489255936359425,0.03281729270693296,False,False
2025-01-23,Equal Weighted Portfolio,0.00017964163278907377,0.023489255936359425,0.03281729270693296,False,False
2025-01-24,Equal Weighted Portfolio,-0.006381862741632993,0.023489255936359425,0.03281729270693296,False,False
2025-01-27,Equal Weighted Portfolio,-0.03942705696480138,0.023489255936359425,0.03281729270693296,True,True
2025-01-28,Equal Weighted Portfolio,0.03670322394269059,0.02523861861163755,0.0340319559226563,False,False
2025-01-29,Equal Weighted Portfolio,-0.01025216825020232,0.02523861861163755,0.0340319559226563,False,False
2025-01-30,Equal Weighted Portfolio,-0.008826824093388953,0.02523861861163755,0.0340319559226563,False,False
2025-01-31,Equal Weighted Portfolio,-0.0031306330649435226,0.02523861861163755,0.0340319559226563,False,False
2025-02-03,Equal Weighted Portfolio,-0.017544278989301176,0.02523861861163755,0.0340319559226563,False,False
2025-02-04,Equal Weighted Portfolio,0.017231534430612427,0.023489255936359425,0.033333625775357555,False,False
2025-02-05,Equal Weighted Portfolio,-0.008161763837828385,0.023489255936359425,0.033333625775357555,False,False
2025-02-06,Equal Weighted Portfolio,0.010300932232597138,0.023489255936359425,0.033333625775357555,False,False
2025-02-07,Equal Weighted Portfolio,-0.020400137647549957,0.023489255936359425,0.033333625775357555,False,False
2025-02-10,Equal Weighted Portfolio,0.0118039349527054,0.023489255936359425,0.033333625775357555,False,False
2025-02-11,Equal Weighted Portfolio,0.001308144383163801,0.023489255936359425,0.033333625775357555,False,False
2025-02-12,Equal Weighted Portfolio,-0.00505692350467697,0.023489255936359425,0.033333625775357555,False,False
2025-02-13,Equal Weighted Portfolio,0.01489769786576636,0.023489255936359425,0.033333625775357555,False,False
2025-02-14,Equal Weighted Portfolio,0.004234651160314074,0.023489255936359425,0.033333625775357555,False,False
2025-02-18,Equal Weighted Portfolio,-0.0016421322097590618,0.023489255936359425,0.033333625775357555,False,False
2025-02-19,Equal Weighted Portfolio,0.004001976082523329,0.023489255936359425,0.033333625775357555,False,False
2025-02-20,Equal Weighted Portfolio,-0.0007267273319549348,0.023489255936359425,0.033333625775357555,False,False
2025-02-21,Equal Weighted Portfolio,-0.023217735428591204,0.023489255936359425,0.033333625775357555,False,False
2025-02-24,Equal Weighted Portfolio,-0.01097764138493338,0.023489255936359425,0.033333625775357555,False,False
2025-02-25,Equal Weighted Portfolio,-0.012803690996135188,0.023489255936359425,0.033333625775357555,False,False
2025-02-26,Equal Weighted Portfolio,0.0013021672814798719,0.023489255936359425,0.033333625775357555,False,False
2025-02-27,Equal Weighted Portfolio,-0.033479414526419386,0.023489255936359425,0.033333625775357555,True,True
2025-02-28,Equal Weighted Portfolio,0.01979245874729281,0.02523861861163755,0.03409077803428229,False,False
2025-03-03,Equal Weighted Portfolio,-0.03579447155915063,0.02523861861163755,0.03409077803428229,True,True
2025-03-04,Equal Weighted Portfolio,0.0051753426975785785,0.02770089798358906,0.03475213409038468,False,False
2025-03-05,Equal Weighted Portfolio,0.015717270920421057,0.02770089798358906,0.03475213409038468,False,False
2025-03-06,Equal Weighted Portfolio,-0.022126586165546525,0.02770089798358906,0.03475213409038468,False,False
2025-03-07,Equal Weighted Portfolio,0.0055322194797848175,0.02770089798358906,0.03475213409038468,False,False
2025-03-10,Equal Weighted Portfolio,-0.04006249578629768,0.02770089798358906,0.03475213409038468,True,True
2025-03-11,Equal Weighted Portfolio,-0.002431109368999507,0.028434681860883295,0.03565563642827282,False,False
2025-03-12,Equal Weighted Portfolio,0.01682081496209542,0.028434681860883295,0.03565563642827282,False,False
2025-03-13,Equal Weighted Portfolio,-0.019434613122010294,0.028434681860883295,0.03565563642827282,False,False
2025-03-14,Equal Weighted Portfolio,0.027038369397220843,0.028434681860883295,0.03565563642827282,False,False
2025-03-17,Equal Weighted Portfolio,-0.00645358427009306,0.028434681860883295,0.03565563642827282,False,False
2025-03-18,Equal Weighted Portfolio,-0.018416061248227256,0.028434681860883295,0.03565563642827282,False,False
2025-03-19,Equal Weighted Portfolio,0.015521172522883299,0.028434681860883295,0.03565563642827282,False,False
2025-03-20,Equal Weighted Portfolio,-0.0019287160065314837,0.028434681860883295,0.03565563642827282,False,False
2025-03-21,Equal Weighted Portfolio,0.00752682219493599,0.028434681860883295,0.03565563642827282,False,False
2025-03-24,Equal Weighted Portfolio,0.02110184032184126,0.028434681860883295,0.03565563642827282,False,False
2025-03-25,Equal Weighted Portfolio,0.008385419872313893,0.028434681860883295,0.03565563642827282,False,False
2025-03-26,Equal Weighted Portfolio,-0.027087731344518074,0.028434681860883295,0.03565563642827282,False,False
2025-03-27,Equal Weighted Portfolio,-0.005121850527216964,0.028434681860883295,0.03565563642827282,False,False
2025-03-28,Equal Weighted Portfolio,-0.03286443843899165,0.028434681860883295,0.03565563642827282,True,False
2025-03-31,Equal Weighted Portfolio,-0.0026054722760985747,0.02892830562928594,0.03598531957412351,False,False
2025-04-01,Equal Weighted Portfolio,0.013243856407677158,0.02892830562928594,0.03598531957412351,False,False
2025-04-02,Equal Weighted Portfolio,0.005062606518961932,0.02892830562928594,0.03598531957412351,False,False
2025-04-03,Equal Weighted Portfolio,-0.06463202791227463,0.02892830562928594,0.03598531957412351,True,True
2025-04-04,Equal Weighted Portfolio,-0.05112015394504499,0.029796850776712173,0.038698877451021046,True,True
2025-04-07,Equal Weighted Portfolio,0.005627501777698041,0.030653276004222706,0.04029766292631877,False,False
2025-04-08,Equal Weighted Portfolio,-0.023366764762115855,0.030653276004222706,0.04029766292631877,False,False
2025-04-09,Equal Weighted Portfolio,0.1320817713666068,0.030653276004222706,0.04029766292631877,False,False
2025-04-10,Equal Weighted Portfolio,-0.04239133086749862,0.030653276004222706,0.04029766292631877,True,True
2025-04-11,Equal Weighted Portfolio,0.027305497159710958,0.03162192416955608,0.04117075547461753,False,False
2025-04-14,Equal Weighted Portfolio,0.0033067833508237275,0.03162192416955608,0.04117075547461753,False,False
2025-04-15,Equal Weighted Portfolio,-0.004990368230691589,0.03162192416955608,0.04117075547461753,False,False
2025-04-16,Equal Weighted Portfolio,-0.038717034471132714,0.03162192416955608,0.04117075547461753,True,False
2025-04-17,Equal Weighted Portfolio,-0.009739237889840147,0.032571479857595946,0.041661928397564836,False,False
2025-04-21,Equal Weighted Portfolio,-0.02830722791628804,0.032571479857595946,0.041661928397564836,False,False
2025-04-22,Equal Weighted Portfolio,0.02758373010896116,0.032571479857595946,0.041661928397564836,False,False
2025-04-23,Equal Weighted Portfolio,0.030252856529561445,0.032571479857595946,0.041661928397564836,False,False
2025-04-24,Equal Weighted Portfolio,0.029158742800450235,0.03186161755433438,0.041661928397564836,False,False
2025-04-25,Equal Weighted Portfolio,0.017404452229416292,0.03186161755433438,0.041661928397564836,False,False
2025-04-28,Equal Weighted Portfolio,-0.0067487420976075855,0.03186161755433438,0.041661928397564836,False,False
2025-04-29,Equal Weighted Portfolio,0.0022507338050064885,0.03186161755433438,0.041661928397564836,False,False
2025-04-30,Equal Weighted Portfolio,-0.002956495619405475,0.03186161755433438,0.041661928397564836,False,False
2025-05-01,Equal Weighted Portfolio,0.029592046570970344,0.03186161755433438,0.041661928397564836,False,False
2025-05-02,Equal Weighted Portfolio,0.005830440040310369,0.03186161755433438,0.041661928397564836,False,False
2025-05-05,Equal Weighted Portfolio,-0.01060246410118153,0.03186161755433438,0.041661928397564836,False,False
2025-05-06,Equal Weighted Portfolio,-0.004647504935994329,0.03186161755433438,0.041661928397564836,False,False
2025-05-07,Equal Weighted Portfolio,-0.0070703370490625035,0.03186161755433438,0.041661928397564836,False,False
2025-05-08,Equal Weighted Portfolio,0.01145071835760856,0.03186161755433438,0.041661928397564836,False,False
2025-05-09,Equal Weighted Portfolio,-0.0006569079914231948,0.03186161755433438,0.041661928397564836,False,False
2025-05-12,Equal Weighted Portfolio,0.051193426083761165,0.03186161755433438,0.041661928397564836,False,False
2025-05-13,Equal Weighted Portfolio,0.017504054707845218,0.03186161755433438,0.041661928397564836,False,False
2025-05-14,Equal Weighted Portfolio,0.01575545247867114,0.03186161755433438,0.041661928397564836,False,False
2025-05-15,Equal Weighted Portfolio,-0.007654227101124156,0.03186161755433438,0.041661928397564836,False,False
2025-05-16,Equal Weighted Portfolio,0.004033021163074091,0.03186161755433438,0.041661928397564836,False,False
2025-05-19,Equal Weighted Portfolio,0.0010086287524740055,0.03186161755433438,0.041661928397564836,False,False
2025-05-20,Equal Weighted Portfolio,-0.008965474356683802,0.03186161755433438,0.041661928397564836,False,False
2025-05-21,Equal Weighted Portfolio,-0.008053056832776174,0.03186161755433438,0.041661928397564836,False,False
2025-05-22,Equal Weighted Portfolio,0.0060795351278394305,0.03186161755433438,0.041661928397564836,False,False
2025-05-23,Equal Weighted Portfolio,-0.01528260724792072,0.03186161755433438,0.041661928397564836,False,False
2025-05-27,Equal Weighted Portfolio,0.02632458978041594,0.03186161755433438,0.041661928397564836,False,False
2025-05-28,Equal Weighted Portfolio,-0.004206047636868582,0.03186161755433438,0.041661928397564836,False,False
2025-05-29,Equal Weighted Portfolio,0.0070791668646157605,0.03186161755433438,0.041661928397564836,False,False
2025-05-30,Equal Weighted Portfolio,-0.004999064154246536,0.03186161755433438,0.041661928397564836,False,False
2025-06-02,Equal Weighted Portfolio,0.0036063740267077374,0.03186161755433438,0.041661928397564836,False,False
2025-06-03,Equal Weighted Portfolio,0.0035476464067363263,0.03186161755433438,0.041661928397564836,False,False
2025-06-04,Equal Weighted Portfolio,0.0044186872938221326,0.03186161755433438,0.041661928397564836,False,False
2025-06-05,Equal Weighted Portfolio,-0.0020845178818690753,0.03186161755433438,0.041661928397564836,False,False
2025-06-06,Equal Weighted Portfolio,0.018369025163727182,0.03186161755433438,0.041661928397564836,False,False
2025-06-09,Equal Weighted Portfolio,0.006405441436290582,0.03186161755433438,0.041661928397564836,False,False
2025-06-10,Equal Weighted Portfolio,0.005562393443732861,0.03186161755433438,0.041661928397564836,False,False
2025-06-11,Equal Weighted Portfolio,-0.01008144979197394,0.03186161755433438,0.041661928397564836,False,False
2025-06-12,Equal Weighted Portfolio,0.004107592333540345,0.03186161755433438,0.041661928397564836,False,False
2025-06-13,Equal Weighted Portfolio,-0.010874425634311246,0.03186161755433438,0.041661928397564836,False,False
2025-06-16,Equal Weighted Portfolio,0.013711840473880967,0.03186161755433438,0.041661928397564836,False,False
2025-06-17,Equal Weighted Portfolio,-0.006031843726062603,0.03186161755433438,0.041661928397564836,False,False
2025-06-18,Equal Weighted Portfolio,-0.002040199328958492,0.03186161755433438,0.041661928397564836,False,False
2025-06-20,Equal Weighted Portfolio,-0.00877468599233031,0.03186161755433438,0.041661928397564836,False,False
2025-06-23,Equal Weighted Portfolio,0.0013307245005453215,0.03186161755433438,0.041661928397564836,False,False
2025-06-24,Equal Weighted Portfolio,0.01188420666150365,0.03186161755433438,0.041661928397564836,False,False
2025-06-25,Equal Weighted Portfolio,0.014545628525765308,0.03186161755433438,0.041661928397564836,False,False
2025-06-26,Equal Weighted Portfolio,0.010737728560922612,0.03186161755433438,0.041661928397564836,False,False
2025-06-27,Equal Weighted Portfolio,0.013090256812574608,0.03186161755433438,0.041661928397564836,False,False
2025-06-30,Equal Weighted Portfolio,0.0004758400561866603,0.03186161755433438,0.041661928397564836,False,False
2025-07-01,Equal Weighted Portfolio,-0.005074758723378969,0.03186161755433438,0.041661928397564836,False,False
2025-07-02,Equal Weighted Portfolio,0.011941300257461297,0.03186161755433438,0.041661928397564836,False,False
2025-07-03,Equal Weighted Portfolio,0.010912266748871958,0.03186161755433438,0.041661928397564836,False,False
2025-07-07,Equal Weighted Portfolio,-0.008459680785541357,0.03186161755433438,0.041661928397564836,False,False
2025-07-08,Equal Weighted Portfolio,-0.004542081599226866,0.03186161755433438,0.041661928397564836,False,False
2025-07-09,Equal Weighted Portfolio,0.013204800715535559,0.03186161755433438,0.041661928397564836,False,False
2025-07-10,Equal Weighted Portfolio,0.0028138258826668093,0.03186161755433438,0.041661928397564836,False,False
2025-07-11,Equal Weighted Portfolio,0.0059609034482704945,0.03186161755433438,0.041661928397564836,False,False
2025-07-14,Equal Weighted Portfolio,-0.0013056631896298577,0.03186161755433438,0.041661928397564836,False,False
2025-07-15,Equal Weighted Portfolio,0.0105671281995253,0.03186161755433438,0.041661928397564836,False,False
2025-07-16,Equal Weighted Portfolio,-0.00035012472483064716,0.031473765818942255,0.041661928397564836,False,False
2025-07-17,Equal Weighted Portfolio,0.005804504041222569,0.031473765818942255,0.041661928397564836,False,False
2025-07-18,Equal Weighted Portfolio,0.0031304000128904884,0.031473765818942255,0.041661928397564836,False,False
2025-07-21,Equal Weighted Portfolio,0.008447917958885243,0.031473765818942255,0.041661928397564836,False,False
2025-07-22,Equal Weighted Portfolio,-0.0057391722304868335,0.031473765818942255,0.041661928397564836,False,False
2025-07-23,Equal Weighted Portfolio,0.004590835522784964,0.031473765818942255,0.041661928397564836,False,False
2025-07-24,Equal Weighted Portfolio,0.01029965411879037,0.031473765818942255,0.041661928397564836,False,False
2025-07-25,Equal Weighted Portfolio,0.0011745274067900711,0.031473765818942255,0.041661928397564836,False,False
2025-07-28,Equal Weighted Portfolio,0.003920735856480162,0.031473765818942255,0.041661928397564836,False,False
2025-07-29,Equal Weighted Portfolio,-0.002390227462250794,0.02936938089339156,0.040720891744680965,False,False
2025-07-30,Equal Weighted Portfolio,0.0027629796612160364,0.02936938089339156,0.040720891744680965,False,False
2025-07-31,Equal Weighted Portfolio,0.0036836164167759478,0.02936938089339156,0.040720891744680965,False,False
2025-08-01,Equal Weighted Portfolio,-0.032744169114916045,0.02936938089339156,0.040720891744680965,True,False
2025-08-04,Equal Weighted Portfolio,0.015808282785503745,0.031419644623108235,0.040906139925353385,False,False
2025-08-05,Equal Weighted Portfolio,-0.0037572383607838767,0.031419644623108235,0.040906139925353385,False,False
2025-08-06,Equal Weighted Portfolio,0.020065659624724064,0.031419644623108235,0.040906139925353385,False,False
2025-08-07,Equal Weighted Portfolio,0.007404841010798569,0.031419644623108235,0.040906139925353385,False,False
2025-08-08,Equal Weighted Portfolio,0.015549561278565507,0.029225505211342127,0.03967876476664438,False,False
2025-08-11,Equal Weighted Portfolio,-0.004175118545925005,0.029225505211342127,0.03967876476664438,False,False
2025-08-12,Equal Weighted Portfolio,0.008909412248567738,0.029225505211342127,0.03967876476664438,False,False
2025-08-13,Equal Weighted Portfolio,-9.860408657251735e-05,0.029225505211342127,0.03967876476664438,False,False
2025-08-14,Equal Weighted Portfolio,0.00722816863625877,0.029225505211342127,0.03967876476664438,False,False
2025-08-15,Equal Weighted Portfolio,-0.0025189202595996556,0.029225505211342127,0.03967876476664438,False,False
2025-08-18,Equal Weighted Portfolio,-0.0002628241500652439,0.029225505211342127,0.03967876476664438,False,False
2025-08-19,Equal Weighted Portfolio,-0.014889297524786472,0.029225505211342127,0.03967876476664438,False,False
2025-08-20,Equal Weighted Portfolio,-0.011764909694722814,0.029225505211342127,0.03967876476664438,False,False
2025-08-21,Equal Weighted Portfolio,-0.0029512307632370005,0.029225505211342127,0.03967876476664438,False,False
2025-08-22,Equal Weighted Portfolio,0.019459508657829572,0.029225505211342127,0.03967876476664438,False,False
2025-08-25,Equal Weighted Portfolio,0.0019212217908565424,0.029225505211342127,0.03967876476664438,False,False
2025-08-26,Equal Weighted Portfolio,0.0027111166575940703,0.029225505211342127,0.03967876476664438,False,False
2025-08-27,Equal Weighted Portfolio,0.003323113166029468,0.029225505211342127,0.03967876476664438,False,False
2025-08-28,Equal Weighted Portfolio,0.007526580135372329,0.029225505211342127,0.03967876476664438,False,False
2025-08-29,Equal Weighted Portfolio,-0.009320971924621958,0.029225505211342127,0.03967876476664438,False,False
2025-09-02,Equal Weighted Portfolio,-0.011247586490037032,0.029225505211342127,0.03967876476664438,False,False
2025-09-03,Equal Weighted Portfolio,0.026127770912495563,0.029225505211342127,0.03967876476664438,False,False
2025-09-04,Equal Weighted Portfolio,0.013280271619440322,0.029225505211342127,0.03967876476664438,False,False
2025-09-05,Equal Weighted Portfolio,-0.011272845953584533,0.029225505211342127,0.03967876476664438,False,False
2025-09-08,Equal Weighted Portfolio,0.00366794865445943,0.028311609781146798,0.0388895028029936,False,False
2025-09-09,Equal Weighted Portfolio,0.006999775265942532,0.028311609781146798,0.0388895028029936,False,False
2025-09-10,Equal Weighted Portfolio,-0.004927481680579705,0.028311609781146798,0.0388895028029936,False,False
2025-09-11,Equal Weighted Portfolio,0.0036324837223334237,0.0276965161187303,0.03888875376626561,False,False
2025-09-12,Equal Weighted Portfolio,0.006728008244967156,0.0276965161187303,0.03888875376626561,False,False
2025-09-15,Equal Weighted Portfolio,0.01578587712284052,0.0276965161187303,0.03888875376626561,False,False
2025-09-16,Equal Weighted Portfolio,-0.002462627865014566,0.0276965161187303,0.03888875376626561,False,False
2025-09-17,Equal Weighted Portfolio,-0.007484237021815377,0.0276965161187303,0.03888875376626561,False,False
2025-09-18,Equal Weighted Portfolio,0.007091957778191871,0.0276965161187303,0.03888875376626561,False,False
2025-09-19,Equal Weighted Portfolio,0.013146256451076076,0.0276965161187303,0.03888875376626561,False,False
2025-09-22,Equal Weighted Portfolio,0.009956153976011418,0.0276965161187303,0.03888875376626561,False,False
2025-09-23,Equal Weighted Portfolio,-0.015467546117309206,0.0276965161187303,0.03888875376626561,False,False
2025-09-24,Equal Weighted Portfolio,-0.006969281041510378,0.0276965161187303,0.03888875376626561,False,False
2025-09-25,Equal Weighted Portfolio,0.00031737287539395113,0.0276965161187303,0.03888875376626561,False,False
2025-09-26,Equal Weighted Portfolio,0.0032015497961592754,0.0276965161187303,0.03888875376626561,False,False
2025-09-29,Equal Weighted Portfolio,0.004422607649795407,0.0276965161187303,0.03888875376626561,False,False
2025-09-30,Equal Weighted Portfolio,0.0036578001836007792,0.0276965161187303,0.03888875376626561,False,False
2025-10-01,Equal Weighted Portfolio,0.004630812322105982,0.0276965161187303,0.03888875376626561,False,False
2025-10-02,Equal Weighted Portfolio,0.0038884599818458155,0.0276965161187303,0.03888875376626561,False,False
2025-10-03,Equal Weighted Portfolio,-0.0026196641050439066,0.0276965161187303,0.03888875376626561,False,False
2025-10-06,Equal Weighted Portfolio,0.006462132939416132,0.0276965161187303,0.03888875376626561,False,False
2025-10-07,Equal Weighted Portfolio,-0.005125577598820486,0.0276965161187303,0.03888875376626561,False,False
2025-10-08,Equal Weighted Portfolio,0.007713818556900609,0.0276965161187303,0.03888875376626561,False,False
2025-10-09,Equal Weighted Portfolio,-0.0008001661697550678,0.0276965161187303,0.03888875376626561,False,False
2025-10-10,Equal Weighted Portfolio,-0.03493979765785149,0.0276965161187303,0.03888875376626561,True,False
2025-10-13,Equal Weighted Portfolio,0.018234166601143367,0.029220149598736977,0.03939895143869357,False,False
2025-10-14,Equal Weighted Portfolio,-0.010979346827796178,0.029220149598736977,0.03939895143869357,False,False
2025-10-15,Equal Weighted Portfolio,0.004717080431998944,0.029220149598736977,0.03939895143869357,False,False
2025-10-16,Equal Weighted Portfolio,-0.0009083674905669303,0.029220149598736977,0.03939895143869357,False,False
2025-10-17,Equal Weighted Portfolio,0.006416161870174219,0.029220149598736977,0.03939895143869357,False,False
2025-10-20,Equal Weighted Portfolio,0.014279508997379332,0.029220149598736977,0.03939895143869357,False,False
2025-10-21,Equal Weighted Portfolio,-0.00017214896128572247,0.029220149598736977,0.03939895143869357,False,False
2025-10-22,Equal Weighted Portfolio,-0.005875095412727416,0.029220149598736977,0.03939895143869357,False,False
2025-10-23,Equal Weighted Portfolio,0.006799522442186446,0.029220149598736977,0.03939895143869357,False,False
2025-10-24,Equal Weighted Portfolio,0.016336328452201253,0.029220149598736977,0.03939895143869357,False,False
2025-10-27,Equal Weighted Portfolio,0.022889367044497223,0.029220149598736977,0.03939895143869357,False,False
2025-10-28,Equal Weighted Portfolio,0.014972724068698163,0.029220149598736977,0.03939895143869357,False,False
2025-10-29,Equal Weighted Portfolio,0.01224563376474992,0.029220149598736977,0.03939895143869357,False,False
2025-10-30,Equal Weighted Portfolio,-0.010149264848972075,0.029220149598736977,0.03939895143869357,False,False
2025-10-31,Equal Weighted Portfolio,0.014934713899006049,0.029220149598736977,0.03939895143869357,False,False
2025-11-03,Equal Weighted Portfolio,0.012699745270507701,0.029220149598736977,0.03939895143869357,False,False
2025-11-04,Equal Weighted Portfolio,-0.016176958823920583,0.029220149598736977,0.03939895143869357,False,False
2025-11-05,Equal Weighted Portfolio,-0.0006991561368633766,0.0276965161187303,0.038831966302064765,False,False
2025-11-06,Equal Weighted Portfolio,-0.01685510979299034,0.0276965161187303,0.038831966302064765,False,False
2025-11-07,Equal Weighted Portfolio,-0.0038277791292188335,0.0276965161187303,0.038831966302064765,False,False
2025-11-10,Equal Weighted Portfolio,0.027243619629150295,0.0276965161187303,0.038831966302064765,False,False
2025-11-11,Equal Weighted Portfolio,0.0008165256587237435,0.0276965161187303,0.038831966302064765,False,False
2025-11-12,Equal Weighted Portfolio,-0.006552305328593544,0.0276965161187303,0.038831966302064765,False,False
2025-11-13,Equal Weighted Portfolio,-0.021817995093902254,0.0276965161187303,0.038831966302064765,False,False
2025-11-14,Equal Weighted Portfolio,0.0019188418276591124,0.0276965161187303,0.038831966302064765,False,False
2025-11-17,Equal Weighted Portfolio,-0.003770026228994161,0.0276965161187303,0.038831966302064765,False,False
2025-11-18,Equal Weighted Portfolio,-0.02034184404070003,0.0276965161187303,0.038831966302064765,False,False
2025-11-19,Equal Weighted Portfolio,0.00958806244861996,0.0276965161187303,0.038831966302064765,False,False
2025-11-20,Equal Weighted Portfolio,-0.018264693677576972,0.027636504801814545,0.038831966302064765,False,False
2025-11-21,Equal Weighted Portfolio,0.009288908188472634,0.027636504801814545,0.038831966302064765,False,False
2025-11-24,Equal Weighted Portfolio,0.025790496028760847,0.027636504801814545,0.038831966302064765,False,False
2025-11-25,Equal Weighted Portfolio,0.0030835508681170687,0.027636504801814545,0.038831966302064765,False,False
2025-11-26,Equal Weighted Portfolio,0.004210886356829469,0.027636504801814545,0.038831966302064765,False,False
2025-11-28,Equal Weighted Portfolio,0.00344502095219621,0.027636504801814545,0.038831966302064765,False,False
2025-12-01,Equal Weighted Portfolio,0.0016475890257511504,0.027636504801814545,0.038831966302064765,False,False
2025-12-02,Equal Weighted Portfolio,0.00626735951391737,0.027636504801814545,0.038831966302064765,False,False
2025-12-03,Equal Weighted Portfolio,-0.00732410202037026,0.027636504801814545,0.038831966302064765,False,False
2025-12-04,Equal Weighted Portfolio,-0.0010996049539317323,0.027636504801814545,0.038831966302064765,False,False
2025-12-05,Equal Weighted Portfolio,0.0012298542807501756,0.027636504801814545,0.038831966302064765,False,False
2025-12-08,Equal Weighted Portfolio,-0.000859074331827436,0.027636504801814545,0.038831966302064765,False,False
2025-12-09,Equal Weighted Portfolio,0.0022779741128400085,0.027636504801814545,0.038831966302064765,False,False
2025-12-10,Equal Weighted Portfolio,-0.00017076672627993608,0.027636504801814545,0.038831966302064765,False,False
2025-12-11,Equal Weighted Portfolio,-0.007430213921337603,0.027636504801814545,0.038831966302064765,False,False
2025-12-12,Equal Weighted Portfolio,-0.013976248878144417,0.027636504801814545,0.038831966302064765,False,False
2025-12-15,Equal Weighted Portfolio,-0.007096590364428935,0.027636504801814545,0.038831966302064765,False,False
2025-12-16,Equal Weighted Portfolio,0.0016383963444413397,0.027636504801814545,0.038831966302064765,False,False
2025-12-17,Equal Weighted Portfolio,-0.017204719384720214,0.027636504801814545,0.038831966302064765,False,False
2025-12-18,Equal Weighted Portfolio,0.016083490192505503,0.027636504801814545,0.038831966302064765,False,False
2025-12-19,Equal Weighted Portfolio,0.013476788828219146,0.027636504801814545,0.038831966302064765,False,False
2025-12-22,Equal Weighted Portfolio,0.0033116078594671583,0.027636504801814545,0.038831966302064765,False,False
2025-12-23,Equal Weighted Portfolio,0.013874826754083936,0.02504233921921347,0.03858210388501426,False,False
2025-12-24,Equal Weighted Portfolio,0.0011116065874578807,0.02504233921921347,0.03858210388501426,False,False
2025-12-26,Equal Weighted Portfolio,0.0012800875554184635,0.02504233921921347,0.03858210388501426,False,False
2025-12-29,Equal Weighted Portfolio,-0.0031605858233568766,0.02504233921921347,0.03858210388501426,False,False
2025-12-30,Equal Weighted Portfolio,-0.0005651716047408772,0.02504233921921347,0.03858210388501426,False,False
2025-12-31,Equal Weighted Portfolio,-0.005533887094613022,0.02504233921921347,0.03858210388501426,False,False
2026-01-02,Equal Weighted Portfolio,-0.0052962794528572665,0.02504233921921347,0.03858210388501426,False,False
2026-01-05,Equal Weighted Portfolio,0.0034824521868427774,0.02504233921921347,0.03858210388501426,False,False
2026-01-06,Equal Weighted Portfolio,0.002799321948419786,0.02504233921921347,0.03858210388501426,False,False
2026-01-07,Equal Weighted Portfolio,0.008056334388843744,0.02504233921921347,0.03858210388501426,False,False
2026-01-08,Equal Weighted Portfolio,-0.0013758764902551896,0.02504233921921347,0.03858210388501426,False,False
2026-01-09,Equal Weighted Portfolio,0.0033549974990776388,0.02504233921921347,0.03858210388501426,False,False
2026-01-12,Equal Weighted Portfolio,0.0013345150174426611,0.02504119972419681,0.03858210388501426,False,False
2026-01-13,Equal Weighted Portfolio,-0.002089195068486949,0.02504119972419681,0.03858210388501426,False,False
2026-01-14,Equal Weighted Portfolio,-0.013482947985553719,0.02504119972419681,0.03858210388501426,False,False
2026-01-15,Equal Weighted Portfolio,0.0011592114568707904,0.02504119972419681,0.03858210388501426,False,False
2026-01-16,Equal Weighted Portfolio,-0.0024547328882224884,0.02504119972419681,0.03858210388501426,False,False
2026-01-20,Equal Weighted Portfolio,-0.029740959038646625,0.02504119972419681,0.03858210388501426,True,False
2026-01-21,Equal Weighted Portfolio,0.006215923307412718,0.027636504801814545,0.03878619832302414,False,False
2026-01-22,Equal Weighted Portfolio,0.009507596573378897,0.027636504801814545,0.03878619832302414,False,False
2026-01-23,Equal Weighted Portfolio,0.012034841625657024,0.027636504801814545,0.03878619832302414,False,False
2026-01-26,Equal Weighted Portfolio,0.009045733712899118,0.027636504801814545,0.03878619832302414,False,False
2026-01-27,Equal Weighted Portfolio,0.014915203304549653,0.027636504801814545,0.03878619832302414,False,False
2026-01-28,Equal Weighted Portfolio,0.0016016931563316962,0.027636504801814545,0.03878619832302414,False,False
2026-01-29,Equal Weighted Portfolio,-0.017155415215688665,0.02504119972419681,0.037837019429156196,False,False
2026-01-30,Equal Weighted Portfolio,-0.004072674002041454,0.02504119972419681,0.037837019429156196,False,False
2026-02-02,Equal Weighted Portfolio,0.005945850750754112,0.02504119972419681,0.037837019429156196,False,False
2026-02-03,Equal Weighted Portfolio,-0.01782362991227822,0.02504119972419681,0.037837019429156196,False,False
2026-02-04,Equal Weighted Portfolio,-0.009207806190171364,0.02504119972419681,0.037837019429156196,False,False
2026-02-05,Equal Weighted Portfolio,-0.02302784307693222,0.02504119972419681,0.037837019429156196,False,False
2026-02-06,Equal Weighted Portfolio,0.005063086291751362,0.02504119972419681,0.037837019429156196,False,False
2026-02-09,Equal Weighted Portfolio,0.008157738272298777,0.02504119972419681,0.037837019429156196,False,False
2026-02-10,Equal Weighted Portfolio,-0.007666600553808501,0.02504119972419681,0.037837019429156196,False,False
2026-02-11,Equal Weighted Portfolio,-0.008740576134323951,0.02504119972419681,0.037837019429156196,False,False
2026-02-12,Equal Weighted Portfolio,-0.020170041146355656,0.02504119972419681,0.037837019429156196,False,False
2026-02-13,Equal Weighted Portfolio,-0.012201337923787416,0.02504119972419681,0.037837019429156196,False,False
2026-02-17,Equal Weighted Portfolio,0.006757009247562063,0.02504119972419681,0.037837019429156196,False,False
2026-02-18,Equal Weighted Portfolio,0.00935055601599748,0.02504119972419681,0.037837019429156196,False,False
2026-02-19,Equal Weighted Portfolio,-0.0032344974318771814,0.02504119972419681,0.037837019429156196,False,False
2026-02-20,Equal Weighted Portfolio,0.017093175768039683,0.02504119972419681,0.037837019429156196,False,False
2026-02-23,Equal Weighted Portfolio,-0.010038110726031913,0.02504119972419681,0.037837019429156196,False,False
2026-02-24,Equal Weighted Portfolio,0.010903500740751615,0.02504119972419681,0.037837019429156196,False,False
2026-02-25,Equal Weighted Portfolio,0.013662322957388985,0.02504119972419681,0.037837019429156196,False,False
2026-02-26,Equal Weighted Portfolio,-0.01762605596694733,0.02504119972419681,0.037837019429156196,False,False
2026-02-27,Equal Weighted Portfolio,-0.014438455310196297,0.02504119972419681,0.037837019429156196,False,False
2026-03-02,Equal Weighted Portfolio,0.004549194865081475,0.02504119972419681,0.037837019429156196,False,False
2026-03-03,Equal Weighted Portfolio,-0.002197963269362879,0.023180357835264852,0.03705912329344055,False,False
2026-03-04,Equal Weighted Portfolio,0.010696616362655155,0.023180357835264852,0.03705912329344055,False,False
2026-03-05,Equal Weighted Portfolio,0.001615155285905767,0.022532151775670077,0.03607707494865451,False,False
2026-03-06,Equal Weighted Portfolio,-0.01600279111196732,0.022532151775670077,0.03607707494865451,False,False
2026-03-09,Equal Weighted Portfolio,0.013108928511237263,0.022532151775670077,0.03607707494865451,False,False
2026-03-10,Equal Weighted Portfolio,0.002657652137595035,0.022362426686265726,0.03607707494865451,False,False
2026-03-11,Equal Weighted Portfolio,0.00032888233846966046,0.022362426686265726,0.03607707494865451,False,False
2026-03-12,Equal Weighted Portfolio,-0.014784302667900519,0.021006112014641014,0.03467365181847025,False,False
2026-03-13,Equal Weighted Portfolio,-0.013636544345719682,0.021006112014641014,0.03467365181847025,False,False
2026-03-16,Equal Weighted Portfolio,0.013562637359838581,0.021006112014641014,0.03467365181847025,False,False
2026-03-17,Equal Weighted Portfolio,0.005983728758315921,0.021006112014641014,0.03467365181847025,False,False
2026-03-18,Equal Weighted Portfolio,-0.01583630007684638,0.021006112014641014,0.03467365181847025,False,False
2026-03-19,Equal Weighted Portfolio,-0.005668093562930077,0.021006112014641014,0.03467365181847025,False,False
2026-03-20,Equal Weighted Portfolio,-0.01880647336585677,0.021006112014641014,0.03467365181847025,False,False
2026-03-23,Equal Weighted Portfolio,0.011618493966799814,0.021006112014641014,0.03467365181847025,False,False
2026-03-24,Equal Weighted Portfolio,-0.01506761646694459,0.021006112014641014,0.03467365181847025,False,False
2026-03-25,Equal Weighted Portfolio,0.008422870917647351,0.021006112014641014,0.03467365181847025,False,False
2026-03-26,Equal Weighted Portfolio,-0.020898276301613186,0.021006112014641014,0.03467365181847025,False,False
2026-03-27,Equal Weighted Portfolio,-0.025481782669803634,0.021312149758143255,0.03467365181847025,True,False
2026-03-30,Equal Weighted Portfolio,-0.0021599462786580765,0.021312149758143255,0.03455011730503067,False,False
2026-03-31,Equal Weighted Portfolio,0.04055996040902712,0.021312149758143255,0.03455011730503067,False,False
2026-04-01,Equal Weighted Portfolio,0.010380157800961399,0.020592238558110945,0.033629643294463094,False,False
2026-04-02,Equal Weighted Portfolio,0.0032495042435650044,0.020592238558110945,0.033629643294463094,False,False
2026-04-06,Equal Weighted Portfolio,0.007321650291676596,0.020592238558110945,0.033629643294463094,False,False
2026-04-07,Equal Weighted Portfolio,0.0011941985021457495,0.020592238558110945,0.033629643294463094,False,False
2026-04-08,Equal Weighted Portfolio,0.023937299553997173,0.020247352448810624,0.030222706073572744,False,False
2026-04-09,Equal Weighted Portfolio,0.014809998109517244,0.019420078867081254,0.02784192816598126,False,False
2026-04-10,Equal Weighted Portfolio,0.007583760887128488,0.019420078867081254,0.02784192816598126,False,False
2026-04-13,Equal Weighted Portfolio,0.010496062377026959,0.018508494537302876,0.027491136520115176,False,False
2026-04-14,Equal Weighted Portfolio,0.02660440741376007,0.018508494537302876,0.027491136520115176,False,False
2026-04-15,Equal Weighted Portfolio,0.019424027445065575,0.018022108606662653,0.025635241351659663,False,False
2026-04-16,Equal Weighted Portfolio,0.0015484584678987722,0.018022108606662653,0.025635241351659663,False,False
2026-04-17,Equal Weighted Portfolio,0.014421310009088818,0.018022108606662653,0.025635241351659663,False,False
2026-04-20,Equal Weighted Portfolio,-0.003945876199014542,0.018022108606662653,0.025635241351659663,False,False
2026-04-21,Equal Weighted Portfolio,-0.005910454066269222,0.017714964242346226,0.02402805638559393,False,False
2026-04-22,Equal Weighted Portfolio,0.020767204196195578,0.017714964242346226,0.02402805638559393,False,False
2026-04-23,Equal Weighted Portfolio,-0.010774000500787119,0.017394320846722412,0.02320642777410618,False,False
2026-04-24,Equal Weighted Portfolio,0.020871193829930124,0.017394320846722412,0.02320642777410618,False,False
2026-04-27,Equal Weighted Portfolio,0.007005476040525172,0.017394320846722412,0.02320642777410618,False,False
2026-04-28,Equal Weighted Portfolio,-0.00044674675852633976,0.017394320846722412,0.02320642777410618,False,False
2026-04-29,Equal Weighted Portfolio,-0.0038457170985446206,0.017394320846722412,0.02320642777410618,False,False
2026-04-30,Equal Weighted Portfolio,0.005239774987030099,0.017394320846722412,0.02320642777410618,False,False
2026-05-01,Equal Weighted Portfolio,0.011707567681471763,0.017394320846722412,0.02320642777410618,False,False
2026-05-06,Equal Weighted Portfolio,0.025910878890569644,0.017394320846722412,0.02320642777410618,False,False
2026-05-07,Equal Weighted Portfolio,0.004075907955499836,0.017394320846722412,0.02320642777410618,False,False
2026-05-08,Equal Weighted Portfolio,0.006903637889625868,0.017394320846722412,0.02320642777410618,False,False
2026-05-11,Equal Weighted Portfolio,-0.005565722873392299,0.017394320846722412,0.02320642777410618,False,False
2026-05-12,Equal Weighted Portfolio,-0.0035824291421401536,0.017394320846722412,0.02320642777410618,False,False
2026-05-13,Equal Weighted Portfolio,0.017253878354592245,0.017394320846722412,0.02320642777410618,False,False
2026-05-14,Equal Weighted Portfolio,0.007325953879295844,0.017394320846722412,0.02320642777410618,False,False
2026-05-15,Equal Weighted Portfolio,-0.005628233585995757,0.017394320846722412,0.02320642777410618,False,False
2026-05-18,Equal Weighted Portfolio,-0.00018781109892414011,0.017394320846722412,0.02320642777410618,False,False
2026-05-19,Equal Weighted Portfolio,-0.010606258616692222,0.017394320846722412,0.02320642777410618,False,False
2025-01-02,Long-only Global Minimum Variance Portfolio,-0.00977270156006611,0.019300400153608302,0.028085914773453253,False,False
2025-01-03,Long-only Global Minimum Variance Portfolio,0.008359084592554454,0.018914176009826606,0.028085914773453253,False,False
2025-01-06,Long-only Global Minimum Variance Portfolio,0.013621885133942932,0.018914176009826606,0.028085914773453253,False,False
2025-01-07,Long-only Global Minimum Variance Portfolio,-0.011587013189272044,0.018914176009826606,0.028085914773453253,False,False
2025-01-08,Long-only Global Minimum Variance Portfolio,0.0006921151922508952,0.018914176009826606,0.028085914773453253,False,False
2025-01-10,Long-only Global Minimum Variance Portfolio,-0.016087377475902567,0.018914176009826606,0.028085914773453253,False,False
2025-01-13,Long-only Global Minimum Variance Portfolio,-0.005976457307689259,0.018914176009826606,0.028085914773453253,False,False
2025-01-14,Long-only Global Minimum Variance Portfolio,-0.004687443089206973,0.018914176009826606,0.028085914773453253,False,False
2025-01-15,Long-only Global Minimum Variance Portfolio,0.025258960132347033,0.018914176009826606,0.028085914773453253,False,False
2025-01-16,Long-only Global Minimum Variance Portfolio,-0.017978411880220015,0.018914176009826606,0.028085914773453253,False,False
2025-01-17,Long-only Global Minimum Variance Portfolio,0.012174358132651043,0.018914176009826606,0.028085914773453253,False,False
2025-01-21,Long-only Global Minimum Variance Portfolio,-0.005544805997538827,0.018914176009826606,0.028085914773453253,False,False
2025-01-22,Long-only Global Minimum Variance Portfolio,0.01833294489093627,0.018914176009826606,0.028085914773453253,False,False
2025-01-23,Long-only Global Minimum Variance Portfolio,-0.00027318761881602884,0.018914176009826606,0.028085914773453253,False,False
2025-01-24,Long-only Global Minimum Variance Portfolio,-0.00042549069711447795,0.018914176009826606,0.028085914773453253,False,False
2025-01-27,Long-only Global Minimum Variance Portfolio,-0.008482710192187055,0.018914176009826606,0.028085914773453253,False,False
2025-01-28,Long-only Global Minimum Variance Portfolio,0.02673984320224492,0.018914176009826606,0.028085914773453253,False,False
2025-01-29,Long-only Global Minimum Variance Portfolio,-0.002707697778138532,0.018914176009826606,0.028085914773453253,False,False
2025-01-30,Long-only Global Minimum Variance Portfolio,-0.017759851447009964,0.018914176009826606,0.028085914773453253,False,False
2025-01-31,Long-only Global Minimum Variance Portfolio,0.0029561010691574584,0.018914176009826606,0.028085914773453253,False,False
2025-02-03,Long-only Global Minimum Variance Portfolio,-0.01759195723223028,0.018914176009826606,0.028085914773453253,False,False
2025-02-04,Long-only Global Minimum Variance Portfolio,0.015726791701149306,0.01855827933467932,0.02669157608269875,False,False
2025-02-05,Long-only Global Minimum Variance Portfolio,-0.01986526478186836,0.01855827933467932,0.02669157608269875,True,False
2025-02-06,Long-only Global Minimum Variance Portfolio,0.004068286149029356,0.018914176009826606,0.026792056559498813,False,False
2025-02-07,Long-only Global Minimum Variance Portfolio,-0.024063012383854554,0.018914176009826606,0.026792056559498813,True,False
2025-02-10,Long-only Global Minimum Variance Portfolio,0.0053969603891890604,0.019580910671631268,0.027154730026817626,False,False
2025-02-11,Long-only Global Minimum Variance Portfolio,0.004167240881623501,0.019580910671631268,0.027154730026817626,False,False
2025-02-12,Long-only Global Minimum Variance Portfolio,-0.0002268855162783365,0.019580910671631268,0.027154730026817626,False,False
2025-02-13,Long-only Global Minimum Variance Portfolio,0.011197275130260148,0.019580910671631268,0.027154730026817626,False,False
2025-02-14,Long-only Global Minimum Variance Portfolio,-2.0673413024504487e-05,0.019580910671631268,0.027154730026817626,False,False
2025-02-18,Long-only Global Minimum Variance Portfolio,-0.0013290604693624434,0.019580910671631268,0.027154730026817626,False,False
2025-02-19,Long-only Global Minimum Variance Portfolio,0.006825454627381838,0.019580910671631268,0.027154730026817626,False,False
2025-02-20,Long-only Global Minimum Variance Portfolio,0.0010358005099886328,0.019580910671631268,0.027154730026817626,False,False
2025-02-21,Long-only Global Minimum Variance Portfolio,-0.01653346522399682,0.019580910671631268,0.027154730026817626,False,False
2025-02-24,Long-only Global Minimum Variance Portfolio,-0.0037811397959150034,0.019580910671631268,0.027154730026817626,False,False
2025-02-25,Long-only Global Minimum Variance Portfolio,-0.010964291577666468,0.019580910671631268,0.027154730026817626,False,False
2025-02-26,Long-only Global Minimum Variance Portfolio,-0.009857712087507861,0.019580910671631268,0.027154730026817626,False,False
2025-02-27,Long-only Global Minimum Variance Portfolio,-0.0191098413822392,0.019580910671631268,0.027154730026817626,False,False
2025-02-28,Long-only Global Minimum Variance Portfolio,0.014263326571981353,0.019580910671631268,0.027154730026817626,False,False
2025-03-03,Long-only Global Minimum Variance Portfolio,-0.020549213819176643,0.019580910671631268,0.027154730026817626,True,False
2025-03-04,Long-only Global Minimum Variance Portfolio,0.0031502089131310237,0.020173041848657078,0.02720734149122596,False,False
2025-03-05,Long-only Global Minimum Variance Portfolio,0.016556831262268513,0.020173041848657078,0.02720734149122596,False,False
2025-03-06,Long-only Global Minimum Variance Portfolio,-0.008324396474066867,0.020173041848657078,0.02720734149122596,False,False
2025-03-07,Long-only Global Minimum Variance Portfolio,0.0033067024494117616,0.020173041848657078,0.02720734149122596,False,False
2025-03-10,Long-only Global Minimum Variance Portfolio,-0.03996724471174903,0.019580910671631268,0.027085063089578122,True,True
2025-03-11,Long-only Global Minimum Variance Portfolio,-0.01051316435413383,0.020173041848657078,0.02863136923803048,False,False
2025-03-12,Long-only Global Minimum Variance Portfolio,0.0031261999865324274,0.020173041848657078,0.02863136923803048,False,False
2025-03-13,Long-only Global Minimum Variance Portfolio,-0.02295808951268827,0.020173041848657078,0.02863136923803048,True,False
2025-03-14,Long-only Global Minimum Variance Portfolio,0.02096023563570476,0.020897416511473747,0.02881666736830061,False,False
2025-03-17,Long-only Global Minimum Variance Portfolio,-0.0017045909876714559,0.020897416511473747,0.02881666736830061,False,False
2025-03-18,Long-only Global Minimum Variance Portfolio,-0.013948741437801834,0.020897416511473747,0.02881666736830061,False,False
2025-03-19,Long-only Global Minimum Variance Portfolio,0.014570560548310681,0.020897416511473747,0.02881666736830061,False,False
2025-03-20,Long-only Global Minimum Variance Portfolio,-0.004680517807435364,0.020897416511473747,0.02881666736830061,False,False
2025-03-21,Long-only Global Minimum Variance Portfolio,0.012348095237949865,0.020897416511473747,0.02881666736830061,False,False
2025-03-24,Long-only Global Minimum Variance Portfolio,0.013764906903937436,0.020897416511473747,0.02881666736830061,False,False
2025-03-25,Long-only Global Minimum Variance Portfolio,0.011394337437568052,0.020897416511473747,0.02881666736830061,False,False
2025-03-26,Long-only Global Minimum Variance Portfolio,-0.01805874373900113,0.020897416511473747,0.02881666736830061,False,False
2025-03-27,Long-only Global Minimum Variance Portfolio,-0.0010294927177589707,0.020897416511473747,0.02881666736830061,False,False
2025-03-28,Long-only Global Minimum Variance Portfolio,-0.03504337631779672,0.020897416511473747,0.02881666736830061,True,True
2025-03-31,Long-only Global Minimum Variance Portfolio,0.0018818140448368587,0.021458807937457577,0.029872081117374442,False,False
2025-04-01,Long-only Global Minimum Variance Portfolio,0.013154949167738563,0.021458807937457577,0.029872081117374442,False,False
2025-04-02,Long-only Global Minimum Variance Portfolio,0.0024726575467771163,0.021458807937457577,0.029872081117374442,False,False
2025-04-03,Long-only Global Minimum Variance Portfolio,-0.05372895833164623,0.021458807937457577,0.029872081117374442,True,True
2025-04-04,Long-only Global Minimum Variance Portfolio,-0.0463208475381721,0.022093200538541264,0.03234163188330496,True,True
2025-04-07,Long-only Global Minimum Variance Portfolio,-0.008302209832486349,0.022797270920479645,0.03416125922683289,False,False
2025-04-08,Long-only Global Minimum Variance Portfolio,-0.02504574496061071,0.022797270920479645,0.03416125922683289,True,False
2025-04-09,Long-only Global Minimum Variance Portfolio,0.1177455791852592,0.023455304804713088,0.034321848107442314,False,False
2025-04-10,Long-only Global Minimum Variance Portfolio,-0.03452699008976333,0.023455304804713088,0.034321848107442314,True,True
2025-04-11,Long-only Global Minimum Variance Portfolio,0.027265576230422577,0.024341735037239767,0.0351267694694353,False,False
2025-04-14,Long-only Global Minimum Variance Portfolio,0.008254816766078638,0.024341735037239767,0.0351267694694353,False,False
2025-04-15,Long-only Global Minimum Variance Portfolio,-0.008142437064599268,0.024341735037239767,0.0351267694694353,False,False
2025-04-16,Long-only Global Minimum Variance Portfolio,-0.03235171113151967,0.024341735037239767,0.0351267694694353,True,False
2025-04-17,Long-only Global Minimum Variance Portfolio,-0.0039000575545394232,0.024836592286420163,0.03571671678277959,False,False
2025-04-21,Long-only Global Minimum Variance Portfolio,-0.02268135470647115,0.024836592286420163,0.03571671678277959,False,False
2025-04-22,Long-only Global Minimum Variance Portfolio,0.02777861496924297,0.024836592286420163,0.03571671678277959,False,False
2025-04-23,Long-only Global Minimum Variance Portfolio,0.024638447964379414,0.024836592286420163,0.03571671678277959,False,False
2025-04-24,Long-only Global Minimum Variance Portfolio,0.02671468811700953,0.024836592286420163,0.03571671678277959,False,False
2025-04-25,Long-only Global Minimum Variance Portfolio,0.01043222288066823,0.024836592286420163,0.03571671678277959,False,False
2025-04-28,Long-only Global Minimum Variance Portfolio,-0.0022420143674343803,0.024836592286420163,0.03571671678277959,False,False
2025-04-29,Long-only Global Minimum Variance Portfolio,0.003431416621096579,0.024836592286420163,0.03571671678277959,False,False
2025-04-30,Long-only Global Minimum Variance Portfolio,-0.0002441589659231136,0.024836592286420163,0.03571671678277959,False,False
2025-05-01,Long-only Global Minimum Variance Portfolio,0.033928608919948186,0.024836592286420163,0.03571671678277959,False,False
2025-05-02,Long-only Global Minimum Variance Portfolio,0.001842015395253148,0.024836592286420163,0.03571671678277959,False,False
2025-05-05,Long-only Global Minimum Variance Portfolio,-0.009874586297781849,0.024495931265615997,0.03571671678277959,False,False
2025-05-06,Long-only Global Minimum Variance Portfolio,-0.004834666966457474,0.024495931265615997,0.03571671678277959,False,False
2025-05-07,Long-only Global Minimum Variance Portfolio,-0.021541573420605403,0.024495931265615997,0.03571671678277959,False,False
2025-05-08,Long-only Global Minimum Variance Portfolio,0.012378897865247518,0.024495931265615997,0.03571671678277959,False,False
2025-05-09,Long-only Global Minimum Variance Portfolio,0.00013009109171424849,0.024495931265615997,0.03571671678277959,False,False
2025-05-12,Long-only Global Minimum Variance Portfolio,0.04287242855116711,0.024495931265615997,0.03571671678277959,False,False
2025-05-13,Long-only Global Minimum Variance Portfolio,0.00616935342190722,0.024495931265615997,0.03571671678277959,False,False
2025-05-14,Long-only Global Minimum Variance Portfolio,0.011428641867558853,0.024495931265615997,0.03571671678277959,False,False
2025-05-15,Long-only Global Minimum Variance Portfolio,-0.004615451598376827,0.024495931265615997,0.03571671678277959,False,False
2025-05-16,Long-only Global Minimum Variance Portfolio,0.004023030410071501,0.024495931265615997,0.03571671678277959,False,False
2025-05-19,Long-only Global Minimum Variance Portfolio,0.000995099510564081,0.024495931265615997,0.03571671678277959,False,False
2025-05-20,Long-only Global Minimum Variance Portfolio,-0.008121329138048092,0.024495931265615997,0.03571671678277959,False,False
2025-05-21,Long-only Global Minimum Variance Portfolio,-0.004884850491184523,0.024495931265615997,0.03571671678277959,False,False
2025-05-22,Long-only Global Minimum Variance Portfolio,0.004483440178531014,0.024495931265615997,0.03571671678277959,False,False
2025-05-23,Long-only Global Minimum Variance Portfolio,-0.017237384102180144,0.024495931265615997,0.03571671678277959,False,False
2025-05-27,Long-only Global Minimum Variance Portfolio,0.02473652583859772,0.024495931265615997,0.03571671678277959,False,False
2025-05-28,Long-only Global Minimum Variance Portfolio,-0.0036741919871438426,0.024495931265615997,0.03571671678277959,False,False
2025-05-29,Long-only Global Minimum Variance Portfolio,7.095484246026412e-05,0.024495931265615997,0.03571671678277959,False,False
2025-05-30,Long-only Global Minimum Variance Portfolio,0.0022164769426703712,0.024495931265615997,0.03571671678277959,False,False
2025-06-02,Long-only Global Minimum Variance Portfolio,-0.0006191630535025918,0.024495931265615997,0.03571671678277959,False,False
2025-06-03,Long-only Global Minimum Variance Portfolio,-0.0013720995846911478,0.024495931265615997,0.03571671678277959,False,False
2025-06-04,Long-only Global Minimum Variance Portfolio,0.0032612459477625116,0.024495931265615997,0.03571671678277959,False,False
2025-06-05,Long-only Global Minimum Variance Portfolio,0.0005989476364093966,0.024495931265615997,0.03571671678277959,False,False
2025-06-06,Long-only Global Minimum Variance Portfolio,0.017096991211080673,0.024495931265615997,0.03571671678277959,False,False
2025-06-09,Long-only Global Minimum Variance Portfolio,0.0038460913242076397,0.024495931265615997,0.03571671678277959,False,False
2025-06-10,Long-only Global Minimum Variance Portfolio,0.004203435370275054,0.024495931265615997,0.03571671678277959,False,False
2025-06-11,Long-only Global Minimum Variance Portfolio,-0.007895681348813645,0.024495931265615997,0.03571671678277959,False,False
2025-06-12,Long-only Global Minimum Variance Portfolio,0.0026738019504848583,0.024495931265615997,0.03571671678277959,False,False
2025-06-13,Long-only Global Minimum Variance Portfolio,-0.009102511064888158,0.024495931265615997,0.03571671678277959,False,False
2025-06-16,Long-only Global Minimum Variance Portfolio,0.010746865127416346,0.024495931265615997,0.03571671678277959,False,False
2025-06-17,Long-only Global Minimum Variance Portfolio,-0.0065509595287997855,0.024495931265615997,0.03571671678277959,False,False
2025-06-18,Long-only Global Minimum Variance Portfolio,-0.002613070651151735,0.024495931265615997,0.03571671678277959,False,False
2025-06-20,Long-only Global Minimum Variance Portfolio,-0.005890024828335897,0.024495931265615997,0.03571671678277959,False,False
2025-06-23,Long-only Global Minimum Variance Portfolio,0.00398684077160649,0.024495931265615997,0.03571671678277959,False,False
2025-06-24,Long-only Global Minimum Variance Portfolio,0.005629052858811262,0.024495931265615997,0.03571671678277959,False,False
2025-06-25,Long-only Global Minimum Variance Portfolio,0.009049024831978607,0.024495931265615997,0.03571671678277959,False,False
2025-06-26,Long-only Global Minimum Variance Portfolio,0.00937654513005467,0.024495931265615997,0.03571671678277959,False,False
2025-06-27,Long-only Global Minimum Variance Portfolio,0.00713211671556837,0.024495931265615997,0.03571671678277959,False,False
2025-06-30,Long-only Global Minimum Variance Portfolio,0.004448574761013147,0.024495931265615997,0.03571671678277959,False,False
2025-07-01,Long-only Global Minimum Variance Portfolio,-0.0002767468724262036,0.024495931265615997,0.03571671678277959,False,False
2025-07-02,Long-only Global Minimum Variance Portfolio,0.010024400306988363,0.024495931265615997,0.03571671678277959,False,False
2025-07-03,Long-only Global Minimum Variance Portfolio,0.009620658104665409,0.024495931265615997,0.03571671678277959,False,False
2025-07-07,Long-only Global Minimum Variance Portfolio,-0.01019922785664038,0.024495931265615997,0.03571671678277959,False,False
2025-07-08,Long-only Global Minimum Variance Portfolio,-0.005743327217952048,0.024495931265615997,0.03571671678277959,False,False
2025-07-09,Long-only Global Minimum Variance Portfolio,0.011479706720305603,0.024495931265615997,0.03571671678277959,False,False
2025-07-10,Long-only Global Minimum Variance Portfolio,0.0018112849976041098,0.024495931265615997,0.03571671678277959,False,False
2025-07-11,Long-only Global Minimum Variance Portfolio,0.004386945849625635,0.024495931265615997,0.03571671678277959,False,False
2025-07-14,Long-only Global Minimum Variance Portfolio,-0.0014038705794465513,0.024495931265615997,0.03571671678277959,False,False
2025-07-15,Long-only Global Minimum Variance Portfolio,0.0033393571959352383,0.024495931265615997,0.03571671678277959,False,False
2025-07-16,Long-only Global Minimum Variance Portfolio,0.0012048356273836357,0.023455304804713088,0.035642713555128054,False,False
2025-07-17,Long-only Global Minimum Variance Portfolio,0.005660949699205973,0.023455304804713088,0.035642713555128054,False,False
2025-07-18,Long-only Global Minimum Variance Portfolio,0.003088966201052117,0.023455304804713088,0.035642713555128054,False,False
2025-07-21,Long-only Global Minimum Variance Portfolio,0.01036474082758094,0.023455304804713088,0.035642713555128054,False,False
2025-07-22,Long-only Global Minimum Variance Portfolio,5.0094891354571084e-05,0.023455304804713088,0.035642713555128054,False,False
2025-07-23,Long-only Global Minimum Variance Portfolio,-0.00045939993263593694,0.023455304804713088,0.035642713555128054,False,False
2025-07-24,Long-only Global Minimum Variance Portfolio,0.00669295438624711,0.023455304804713088,0.035642713555128054,False,False
2025-07-25,Long-only Global Minimum Variance Portfolio,0.0030650461282109437,0.023455304804713088,0.035642713555128054,False,False
2025-07-28,Long-only Global Minimum Variance Portfolio,-0.0010249609518599217,0.023455304804713088,0.035642713555128054,False,False
2025-07-29,Long-only Global Minimum Variance Portfolio,-0.00036774676318229586,0.02280588536926885,0.03455923095768205,False,False
2025-07-30,Long-only Global Minimum Variance Portfolio,-0.001620972510806178,0.02280588536926885,0.03455923095768205,False,False
2025-07-31,Long-only Global Minimum Variance Portfolio,0.007184486767952389,0.02280588536926885,0.03455923095768205,False,False
2025-08-01,Long-only Global Minimum Variance Portfolio,-0.02440909398611528,0.02280588536926885,0.03455923095768205,True,False
2025-08-04,Long-only Global Minimum Variance Portfolio,0.016145093716771433,0.023455304804713088,0.0346708466864072,False,False
2025-08-05,Long-only Global Minimum Variance Portfolio,-0.005654893847004717,0.023455304804713088,0.0346708466864072,False,False
2025-08-06,Long-only Global Minimum Variance Portfolio,0.01877234909790399,0.023455304804713088,0.0346708466864072,False,False
2025-08-07,Long-only Global Minimum Variance Portfolio,0.007543300245385885,0.023455304804713088,0.0346708466864072,False,False
2025-08-08,Long-only Global Minimum Variance Portfolio,0.019797112547221576,0.02280588536926885,0.03324309329469712,False,False
2025-08-11,Long-only Global Minimum Variance Portfolio,-0.0037893619153884627,0.02280588536926885,0.03324309329469712,False,False
2025-08-12,Long-only Global Minimum Variance Portfolio,0.011724674697797751,0.02280588536926885,0.03324309329469712,False,False
2025-08-13,Long-only Global Minimum Variance Portfolio,-0.001345318760411381,0.02280588536926885,0.03324309329469712,False,False
2025-08-14,Long-only Global Minimum Variance Portfolio,0.003920742320312477,0.02280588536926885,0.03324309329469712,False,False
2025-08-15,Long-only Global Minimum Variance Portfolio,-0.001681833918833741,0.02280588536926885,0.03324309329469712,False,False
2025-08-18,Long-only Global Minimum Variance Portfolio,-0.0036437611275435752,0.02280588536926885,0.03324309329469712,False,False
2025-08-19,Long-only Global Minimum Variance Portfolio,-0.009005528038203252,0.02280588536926885,0.03324309329469712,False,False
2025-08-20,Long-only Global Minimum Variance Portfolio,-0.013227374177210758,0.02280588536926885,0.03324309329469712,False,False
2025-08-21,Long-only Global Minimum Variance Portfolio,-0.002036668347736883,0.02280588536926885,0.03324309329469712,False,False
2025-08-22,Long-only Global Minimum Variance Portfolio,0.016438091186470775,0.02280588536926885,0.03324309329469712,False,False
2025-08-25,Long-only Global Minimum Variance Portfolio,-8.256418295062435e-05,0.02280588536926885,0.03324309329469712,False,False
2025-08-26,Long-only Global Minimum Variance Portfolio,2.3183846131807982e-05,0.02280588536926885,0.03324309329469712,False,False
2025-08-27,Long-only Global Minimum Variance Portfolio,0.005349725747105844,0.02280588536926885,0.03324309329469712,False,False
2025-08-28,Long-only Global Minimum Variance Portfolio,0.010866996644701497,0.02280588536926885,0.03324309329469712,False,False
2025-08-29,Long-only Global Minimum Variance Portfolio,-0.002068199987755731,0.02280588536926885,0.03324309329469712,False,False
2025-09-02,Long-only Global Minimum Variance Portfolio,-0.007419775459924137,0.02280588536926885,0.03324309329469712,False,False
2025-09-03,Long-only Global Minimum Variance Portfolio,0.035570624654393035,0.02280588536926885,0.03324309329469712,False,False
2025-09-04,Long-only Global Minimum Variance Portfolio,0.008728307798339103,0.02280588536926885,0.03324309329469712,False,False
2025-09-05,Long-only Global Minimum Variance Portfolio,-0.007502555903824483,0.02280588536926885,0.03324309329469712,False,False
2025-09-08,Long-only Global Minimum Variance Portfolio,0.00035477481963999626,0.022672740257681945,0.03297863501324484,False,False
2025-09-09,Long-only Global Minimum Variance Portfolio,0.0030171655995123964,0.022672740257681945,0.03297863501324484,False,False
2025-09-10,Long-only Global Minimum Variance Portfolio,-0.011377935774789663,0.022672740257681945,0.03297863501324484,False,False
2025-09-11,Long-only Global Minimum Variance Portfolio,0.005951843104965821,0.022672740257681945,0.03297863501324484,False,False
2025-09-12,Long-only Global Minimum Variance Portfolio,0.011611141838670206,0.022672740257681945,0.03297863501324484,False,False
2025-09-15,Long-only Global Minimum Variance Portfolio,0.019667876583297675,0.022672740257681945,0.03297863501324484,False,False
2025-09-16,Long-only Global Minimum Variance Portfolio,-0.0019678112168038508,0.022672740257681945,0.03297863501324484,False,False
2025-09-17,Long-only Global Minimum Variance Portfolio,-0.0007378531977575722,0.022672740257681945,0.03297863501324484,False,False
2025-09-18,Long-only Global Minimum Variance Portfolio,-1.0983670354721358e-05,0.022672740257681945,0.03297863501324484,False,False
2025-09-19,Long-only Global Minimum Variance Portfolio,0.019374474603362966,0.022672740257681945,0.03297863501324484,False,False
2025-09-22,Long-only Global Minimum Variance Portfolio,0.0067693232335221416,0.022672740257681945,0.03297863501324484,False,False
2025-09-23,Long-only Global Minimum Variance Portfolio,-0.008557841951397416,0.022672740257681945,0.03297863501324484,False,False
2025-09-24,Long-only Global Minimum Variance Portfolio,-0.006748248128586741,0.022672740257681945,0.03297863501324484,False,False
2025-09-25,Long-only Global Minimum Variance Portfolio,0.0011556554782645103,0.022672740257681945,0.03297863501324484,False,False
2025-09-26,Long-only Global Minimum Variance Portfolio,0.002715187371635681,0.022672740257681945,0.03297863501324484,False,False
2025-09-29,Long-only Global Minimum Variance Portfolio,-0.0011538845835047111,0.022672740257681945,0.03297863501324484,False,False
2025-09-30,Long-only Global Minimum Variance Portfolio,0.0007359547091621614,0.022672740257681945,0.03297863501324484,False,False
2025-10-01,Long-only Global Minimum Variance Portfolio,0.004716935230966082,0.022672740257681945,0.03297863501324484,False,False
2025-10-02,Long-only Global Minimum Variance Portfolio,0.0008610211004280965,0.022672740257681945,0.03297863501324484,False,False
2025-10-03,Long-only Global Minimum Variance Portfolio,0.0011199929477345725,0.022672740257681945,0.03297863501324484,False,False
2025-10-06,Long-only Global Minimum Variance Portfolio,0.012087921559495266,0.022672740257681945,0.03297863501324484,False,False
2025-10-07,Long-only Global Minimum Variance Portfolio,-0.007601089137023702,0.022672740257681945,0.03297863501324484,False,False
2025-10-08,Long-only Global Minimum Variance Portfolio,0.0019105908849030746,0.022672740257681945,0.03297863501324484,False,False
2025-10-09,Long-only Global Minimum Variance Portfolio,-0.008922259145053797,0.022672740257681945,0.03297863501324484,False,False
2025-10-10,Long-only Global Minimum Variance Portfolio,-0.027312308601037123,0.022672740257681945,0.03297863501324484,True,False
2025-10-13,Long-only Global Minimum Variance Portfolio,0.014384855116366398,0.02280588536926885,0.03333486223590376,False,False
2025-10-14,Long-only Global Minimum Variance Portfolio,0.00012167744092223269,0.02280588536926885,0.03333486223590376,False,False
2025-10-15,Long-only Global Minimum Variance Portfolio,0.007404977866568174,0.02280588536926885,0.03333486223590376,False,False
2025-10-16,Long-only Global Minimum Variance Portfolio,-0.0037701777382775467,0.02280588536926885,0.03333486223590376,False,False
2025-10-17,Long-only Global Minimum Variance Portfolio,0.008701091407113679,0.02280588536926885,0.03333486223590376,False,False
2025-10-20,Long-only Global Minimum Variance Portfolio,0.018716266508999765,0.02280588536926885,0.03333486223590376,False,False
2025-10-21,Long-only Global Minimum Variance Portfolio,-0.0025479529728596926,0.02280588536926885,0.03333486223590376,False,False
2025-10-22,Long-only Global Minimum Variance Portfolio,-0.0031896736711610803,0.02280588536926885,0.03333486223590376,False,False
2025-10-23,Long-only Global Minimum Variance Portfolio,0.0037390687850761576,0.02280588536926885,0.03333486223590376,False,False
2025-10-24,Long-only Global Minimum Variance Portfolio,0.01400699881371187,0.02280588536926885,0.03333486223590376,False,False
2025-10-27,Long-only Global Minimum Variance Portfolio,0.022732886572538604,0.02280588536926885,0.03333486223590376,False,False
2025-10-28,Long-only Global Minimum Variance Portfolio,0.006621127686289986,0.02280588536926885,0.03333486223590376,False,False
2025-10-29,Long-only Global Minimum Variance Portfolio,0.007422186408647488,0.02280588536926885,0.03333486223590376,False,False
2025-10-30,Long-only Global Minimum Variance Portfolio,-0.004645660202761595,0.02280588536926885,0.03333486223590376,False,False
2025-10-31,Long-only Global Minimum Variance Portfolio,0.0011322993661417686,0.02280588536926885,0.03333486223590376,False,False
2025-11-03,Long-only Global Minimum Variance Portfolio,0.003376403183572803,0.02280588536926885,0.03333486223590376,False,False
2025-11-04,Long-only Global Minimum Variance Portfolio,-0.007856615510043397,0.02280588536926885,0.03333486223590376,False,False
2025-11-05,Long-only Global Minimum Variance Portfolio,0.001771981242802925,0.022672740257681945,0.03240188792274939,False,False
2025-11-06,Long-only Global Minimum Variance Portfolio,-0.009230680229322129,0.022672740257681945,0.03240188792274939,False,False
2025-11-07,Long-only Global Minimum Variance Portfolio,-0.006398400847862884,0.022672740257681945,0.03240188792274939,False,False
2025-11-10,Long-only Global Minimum Variance Portfolio,0.019510798018007296,0.022672740257681945,0.03240188792274939,False,False
2025-11-11,Long-only Global Minimum Variance Portfolio,0.009638265142228578,0.022672740257681945,0.03240188792274939,False,False
2025-11-12,Long-only Global Minimum Variance Portfolio,-0.00569711977171764,0.022672740257681945,0.03240188792274939,False,False
2025-11-13,Long-only Global Minimum Variance Portfolio,-0.015835675784940748,0.022672740257681945,0.03240188792274939,False,False
2025-11-14,Long-only Global Minimum Variance Portfolio,0.0012775185715469173,0.022672740257681945,0.03240188792274939,False,False
2025-11-17,Long-only Global Minimum Variance Portfolio,0.0002407729403279637,0.022672740257681945,0.03240188792274939,False,False
2025-11-18,Long-only Global Minimum Variance Portfolio,-0.013791154742255313,0.022672740257681945,0.03240188792274939,False,False
2025-11-19,Long-only Global Minimum Variance Portfolio,0.003923172847868177,0.022672740257681945,0.03240188792274939,False,False
2025-11-20,Long-only Global Minimum Variance Portfolio,-0.012990646893000501,0.022054474999244976,0.03240188792274939,False,False
2025-11-21,Long-only Global Minimum Variance Portfolio,0.01131547623819718,0.022054474999244976,0.03240188792274939,False,False
2025-11-24,Long-only Global Minimum Variance Portfolio,0.024898952768905747,0.022054474999244976,0.03240188792274939,False,False
2025-11-25,Long-only Global Minimum Variance Portfolio,0.008870208952060397,0.022054474999244976,0.03240188792274939,False,False
2025-11-26,Long-only Global Minimum Variance Portfolio,0.004063609766244855,0.022054474999244976,0.03240188792274939,False,False
2025-11-28,Long-only Global Minimum Variance Portfolio,0.00747398692701078,0.022054474999244976,0.03240188792274939,False,False
2025-12-01,Long-only Global Minimum Variance Portfolio,-0.0031219767375633054,0.022054474999244976,0.03240188792274939,False,False
2025-12-02,Long-only Global Minimum Variance Portfolio,0.0065979594047570955,0.022054474999244976,0.03240188792274939,False,False
2025-12-03,Long-only Global Minimum Variance Portfolio,-0.007917775392563933,0.022054474999244976,0.03240188792274939,False,False
2025-12-04,Long-only Global Minimum Variance Portfolio,-0.004294416143545205,0.022054474999244976,0.03240188792274939,False,False
2025-12-05,Long-only Global Minimum Variance Portfolio,0.002872099199109132,0.022054474999244976,0.03240188792274939,False,False
2025-12-08,Long-only Global Minimum Variance Portfolio,-0.0021764859136775045,0.022054474999244976,0.03240188792274939,False,False
2025-12-09,Long-only Global Minimum Variance Portfolio,0.0030877252344800833,0.022054474999244976,0.03240188792274939,False,False
2025-12-10,Long-only Global Minimum Variance Portfolio,-0.003942406792920801,0.022054474999244976,0.03240188792274939,False,False
2025-12-11,Long-only Global Minimum Variance Portfolio,-0.003668053907638768,0.022054474999244976,0.03240188792274939,False,False
2025-12-12,Long-only Global Minimum Variance Portfolio,-0.007467634416999745,0.022054474999244976,0.03240188792274939,False,False
2025-12-15,Long-only Global Minimum Variance Portfolio,-0.009575551567959792,0.022054474999244976,0.03240188792274939,False,False
2025-12-16,Long-only Global Minimum Variance Portfolio,0.000377538350504029,0.022054474999244976,0.03240188792274939,False,False
2025-12-17,Long-only Global Minimum Variance Portfolio,-0.011973141491082358,0.022054474999244976,0.03240188792274939,False,False
2025-12-18,Long-only Global Minimum Variance Portfolio,0.01328886444508317,0.022054474999244976,0.03240188792274939,False,False
2025-12-19,Long-only Global Minimum Variance Portfolio,0.007482287831899808,0.022054474999244976,0.03240188792274939,False,False
2025-12-22,Long-only Global Minimum Variance Portfolio,-0.000989489842491668,0.022054474999244976,0.03240188792274939,False,False
2025-12-23,Long-only Global Minimum Variance Portfolio,0.00794536677306067,0.020995775639819574,0.031534638899386895,False,False
2025-12-24,Long-only Global Minimum Variance Portfolio,0.0025281856033813137,0.020995775639819574,0.031534638899386895,False,False
2025-12-26,Long-only Global Minimum Variance Portfolio,-0.0012193001625301714,0.020995775639819574,0.031534638899386895,False,False
2025-12-29,Long-only Global Minimum Variance Portfolio,-0.0006824111919923797,0.020995775639819574,0.031534638899386895,False,False
2025-12-30,Long-only Global Minimum Variance Portfolio,-0.00017427573811852598,0.020995775639819574,0.031534638899386895,False,False
2025-12-31,Long-only Global Minimum Variance Portfolio,-0.005379434448734077,0.020995775639819574,0.031534638899386895,False,False
2026-01-02,Long-only Global Minimum Variance Portfolio,-0.009029485202782106,0.020995775639819574,0.031534638899386895,False,False
2026-01-05,Long-only Global Minimum Variance Portfolio,-0.0002158581799938798,0.020995775639819574,0.031534638899386895,False,False
2026-01-06,Long-only Global Minimum Variance Portfolio,-0.0008210401749401451,0.020995775639819574,0.031534638899386895,False,False
2026-01-07,Long-only Global Minimum Variance Portfolio,0.008174617278901505,0.020995775639819574,0.031534638899386895,False,False
2026-01-08,Long-only Global Minimum Variance Portfolio,-0.0009294508927478354,0.020995775639819574,0.031534638899386895,False,False
2026-01-09,Long-only Global Minimum Variance Portfolio,0.004138643787336474,0.020995775639819574,0.031534638899386895,False,False
2026-01-12,Long-only Global Minimum Variance Portfolio,0.0020354713902045207,0.020995775639819574,0.031534638899386895,False,False
2026-01-13,Long-only Global Minimum Variance Portfolio,-0.0022687463831924343,0.020995775639819574,0.031534638899386895,False,False
2026-01-14,Long-only Global Minimum Variance Portfolio,-0.011859840821669687,0.020995775639819574,0.031534638899386895,False,False
2026-01-15,Long-only Global Minimum Variance Portfolio,-0.006073243723272453,0.020995775639819574,0.031534638899386895,False,False
2026-01-16,Long-only Global Minimum Variance Portfolio,-0.0025333336311288983,0.020995775639819574,0.031534638899386895,False,False
2026-01-20,Long-only Global Minimum Variance Portfolio,-0.023764159004307662,0.020995775639819574,0.031534638899386895,True,False
2026-01-21,Long-only Global Minimum Variance Portfolio,-0.0018004648725936565,0.022054474999244976,0.03170560702121014,False,False
2026-01-22,Long-only Global Minimum Variance Portfolio,0.009510122619844352,0.022054474999244976,0.03170560702121014,False,False
2026-01-23,Long-only Global Minimum Variance Portfolio,0.011046078315094753,0.022054474999244976,0.03170560702121014,False,False
2026-01-26,Long-only Global Minimum Variance Portfolio,0.0161142857670026,0.022054474999244976,0.03170560702121014,False,False
2026-01-27,Long-only Global Minimum Variance Portfolio,0.014384498504330372,0.022054474999244976,0.03170560702121014,False,False
2026-01-28,Long-only Global Minimum Variance Portfolio,-0.0008933530300461576,0.022054474999244976,0.03170560702121014,False,False
2026-01-29,Long-only Global Minimum Variance Portfolio,-0.0319654258420222,0.022054474999244976,0.03170560702121014,True,True
2026-01-30,Long-only Global Minimum Variance Portfolio,-0.002151689242323901,0.02280588536926885,0.032419766339329456,False,False
2026-02-02,Long-only Global Minimum Variance Portfolio,0.012647769756974427,0.02280588536926885,0.032419766339329456,False,False
2026-02-03,Long-only Global Minimum Variance Portfolio,-0.015456645053895008,0.02280588536926885,0.032419766339329456,False,False
2026-02-04,Long-only Global Minimum Variance Portfolio,0.0027953356043198393,0.02280588536926885,0.032419766339329456,False,False
2026-02-05,Long-only Global Minimum Variance Portfolio,-0.023410397036753915,0.02280588536926885,0.032419766339329456,True,False
2026-02-06,Long-only Global Minimum Variance Portfolio,-0.00186394323279572,0.023161627898517806,0.03245455922579605,False,False
2026-02-09,Long-only Global Minimum Variance Portfolio,0.007998844530977442,0.023161627898517806,0.03245455922579605,False,False
2026-02-10,Long-only Global Minimum Variance Portfolio,-0.006675828993305061,0.023161627898517806,0.03245455922579605,False,False
2026-02-11,Long-only Global Minimum Variance Portfolio,-0.012822821487128492,0.02280588536926885,0.03236956515878325,False,False
2026-02-12,Long-only Global Minimum Variance Portfolio,-0.020657381505103063,0.02280588536926885,0.03236956515878325,False,False
2026-02-13,Long-only Global Minimum Variance Portfolio,-0.010463574648231439,0.02280588536926885,0.03236956515878325,False,False
2026-02-17,Long-only Global Minimum Variance Portfolio,0.0037543977315622123,0.02280588536926885,0.03236956515878325,False,False
2026-02-18,Long-only Global Minimum Variance Portfolio,0.005424361545809574,0.02280588536926885,0.03236956515878325,False,False
2026-02-19,Long-only Global Minimum Variance Portfolio,-0.004787993439063281,0.02280588536926885,0.03236956515878325,False,False
2026-02-20,Long-only Global Minimum Variance Portfolio,0.015414370605037352,0.02280588536926885,0.03236956515878325,False,False
2026-02-23,Long-only Global Minimum Variance Portfolio,-0.014156764563308355,0.02280588536926885,0.03236956515878325,False,False
2026-02-24,Long-only Global Minimum Variance Portfolio,0.01155524086647363,0.02280588536926885,0.03236956515878325,False,False
2026-02-25,Long-only Global Minimum Variance Portfolio,0.015507530902054065,0.02280588536926885,0.03236956515878325,False,False
2026-02-26,Long-only Global Minimum Variance Portfolio,-0.006394627937207624,0.02280588536926885,0.03236956515878325,False,False
2026-02-27,Long-only Global Minimum Variance Portfolio,-0.013122407020417875,0.02280588536926885,0.03236956515878325,False,False
2026-03-02,Long-only Global Minimum Variance Portfolio,0.00097173578933691,0.02280588536926885,0.03236956515878325,False,False
2026-03-03,Long-only Global Minimum Variance Portfolio,0.0014278038646907572,0.02280588536926885,0.03236956515878325,False,False
2026-03-04,Long-only Global Minimum Variance Portfolio,0.0027480710690223928,0.02280588536926885,0.03236956515878325,False,False
2026-03-05,Long-only Global Minimum Variance Portfolio,0.0008460924535319457,0.02280588536926885,0.03236956515878325,False,False
2026-03-06,Long-only Global Minimum Variance Portfolio,-0.009148285352909302,0.02280588536926885,0.03236956515878325,False,False
2026-03-09,Long-only Global Minimum Variance Portfolio,0.010316676382518753,0.02280588536926885,0.03236956515878325,False,False
2026-03-10,Long-only Global Minimum Variance Portfolio,-0.0009660049644868302,0.02280588536926885,0.03236956515878325,False,False
2026-03-11,Long-only Global Minimum Variance Portfolio,-0.0001480609354047526,0.02280588536926885,0.03236956515878325,False,False
2026-03-12,Long-only Global Minimum Variance Portfolio,-0.014098317559530754,0.022054474999244976,0.031039881312223412,False,False
2026-03-13,Long-only Global Minimum Variance Portfolio,-0.014442398651112465,0.022054474999244976,0.031039881312223412,False,False
2026-03-16,Long-only Global Minimum Variance Portfolio,0.011364599164813347,0.022054474999244976,0.031039881312223412,False,False
2026-03-17,Long-only Global Minimum Variance Portfolio,0.00682823384483003,0.021055267867079105,0.030930918535909346,False,False
2026-03-18,Long-only Global Minimum Variance Portfolio,-0.016497881384055776,0.021055267867079105,0.030930918535909346,False,False
2026-03-19,Long-only Global Minimum Variance Portfolio,-0.004609230817936899,0.021055267867079105,0.030930918535909346,False,False
2026-03-20,Long-only Global Minimum Variance Portfolio,-0.014997278376467006,0.021055267867079105,0.030930918535909346,False,False
2026-03-23,Long-only Global Minimum Variance Portfolio,0.007364628506499611,0.021055267867079105,0.030930918535909346,False,False
2026-03-24,Long-only Global Minimum Variance Portfolio,-0.019115154373562208,0.021055267867079105,0.030930918535909346,False,False
2026-03-25,Long-only Global Minimum Variance Portfolio,0.0016401646641386687,0.021055267867079105,0.030930918535909346,False,False
2026-03-26,Long-only Global Minimum Variance Portfolio,-0.014178196224171956,0.021055267867079105,0.030930918535909346,False,False
2026-03-27,Long-only Global Minimum Variance Portfolio,-0.023533388711497943,0.021055267867079105,0.030930918535909346,True,False
2026-03-30,Long-only Global Minimum Variance Portfolio,-0.000379210639856749,0.022054474999244976,0.031084135096747234,False,False
2026-03-31,Long-only Global Minimum Variance Portfolio,0.03599300021616667,0.022054474999244976,0.031084135096747234,False,False
2026-04-01,Long-only Global Minimum Variance Portfolio,0.009679429662785392,0.021055267867079105,0.030045534873886368,False,False
2026-04-02,Long-only Global Minimum Variance Portfolio,0.0035813525218314187,0.021055267867079105,0.030045534873886368,False,False
2026-04-06,Long-only Global Minimum Variance Portfolio,0.006918612826162785,0.021055267867079105,0.030045534873886368,False,False
2026-04-07,Long-only Global Minimum Variance Portfolio,-0.0008593096225521607,0.021055267867079105,0.030045534873886368,False,False
2026-04-08,Long-only Global Minimum Variance Portfolio,0.02053256039609872,0.019809156582755574,0.027501567425690734,False,False
2026-04-09,Long-only Global Minimum Variance Portfolio,0.0065279780213205185,0.01808238072430205,0.025408821797643817,False,False
2026-04-10,Long-only Global Minimum Variance Portfolio,-0.0010189635364853406,0.01808238072430205,0.025408821797643817,False,False
2026-04-13,Long-only Global Minimum Variance Portfolio,0.014899552020819277,0.016830657607211735,0.02480817865468762,False,False
2026-04-14,Long-only Global Minimum Variance Portfolio,0.020112038795159572,0.016830657607211735,0.02480817865468762,False,False
2026-04-15,Long-only Global Minimum Variance Portfolio,0.028137489756761967,0.016133668304542503,0.023421324138863966,False,False
2026-04-16,Long-only Global Minimum Variance Portfolio,0.00345920063043636,0.016133668304542503,0.023421324138863966,False,False
2026-04-17,Long-only Global Minimum Variance Portfolio,0.015450835322736601,0.016133668304542503,0.023421324138863966,False,False
2026-04-20,Long-only Global Minimum Variance Portfolio,-0.004677628385087491,0.016133668304542503,0.023421324138863966,False,False
2026-04-21,Long-only Global Minimum Variance Portfolio,-0.005722144452063165,0.015627208882865586,0.02215085988143482,False,False
2026-04-22,Long-only Global Minimum Variance Portfolio,0.02278728165145444,0.015627208882865586,0.02215085988143482,False,False
2026-04-23,Long-only Global Minimum Variance Portfolio,-0.013899690260133093,0.015203993381309601,0.021595112985082807,False,False
2026-04-24,Long-only Global Minimum Variance Portfolio,0.01136945687118932,0.015203993381309601,0.021595112985082807,False,False
2026-04-27,Long-only Global Minimum Variance Portfolio,0.00024080167332313337,0.015203993381309601,0.021595112985082807,False,False
2026-04-28,Long-only Global Minimum Variance Portfolio,0.005978615281805853,0.015203993381309601,0.021595112985082807,False,False
2026-04-29,Long-only Global Minimum Variance Portfolio,-0.0036766664663461287,0.015203993381309601,0.021595112985082807,False,False
2026-04-30,Long-only Global Minimum Variance Portfolio,0.014208317706919884,0.015203993381309601,0.021595112985082807,False,False
2026-05-01,Long-only Global Minimum Variance Portfolio,0.017391188448325177,0.015203993381309601,0.021595112985082807,False,False
2026-05-06,Long-only Global Minimum Variance Portfolio,0.01798361777994545,0.015203993381309601,0.021595112985082807,False,False
2026-05-07,Long-only Global Minimum Variance Portfolio,0.004767369859048623,0.015203993381309601,0.021595112985082807,False,False
2026-05-08,Long-only Global Minimum Variance Portfolio,0.002977399029982816,0.015203993381309601,0.021595112985082807,False,False
2026-05-11,Long-only Global Minimum Variance Portfolio,-0.01067365819013893,0.015203993381309601,0.021595112985082807,False,False
2026-05-12,Long-only Global Minimum Variance Portfolio,-0.00500119778857995,0.015203993381309601,0.021595112985082807,False,False
2026-05-13,Long-only Global Minimum Variance Portfolio,0.013661410962945715,0.014692094527522003,0.02109170567399524,False,False
2026-05-14,Long-only Global Minimum Variance Portfolio,0.0009401490681769557,0.014692094527522003,0.02109170567399524,False,False
2026-05-15,Long-only Global Minimum Variance Portfolio,0.009405961798279062,0.014692094527522003,0.02109170567399524,False,False
2026-05-18,Long-only Global Minimum Variance Portfolio,0.0018064071752983944,0.014692094527522003,0.02109170567399524,False,False
2026-05-19,Long-only Global Minimum Variance Portfolio,-0.004540662367509418,0.014692094527522003,0.02109170567399524,False,False
2025-01-02,Long-only Tangency Portfolio,0.00680276978147296,0.02935717168758282,0.044619885633022334,False,False
2025-01-03,Long-only Tangency Portfolio,0.025271275747264017,0.028457503971154152,0.04451594980763204,False,False
2025-01-06,Long-only Tangency Portfolio,0.02275863402813796,0.028457503971154152,0.04451594980763204,False,False
2025-01-07,Long-only Tangency Portfolio,-0.04065408111474214,0.028457503971154152,0.04451594980763204,True,False
2025-01-08,Long-only Tangency Portfolio,0.0008549756410245399,0.029698223299112893,0.04543171396191608,False,False
2025-01-10,Long-only Tangency Portfolio,-0.02707288792366486,0.029698223299112893,0.04543171396191608,False,False
2025-01-13,Long-only Tangency Portfolio,-0.01550632852066374,0.029698223299112893,0.04543171396191608,False,False
2025-01-14,Long-only Tangency Portfolio,-0.008333989740151003,0.029698223299112893,0.04543171396191608,False,False
2025-01-15,Long-only Tangency Portfolio,0.02813931235203686,0.029698223299112893,0.04543171396191608,False,False
2025-01-16,Long-only Tangency Portfolio,-0.027067725178636187,0.029698223299112893,0.04543171396191608,False,False
2025-01-17,Long-only Tangency Portfolio,0.021141555766998908,0.029698223299112893,0.04543171396191608,False,False
2025-01-21,Long-only Tangency Portfolio,0.0006304938544032006,0.029698223299112893,0.04543171396191608,False,False
2025-01-22,Long-only Tangency Portfolio,0.02911087266992703,0.029698223299112893,0.04543171396191608,False,False
2025-01-23,Long-only Tangency Portfolio,0.00033559769613091277,0.029698223299112893,0.04543171396191608,False,False
2025-01-24,Long-only Tangency Portfolio,-0.019720802702808345,0.029698223299112893,0.04543171396191608,False,False
2025-01-27,Long-only Tangency Portfolio,-0.08611182368335339,0.029698223299112893,0.04543171396191608,True,True
2025-01-28,Long-only Tangency Portfolio,0.06658858088774294,0.031891343597506214,0.04968199229839016,False,False
2025-01-29,Long-only Tangency Portfolio,-0.022213945080954527,0.031891343597506214,0.04968199229839016,False,False
2025-01-30,Long-only Tangency Portfolio,-0.0007675384098720117,0.031891343597506214,0.04968199229839016,False,False
2025-01-31,Long-only Tangency Portfolio,-0.02372153936295066,0.031891343597506214,0.04968199229839016,False,False
2025-02-03,Long-only Tangency Portfolio,-0.029819977250530903,0.031891343597506214,0.04968199229839016,False,False
2025-02-04,Long-only Tangency Portfolio,0.018078877059618803,0.031891343597506214,0.04968199229839016,False,False
2025-02-05,Long-only Tangency Portfolio,0.029498247178755613,0.031891343597506214,0.04968199229839016,False,False
2025-02-06,Long-only Tangency Portfolio,0.01922144546232247,0.031891343597506214,0.04968199229839016,False,False
2025-02-07,Long-only Tangency Portfolio,-0.004642596216681206,0.031891343597506214,0.04968199229839016,False,False
2025-02-10,Long-only Tangency Portfolio,0.01721229512554143,0.031891343597506214,0.04968199229839016,False,False
2025-02-11,Long-only Tangency Portfolio,0.005065030520321672,0.031891343597506214,0.04968199229839016,False,False
2025-02-12,Long-only Tangency Portfolio,-0.00033661948514107767,0.031891343597506214,0.04968199229839016,False,False
2025-02-13,Long-only Tangency Portfolio,0.025958938037017296,0.031891343597506214,0.04968199229839016,False,False
2025-02-14,Long-only Tangency Portfolio,0.019865384292404687,0.031891343597506214,0.04968199229839016,False,False
2025-02-18,Long-only Tangency Portfolio,0.0021842469162434543,0.031891343597506214,0.04968199229839016,False,False
2025-02-19,Long-only Tangency Portfolio,0.00040253226118433484,0.031891343597506214,0.04968199229839016,False,False
2025-02-20,Long-only Tangency Portfolio,0.0053525832870032685,0.031891343597506214,0.04968199229839016,False,False
2025-02-21,Long-only Tangency Portfolio,-0.024477235928623078,0.031891343597506214,0.04968199229839016,False,False
2025-02-24,Long-only Tangency Portfolio,-0.01570260825425108,0.031891343597506214,0.04968199229839016,False,False
2025-02-25,Long-only Tangency Portfolio,-0.01677838998627556,0.031891343597506214,0.04968199229839016,False,False
2025-02-26,Long-only Tangency Portfolio,0.010828398504283396,0.031891343597506214,0.04968199229839016,False,False
2025-02-27,Long-only Tangency Portfolio,-0.054376968938038776,0.031891343597506214,0.04968199229839016,True,True
2025-02-28,Long-only Tangency Portfolio,0.03067217795694091,0.034655217679125466,0.05131452312653818,False,False
2025-03-03,Long-only Tangency Portfolio,-0.056914959220353105,0.034655217679125466,0.05131452312653818,True,True
2025-03-04,Long-only Tangency Portfolio,0.006329988619108471,0.036905985419772816,0.05288567722306747,False,False
2025-03-05,Long-only Tangency Portfolio,0.007385362046012582,0.036905985419772816,0.05288567722306747,False,False
2025-03-06,Long-only Tangency Portfolio,-0.03406572514496147,0.036905985419772816,0.05288567722306747,False,False
2025-03-07,Long-only Tangency Portfolio,0.016843772138732827,0.036905985419772816,0.05288567722306747,False,False
2025-03-10,Long-only Tangency Portfolio,-0.04917427510363759,0.036905985419772816,0.05288567722306747,True,False
2025-03-11,Long-only Tangency Portfolio,-0.001700640615935843,0.03851570613883378,0.05379027793381513,False,False
2025-03-12,Long-only Tangency Portfolio,0.03048720022407706,0.03851570613883378,0.05379027793381513,False,False
2025-03-13,Long-only Tangency Portfolio,-0.01426188180079571,0.03851570613883378,0.05379027793381513,False,False
2025-03-14,Long-only Tangency Portfolio,0.038317290876921026,0.03851570613883378,0.05379027793381513,False,False
2025-03-17,Long-only Tangency Portfolio,-0.009179656678139553,0.03851570613883378,0.05379027793381513,False,False
2025-03-18,Long-only Tangency Portfolio,-0.022602903423432665,0.03851570613883378,0.05379027793381513,False,False
2025-03-19,Long-only Tangency Portfolio,0.015478874374744262,0.03851570613883378,0.05379027793381513,False,False
2025-03-20,Long-only Tangency Portfolio,0.002798471821768569,0.03851570613883378,0.05379027793381513,False,False
2025-03-21,Long-only Tangency Portfolio,0.003941708018916686,0.03851570613883378,0.05379027793381513,False,False
2025-03-24,Long-only Tangency Portfolio,0.022671117465465764,0.03851570613883378,0.05379027793381513,False,False
2025-03-25,Long-only Tangency Portfolio,0.0020843560892606335,0.03851570613883378,0.05379027793381513,False,False
2025-03-26,Long-only Tangency Portfolio,-0.03736643499828283,0.03851570613883378,0.05379027793381513,False,False
2025-03-27,Long-only Tangency Portfolio,-0.0076690885345953586,0.03851570613883378,0.05379027793381513,False,False
2025-03-28,Long-only Tangency Portfolio,-0.020510269715167884,0.03851570613883378,0.05379027793381513,False,False
2025-03-31,Long-only Tangency Portfolio,0.0004108759450999559,0.03851570613883378,0.05379027793381513,False,False
2025-04-01,Long-only Tangency Portfolio,0.011923160087662534,0.03851570613883378,0.05379027793381513,False,False
2025-04-02,Long-only Tangency Portfolio,0.0026194116780265254,0.03851570613883378,0.05379027793381513,False,False
2025-04-03,Long-only Tangency Portfolio,-0.08159136343006121,0.03851570613883378,0.05379027793381513,True,True
2025-04-04,Long-only Tangency Portfolio,-0.07188088306795659,0.040218253062797055,0.05700025462267815,True,True
2025-04-07,Long-only Tangency Portfolio,0.005883329006418545,0.04123461091102917,0.059402316311386955,False,False
2025-04-08,Long-only Tangency Portfolio,-0.027528876707551785,0.04123461091102917,0.059402316311386955,False,False
2025-04-09,Long-only Tangency Portfolio,0.17086022092179895,0.04123461091102917,0.059402316311386955,False,False
2025-04-10,Long-only Tangency Portfolio,-0.05130641666204541,0.04123461091102917,0.059402316311386955,True,False
2025-04-11,Long-only Tangency Portfolio,0.0343847862059558,0.04331480707300258,0.06012249087548942,False,False
2025-04-14,Long-only Tangency Portfolio,0.007335538539663231,0.04331480707300258,0.06012249087548942,False,False
2025-04-15,Long-only Tangency Portfolio,0.006814227055541126,0.04331480707300258,0.06012249087548942,False,False
2025-04-16,Long-only Tangency Portfolio,-0.05597912558603586,0.04331480707300258,0.06012249087548942,True,False
2025-04-17,Long-only Tangency Portfolio,-0.011502999217314314,0.046524643145314966,0.06096780377660154,False,False
2025-04-21,Long-only Tangency Portfolio,-0.034353087545654526,0.046524643145314966,0.06096780377660154,False,False
2025-04-22,Long-only Tangency Portfolio,0.025747558555386293,0.046524643145314966,0.06096780377660154,False,False
2025-04-23,Long-only Tangency Portfolio,0.032417458774605376,0.046524643145314966,0.06096780377660154,False,False
2025-04-24,Long-only Tangency Portfolio,0.02926471068598976,0.04331480707300258,0.059600905486425465,False,False
2025-04-25,Long-only Tangency Portfolio,0.026887786072967528,0.04331480707300258,0.059600905486425465,False,False
2025-04-28,Long-only Tangency Portfolio,-0.010290426593306869,0.04331480707300258,0.059600905486425465,False,False
2025-04-29,Long-only Tangency Portfolio,0.00378236066798901,0.04331480707300258,0.059600905486425465,False,False
2025-04-30,Long-only Tangency Portfolio,0.0019532128732409415,0.04331480707300258,0.059600905486425465,False,False
2025-05-01,Long-only Tangency Portfolio,0.018566803489478333,0.04331480707300258,0.059600905486425465,False,False
2025-05-02,Long-only Tangency Portfolio,0.0013036844334883945,0.04331480707300258,0.059600905486425465,False,False
2025-05-05,Long-only Tangency Portfolio,-0.015518954384192728,0.04331480707300258,0.059600905486425465,False,False
2025-05-06,Long-only Tangency Portfolio,-0.00240125985650056,0.04331480707300258,0.059600905486425465,False,False
2025-05-07,Long-only Tangency Portfolio,0.01343027169222908,0.04331480707300258,0.059600905486425465,False,False
2025-05-08,Long-only Tangency Portfolio,0.004387654055187501,0.04331480707300258,0.059600905486425465,False,False
2025-05-09,Long-only Tangency Portfolio,-0.0014421482455389365,0.04331480707300258,0.059600905486425465,False,False
2025-05-12,Long-only Tangency Portfolio,0.05666475700230638,0.04331480707300258,0.059600905486425465,False,False
2025-05-13,Long-only Tangency Portfolio,0.036331647055219796,0.04331480707300258,0.059600905486425465,False,False
2025-05-14,Long-only Tangency Portfolio,0.02317976297150695,0.04331480707300258,0.059600905486425465,False,False
2025-05-15,Long-only Tangency Portfolio,-0.0036874659156695593,0.04331480707300258,0.059600905486425465,False,False
2025-05-16,Long-only Tangency Portfolio,0.0021785577618092396,0.04331480707300258,0.059600905486425465,False,False
2025-05-19,Long-only Tangency Portfolio,-0.003442089348579127,0.04331480707300258,0.059600905486425465,False,False
2025-05-20,Long-only Tangency Portfolio,-0.008667233255857226,0.04331480707300258,0.059600905486425465,False,False
2025-05-21,Long-only Tangency Portfolio,-0.020431470300149426,0.04331480707300258,0.059600905486425465,False,False
2025-05-22,Long-only Tangency Portfolio,0.0032872476429497872,0.04331480707300258,0.059600905486425465,False,False
2025-05-23,Long-only Tangency Portfolio,-0.01876545642033768,0.04331480707300258,0.059600905486425465,False,False
2025-05-27,Long-only Tangency Portfolio,0.029118352524241033,0.04331480707300258,0.059600905486425465,False,False
2025-05-28,Long-only Tangency Portfolio,-0.002794829258932422,0.04331480707300258,0.059600905486425465,False,False
2025-05-29,Long-only Tangency Portfolio,0.0178909610272891,0.04331480707300258,0.059600905486425465,False,False
2025-05-30,Long-only Tangency Portfolio,-0.014899427156283302,0.04331480707300258,0.059600905486425465,False,False
2025-06-02,Long-only Tangency Portfolio,0.011348392732604528,0.04331480707300258,0.059600905486425465,False,False
2025-06-03,Long-only Tangency Portfolio,0.019174426975328847,0.04331480707300258,0.059600905486425465,False,False
2025-06-04,Long-only Tangency Portfolio,0.0020675212795840062,0.04331480707300258,0.059600905486425465,False,False
2025-06-05,Long-only Tangency Portfolio,-0.01169494850031526,0.04331480707300258,0.059600905486425465,False,False
2025-06-06,Long-only Tangency Portfolio,0.013674737541616168,0.04331480707300258,0.059600905486425465,False,False
2025-06-09,Long-only Tangency Portfolio,-0.0008062443412274884,0.04331480707300258,0.059600905486425465,False,False
2025-06-10,Long-only Tangency Portfolio,0.0075634480157537815,0.04331480707300258,0.059600905486425465,False,False
2025-06-11,Long-only Tangency Portfolio,-0.011771218000033978,0.04331480707300258,0.059600905486425465,False,False
2025-06-12,Long-only Tangency Portfolio,0.010054877113864663,0.04331480707300258,0.059600905486425465,False,False
2025-06-13,Long-only Tangency Portfolio,-0.01767269615853255,0.04331480707300258,0.059600905486425465,False,False
2025-06-16,Long-only Tangency Portfolio,0.015234601633631549,0.04331480707300258,0.059600905486425465,False,False
2025-06-17,Long-only Tangency Portfolio,-0.007776848812917822,0.04331480707300258,0.059600905486425465,False,False
2025-06-18,Long-only Tangency Portfolio,0.007461669878182136,0.04331480707300258,0.059600905486425465,False,False
2025-06-20,Long-only Tangency Portfolio,0.0020374460446369457,0.04331480707300258,0.059600905486425465,False,False
2025-06-23,Long-only Tangency Portfolio,0.002919703001948802,0.04331480707300258,0.059600905486425465,False,False
2025-06-24,Long-only Tangency Portfolio,0.012895426138643936,0.04331480707300258,0.059600905486425465,False,False
2025-06-25,Long-only Tangency Portfolio,0.027533197328213816,0.04331480707300258,0.059600905486425465,False,False
2025-06-26,Long-only Tangency Portfolio,0.0019665975376929106,0.04331480707300258,0.059600905486425465,False,False
2025-06-27,Long-only Tangency Portfolio,0.010170871574971197,0.04331480707300258,0.059600905486425465,False,False
2025-06-30,Long-only Tangency Portfolio,0.008861401149468182,0.04331480707300258,0.059600905486425465,False,False
2025-07-01,Long-only Tangency Portfolio,-0.012481325586587533,0.04331480707300258,0.059600905486425465,False,False
2025-07-02,Long-only Tangency Portfolio,0.023355964700197608,0.04331480707300258,0.059600905486425465,False,False
2025-07-03,Long-only Tangency Portfolio,0.010261747833289448,0.04331480707300258,0.059600905486425465,False,False
2025-07-07,Long-only Tangency Portfolio,-0.010582303837867279,0.04331480707300258,0.059600905486425465,False,False
2025-07-08,Long-only Tangency Portfolio,0.006425825464775754,0.04331480707300258,0.059600905486425465,False,False
2025-07-09,Long-only Tangency Portfolio,0.012959299266347068,0.04331480707300258,0.059600905486425465,False,False
2025-07-10,Long-only Tangency Portfolio,0.006486119893721328,0.04331480707300258,0.059600905486425465,False,False
2025-07-11,Long-only Tangency Portfolio,0.000734037358413356,0.04331480707300258,0.059600905486425465,False,False
2025-07-14,Long-only Tangency Portfolio,-0.007644375183631666,0.04331480707300258,0.059600905486425465,False,False
2025-07-15,Long-only Tangency Portfolio,0.02436472715522684,0.04331480707300258,0.059600905486425465,False,False
2025-07-16,Long-only Tangency Portfolio,0.004187100824599399,0.042605270655318404,0.059600905486425465,False,False
2025-07-17,Long-only Tangency Portfolio,0.0056656657375553044,0.042605270655318404,0.059600905486425465,False,False
2025-07-18,Long-only Tangency Portfolio,5.532499624639999e-05,0.042605270655318404,0.059600905486425465,False,False
2025-07-21,Long-only Tangency Portfolio,-0.0010526550379833073,0.042605270655318404,0.059600905486425465,False,False
2025-07-22,Long-only Tangency Portfolio,-0.011456006258832033,0.040218253062797055,0.05900504654380788,False,False
2025-07-23,Long-only Tangency Portfolio,0.012508477303420218,0.040218253062797055,0.05900504654380788,False,False
2025-07-24,Long-only Tangency Portfolio,0.009637726157015837,0.040218253062797055,0.05900504654380788,False,False
2025-07-25,Long-only Tangency Portfolio,-0.00036913133585931895,0.040218253062797055,0.05900504654380788,False,False
2025-07-28,Long-only Tangency Portfolio,0.010995030969335308,0.040218253062797055,0.05900504654380788,False,False
2025-07-29,Long-only Tangency Portfolio,-0.009058939332021499,0.038489289162734426,0.05810087106389127,False,False
2025-07-30,Long-only Tangency Portfolio,0.008305000887613077,0.038489289162734426,0.05810087106389127,False,False
2025-07-31,Long-only Tangency Portfolio,-0.005750060936538461,0.038489289162734426,0.05810087106389127,False,False
2025-08-01,Long-only Tangency Portfolio,-0.023763574720904474,0.038489289162734426,0.05810087106389127,False,False
2025-08-04,Long-only Tangency Portfolio,0.023478178204302824,0.03688437153023698,0.057908930181079024,False,False
2025-08-05,Long-only Tangency Portfolio,-0.006933112985068526,0.03688437153023698,0.057908930181079024,False,False
2025-08-06,Long-only Tangency Portfolio,0.0232523231198714,0.03531467833457246,0.057255076188301626,False,False
2025-08-07,Long-only Tangency Portfolio,0.016344101205039055,0.03531467833457246,0.057255076188301626,False,False
2025-08-08,Long-only Tangency Portfolio,0.02262757103547924,0.034195038225273346,0.05555535734868366,False,False
2025-08-11,Long-only Tangency Portfolio,-0.005262528013665898,0.034195038225273346,0.05555535734868366,False,False
2025-08-12,Long-only Tangency Portfolio,0.008223103789319897,0.034195038225273346,0.05555535734868366,False,False
2025-08-13,Long-only Tangency Portfolio,0.0006580663601621648,0.034195038225273346,0.05555535734868366,False,False
2025-08-14,Long-only Tangency Portfolio,0.0005867246198687167,0.034195038225273346,0.05555535734868366,False,False
2025-08-15,Long-only Tangency Portfolio,-0.007107225339717246,0.034195038225273346,0.05555535734868366,False,False
2025-08-18,Long-only Tangency Portfolio,0.003581133971286157,0.034195038225273346,0.05555535734868366,False,False
2025-08-19,Long-only Tangency Portfolio,-0.02121913770908993,0.034195038225273346,0.05555535734868366,False,False
2025-08-20,Long-only Tangency Portfolio,-0.00872499304952952,0.034195038225273346,0.05555535734868366,False,False
2025-08-21,Long-only Tangency Portfolio,-0.0033273397613678224,0.034195038225273346,0.05555535734868366,False,False
2025-08-22,Long-only Tangency Portfolio,0.015041993253860348,0.034195038225273346,0.05555535734868366,False,False
2025-08-25,Long-only Tangency Portfolio,0.004642290102137266,0.034195038225273346,0.05555535734868366,False,False
2025-08-26,Long-only Tangency Portfolio,0.00976946411207863,0.034195038225273346,0.05555535734868366,False,False
2025-08-27,Long-only Tangency Portfolio,0.0018061516319904847,0.034195038225273346,0.05555535734868366,False,False
2025-08-28,Long-only Tangency Portfolio,-0.0008379274963300713,0.034195038225273346,0.05555535734868366,False,False
2025-08-29,Long-only Tangency Portfolio,-0.02004219916383504,0.034195038225273346,0.05555535734868366,False,False
2025-09-02,Long-only Tangency Portfolio,-0.015381628280718497,0.034195038225273346,0.05555535734868366,False,False
2025-09-03,Long-only Tangency Portfolio,0.0142249941744479,0.034195038225273346,0.05555535734868366,False,False
2025-09-04,Long-only Tangency Portfolio,0.005828039844184467,0.034195038225273346,0.05555535734868366,False,False
2025-09-05,Long-only Tangency Portfolio,-0.016654235600842532,0.034195038225273346,0.05555535734868366,False,False
2025-09-08,Long-only Tangency Portfolio,0.001762408298398505,0.03356431380989566,0.053097315420045775,False,False
2025-09-09,Long-only Tangency Portfolio,0.0026444573156527984,0.03356431380989566,0.053097315420045775,False,False
2025-09-10,Long-only Tangency Portfolio,0.009791648892532557,0.03356431380989566,0.053097315420045775,False,False
2025-09-11,Long-only Tangency Portfolio,0.005092547478994834,0.03356431380989566,0.053097315420045775,False,False
2025-09-12,Long-only Tangency Portfolio,0.009576910184055041,0.03356431380989566,0.053097315420045775,False,False
2025-09-15,Long-only Tangency Portfolio,0.004526024233723982,0.03356431380989566,0.053097315420045775,False,False
2025-09-16,Long-only Tangency Portfolio,-0.007377541436322384,0.03356431380989566,0.053097315420045775,False,False
2025-09-17,Long-only Tangency Portfolio,-0.013660812210025831,0.03356431380989566,0.053097315420045775,False,False
2025-09-18,Long-only Tangency Portfolio,0.01818615086724508,0.03356431380989566,0.053097315420045775,False,False
2025-09-19,Long-only Tangency Portfolio,0.014505916106735618,0.03356431380989566,0.053097315420045775,False,False
2025-09-22,Long-only Tangency Portfolio,0.03903007363763763,0.03356431380989566,0.053097315420045775,False,False
2025-09-23,Long-only Tangency Portfolio,-0.01910522085945254,0.03356431380989566,0.053097315420045775,False,False
2025-09-24,Long-only Tangency Portfolio,-0.007865146962572914,0.03356431380989566,0.053097315420045775,False,False
2025-09-25,Long-only Tangency Portfolio,0.00910776856502319,0.03356431380989566,0.053097315420045775,False,False
2025-09-26,Long-only Tangency Portfolio,-0.00017808549232252696,0.03356431380989566,0.053097315420045775,False,False
2025-09-29,Long-only Tangency Portfolio,0.010485586914649287,0.03356431380989566,0.053097315420045775,False,False
2025-09-30,Long-only Tangency Portfolio,0.015511789629526056,0.03356431380989566,0.053097315420045775,False,False
2025-10-01,Long-only Tangency Portfolio,0.003409415700545836,0.03356431380989566,0.053097315420045775,False,False
2025-10-02,Long-only Tangency Portfolio,0.007328466942988519,0.03356431380989566,0.053097315420045775,False,False
2025-10-03,Long-only Tangency Portfolio,-0.002410399372739225,0.03356431380989566,0.053097315420045775,False,False
2025-10-06,Long-only Tangency Portfolio,-0.007558198888827317,0.03173056380302461,0.053097315420045775,False,False
2025-10-07,Long-only Tangency Portfolio,-0.0021932925496403874,0.03173056380302461,0.053097315420045775,False,False
2025-10-08,Long-only Tangency Portfolio,0.015100440156628833,0.03173056380302461,0.053097315420045775,False,False
2025-10-09,Long-only Tangency Portfolio,0.004318715111439329,0.03173056380302461,0.053097315420045775,False,False
2025-10-10,Long-only Tangency Portfolio,-0.042298884693795384,0.03173056380302461,0.053097315420045775,True,False
2025-10-13,Long-only Tangency Portfolio,0.020206295602669913,0.034195038225273346,0.053730635385340696,False,False
2025-10-14,Long-only Tangency Portfolio,-0.02518681830996499,0.034195038225273346,0.053730635385340696,False,False
2025-10-15,Long-only Tangency Portfolio,0.0018039449759062302,0.034195038225273346,0.053730635385340696,False,False
2025-10-16,Long-only Tangency Portfolio,0.0032660150428381854,0.034195038225273346,0.053730635385340696,False,False
2025-10-17,Long-only Tangency Portfolio,0.012178693721191715,0.034195038225273346,0.053730635385340696,False,False
2025-10-20,Long-only Tangency Portfolio,0.013682806009687782,0.034195038225273346,0.053730635385340696,False,False
2025-10-21,Long-only Tangency Portfolio,-0.0038158728327940864,0.034195038225273346,0.053730635385340696,False,False
2025-10-22,Long-only Tangency Portfolio,-0.008950208621281555,0.034195038225273346,0.053730635385340696,False,False
2025-10-23,Long-only Tangency Portfolio,0.0076930991705201285,0.034195038225273346,0.053730635385340696,False,False
2025-10-24,Long-only Tangency Portfolio,0.018000383372979076,0.034195038225273346,0.053730635385340696,False,False
2025-10-27,Long-only Tangency Portfolio,0.02554439897739312,0.034195038225273346,0.053730635385340696,False,False
2025-10-28,Long-only Tangency Portfolio,0.029679100002992866,0.034195038225273346,0.053730635385340696,False,False
2025-10-29,Long-only Tangency Portfolio,0.018169594404922686,0.034195038225273346,0.053730635385340696,False,False
2025-10-30,Long-only Tangency Portfolio,-0.01018618730131598,0.034195038225273346,0.053730635385340696,False,False
2025-10-31,Long-only Tangency Portfolio,-0.0031716612554187652,0.034195038225273346,0.053730635385340696,False,False
2025-11-03,Long-only Tangency Portfolio,0.010525013487462386,0.034195038225273346,0.053730635385340696,False,False
2025-11-04,Long-only Tangency Portfolio,-0.021545310382097463,0.034195038225273346,0.053730635385340696,False,False
2025-11-05,Long-only Tangency Portfolio,-0.010456057615998451,0.03173056380302461,0.053544156091455256,False,False
2025-11-06,Long-only Tangency Portfolio,-0.02228710462811928,0.03173056380302461,0.053544156091455256,False,False
2025-11-07,Long-only Tangency Portfolio,-0.0016727342329863842,0.03173056380302461,0.053544156091455256,False,False
2025-11-10,Long-only Tangency Portfolio,0.035781882022126496,0.03173056380302461,0.053544156091455256,False,False
2025-11-11,Long-only Tangency Portfolio,-0.00846029586965205,0.03173056380302461,0.053544156091455256,False,False
2025-11-12,Long-only Tangency Portfolio,-0.0004158605144913168,0.03173056380302461,0.053544156091455256,False,False
2025-11-13,Long-only Tangency Portfolio,-0.021913685495012148,0.03173056380302461,0.053544156091455256,False,False
2025-11-14,Long-only Tangency Portfolio,0.009938639434459622,0.03173056380302461,0.053544156091455256,False,False
2025-11-17,Long-only Tangency Portfolio,-0.018032495121212196,0.03173056380302461,0.053544156091455256,False,False
2025-11-18,Long-only Tangency Portfolio,-0.01719765777122983,0.03173056380302461,0.053544156091455256,False,False
2025-11-19,Long-only Tangency Portfolio,0.017481071596897855,0.03173056380302461,0.053544156091455256,False,False
2025-11-20,Long-only Tangency Portfolio,-0.022066531336093192,0.03173056380302461,0.053544156091455256,False,False
2025-11-21,Long-only Tangency Portfolio,0.001519043004805736,0.03173056380302461,0.053544156091455256,False,False
2025-11-24,Long-only Tangency Portfolio,0.01826956557290448,0.03173056380302461,0.053544156091455256,False,False
2025-11-25,Long-only Tangency Portfolio,-0.013195267647265604,0.03173056380302461,0.053544156091455256,False,False
2025-11-26,Long-only Tangency Portfolio,0.009374828014854033,0.03173056380302461,0.053544156091455256,False,False
2025-11-28,Long-only Tangency Portfolio,-0.008086409045137397,0.03173056380302461,0.053544156091455256,False,False
2025-12-01,Long-only Tangency Portfolio,0.014988517582933803,0.03173056380302461,0.053544156091455256,False,False
2025-12-02,Long-only Tangency Portfolio,0.009401321324572333,0.03173056380302461,0.053544156091455256,False,False
2025-12-03,Long-only Tangency Portfolio,-0.009628987492583865,0.03173056380302461,0.053544156091455256,False,False
2025-12-04,Long-only Tangency Portfolio,0.0077168785487788764,0.03173056380302461,0.053544156091455256,False,False
2025-12-05,Long-only Tangency Portfolio,-0.005509788643458333,0.03173056380302461,0.053544156091455256,False,False
2025-12-08,Long-only Tangency Portfolio,0.009277934010650801,0.03173056380302461,0.053544156091455256,False,False
2025-12-09,Long-only Tangency Portfolio,-0.0027108332332601483,0.03173056380302461,0.053544156091455256,False,False
2025-12-10,Long-only Tangency Portfolio,-0.002494168682535809,0.03173056380302461,0.053544156091455256,False,False
2025-12-11,Long-only Tangency Portfolio,-0.009577036187735982,0.03173056380302461,0.053544156091455256,False,False
2025-12-12,Long-only Tangency Portfolio,-0.018826603647621273,0.03173056380302461,0.053544156091455256,False,False
2025-12-15,Long-only Tangency Portfolio,-0.0019185622400277077,0.03173056380302461,0.053544156091455256,False,False
2025-12-16,Long-only Tangency Portfolio,0.005496843367834528,0.03173056380302461,0.053544156091455256,False,False
2025-12-17,Long-only Tangency Portfolio,-0.025872848410308767,0.03173056380302461,0.053544156091455256,False,False
2025-12-18,Long-only Tangency Portfolio,0.011887772219078479,0.03173056380302461,0.053544156091455256,False,False
2025-12-19,Long-only Tangency Portfolio,0.024884500169309418,0.03173056380302461,0.053544156091455256,False,False
2025-12-22,Long-only Tangency Portfolio,0.004684730656454918,0.03173056380302461,0.053544156091455256,False,False
2025-12-23,Long-only Tangency Portfolio,0.019422670572136914,0.03173056380302461,0.053544156091455256,False,False
2025-12-24,Long-only Tangency Portfolio,0.00032721167156307587,0.03173056380302461,0.053544156091455256,False,False
2025-12-26,Long-only Tangency Portfolio,0.005252475313524427,0.03173056380302461,0.053544156091455256,False,False
2025-12-29,Long-only Tangency Portfolio,-0.006511745574404393,0.03173056380302461,0.053544156091455256,False,False
2025-12-30,Long-only Tangency Portfolio,-0.003010752548444659,0.03173056380302461,0.053544156091455256,False,False
2025-12-31,Long-only Tangency Portfolio,-0.005217251561435142,0.03173056380302461,0.053544156091455256,False,False
2026-01-02,Long-only Tangency Portfolio,0.005208334615845586,0.03173056380302461,0.053544156091455256,False,False
2026-01-05,Long-only Tangency Portfolio,-0.007587992186544608,0.03173056380302461,0.053544156091455256,False,False
2026-01-06,Long-only Tangency Portfolio,-0.009339419418291264,0.03173056380302461,0.053544156091455256,False,False
2026-01-07,Long-only Tangency Portfolio,0.0031391273244203793,0.03173056380302461,0.053544156091455256,False,False
2026-01-08,Long-only Tangency Portfolio,-0.014715820435871347,0.03173056380302461,0.053544156091455256,False,False
2026-01-09,Long-only Tangency Portfolio,2.555260165907887e-05,0.03173056380302461,0.053544156091455256,False,False
2026-01-12,Long-only Tangency Portfolio,0.0013978618528051145,0.02855987195189236,0.05271076348651593,False,False
2026-01-13,Long-only Tangency Portfolio,0.0033836199242918362,0.02855987195189236,0.05271076348651593,False,False
2026-01-14,Long-only Tangency Portfolio,-0.010784239407007946,0.02855987195189236,0.05271076348651593,False,False
2026-01-15,Long-only Tangency Portfolio,0.009453090391976143,0.02855987195189236,0.05271076348651593,False,False
2026-01-16,Long-only Tangency Portfolio,-0.006277009324423381,0.02855987195189236,0.05271076348651593,False,False
2026-01-20,Long-only Tangency Portfolio,-0.03902102106717817,0.02855987195189236,0.05271076348651593,True,False
2026-01-21,Long-only Tangency Portfolio,0.017590653599820302,0.03173056380302461,0.05341853608779649,False,False
2026-01-22,Long-only Tangency Portfolio,0.0064589145483653345,0.03173056380302461,0.05341853608779649,False,False
2026-01-23,Long-only Tangency Portfolio,0.009557954867724719,0.03173056380302461,0.05341853608779649,False,False
2026-01-26,Long-only Tangency Portfolio,0.008174511630233272,0.03173056380302461,0.05341853608779649,False,False
2026-01-27,Long-only Tangency Portfolio,0.011482539023965867,0.03173056380302461,0.05341853608779649,False,False
2026-01-28,Long-only Tangency Portfolio,0.006493331228917721,0.03173056380302461,0.05341853608779649,False,False
2026-01-29,Long-only Tangency Portfolio,0.0019962548886482503,0.02855987195189236,0.04908839405450246,False,False
2026-01-30,Long-only Tangency Portfolio,-0.0026031455231278564,0.02855987195189236,0.04908839405450246,False,False
2026-02-02,Long-only Tangency Portfolio,-0.001507231420882994,0.02855987195189236,0.04908839405450246,False,False
2026-02-03,Long-only Tangency Portfolio,-0.01817268384343794,0.02855987195189236,0.04908839405450246,False,False
2026-02-04,Long-only Tangency Portfolio,-0.009274389853223137,0.02855987195189236,0.04908839405450246,False,False
2026-02-05,Long-only Tangency Portfolio,-0.010302616930349099,0.026618061144068107,0.04891215555119637,False,False
2026-02-06,Long-only Tangency Portfolio,0.04909759036438658,0.026618061144068107,0.04891215555119637,False,False
2026-02-09,Long-only Tangency Portfolio,0.011018105217628634,0.026618061144068107,0.04891215555119637,False,False
2026-02-10,Long-only Tangency Portfolio,-0.005895830955244959,0.026618061144068107,0.04891215555119637,False,False
2026-02-11,Long-only Tangency Portfolio,0.00637266433341145,0.026618061144068107,0.04891215555119637,False,False
2026-02-12,Long-only Tangency Portfolio,-0.028999605999418396,0.026618061144068107,0.04891215555119637,True,False
2026-02-13,Long-only Tangency Portfolio,-0.021559164233216573,0.028190704888891742,0.049025288573647643,False,False
2026-02-17,Long-only Tangency Portfolio,0.018639899606959054,0.028190704888891742,0.049025288573647643,False,False
2026-02-18,Long-only Tangency Portfolio,0.0103102229111952,0.028190704888891742,0.049025288573647643,False,False
2026-02-19,Long-only Tangency Portfolio,-0.005787934803206203,0.028190704888891742,0.049025288573647643,False,False
2026-02-20,Long-only Tangency Portfolio,0.011705242230562053,0.028190704888891742,0.049025288573647643,False,False
2026-02-23,Long-only Tangency Portfolio,0.0063770321130173155,0.028190704888891742,0.049025288573647643,False,False
2026-02-24,Long-only Tangency Portfolio,0.013015777629701122,0.028190704888891742,0.049025288573647643,False,False
2026-02-25,Long-only Tangency Portfolio,0.012177685319597745,0.028190704888891742,0.049025288573647643,False,False
2026-02-26,Long-only Tangency Portfolio,-0.03308921205174124,0.028190704888891742,0.049025288573647643,True,False
2026-02-27,Long-only Tangency Portfolio,-0.03723720130766194,0.03083992872296363,0.04933987365459555,True,False
2026-03-02,Long-only Tangency Portfolio,0.018521730265672474,0.03352864294369033,0.04965894975120484,False,False
2026-03-03,Long-only Tangency Portfolio,-0.008571877066035422,0.03083992872296363,0.048021429990720406,False,False
2026-03-04,Long-only Tangency Portfolio,0.007865748297645544,0.03083992872296363,0.048021429990720406,False,False
2026-03-05,Long-only Tangency Portfolio,-0.0018376506857311968,0.028190704888891742,0.04587409512757158,False,False
2026-03-06,Long-only Tangency Portfolio,-0.021686844791860865,0.028190704888891742,0.04587409512757158,False,False
2026-03-09,Long-only Tangency Portfolio,0.019305933036645066,0.028190704888891742,0.04587409512757158,False,False
2026-03-10,Long-only Tangency Portfolio,0.007757345319975309,0.026618061144068107,0.04537126063238623,False,False
2026-03-11,Long-only Tangency Portfolio,0.003843012377018165,0.026618061144068107,0.04537126063238623,False,False
2026-03-12,Long-only Tangency Portfolio,-0.016713532782760165,0.025495531855119682,0.04357884319443786,False,False
2026-03-13,Long-only Tangency Portfolio,-0.0182054285876905,0.025495531855119682,0.04357884319443786,False,False
2026-03-16,Long-only Tangency Portfolio,0.014076025173983668,0.025495531855119682,0.04357884319443786,False,False
2026-03-17,Long-only Tangency Portfolio,-0.0019418439950470423,0.025495531855119682,0.04357884319443786,False,False
2026-03-18,Long-only Tangency Portfolio,-0.012087857512099133,0.025495531855119682,0.04357884319443786,False,False
2026-03-19,Long-only Tangency Portfolio,-0.007651132510213843,0.025495531855119682,0.04357884319443786,False,False
2026-03-20,Long-only Tangency Portfolio,-0.021078219002426415,0.025495531855119682,0.04357884319443786,False,False
2026-03-23,Long-only Tangency Portfolio,0.015368498579129171,0.025495531855119682,0.04357884319443786,False,False
2026-03-24,Long-only Tangency Portfolio,-0.002216870898018026,0.025495531855119682,0.04357884319443786,False,False
2026-03-25,Long-only Tangency Portfolio,0.01276285025515849,0.025495531855119682,0.04357884319443786,False,False
2026-03-26,Long-only Tangency Portfolio,-0.024052891135874988,0.025495531855119682,0.04357884319443786,False,False
2026-03-27,Long-only Tangency Portfolio,-0.019703178744774046,0.025495531855119682,0.04357884319443786,False,False
2026-03-30,Long-only Tangency Portfolio,-0.011215991205068873,0.024563158364215475,0.04264194960302879,False,False
2026-03-31,Long-only Tangency Portfolio,0.044560025013939304,0.024563158364215475,0.04264194960302879,False,False
2026-04-01,Long-only Tangency Portfolio,0.00717877080368122,0.024563158364215475,0.04264194960302879,False,False
2026-04-02,Long-only Tangency Portfolio,0.006223354389926761,0.024563158364215475,0.04264194960302879,False,False
2026-04-06,Long-only Tangency Portfolio,0.005199990204108444,0.024563158364215475,0.04264194960302879,False,False
2026-04-07,Long-only Tangency Portfolio,-0.006586295357774725,0.024563158364215475,0.04264194960302879,False,False
2026-04-08,Long-only Tangency Portfolio,0.021308453891978076,0.0238937671076412,0.038215913272706785,False,False
2026-04-09,Long-only Tangency Portfolio,0.00803289908610856,0.0229515161698726,0.034514581861395076,False,False
2026-04-10,Long-only Tangency Portfolio,0.014527565512148568,0.0229515161698726,0.034514581861395076,False,False
2026-04-13,Long-only Tangency Portfolio,0.0015391773177058996,0.02216578931750493,0.03411136862451565,False,False
2026-04-14,Long-only Tangency Portfolio,0.022180714057787328,0.02216578931750493,0.03411136862451565,False,False
2026-04-15,Long-only Tangency Portfolio,0.020007934411903308,0.021982466123498617,0.031862146676365485,False,False
2026-04-16,Long-only Tangency Portfolio,-0.005081057911862089,0.021982466123498617,0.031862146676365485,False,False
2026-04-17,Long-only Tangency Portfolio,0.019923086841767274,0.021982466123498617,0.031862146676365485,False,False
2026-04-20,Long-only Tangency Portfolio,0.004704562279129815,0.021982466123498617,0.031862146676365485,False,False
2026-04-21,Long-only Tangency Portfolio,-0.01541412603330359,0.02178892310827894,0.0292417282078252,False,False
2026-04-22,Long-only Tangency Portfolio,0.01849841048375772,0.02178892310827894,0.0292417282078252,False,False
2026-04-23,Long-only Tangency Portfolio,-0.009246654821526474,0.021616620484606504,0.028267401842148758,False,False
2026-04-24,Long-only Tangency Portfolio,0.02231340324410792,0.021616620484606504,0.028267401842148758,False,False
2026-04-27,Long-only Tangency Portfolio,0.01812599873446082,0.021616620484606504,0.028267401842148758,False,False
2026-04-28,Long-only Tangency Portfolio,-0.004259094467865678,0.021616620484606504,0.028267401842148758,False,False
2026-04-29,Long-only Tangency Portfolio,-0.011770180543351744,0.021616620484606504,0.028267401842148758,False,False
2026-04-30,Long-only Tangency Portfolio,-0.026397714919561173,0.021616620484606504,0.028267401842148758,True,False
2026-05-01,Long-only Tangency Portfolio,0.00992667416851543,0.02178892310827894,0.028629776467356476,False,False
2026-05-06,Long-only Tangency Portfolio,0.037698656477803585,0.02178892310827894,0.028629776467356476,False,False
2026-05-07,Long-only Tangency Portfolio,0.010682319638821212,0.02178892310827894,0.028629776467356476,False,False
2026-05-08,Long-only Tangency Portfolio,0.017478999254206436,0.02178892310827894,0.028629776467356476,False,False
2026-05-11,Long-only Tangency Portfolio,0.010266771537755466,0.02178892310827894,0.028629776467356476,False,False
2026-05-12,Long-only Tangency Portfolio,0.005871846727069159,0.02178892310827894,0.028629776467356476,False,False
2026-05-13,Long-only Tangency Portfolio,0.01826746686795871,0.02178892310827894,0.028629776467356476,False,False
2026-05-14,Long-only Tangency Portfolio,0.024780474800165302,0.02178892310827894,0.028629776467356476,False,False
2026-05-15,Long-only Tangency Portfolio,-0.021658513718855018,0.02178892310827894,0.028629776467356476,False,False
2026-05-18,Long-only Tangency Portfolio,-0.014232032713699693,0.02178892310827894,0.028629776467356476,False,False
2026-05-19,Long-only Tangency Portfolio,-0.004469860328344932,0.02178892310827894,0.028629776467356476,False,False
