Date,Asset,Return,"Rolling VaR (95%, 252D)","Rolling ES (95%, 252D)",VaR Breach,Loss Exceeds ES
2025-01-02,AAPL,-0.02623596162468156,0.02173122605091204,0.029570831455810735,True,False
2025-01-03,AAPL,-0.0020094145809717023,0.02173122605091204,0.028836160461520908,False,False
2025-01-06,AAPL,0.006738944345732412,0.02173122605091204,0.028836160461520908,False,False
2025-01-07,AAPL,-0.011387687243132882,0.02173122605091204,0.028836160461520908,False,False
2025-01-08,AAPL,0.002023020207167825,0.02173122605091204,0.028836160461520908,False,False
2025-01-10,AAPL,-0.02410380551139535,0.02173122605091204,0.028836160461520908,True,False
2025-01-13,AAPL,-0.010344139066364999,0.022163742938271377,0.02900849827409179,False,False
2025-01-14,AAPL,-0.004778124815995266,0.022163742938271377,0.02900849827409179,False,False
2025-01-15,AAPL,0.01967592630720172,0.022163742938271377,0.02900849827409179,False,False
2025-01-16,AAPL,-0.04040031960231405,0.022163742938271377,0.02900849827409179,True,True
2025-01-17,AAPL,0.007535281526696025,0.022841312184296813,0.03038307580471667,False,False
2025-01-21,AAPL,-0.03191578586628063,0.022841312184296813,0.03038307580471667,True,True
2025-01-22,AAPL,0.005345023485395561,0.02361815950422923,0.03105191988896185,False,False
2025-01-23,AAPL,-0.0007595838233228625,0.02361815950422923,0.03105191988896185,False,False
2025-01-24,AAPL,-0.003934531852830769,0.02361815950422923,0.03105191988896185,False,False
2025-01-27,AAPL,0.03178023749009995,0.02361815950422923,0.03105191988896185,False,False
2025-01-28,AAPL,0.036544038569704895,0.02361815950422923,0.03105191988896185,False,False
2025-01-29,AAPL,0.004616791173381651,0.02361815950422923,0.03105191988896185,False,False
2025-01-30,AAPL,-0.007394784495044493,0.02361815950422923,0.03105191988896185,False,False
2025-01-31,AAPL,-0.006692104642651686,0.02361815950422923,0.03105191988896185,False,False
2025-02-03,AAPL,-0.033856059873403344,0.02361815950422923,0.03105191988896185,True,True
2025-02-04,AAPL,0.021007868918275108,0.02464027736247396,0.031802093301424,False,False
2025-02-05,AAPL,-0.0014173895723199603,0.02464027736247396,0.031802093301424,False,False
2025-02-06,AAPL,0.0032262308608241863,0.02464027736247396,0.031802093301424,False,False
2025-02-07,AAPL,-0.023968794903555968,0.02464027736247396,0.031802093301424,False,False
2025-02-10,AAPL,0.001187267314275653,0.02464027736247396,0.031802093301424,False,False
2025-02-11,AAPL,0.021831843871739087,0.02464027736247396,0.031802093301424,False,False
2025-02-12,AAPL,0.01827011978585502,0.02464027736247396,0.031802093301424,False,False
2025-02-13,AAPL,0.01967331608659073,0.02464027736247396,0.031802093301424,False,False
2025-02-14,AAPL,0.012710599049869042,0.02464027736247396,0.031802093301424,False,False
2025-02-18,AAPL,-0.0005315052098243678,0.02464027736247396,0.031802093301424,False,False
2025-02-19,AAPL,0.001636183378388889,0.02464027736247396,0.031802093301424,False,False
2025-02-20,AAPL,0.003920450651821117,0.02464027736247396,0.031802093301424,False,False
2025-02-21,AAPL,-0.0011390045869321686,0.02464027736247396,0.031802093301424,False,False
2025-02-24,AAPL,0.0063124340025493275,0.02464027736247396,0.031802093301424,False,False
2025-02-25,AAPL,-0.0002428712111562925,0.02464027736247396,0.031802093301424,False,False
2025-02-26,AAPL,-0.027040202060264473,0.02464027736247396,0.031802093301424,True,False
2025-02-27,AAPL,-0.012730826186310384,0.025334301670138226,0.03193626536910135,False,False
2025-02-28,AAPL,0.01913186340897366,0.025334301670138226,0.03193626536910135,False,False
2025-03-03,AAPL,-0.01575423380035612,0.025334301670138226,0.03193626536910135,False,False
2025-03-04,AAPL,-0.008822400114137041,0.025334301670138226,0.03193626536910135,False,False
2025-03-05,AAPL,-0.0008052767851814968,0.025334301670138226,0.03193626536910135,False,False
2025-03-06,AAPL,-0.0017391715486774206,0.025334301670138226,0.03193626536910135,False,False
2025-03-07,AAPL,0.015892557475525537,0.02464027736247396,0.03192971212300233,False,False
2025-03-10,AAPL,-0.04847952849466852,0.02402954967708369,0.031596074600988726,True,True
2025-03-11,AAPL,-0.02918938888684164,0.02464027736247396,0.033471130215086665,True,False
2025-03-12,AAPL,-0.017478820076756274,0.025718963580359116,0.033770624346346874,False,False
2025-03-13,AAPL,-0.033643501826319255,0.025718963580359116,0.033770624346346874,True,False
2025-03-14,AAPL,0.018170489145775015,0.02659786982069386,0.03434043513108823,False,False
2025-03-17,AAPL,0.0023888679143519997,0.02659786982069386,0.03434043513108823,False,False
2025-03-18,AAPL,-0.006121614876968273,0.02659786982069386,0.03434043513108823,False,False
2025-03-19,AAPL,0.011989339985736702,0.02659786982069386,0.03434043513108823,False,False
2025-03-20,AAPL,-0.005296319417141704,0.02659786982069386,0.03434043513108823,False,False
2025-03-21,AAPL,0.01947677251479929,0.02659786982069386,0.03434043513108823,False,False
2025-03-24,AAPL,0.011270515441409446,0.02659786982069386,0.03434043513108823,False,False
2025-03-25,AAPL,0.013681886692452627,0.02659786982069386,0.03434043513108823,False,False
2025-03-26,AAPL,-0.009921889189400401,0.025718963580359116,0.033215702601124025,False,False
2025-03-27,AAPL,0.0104726192712854,0.025718963580359116,0.033215702601124025,False,False
2025-03-28,AAPL,-0.02658020262745897,0.025718963580359116,0.033215702601124025,True,False
2025-03-31,AAPL,0.01941253140545296,0.02639087007593139,0.03324218267826075,False,False
2025-04-01,AAPL,0.0047719465966074015,0.02639087007593139,0.03324218267826075,False,False
2025-04-02,AAPL,0.0031363580770971122,0.02639087007593139,0.03324218267826075,False,False
2025-04-03,AAPL,-0.09245611221219108,0.02639087007593139,0.03324218267826075,True,True
2025-04-04,AAPL,-0.07288738713042187,0.02678720237222144,0.03830956033862476,True,True
2025-04-07,AAPL,-0.03673436156424825,0.027114492565580458,0.04183626688248302,True,False
2025-04-08,AAPL,-0.04981799934565556,0.027461738504672595,0.042569272228034596,True,True
2025-04-09,AAPL,0.1532884009024953,0.028215794064746075,0.04426487425205428,False,False
2025-04-10,AAPL,-0.04239367494306745,0.028215794064746075,0.04426487425205428,True,False
2025-04-11,AAPL,0.0405942782912434,0.02892855958469427,0.04531405456453361,False,False
2025-04-14,AAPL,0.022054113206822157,0.02892855958469427,0.04531405456453361,False,False
2025-04-15,AAPL,-0.0018764003164226661,0.02892855958469427,0.04531405456453361,False,False
2025-04-16,AAPL,-0.03893331109501463,0.02892855958469427,0.04531405456453361,True,False
2025-04-17,AAPL,0.013949510540231636,0.029163053177142937,0.04606727035812715,False,False
2025-04-21,AAPL,-0.019392902648747934,0.029163053177142937,0.04606727035812715,False,False
2025-04-22,AAPL,0.03406520947425706,0.029163053177142937,0.04606727035812715,False,False
2025-04-23,AAPL,0.024331715441318513,0.029163053177142937,0.04606727035812715,False,False
2025-04-24,AAPL,0.018426169783392732,0.029163053177142937,0.04606727035812715,False,False
2025-04-25,AAPL,0.004367069945177882,0.029163053177142937,0.04606727035812715,False,False
2025-04-28,AAPL,0.004109443628810716,0.029163053177142937,0.04606727035812715,False,False
2025-04-29,AAPL,0.005091781602649448,0.029163053177142937,0.04606727035812715,False,False
2025-04-30,AAPL,0.006107692668900766,0.029163053177142937,0.04606727035812715,False,False
2025-05-01,AAPL,0.003858967814071246,0.029163053177142937,0.04606727035812715,False,False
2025-05-02,AAPL,-0.037361784320458225,0.029163053177142937,0.04606727035812715,True,False
2025-05-05,AAPL,-0.03145859657797967,0.030416267527589153,0.046695916160713044,True,False
2025-05-06,AAPL,-0.0019107243330315216,0.031664331757715096,0.046695916160713044,False,False
2025-05-07,AAPL,-0.011384746504645826,0.031664331757715096,0.046695916160713044,False,False
2025-05-08,AAPL,0.006318483057135671,0.031664331757715096,0.046695916160713044,False,False
2025-05-09,AAPL,0.005266184390461115,0.031664331757715096,0.046695916160713044,False,False
2025-05-12,AAPL,0.0631461973154337,0.031664331757715096,0.046695916160713044,False,False
2025-05-13,AAPL,0.01015224955627736,0.031664331757715096,0.046695916160713044,False,False
2025-05-14,AAPL,-0.0028177936917338497,0.031664331757715096,0.046695916160713044,False,False
2025-05-15,AAPL,-0.004144543359707931,0.031664331757715096,0.046695916160713044,False,False
2025-05-16,AAPL,-0.0008985613302188167,0.031664331757715096,0.046695916160713044,False,False
2025-05-19,AAPL,-0.011739050474280921,0.031664331757715096,0.046695916160713044,False,False
2025-05-20,AAPL,-0.009196290316480504,0.031664331757715096,0.046695916160713044,False,False
2025-05-21,AAPL,-0.023059138183388672,0.031664331757715096,0.046695916160713044,False,False
2025-05-22,AAPL,-0.0036122392324945407,0.031664331757715096,0.046695916160713044,False,False
2025-05-23,AAPL,-0.03024429720389843,0.031664331757715096,0.046695916160713044,False,False
2025-05-27,AAPL,0.02529833156690242,0.031664331757715096,0.046695916160713044,False,False
2025-05-28,AAPL,0.0010488707446776324,0.031664331757715096,0.046695916160713044,False,False
2025-05-29,AAPL,-0.002345093148486077,0.031664331757715096,0.046695916160713044,False,False
2025-05-30,AAPL,0.004501148119051557,0.031664331757715096,0.046695916160713044,False,False
2025-06-02,AAPL,0.004231963219623491,0.031664331757715096,0.046695916160713044,False,False
2025-06-03,AAPL,0.007783866111755966,0.031664331757715096,0.046695916160713044,False,False
2025-06-04,AAPL,-0.0022137023863150196,0.031664331757715096,0.046695916160713044,False,False
2025-06-05,AAPL,-0.010797712139630211,0.031664331757715096,0.046695916160713044,False,False
2025-06-06,AAPL,0.01639823841307697,0.031664331757715096,0.046695916160713044,False,False
2025-06-09,AAPL,-0.012112568123092138,0.031664331757715096,0.046695916160713044,False,False
2025-06-10,AAPL,0.006056066162269724,0.031664331757715096,0.046695916160713044,False,False
2025-06-11,AAPL,-0.019193775052397055,0.031664331757715096,0.046695916160713044,False,False
2025-06-12,AAPL,0.00211283244117233,0.031664331757715096,0.046695916160713044,False,False
2025-06-13,AAPL,-0.013805210122337819,0.031664331757715096,0.046695916160713044,False,False
2025-06-16,AAPL,0.010028080122866267,0.031664331757715096,0.046695916160713044,False,False
2025-06-17,AAPL,-0.014010778675210833,0.031664331757715096,0.046695916160713044,False,False
2025-06-18,AAPL,0.004804780140241993,0.031664331757715096,0.046695916160713044,False,False
2025-06-20,AAPL,0.022484496456271597,0.031664331757715096,0.046695916160713044,False,False
2025-06-23,AAPL,0.002487684960162495,0.031664331757715096,0.046695916160713044,False,False
2025-06-24,AAPL,-0.0059554151201922645,0.031664331757715096,0.046695916160713044,False,False
2025-06-25,AAPL,0.006290549791969635,0.031664331757715096,0.046695916160713044,False,False
2025-06-26,AAPL,-0.0027783565386655384,0.031664331757715096,0.046695916160713044,False,False
2025-06-27,AAPL,0.00039795941485243347,0.031664331757715096,0.046695916160713044,False,False
2025-06-30,AAPL,0.020340164552558715,0.031664331757715096,0.046695916160713044,False,False
2025-07-01,AAPL,0.012916113751478164,0.031664331757715096,0.046695916160713044,False,False
2025-07-02,AAPL,0.022230924743374514,0.031664331757715096,0.046695916160713044,False,False
2025-07-03,AAPL,0.0052249272202584685,0.031664331757715096,0.046695916160713044,False,False
2025-07-07,AAPL,-0.0168579637788846,0.031664331757715096,0.046695916160713044,False,False
2025-07-08,AAPL,0.0002859834097488356,0.031664331757715096,0.046695916160713044,False,False
2025-07-09,AAPL,0.005380660228379686,0.031664331757715096,0.046695916160713044,False,False
2025-07-10,AAPL,0.006014792112857936,0.031664331757715096,0.046695916160713044,False,False
2025-07-11,AAPL,-0.00588470315720635,0.031664331757715096,0.046695916160713044,False,False
2025-07-14,AAPL,-0.01202880826278152,0.031664331757715096,0.046695916160713044,False,False
2025-07-15,AAPL,0.0023488280480599144,0.031664331757715096,0.046695916160713044,False,False
2025-07-16,AAPL,0.005021293313347552,0.031664331757715096,0.046695916160713044,False,False
2025-07-17,AAPL,-0.0006662386066595971,0.031664331757715096,0.046695916160713044,False,False
2025-07-18,AAPL,0.0055232025244587035,0.031664331757715096,0.046695916160713044,False,False
2025-07-21,AAPL,0.006155885100793457,0.031664331757715096,0.046695916160713044,False,False
2025-07-22,AAPL,0.009036224345439381,0.031664331757715096,0.046695916160713044,False,False
2025-07-23,AAPL,-0.001166102280600323,0.031664331757715096,0.046695916160713044,False,False
2025-07-24,AAPL,-0.0018211459415494735,0.031664331757715096,0.046695916160713044,False,False
2025-07-25,AAPL,0.0005613418379561974,0.031664331757715096,0.046695916160713044,False,False
2025-07-28,AAPL,0.0007950151332456468,0.031664331757715096,0.046695916160713044,False,False
2025-07-29,AAPL,-0.012987634405906334,0.031664331757715096,0.046695916160713044,False,False
2025-07-30,AAPL,-0.010508015126571957,0.031664331757715096,0.046695916160713044,False,False
2025-07-31,AAPL,-0.007079590717716688,0.031664331757715096,0.046695916160713044,False,False
2025-08-01,AAPL,-0.02500354930071025,0.031664331757715096,0.046695916160713044,False,False
2025-08-04,AAPL,0.004792951306890725,0.031664331757715096,0.046695916160713044,False,False
2025-08-05,AAPL,-0.0021145854217488047,0.031664331757715096,0.046695916160713044,False,False
2025-08-06,AAPL,0.050906706525817746,0.031664331757715096,0.046695916160713044,False,False
2025-08-07,AAPL,0.03179367590592452,0.031664331757715096,0.046695916160713044,False,False
2025-08-08,AAPL,0.04235788102306204,0.030790731922234974,0.04541064791169404,False,False
2025-08-11,AAPL,-0.008337396271402842,0.030790731922234974,0.04541064791169404,False,False
2025-08-12,AAPL,0.010872425190982637,0.030790731922234974,0.04541064791169404,False,False
2025-08-13,AAPL,0.016024393810956772,0.030790731922234974,0.04541064791169404,False,False
2025-08-14,AAPL,-0.0023571672929779686,0.030790731922234974,0.04541064791169404,False,False
2025-08-15,AAPL,-0.005112201042625331,0.030790731922234974,0.04541064791169404,False,False
2025-08-18,AAPL,-0.0030225593524292327,0.030790731922234974,0.04541064791169404,False,False
2025-08-19,AAPL,-0.0014292332220476878,0.030790731922234974,0.04541064791169404,False,False
2025-08-20,AAPL,-0.01973447043844878,0.030790731922234974,0.04541064791169404,False,False
2025-08-21,AAPL,-0.004911339007685589,0.030790731922234974,0.04541064791169404,False,False
2025-08-22,AAPL,0.012716821971234138,0.030790731922234974,0.04541064791169404,False,False
2025-08-25,AAPL,-0.0026343597790277062,0.030790731922234974,0.04541064791169404,False,False
2025-08-26,AAPL,0.009464638417816973,0.030790731922234974,0.04541064791169404,False,False
2025-08-27,AAPL,0.005145948129371858,0.030790731922234974,0.04541064791169404,False,False
2025-08-28,AAPL,0.008980783797791325,0.030790731922234974,0.04541064791169404,False,False
2025-08-29,AAPL,-0.0018059976322623017,0.030790731922234974,0.04541064791169404,False,False
2025-09-02,AAPL,-0.01042465018223615,0.030790731922234974,0.04541064791169404,False,False
2025-09-03,AAPL,0.038089811255997974,0.030790731922234974,0.04541064791169404,False,False
2025-09-04,AAPL,0.005493341019489506,0.030790731922234974,0.04541064791169404,False,False
2025-09-05,AAPL,-0.00037537393682374187,0.030790731922234974,0.04541064791169404,False,False
2025-09-08,AAPL,-0.0075513828270526995,0.030790731922234974,0.04541064791169404,False,False
2025-09-09,AAPL,-0.014839372436636689,0.030790731922234974,0.04541064791169404,False,False
2025-09-10,AAPL,-0.032259523333079354,0.030790731922234974,0.04541064791169404,True,False
2025-09-11,AAPL,0.014286401163462914,0.031664331757715096,0.045472257662086325,False,False
2025-09-12,AAPL,0.017562925755691072,0.031664331757715096,0.045472257662086325,False,False
2025-09-15,AAPL,0.011235933001189746,0.031664331757715096,0.045472257662086325,False,False
2025-09-16,AAPL,0.006125802961835625,0.031664331757715096,0.045472257662086325,False,False
2025-09-17,AAPL,0.0035273411706115976,0.031664331757715096,0.045472257662086325,False,False
2025-09-18,AAPL,-0.0046445947485665995,0.031664331757715096,0.045472257662086325,False,False
2025-09-19,AAPL,0.03203293157342535,0.031664331757715096,0.045472257662086325,False,False
2025-09-22,AAPL,0.043095660015793014,0.031664331757715096,0.045472257662086325,False,False
2025-09-23,AAPL,-0.0064432141923312924,0.031664331757715096,0.045472257662086325,False,False
2025-09-24,AAPL,-0.008332411863824163,0.031664331757715096,0.045472257662086325,False,False
2025-09-25,AAPL,0.018072987935134455,0.031664331757715096,0.045472257662086325,False,False
2025-09-26,AAPL,-0.005489118202509746,0.031664331757715096,0.045472257662086325,False,False
2025-09-29,AAPL,-0.004031903675073667,0.031664331757715096,0.045472257662086325,False,False
2025-09-30,AAPL,0.0007860129897405699,0.031664331757715096,0.045472257662086325,False,False
2025-10-01,AAPL,0.0032203748162142887,0.031664331757715096,0.045472257662086325,False,False
2025-10-02,AAPL,0.006576733422836156,0.031664331757715096,0.045472257662086325,False,False
2025-10-03,AAPL,0.003461142466484768,0.031664331757715096,0.045472257662086325,False,False
2025-10-06,AAPL,-0.005154634279879056,0.031664331757715096,0.045472257662086325,False,False
2025-10-07,AAPL,-0.0008179936161892831,0.031664331757715096,0.045472257662086325,False,False
2025-10-08,AAPL,0.006160217240152921,0.031664331757715096,0.045472257662086325,False,False
2025-10-09,AAPL,-0.015577707647773553,0.031664331757715096,0.045472257662086325,False,False
2025-10-10,AAPL,-0.034522156815508964,0.031664331757715096,0.045472257662086325,True,False
2025-10-13,AAPL,0.009744389834039024,0.032070467726340056,0.04567274773510389,False,False
2025-10-14,AAPL,0.0004441926617493319,0.032070467726340056,0.04567274773510389,False,False
2025-10-15,AAPL,0.00633640773752453,0.032070467726340056,0.04567274773510389,False,False
2025-10-16,AAPL,-0.007579939443282391,0.032070467726340056,0.04567274773510389,False,False
2025-10-17,AAPL,0.019559516473121263,0.032070467726340056,0.04567274773510389,False,False
2025-10-20,AAPL,0.03943866246963412,0.032070467726340056,0.04567274773510389,False,False
2025-10-21,AAPL,0.0020209184094197585,0.032070467726340056,0.04567274773510389,False,False
2025-10-22,AAPL,-0.016440145867302913,0.032070467726340056,0.04567274773510389,False,False
2025-10-23,AAPL,0.004372152666834106,0.032070467726340056,0.04567274773510389,False,False
2025-10-24,AAPL,0.012481988848809689,0.032070467726340056,0.04567274773510389,False,False
2025-10-27,AAPL,0.0227912690692067,0.032070467726340056,0.04567274773510389,False,False
2025-10-28,AAPL,0.0007067041980304278,0.032070467726340056,0.04567274773510389,False,False
2025-10-29,AAPL,0.0026023237359502627,0.032070467726340056,0.04567274773510389,False,False
2025-10-30,AAPL,0.006303233217925586,0.032070467726340056,0.04567274773510389,False,False
2025-10-31,AAPL,-0.0037951561451632365,0.032070467726340056,0.04567274773510389,False,False
2025-11-03,AAPL,-0.004882360444995348,0.032070467726340056,0.04567274773510389,False,False
2025-11-04,AAPL,0.003679849978061922,0.032070467726340056,0.04567274773510389,False,False
2025-11-05,AAPL,0.00037034495392229694,0.032070467726340056,0.04567274773510389,False,False
2025-11-06,AAPL,-0.0013698257358518706,0.032070467726340056,0.04567274773510389,False,False
2025-11-07,AAPL,-0.004818849477972176,0.032070467726340056,0.04567274773510389,False,False
2025-11-10,AAPL,0.004548624231703657,0.032070467726340056,0.04567274773510389,False,False
2025-11-11,AAPL,0.02160126459501921,0.032070467726340056,0.04567274773510389,False,False
2025-11-12,AAPL,-0.006466991494855634,0.032070467726340056,0.04567274773510389,False,False
2025-11-13,AAPL,-0.0019013646924230798,0.032070467726340056,0.04567274773510389,False,False
2025-11-14,AAPL,-0.0019784193430598673,0.032070467726340056,0.04567274773510389,False,False
2025-11-17,AAPL,-0.018171218027207114,0.032070467726340056,0.04567274773510389,False,False
2025-11-18,AAPL,-7.471106952616768e-05,0.032070467726340056,0.04567274773510389,False,False
2025-11-19,AAPL,0.004187793953672303,0.032070467726340056,0.04567274773510389,False,False
2025-11-20,AAPL,-0.008601361510023886,0.032070467726340056,0.04567274773510389,False,False
2025-11-21,AAPL,0.019680725800176768,0.032070467726340056,0.04567274773510389,False,False
2025-11-24,AAPL,0.016317451407709793,0.032070467726340056,0.04567274773510389,False,False
2025-11-25,AAPL,0.0038053394528705375,0.032070467726340056,0.04567274773510389,False,False
2025-11-26,AAPL,0.002094106406326013,0.032070467726340056,0.04567274773510389,False,False
2025-11-28,AAPL,0.004683756575197373,0.032070467726340056,0.04567274773510389,False,False
2025-12-01,AAPL,0.015241175029783172,0.032070467726340056,0.04567274773510389,False,False
2025-12-02,AAPL,0.010914951816139329,0.032070467726340056,0.04567274773510389,False,False
2025-12-03,AAPL,-0.007128103890149506,0.032070467726340056,0.04567274773510389,False,False
2025-12-04,AAPL,-0.012141396841095942,0.032070467726340056,0.04567274773510389,False,False
2025-12-05,AAPL,-0.006840066673861722,0.032070467726340056,0.04567274773510389,False,False
2025-12-08,AAPL,-0.003192552226246703,0.032070467726340056,0.04567274773510389,False,False
2025-12-09,AAPL,-0.0025549540307587826,0.032070467726340056,0.04567274773510389,False,False
2025-12-10,AAPL,0.005772479710981937,0.032070467726340056,0.04567274773510389,False,False
2025-12-11,AAPL,-0.002690481265859801,0.032070467726340056,0.04567274773510389,False,False
2025-12-12,AAPL,0.0008993198694000615,0.032070467726340056,0.04567274773510389,False,False
2025-12-15,AAPL,-0.014985057058964357,0.032070467726340056,0.04567274773510389,False,False
2025-12-16,AAPL,0.0018241385327160131,0.032070467726340056,0.04567274773510389,False,False
2025-12-17,AAPL,-0.010087037063657212,0.032070467726340056,0.04567274773510389,False,False
2025-12-18,AAPL,0.0012875596388439714,0.032070467726340056,0.04567274773510389,False,False
2025-12-19,AAPL,0.005437491779006098,0.032070467726340056,0.04567274773510389,False,False
2025-12-22,AAPL,-0.0098658478168403,0.032070467726340056,0.04567274773510389,False,False
2025-12-23,AAPL,0.005129619359273585,0.032070467726340056,0.04567274773510389,False,False
2025-12-24,AAPL,0.00532387854748273,0.032070467726340056,0.04567274773510389,False,False
2025-12-26,AAPL,-0.0014975662871453688,0.032070467726340056,0.04567274773510389,False,False
2025-12-29,AAPL,0.001316924789223295,0.032070467726340056,0.04567274773510389,False,False
2025-12-30,AAPL,-0.0024840667289872664,0.032070467726340056,0.04567274773510389,False,False
2025-12-31,AAPL,-0.004467506365423368,0.032070467726340056,0.04567274773510389,False,False
2026-01-02,AAPL,-0.0031265878039100636,0.032070467726340056,0.04567274773510389,False,False
2026-01-05,AAPL,-0.013837078913669698,0.032070467726340056,0.04567274773510389,False,False
2026-01-06,AAPL,-0.018334281183122636,0.032070467726340056,0.04567274773510389,False,False
2026-01-07,AAPL,-0.0077375221244099235,0.032070467726340056,0.04567274773510389,False,False
2026-01-08,AAPL,-0.004955017645946969,0.032070467726340056,0.04567274773510389,False,False
2026-01-09,AAPL,0.0012738060445718347,0.032070467726340056,0.04567274773510389,False,False
2026-01-12,AAPL,0.0033927700267757377,0.032070467726340056,0.04567274773510389,False,False
2026-01-13,AAPL,0.0030739393950796057,0.032070467726340056,0.04567274773510389,False,False
2026-01-14,AAPL,-0.004175309303335539,0.032070467726340056,0.04567274773510389,False,False
2026-01-15,AAPL,-0.006731882749481333,0.032070467726340056,0.04567274773510389,False,False
2026-01-16,AAPL,-0.010379107417738509,0.032070467726340056,0.04567274773510389,False,False
2026-01-20,AAPL,-0.03455562870506512,0.032070467726340056,0.04567274773510389,True,False
2026-01-21,AAPL,0.0038508809593345017,0.032070467726340056,0.045223156127623204,False,False
2026-01-22,AAPL,0.00282652826830998,0.032070467726340056,0.045223156127623204,False,False
2026-01-23,AAPL,-0.0012482377059582772,0.03181901361777452,0.045223156127623204,False,False
2026-01-26,AAPL,0.02971293759961724,0.03181901361777452,0.045223156127623204,False,False
2026-01-27,AAPL,0.011197552619307993,0.03181901361777452,0.045223156127623204,False,False
2026-01-28,AAPL,-0.0070854715103062516,0.03181901361777452,0.045223156127623204,False,False
2026-01-29,AAPL,0.007175173478534136,0.03181901361777452,0.045223156127623204,False,False
2026-01-30,AAPL,0.0046461370951069725,0.03181901361777452,0.045223156127623204,False,False
2026-02-02,AAPL,0.040581232988504023,0.03181901361777452,0.045223156127623204,False,False
2026-02-03,AAPL,-0.0019629018353019,0.03181901361777452,0.045223156127623204,False,False
2026-02-04,AAPL,0.02601293089498702,0.03181901361777452,0.045223156127623204,False,False
2026-02-05,AAPL,-0.0020977418894285726,0.030790731922234974,0.04503873587412907,False,False
2026-02-06,AAPL,0.008009892113060468,0.030790731922234974,0.04503873587412907,False,False
2026-02-09,AAPL,-0.011660527356121553,0.030790731922234974,0.04503873587412907,False,False
2026-02-10,AAPL,-0.003423017398520134,0.030790731922234974,0.04503873587412907,False,False
2026-02-11,AAPL,0.0066501563343039916,0.030790731922234974,0.04503873587412907,False,False
2026-02-12,AAPL,-0.0499817899391245,0.030790731922234974,0.04503873587412907,True,True
2026-02-13,AAPL,-0.022733375921363264,0.03181901361777452,0.046463596901909446,False,False
2026-02-17,AAPL,0.03166790145686926,0.03181901361777452,0.046463596901909446,False,False
2026-02-18,AAPL,0.001781167564954833,0.03181901361777452,0.046463596901909446,False,False
2026-02-19,AAPL,-0.01426159138112626,0.03181901361777452,0.046463596901909446,False,False
2026-02-20,AAPL,0.015350431056632585,0.03181901361777452,0.046463596901909446,False,False
2026-02-23,AAPL,0.006047273769737682,0.03181901361777452,0.046463596901909446,False,False
2026-02-24,AAPL,0.02239105106810335,0.03181901361777452,0.046463596901909446,False,False
2026-02-25,AAPL,0.007679856169661159,0.03181901361777452,0.046463596901909446,False,False
2026-02-26,AAPL,-0.004667689785084916,0.03181901361777452,0.046463596901909446,False,False
2026-02-27,AAPL,-0.03213037767415727,0.03181901361777452,0.046463596901909446,True,False
2026-03-02,AAPL,0.0020439219879577752,0.03218849322067221,0.046463596901909446,False,False
2026-03-03,AAPL,-0.003664094667077511,0.03218849322067221,0.046463596901909446,False,False
2026-03-04,AAPL,-0.004663640952734749,0.03218849322067221,0.046463596901909446,False,False
2026-03-05,AAPL,-0.008494536639458317,0.03218849322067221,0.046463596901909446,False,False
2026-03-06,AAPL,-0.010872576884936036,0.03218849322067221,0.046463596901909446,False,False
2026-03-09,AAPL,0.009399602442343502,0.03218849322067221,0.046463596901909446,False,False
2026-03-10,AAPL,0.003655516130785408,0.03218849322067221,0.046463596901909446,False,False
2026-03-11,AAPL,-7.665572857407099e-05,0.03218849322067221,0.046463596901909446,False,False
2026-03-12,AAPL,-0.01936274044373243,0.031760898071259584,0.04520596991571627,False,False
2026-03-13,AAPL,-0.022051947243152514,0.031760898071259584,0.04520596991571627,False,False
2026-03-16,AAPL,0.010794880344667579,0.031760898071259584,0.04520596991571627,False,False
2026-03-17,AAPL,0.0055770205952525576,0.030790731922234974,0.04503790028122861,False,False
2026-03-18,AAPL,-0.01687444762321122,0.030790731922234974,0.04503790028122861,False,False
2026-03-19,AAPL,-0.003920887726655109,0.030790731922234974,0.04503790028122861,False,False
2026-03-20,AAPL,-0.003896289131202657,0.030790731922234974,0.04503790028122861,False,False
2026-03-23,AAPL,0.01411350980480508,0.030790731922234974,0.04503790028122861,False,False
2026-03-24,AAPL,0.0005963911769359953,0.030790731922234974,0.04503790028122861,False,False
2026-03-25,AAPL,0.003894460372950048,0.030790731922234974,0.04503790028122861,False,False
2026-03-26,AAPL,0.001068847476965784,0.030790731922234974,0.04503790028122861,False,False
2026-03-27,AAPL,-0.016173054004998577,0.030790731922234974,0.04503790028122861,False,False
2026-03-30,AAPL,-0.008721878071757172,0.030790731922234974,0.04503790028122861,False,False
2026-03-31,AAPL,0.02903135056377537,0.030790731922234974,0.04503790028122861,False,False
2026-04-01,AAPL,0.007250122916362178,0.030790731922234974,0.04503790028122861,False,False
2026-04-02,AAPL,0.0011344171618641319,0.030790731922234974,0.04503790028122861,False,False
2026-04-06,AAPL,0.011487928393195235,0.030790731922234974,0.04503790028122861,False,False
2026-04-07,AAPL,-0.020706161436335524,0.030790731922234974,0.04503790028122861,False,False
2026-04-08,AAPL,0.02130183701774646,0.02736188585714487,0.04025237604982149,False,False
2026-04-09,AAPL,0.0061413306665165646,0.02393412318618336,0.036569003909074436,False,False
2026-04-10,AAPL,-3.837788982874457e-05,0.022879968939274693,0.035517063649008314,False,False
2026-04-13,AAPL,-0.004913966848681062,0.022358590148347342,0.03343363107790891,False,False
2026-04-14,AAPL,-0.0014275206833038734,0.022358590148347342,0.03343363107790891,False,False
2026-04-15,AAPL,0.029362881933440832,0.021311765049403155,0.031868882793300066,False,False
2026-04-16,AAPL,-0.011372573588962043,0.021311765049403155,0.031868882793300066,False,False
2026-04-17,AAPL,0.025930172257302875,0.021311765049403155,0.031868882793300066,False,False
2026-04-20,AAPL,0.010435424419368289,0.021311765049403155,0.031868882793300066,False,False
2026-04-21,AAPL,-0.025196714096157535,0.020171731387497803,0.03046679435801706,True,False
2026-04-22,AAPL,0.026299050276339386,0.021311765049403155,0.030812221485695675,False,False
2026-04-23,AAPL,0.0009516199250387825,0.021311765049403155,0.030812221485695675,False,False
2026-04-24,AAPL,-0.008667687188198547,0.021311765049403155,0.030812221485695675,False,False
2026-04-27,AAPL,-0.012727786010601316,0.021311765049403155,0.030812221485695675,False,False
2026-04-28,AAPL,0.011584039752220443,0.021311765049403155,0.030812221485695675,False,False
2026-04-29,AAPL,-0.001994732136373578,0.021311765049403155,0.030812221485695675,False,False
2026-04-30,AAPL,0.0043676927881808325,0.021311765049403155,0.030812221485695675,False,False
2026-05-01,AAPL,0.032393627676644554,0.021311765049403155,0.030812221485695675,False,False
2026-05-06,AAPL,0.028139717716676893,0.021311765049403155,0.030812221485695675,False,False
2026-05-07,AAPL,-0.00024349525874178823,0.021311765049403155,0.030812221485695675,False,False
2026-05-08,AAPL,0.02045645989726541,0.020171731387497803,0.029531019725378544,False,False
2026-05-11,AAPL,-0.0021819672455212213,0.019530018941354782,0.028629163868491552,False,False
2026-05-12,AAPL,0.007243389265544797,0.019530018941354782,0.028629163868491552,False,False
2026-05-13,AAPL,0.013805995565634221,0.019530018941354782,0.028629163868491552,False,False
2026-05-14,AAPL,-0.00220833028705536,0.019530018941354782,0.028629163868491552,False,False
2026-05-15,AAPL,0.0067738157309671365,0.019530018941354782,0.028629163868491552,False,False
2026-05-18,AAPL,-0.008593468325727271,0.019530018941354782,0.028629163868491552,False,False
2026-05-19,AAPL,0.0020494402205590845,0.019530018941354782,0.028629163868491552,False,False
2026-05-20,AAPL,0.006001401356991565,0.019530018941354782,0.028629163868491552,False,False
2026-05-21,AAPL,0.0056324029667094155,0.019530018941354782,0.028629163868491552,False,False
2026-05-22,AAPL,0.0234639667229537,0.019530018941354782,0.028629163868491552,False,False
2026-05-26,AAPL,0.007593423887984008,0.019530018941354782,0.028629163868491552,False,False
2026-05-27,AAPL,0.004081400474978292,0.019530018941354782,0.028629163868491552,False,False
2026-05-28,AAPL,-0.0037607432014666875,0.019269809478497973,0.028344825580825687,False,False
2026-05-29,AAPL,0.0025701592490829928,0.019269809478497973,0.028344825580825687,False,False
2026-06-01,AAPL,-0.01889056290390123,0.018721053424296114,0.02749478541532558,True,False
2026-06-02,AAPL,0.019319575595706517,0.01902700837072435,0.02749478541532558,False,False
2026-06-03,AAPL,-0.001602153362962322,0.01902700837072435,0.02749478541532558,False,False
2026-06-04,AAPL,0.0002568107493809979,0.01902700837072435,0.02749478541532558,False,False
2026-06-05,AAPL,-0.013861282402160113,0.01902700837072435,0.02749478541532558,False,False
2026-06-08,AAPL,0.023817294889829865,0.01902700837072435,0.02749478541532558,False,False
2026-06-09,AAPL,-0.05901610343893515,0.01902700837072435,0.02749478541532558,True,True
2026-06-10,AAPL,-0.022729612852735448,0.019269809478497973,0.030558041445059282,True,False
2026-06-11,AAPL,0.002039075495362308,0.019530018941354782,0.030817031630367205,False,False
2026-06-12,AAPL,0.004069641752381559,0.019530018941354782,0.030817031630367205,False,False
2026-06-15,AAPL,0.020678009523941387,0.019530018941354782,0.030817031630367205,False,False
2026-06-16,AAPL,0.004341270642500117,0.019530018941354782,0.030817031630367205,False,False
2026-06-17,AAPL,0.006399958606368106,0.019530018941354782,0.030817031630367205,False,False
2026-06-18,AAPL,-0.0077908982531671445,0.019530018941354782,0.030817031630367205,False,False
2026-06-22,AAPL,0.00931174727542472,0.019530018941354782,0.030817031630367205,False,False
2026-06-23,AAPL,-0.0058680274180831216,0.019530018941354782,0.030817031630367205,False,False
2026-06-24,AAPL,-0.012373693483360926,0.019530018941354782,0.030817031630367205,False,False
2026-06-25,AAPL,-0.06829883830251504,0.019530018941354782,0.030817031630367205,True,True
2026-06-26,AAPL,0.03136472859984596,0.020171731387497803,0.03455275223529538,False,False
2026-06-29,AAPL,-0.007188697419469814,0.020171731387497803,0.03455275223529538,False,False
2026-06-30,AAPL,0.02704619642688466,0.020171731387497803,0.03455275223529538,False,False
2026-07-01,AAPL,0.017348699838890536,0.020171731387497803,0.03455275223529538,False,False
2026-07-02,AAPL,0.0484068203126522,0.020171731387497803,0.03455275223529538,False,False
2026-07-06,AAPL,0.009930993075576211,0.020171731387497803,0.03455275223529538,False,False
2026-07-07,AAPL,-0.003320565417439525,0.020171731387497803,0.03455275223529538,False,False
2026-07-08,AAPL,0.008787777487112347,0.020171731387497803,0.03455275223529538,False,False
2026-07-09,AAPL,0.009030238488741738,0.020171731387497803,0.03455275223529538,False,False
2026-07-10,AAPL,-0.0028461004775477416,0.020171731387497803,0.03455275223529538,False,False
2026-07-13,AAPL,0.0063110179758711915,0.020171731387497803,0.03455275223529538,False,False
2026-07-14,AAPL,-0.0077211944971221635,0.020171731387497803,0.03455275223529538,False,False
2026-07-15,AAPL,0.040144874663333496,0.020171731387497803,0.03455275223529538,False,False
2026-07-16,AAPL,0.017587816078244334,0.020171731387497803,0.03455275223529538,False,False
2026-07-17,AAPL,0.0014402582208634662,0.020171731387497803,0.03455275223529538,False,False
2026-07-20,AAPL,-0.021423845225929217,0.020171731387497803,0.03455275223529538,True,False
2026-07-21,AAPL,0.0035212159263280363,0.021029119141652678,0.03460795868064874,False,False
2026-07-22,AAPL,-0.0056446440503478135,0.021029119141652678,0.03460795868064874,False,False
2026-07-23,AAPL,-0.012979872951588756,0.021029119141652678,0.03460795868064874,False,False
2026-07-24,AAPL,0.035316748188238156,0.021029119141652678,0.03460795868064874,False,False
2026-07-27,AAPL,0.011681024493330971,0.021029119141652678,0.03460795868064874,False,False
2026-07-28,AAPL,0.009408990162653286,0.021029119141652678,0.03460795868064874,False,False
2026-07-29,AAPL,-0.005557469435084728,0.021029119141652678,0.03460795868064874,False,False
2026-07-30,AAPL,-0.014074957069287408,0.021029119141652678,0.03460795868064874,False,False
2026-07-31,AAPL,-0.07353864245054431,0.021029119141652678,0.03460795868064874,True,True
2026-08-03,AAPL,-0.01777213482662099,0.021706491133679694,0.038616789236388366,False,False
2026-08-04,AAPL,0.019642710405777475,0.021706491133679694,0.038616789236388366,False,False
2026-08-05,AAPL,0.005236263144417164,0.021706491133679694,0.038616789236388366,False,False
2026-08-06,AAPL,0.004533773833149013,0.021706491133679694,0.038616789236388366,False,False
2026-08-07,AAPL,0.0029447933784836344,0.021029119141652678,0.03834142738448213,False,False
2026-08-10,AAPL,-0.0161809498736607,0.021029119141652678,0.03834142738448213,False,False
2026-08-11,AAPL,-0.010867469011185404,0.021029119141652678,0.03834142738448213,False,False
2026-08-12,AAPL,-0.008723897642456846,0.021029119141652678,0.03834142738448213,False,False
2026-08-13,AAPL,0.009958675816790663,0.021029119141652678,0.03834142738448213,False,False
2026-08-14,AAPL,0.002194794236790587,0.021029119141652678,0.03834142738448213,False,False
2026-08-17,AAPL,-0.0011113534012042736,0.021029119141652678,0.03834142738448213,False,False
2026-08-18,AAPL,0.014529279409058127,0.021029119141652678,0.03834142738448213,False,False
2026-08-19,AAPL,0.021933322000267097,0.021029119141652678,0.03834142738448213,False,False
2026-08-20,AAPL,-0.017454152112068244,0.021029119141652678,0.03834142738448213,False,False
2026-08-21,AAPL,-0.006263995393247401,0.021029119141652678,0.03834142738448213,False,False
2026-08-24,AAPL,0.0032002269754076718,0.021029119141652678,0.03834142738448213,False,False
2026-08-25,AAPL,-0.0014178077160482694,0.021029119141652678,0.03834142738448213,False,False
2026-08-26,AAPL,0.011455367474878742,0.021029119141652678,0.03834142738448213,False,False
2026-08-27,AAPL,0.003604958753321119,0.021029119141652678,0.03834142738448213,False,False
2026-08-28,AAPL,0.01627575132974779,0.021029119141652678,0.03834142738448213,False,False
2026-08-31,AAPL,-0.014857678506824734,0.021029119141652678,0.03834142738448213,False,False
2026-09-01,AAPL,0.03060798144856891,0.021029119141652678,0.03834142738448213,False,False
2026-09-02,AAPL,-0.0008317847645273879,0.021029119141652678,0.03834142738448213,False,False
2026-09-03,AAPL,0.01447646527562263,0.021029119141652678,0.03834142738448213,False,False
2026-09-04,AAPL,-0.027491187407964524,0.021029119141652678,0.03834142738448213,True,False
2026-09-08,AAPL,-0.011360470518352428,0.021706491133679694,0.03880814601386946,False,False
2026-09-09,AAPL,-0.012581537219271466,0.021706491133679694,0.03880814601386946,False,False
2026-09-10,AAPL,0.033167634710205895,0.021706491133679694,0.03880814601386946,False,False
2026-09-11,AAPL,0.02960785374337771,0.021706491133679694,0.03880814601386946,False,False
2026-09-14,AAPL,0.007704570509641906,0.021706491133679694,0.03880814601386946,False,False
2026-09-15,AAPL,-0.015500319959269815,0.021706491133679694,0.03880814601386946,False,False
2026-09-16,AAPL,0.008827730297350955,0.021029119141652678,0.03797463231331945,False,False
2026-09-17,AAPL,0.0019245667476492923,0.021029119141652678,0.03797463231331945,False,False
2026-09-18,AAPL,0.008823801494233896,0.021029119141652678,0.03797463231331945,False,False
2026-09-21,AAPL,0.0073929292698189375,0.021029119141652678,0.03797463231331945,False,False
2026-09-22,AAPL,0.01381629844113097,0.021029119141652678,0.03797463231331945,False,False
2026-09-23,AAPL,-0.020983216520381598,0.021029119141652678,0.03797463231331945,False,False
2026-09-24,AAPL,0.0005504405385745592,0.02118149943787802,0.03797463231331945,False,False
2026-09-25,AAPL,0.014259203077141125,0.02118149943787802,0.03797463231331945,False,False
2026-09-28,AAPL,-0.003811587892895818,0.02118149943787802,0.03797463231331945,False,False
2026-09-29,AAPL,-0.02519350688812394,0.02118149943787802,0.03797463231331945,True,False
2026-09-30,AAPL,0.015156606566112174,0.021706491133679694,0.03826460628733443,False,False
2026-10-01,AAPL,-0.02136929281689226,0.021706491133679694,0.03826460628733443,False,False
2026-10-02,AAPL,0.01411657622549578,0.021706491133679694,0.03826460628733443,False,False
2026-10-05,AAPL,-0.002397398145331686,0.021706491133679694,0.03826460628733443,False,False
2026-10-06,AAPL,-0.0017273338992715992,0.021706491133679694,0.03826460628733443,False,False
2026-10-07,AAPL,0.01319534096688324,0.021706491133679694,0.03826460628733443,False,False
2025-01-02,GOOG,0.000997743713005761,0.026126002521318224,0.04026762268050465,False,False
2025-01-03,GOOG,0.013114417792182698,0.026126002521318224,0.04026762268050465,False,False
2025-01-06,GOOG,0.0250090954157991,0.026126002521318224,0.04026762268050465,False,False
2025-01-07,GOOG,-0.006314487921266321,0.026126002521318224,0.04026762268050465,False,False
2025-01-08,GOOG,-0.006710405029011768,0.026126002521318224,0.04026762268050465,False,False
2025-01-10,GOOG,-0.011361838606622987,0.026126002521318224,0.04026762268050465,False,False
2025-01-13,GOOG,-0.004555744585911792,0.026126002521318224,0.04026762268050465,False,False
2025-01-14,GOOG,-0.006448481984718035,0.026126002521318224,0.04026762268050465,False,False
2025-01-15,GOOG,0.03103904805209612,0.026126002521318224,0.04026762268050465,False,False
2025-01-16,GOOG,-0.013047032648787482,0.026126002521318224,0.04026762268050465,False,False
2025-01-17,GOOG,0.016151378196886723,0.026126002521318224,0.04026762268050465,False,False
2025-01-21,GOOG,0.010529053021530288,0.026126002521318224,0.04026762268050465,False,False
2025-01-22,GOOG,0.002003649639245486,0.026126002521318224,0.04026762268050465,False,False
2025-01-23,GOOG,-0.0022496272105527737,0.026126002521318224,0.04026762268050465,False,False
2025-01-24,GOOG,0.011624402555402868,0.026126002521318224,0.04026762268050465,False,False
2025-01-27,GOOG,-0.0402674640517261,0.026126002521318224,0.04026762268050465,True,False
2025-01-28,GOOG,0.017030549007680085,0.027946418003160736,0.04122504079511366,False,False
2025-01-29,GOOG,0.0005580231106458999,0.027946418003160736,0.04122504079511366,False,False
2025-01-30,GOOG,0.027639859003583345,0.027946418003160736,0.04122504079511366,False,False
2025-01-31,GOOG,0.01465722300811656,0.027946418003160736,0.04122504079511366,False,False
2025-02-03,GOOG,-0.014396820003021893,0.027946418003160736,0.04122504079511366,False,False
2025-02-04,GOOG,0.025019692673113658,0.026126002521318224,0.03771087559301455,False,False
2025-02-05,GOOG,-0.0693756958806232,0.026126002521318224,0.03771087559301455,True,True
2025-02-06,GOOG,5.1848704052392947e-05,0.027946418003160736,0.04090738846369257,False,False
2025-02-07,GOOG,-0.031917693616088094,0.027946418003160736,0.04090738846369257,True,False
2025-02-10,GOOG,0.005664404109051002,0.02820336626719671,0.041201082452252194,False,False
2025-02-11,GOOG,-0.006004459938679152,0.02820336626719671,0.041201082452252194,False,False
2025-02-12,GOOG,-0.008766678221345248,0.02820336626719671,0.041201082452252194,False,False
2025-02-13,GOOG,0.013212517939509949,0.02820336626719671,0.041201082452252194,False,False
2025-02-14,GOOG,-0.0053757797131179785,0.02820336626719671,0.041201082452252194,False,False
2025-02-18,GOOG,-0.005725974393438582,0.02820336626719671,0.041201082452252194,False,False
2025-02-19,GOOG,0.0071583758333588765,0.02820336626719671,0.041201082452252194,False,False
2025-02-20,GOOG,-0.002618612216723659,0.02820336626719671,0.041201082452252194,False,False
2025-02-21,GOOG,-0.027111094700844385,0.02820336626719671,0.041201082452252194,False,False
2025-02-24,GOOG,-0.0021476279521960295,0.02820336626719671,0.041201082452252194,False,False
2025-02-25,GOOG,-0.021082954217501504,0.02820336626719671,0.041201082452252194,False,False
2025-02-26,GOOG,-0.015053267324470876,0.02820336626719671,0.041201082452252194,False,False
2025-02-27,GOOG,-0.025701109056684213,0.02820336626719671,0.041201082452252194,False,False
2025-02-28,GOOG,0.011808917716658929,0.027946418003160736,0.039900024142212616,False,False
2025-03-03,GOOG,-0.02067136599932773,0.027946418003160736,0.039900024142212616,False,False
2025-03-04,GOOG,0.023419926211216247,0.027946418003160736,0.039900024142212616,False,False
2025-03-05,GOOG,0.013788365641905331,0.027946418003160736,0.039900024142212616,False,False
2025-03-06,GOOG,-0.004457362590308267,0.027946418003160736,0.039900024142212616,False,False
2025-03-07,GOOG,0.008839842964313283,0.02743056493827841,0.03987859004967384,False,False
2025-03-10,GOOG,-0.04408998157171873,0.02743056493827841,0.03987859004967384,True,True
2025-03-11,GOOG,-0.010905253229738787,0.028050112505544463,0.04113004797351306,False,False
2025-03-12,GOOG,0.01819502634242931,0.028050112505544463,0.04113004797351306,False,False
2025-03-13,GOOG,-0.025266266623039213,0.028050112505544463,0.04113004797351306,False,False
2025-03-14,GOOG,0.01754380250355858,0.028050112505544463,0.04113004797351306,False,False
2025-03-17,GOOG,-0.006264076428518783,0.028050112505544463,0.04113004797351306,False,False
2025-03-18,GOOG,-0.023413626312294933,0.028050112505544463,0.04113004797351306,False,False
2025-03-19,GOOG,0.02219224419347432,0.028050112505544463,0.04113004797351306,False,False
2025-03-20,GOOG,-0.007397146099881846,0.028050112505544463,0.04113004797351306,False,False
2025-03-21,GOOG,0.007270402440874069,0.028050112505544463,0.04113004797351306,False,False
2025-03-24,GOOG,0.022135321089919335,0.028050112505544463,0.04113004797351306,False,False
2025-03-25,GOOG,0.016830482557615545,0.028050112505544463,0.04113004797351306,False,False
2025-03-26,GOOG,-0.03269860730076457,0.028050112505544463,0.04113004797351306,True,False
2025-03-27,GOOG,-0.018308053360454157,0.0290270735966633,0.04146608668954631,False,False
2025-03-28,GOOG,-0.048878573325288,0.0290270735966633,0.04146608668954631,True,True
2025-03-31,GOOG,0.001089240187186702,0.03079637106164913,0.042927598073392303,False,False
2025-04-01,GOOG,0.016962295183796217,0.03079637106164913,0.042927598073392303,False,False
2025-04-02,GOOG,-0.00012592249079901308,0.03079637106164913,0.042927598073392303,False,False
2025-04-03,GOOG,-0.03921691244910719,0.03079637106164913,0.042927598073392303,True,False
2025-04-04,GOOG,-0.032038183823583366,0.0322691047741925,0.043489076445163005,False,False
2025-04-07,GOOG,0.01015287948205601,0.0323353743883149,0.043489076445163005,False,False
2025-04-08,GOOG,-0.017823636112986985,0.0323353743883149,0.043489076445163005,False,False
2025-04-09,GOOG,0.09878555069308192,0.0323353743883149,0.043489076445163005,False,False
2025-04-10,GOOG,-0.035328390309464885,0.0323353743883149,0.043489076445163005,True,False
2025-04-11,GOOG,0.025938064435918173,0.03298501619783714,0.043691367445832255,False,False
2025-04-14,GOOG,0.012986278540209284,0.03298501619783714,0.043691367445832255,False,False
2025-04-15,GOOG,-0.017278774379394735,0.03298501619783714,0.043691367445832255,False,False
2025-04-16,GOOG,-0.020040342121596,0.03298501619783714,0.043691367445832255,False,False
2025-04-17,GOOG,-0.013761942296420804,0.03298501619783714,0.043691367445832255,False,False
2025-04-21,GOOG,-0.022822110396436,0.03298501619783714,0.043691367445832255,False,False
2025-04-22,GOOG,0.026958339390354524,0.03298501619783714,0.043691367445832255,False,False
2025-04-23,GOOG,0.024821293718028103,0.03298501619783714,0.043691367445832255,False,False
2025-04-24,GOOG,0.02377639180656943,0.03298501619783714,0.043691367445832255,False,False
2025-04-25,GOOG,0.014739576509191554,0.03298501619783714,0.043691367445832255,False,False
2025-04-28,GOOG,-0.008727505926436563,0.03298501619783714,0.043691367445832255,False,False
2025-04-29,GOOG,-0.002216448327030829,0.03298501619783714,0.043691367445832255,False,False
2025-04-30,GOOG,-0.00721960051821291,0.03298501619783714,0.043691367445832255,False,False
2025-05-01,GOOG,0.011809090499357522,0.03298501619783714,0.043691367445832255,False,False
2025-05-02,GOOG,0.018551763944617994,0.0323353743883149,0.04364240866000789,False,False
2025-05-05,GOOG,0.001447452705141572,0.0323353743883149,0.04364240866000789,False,False
2025-05-06,GOOG,-0.005118912416686383,0.0323353743883149,0.04364240866000789,False,False
2025-05-07,GOOG,-0.07506057807693056,0.0323353743883149,0.04364240866000789,True,True
2025-05-08,GOOG,0.019306349960589664,0.03388200965467968,0.046901021796636036,False,False
2025-05-09,GOOG,-0.008796131013461217,0.03388200965467968,0.046901021796636036,False,False
2025-05-12,GOOG,0.03368305231683455,0.03388200965467968,0.046901021796636036,False,False
2025-05-13,GOOG,0.008209005552599846,0.03388200965467968,0.046901021796636036,False,False
2025-05-14,GOOG,0.03679540016048222,0.03388200965467968,0.046901021796636036,False,False
2025-05-15,GOOG,-0.008452885872806348,0.03388200965467968,0.046901021796636036,False,False
2025-05-16,GOOG,0.012273368130507833,0.03388200965467968,0.046901021796636036,False,False
2025-05-19,GOOG,0.002628002617289571,0.03388200965467968,0.046901021796636036,False,False
2025-05-20,GOOG,-0.01519033512838397,0.03388200965467968,0.046901021796636036,False,False
2025-05-21,GOOG,0.028671620490022365,0.03388200965467968,0.046901021796636036,False,False
2025-05-22,GOOG,0.01129005344290368,0.03388200965467968,0.046901021796636036,False,False
2025-05-23,GOOG,-0.013896848558982544,0.03388200965467968,0.046901021796636036,False,False
2025-05-27,GOOG,0.025886005896159414,0.03388200965467968,0.046901021796636036,False,False
2025-05-28,GOOG,-0.003448570600265932,0.03388200965467968,0.046901021796636036,False,False
2025-05-29,GOOG,-0.002422512236352703,0.03388200965467968,0.046901021796636036,False,False
2025-05-30,GOOG,-0.000635972351201719,0.03388200965467968,0.046901021796636036,False,False
2025-06-02,GOOG,-0.014347886013026279,0.03388200965467968,0.046901021796636036,False,False
2025-06-03,GOOG,-0.01561289564386481,0.03388200965467968,0.046901021796636036,False,False
2025-06-04,GOOG,0.010017105920963276,0.03388200965467968,0.046901021796636036,False,False
2025-06-05,GOOG,0.002479484923118891,0.03388200965467968,0.046901021796636036,False,False
2025-06-06,GOOG,0.03009263334466361,0.03388200965467968,0.046901021796636036,False,False
2025-06-09,GOOG,0.01671337365252712,0.03388200965467968,0.046901021796636036,False,False
2025-06-10,GOOG,0.013398582351886956,0.03388200965467968,0.046901021796636036,False,False
2025-06-11,GOOG,-0.006777526641703946,0.03388200965467968,0.046901021796636036,False,False
2025-06-12,GOOG,-0.010179308655572594,0.03388200965467968,0.046901021796636036,False,False
2025-06-13,GOOG,-0.0061593549887045684,0.03388200965467968,0.046901021796636036,False,False
2025-06-16,GOOG,0.011712583969292423,0.03388200965467968,0.046901021796636036,False,False
2025-06-17,GOOG,-0.003990112149619529,0.03388200965467968,0.046901021796636036,False,False
2025-06-18,GOOG,-0.01833777735231623,0.03388200965467968,0.046901021796636036,False,False
2025-06-20,GOOG,-0.03592369727101741,0.03388200965467968,0.046901021796636036,True,False
2025-06-23,GOOG,-0.010254574129986649,0.035342245297646076,0.046946814639832385,False,False
2025-06-24,GOOG,0.010421235290357656,0.035342245297646076,0.046946814639832385,False,False
2025-06-25,GOOG,0.022355913444913833,0.035342245297646076,0.046946814639832385,False,False
2025-06-26,GOOG,0.01714380718560915,0.035342245297646076,0.046946814639832385,False,False
2025-06-27,GOOG,0.022014663918652255,0.035342245297646076,0.046946814639832385,False,False
2025-06-30,GOOG,-0.004936319163655112,0.035342245297646076,0.046946814639832385,False,False
2025-07-01,GOOG,-0.0027059576645551697,0.035342245297646076,0.046946814639832385,False,False
2025-07-02,GOOG,0.01610980606675394,0.035342245297646076,0.046946814639832385,False,False
2025-07-03,GOOG,0.00439487463951016,0.035342245297646076,0.046946814639832385,False,False
2025-07-07,GOOG,-0.016560601493760818,0.035342245297646076,0.046946814639832385,False,False
2025-07-08,GOOG,-0.01351640479413907,0.035342245297646076,0.046946814639832385,False,False
2025-07-09,GOOG,0.014272446594483235,0.035342245297646076,0.046946814639832385,False,False
2025-07-10,GOOG,0.005853941572112609,0.035342245297646076,0.046946814639832385,False,False
2025-07-11,GOOG,0.014605377606635717,0.035342245297646076,0.046946814639832385,False,False
2025-07-14,GOOG,0.00827325227524578,0.035342245297646076,0.046946814639832385,False,False
2025-07-15,GOOG,0.0015864279497446176,0.035342245297646076,0.046946814639832385,False,False
2025-07-16,GOOG,0.0036591451323753077,0.035342245297646076,0.046946814639832385,False,False
2025-07-17,GOOG,0.005060548436332635,0.035342245297646076,0.046946814639832385,False,False
2025-07-18,GOOG,0.006713700651622467,0.035342245297646076,0.046946814639832385,False,False
2025-07-21,GOOG,0.0280198386221997,0.035342245297646076,0.046946814639832385,False,False
2025-07-22,GOOG,0.0050220964875684615,0.035342245297646076,0.046946814639832385,False,False
2025-07-23,GOOG,-0.003123195408941015,0.035342245297646076,0.046946814639832385,False,False
2025-07-24,GOOG,0.008824619865081207,0.035342245297646076,0.046946814639832385,False,False
2025-07-25,GOOG,0.004554932866038808,0.035342245297646076,0.046946814639832385,False,False
2025-07-28,GOOG,-0.0034006899211908026,0.035342245297646076,0.046946814639832385,False,False
2025-07-29,GOOG,0.015561986301424025,0.03388200965467968,0.04579727781733555,False,False
2025-07-30,GOOG,0.005141698183041665,0.03388200965467968,0.04579727781733555,False,False
2025-07-31,GOOG,-0.023196766362827526,0.03388200965467968,0.04579727781733555,False,False
2025-08-01,GOOG,-0.015088637198556576,0.03388200965467968,0.04579727781733555,False,False
2025-08-04,GOOG,0.030534304377631605,0.03388200965467968,0.04579727781733555,False,False
2025-08-05,GOOG,-0.0021966788706120344,0.03388200965467968,0.04579727781733555,False,False
2025-08-06,GOOG,0.008191670556412012,0.03388200965467968,0.04579727781733555,False,False
2025-08-07,GOOG,0.0018281133349398182,0.03388200965467968,0.04579727781733555,False,False
2025-08-08,GOOG,0.02438154132453385,0.0323353743883149,0.044767880911009965,False,False
2025-08-11,GOOG,-0.0022761973524705326,0.0323353743883149,0.044767880911009965,False,False
2025-08-12,GOOG,0.012547760271837793,0.0323353743883149,0.044767880911009965,False,False
2025-08-13,GOOG,-0.00553480723689026,0.0323353743883149,0.044767880911009965,False,False
2025-08-14,GOOG,0.003891086385617193,0.0323353743883149,0.044767880911009965,False,False
2025-08-15,GOOG,0.0053478089189047395,0.0323353743883149,0.044767880911009965,False,False
2025-08-18,GOOG,-0.0030257682377057282,0.0323353743883149,0.044767880911009965,False,False
2025-08-19,GOOG,-0.008810960333364148,0.0323353743883149,0.044767880911009965,False,False
2025-08-20,GOOG,-0.011358579275443814,0.0323353743883149,0.044767880911009965,False,False
2025-08-21,GOOG,0.002147882403342738,0.0323353743883149,0.044767880911009965,False,False
2025-08-22,GOOG,0.030405770527117904,0.0323353743883149,0.044767880911009965,False,False
2025-08-25,GOOG,0.011803475503177285,0.0323353743883149,0.044767880911009965,False,False
2025-08-26,GOOG,-0.0057850842165271255,0.0323353743883149,0.044767880911009965,False,False
2025-08-27,GOOG,0.001250313959136884,0.0323353743883149,0.044767880911009965,False,False
2025-08-28,GOOG,0.019979747850516594,0.0323353743883149,0.044767880911009965,False,False
2025-08-29,GOOG,0.005462157457020833,0.0323353743883149,0.044767880911009965,False,False
2025-09-02,GOOG,-0.007211975101328427,0.0323353743883149,0.044767880911009965,False,False
2025-09-03,GOOG,0.09014578426125164,0.0323353743883149,0.044767880911009965,False,False
2025-09-04,GOOG,0.006750263890275665,0.0323353743883149,0.044767880911009965,False,False
2025-09-05,GOOG,0.010788172557846476,0.0323353743883149,0.044767880911009965,False,False
2025-09-08,GOOG,-0.003404751220256741,0.031971914209460967,0.04420406068986536,False,False
2025-09-09,GOOG,0.02468399060156523,0.031971914209460967,0.04420406068986536,False,False
2025-09-10,GOOG,-0.0015837396186438868,0.031971914209460967,0.04420406068986536,False,False
2025-09-11,GOOG,0.005092686433284088,0.029274064212704,0.04352123649256594,False,False
2025-09-12,GOOG,0.0024918874985131456,0.029274064212704,0.04352123649256594,False,False
2025-09-15,GOOG,0.0430027688744965,0.029274064212704,0.04352123649256594,False,False
2025-09-16,GOOG,-0.0013505397054419666,0.029274064212704,0.04352123649256594,False,False
2025-09-17,GOOG,-0.006244493557595487,0.029274064212704,0.04352123649256594,False,False
2025-09-18,GOOG,0.009925888171204544,0.029274064212704,0.04352123649256594,False,False
2025-09-19,GOOG,0.011532565793083593,0.029274064212704,0.04352123649256594,False,False
2025-09-22,GOOG,-0.0092461844100179,0.029274064212704,0.04352123649256594,False,False
2025-09-23,GOOG,-0.002135442778294694,0.029274064212704,0.04352123649256594,False,False
2025-09-24,GOOG,-0.017872664457620036,0.029274064212704,0.04352123649256594,False,False
2025-09-25,GOOG,-0.0050841081618702155,0.029274064212704,0.04352123649256594,False,False
2025-09-26,GOOG,0.0024738883541233214,0.029274064212704,0.04352123649256594,False,False
2025-09-29,GOOG,-0.011408670292337497,0.029274064212704,0.04352123649256594,False,False
2025-09-30,GOOG,-0.003314784995379627,0.029274064212704,0.04352123649256594,False,False
2025-10-01,GOOG,0.008170739536225824,0.029274064212704,0.04352123649256594,False,False
2025-10-02,GOOG,0.0036246535005710623,0.029274064212704,0.04352123649256594,False,False
2025-10-03,GOOG,8.1139881866088e-05,0.029274064212704,0.04352123649256594,False,False
2025-10-06,GOOG,0.02053156650211574,0.029274064212704,0.04352123649256594,False,False
2025-10-07,GOOG,-0.017414737590982887,0.029274064212704,0.04352123649256594,False,False
2025-10-08,GOOG,-0.006757567379743978,0.029274064212704,0.04352123649256594,False,False
2025-10-09,GOOG,-0.013240482051822822,0.029274064212704,0.04352123649256594,False,False
2025-10-10,GOOG,-0.019487126948820044,0.029274064212704,0.04352123649256594,False,False
2025-10-13,GOOG,0.03010650672288384,0.029274064212704,0.04352123649256594,False,False
2025-10-14,GOOG,0.006335820630914313,0.029274064212704,0.04352123649256594,False,False
2025-10-15,GOOG,0.02242171861211384,0.029274064212704,0.04352123649256594,False,False
2025-10-16,GOOG,0.0006753735888083146,0.029274064212704,0.04352123649256594,False,False
2025-10-17,GOOG,0.007582863891340663,0.029274064212704,0.04352123649256594,False,False
2025-10-20,GOOG,0.012727051552124058,0.029274064212704,0.04352123649256594,False,False
2025-10-21,GOOG,-0.022099314984508567,0.029274064212704,0.04352123649256594,False,False
2025-10-22,GOOG,0.004734574635440358,0.029274064212704,0.04352123649256594,False,False
2025-10-23,GOOG,0.004751884308900944,0.029274064212704,0.04352123649256594,False,False
2025-10-24,GOOG,0.0267214297028191,0.029274064212704,0.04352123649256594,False,False
2025-10-27,GOOG,0.036159736608377235,0.029274064212704,0.04352123649256594,False,False
2025-10-28,GOOG,-0.005556993873069627,0.029274064212704,0.04352123649256594,False,False
2025-10-29,GOOG,0.025108936360739076,0.029274064212704,0.04352123649256594,False,False
2025-10-30,GOOG,0.024457559650286065,0.029274064212704,0.04352123649256594,False,False
2025-10-31,GOOG,-0.0002837219060771723,0.029274064212704,0.04352123649256594,False,False
2025-11-03,GOOG,0.008161111185300829,0.029274064212704,0.04352123649256594,False,False
2025-11-04,GOOG,-0.021328798524887782,0.029274064212704,0.04352123649256594,False,False
2025-11-05,GOOG,0.02405953862932142,0.029274064212704,0.04352123649256594,False,False
2025-11-06,GOOG,0.0020718013873042285,0.029274064212704,0.04352123649256594,False,False
2025-11-07,GOOG,-0.01976575422154425,0.029274064212704,0.04352123649256594,False,False
2025-11-10,GOOG,0.038934528897604403,0.029274064212704,0.04352123649256594,False,False
2025-11-11,GOOG,0.00395745720344598,0.029274064212704,0.04352123649256594,False,False
2025-11-12,GOOG,-0.014773391701700445,0.029274064212704,0.04352123649256594,False,False
2025-11-13,GOOG,-0.028911485149589855,0.029274064212704,0.04352123649256594,False,False
2025-11-14,GOOG,-0.0076667416835655144,0.03026427895951403,0.04352123649256594,False,False
2025-11-17,GOOG,0.03112129865395552,0.03026427895951403,0.04352123649256594,False,False
2025-11-18,GOOG,-0.0022410124345229043,0.03026427895951403,0.04352123649256594,False,False
2025-11-19,GOOG,0.028179403637138334,0.03026427895951403,0.04352123649256594,False,False
2025-11-20,GOOG,-0.010273298092734362,0.03026427895951403,0.04352123649256594,False,False
2025-11-21,GOOG,0.03334707138850579,0.03026427895951403,0.04352123649256594,False,False
2025-11-24,GOOG,0.0628066042672768,0.03026427895951403,0.04352123649256594,False,False
2025-11-25,GOOG,0.016233920641232746,0.03026427895951403,0.04352123649256594,False,False
2025-11-26,GOOG,-0.01038192383910519,0.027921270402779825,0.04223588015369167,False,False
2025-11-28,GOOG,-0.0004995410126610311,0.027921270402779825,0.04223588015369167,False,False
2025-12-01,GOOG,-0.015619199455573218,0.027921270402779825,0.04223588015369167,False,False
2025-12-02,GOOG,0.002856111963084551,0.027921270402779825,0.04223588015369167,False,False
2025-12-03,GOOG,0.014556008342449855,0.027921270402779825,0.04223588015369167,False,False
2025-12-04,GOOG,-0.006955142712550488,0.027921270402779825,0.04223588015369167,False,False
2025-12-05,GOOG,0.011620878276044966,0.027921270402779825,0.04223588015369167,False,False
2025-12-08,GOOG,-0.023083064930204067,0.027921270402779825,0.04223588015369167,False,False
2025-12-09,GOOG,0.010494395297446779,0.027921270402779825,0.04223588015369167,False,False
2025-12-10,GOOG,0.010228165813533696,0.027921270402779825,0.04223588015369167,False,False
2025-12-11,GOOG,-0.02274131654788991,0.027921270402779825,0.04223588015369167,False,False
2025-12-12,GOOG,-0.010137196228924061,0.027921270402779825,0.04223588015369167,False,False
2025-12-15,GOOG,-0.003864406252255592,0.027921270402779825,0.04223588015369167,False,False
2025-12-16,GOOG,-0.005140271310714373,0.027921270402779825,0.04223588015369167,False,False
2025-12-17,GOOG,-0.03142367590473927,0.027921270402779825,0.04223588015369167,True,False
2025-12-18,GOOG,0.0190900346705436,0.03004197098940706,0.04242912559639547,False,False
2025-12-19,GOOG,0.01600005476230182,0.03004197098940706,0.04242912559639547,False,False
2025-12-22,GOOG,0.008813624547362231,0.03004197098940706,0.04242912559639547,False,False
2025-12-23,GOOG,0.013972370333274142,0.027921270402779825,0.04193314913312625,False,False
2025-12-24,GOOG,-3.167376985668824e-05,0.027921270402779825,0.04193314913312625,False,False
2025-12-26,GOOG,-0.0022492963502427354,0.027921270402779825,0.04193314913312625,False,False
2025-12-29,GOOG,-0.0018095322418860693,0.027921270402779825,0.04193314913312625,False,False
2025-12-30,GOOG,0.0005088596729001527,0.027921270402779825,0.04193314913312625,False,False
2025-12-31,GOOG,-0.0023844553999715634,0.027921270402779825,0.04193314913312625,False,False
2026-01-02,GOOG,0.0048438414127685014,0.027921270402779825,0.04193314913312625,False,False
2026-01-05,GOOG,0.006342859436944126,0.027921270402779825,0.04193314913312625,False,False
2026-01-06,GOOG,-0.008729349220703897,0.027921270402779825,0.04193314913312625,False,False
2026-01-07,GOOG,0.025051508961028146,0.027921270402779825,0.04193314913312625,False,False
2026-01-08,GOOG,0.01110334421362813,0.027921270402779825,0.04193314913312625,False,False
2026-01-09,GOOG,0.009600975742163564,0.027921270402779825,0.04193314913312625,False,False
2026-01-12,GOOG,0.010907083919032612,0.027921270402779825,0.04193314913312625,False,False
2026-01-13,GOOG,0.011120144706620927,0.027921270402779825,0.04193314913312625,False,False
2026-01-14,GOOG,-0.00035664271598156994,0.027921270402779825,0.04193314913312625,False,False
2026-01-15,GOOG,-0.009366393288506192,0.027921270402779825,0.04193314913312625,False,False
2026-01-16,GOOG,-0.008464466513566027,0.027921270402779825,0.04193314913312625,False,False
2026-01-20,GOOG,-0.024762205371622326,0.027921270402779825,0.04193314913312625,False,False
2026-01-21,GOOG,0.01930708870974085,0.027921270402779825,0.04193314913312625,False,False
2026-01-22,GOOG,0.007491334896619906,0.027921270402779825,0.04193314913312625,False,False
2026-01-23,GOOG,-0.007284520138231887,0.027921270402779825,0.04193314913312625,False,False
2026-01-26,GOOG,0.01571104897729958,0.027921270402779825,0.04193314913312625,False,False
2026-01-27,GOOG,0.004226778156155575,0.027921270402779825,0.04193314913312625,False,False
2026-01-28,GOOG,0.0038208842205724736,0.027921270402779825,0.04193314913312625,False,False
2026-01-29,GOOG,0.007077387621523101,0.026335602596556273,0.04092112072151996,False,False
2026-01-30,GOOG,-0.0003838188613337623,0.026335602596556273,0.04092112072151996,False,False
2026-02-02,GOOG,0.018816693923361827,0.026335602596556273,0.04092112072151996,False,False
2026-02-03,GOOG,-0.012177458956696308,0.026335602596556273,0.04092112072151996,False,False
2026-02-04,GOOG,-0.021602541101647832,0.026335602596556273,0.04092112072151996,False,False
2026-02-05,GOOG,-0.006029966556141075,0.026335602596556273,0.04092112072151996,False,False
2026-02-06,GOOG,-0.0248391976350284,0.026335602596556273,0.04092112072151996,False,False
2026-02-09,GOOG,0.004023407955434211,0.025461945718179457,0.0375615371196785,False,False
2026-02-10,GOOG,-0.017786580638009863,0.025461945718179457,0.0375615371196785,False,False
2026-02-11,GOOG,-0.02291065946405335,0.02503137867963326,0.03704988888944397,False,False
2026-02-12,GOOG,-0.006295487695272439,0.02503137867963326,0.03704988888944397,False,False
2026-02-13,GOOG,-0.010828515509252234,0.02503137867963326,0.03704988888944397,False,False
2026-02-17,GOOG,-0.010456751990067237,0.02503137867963326,0.03704988888944397,False,False
2026-02-18,GOOG,0.0036985176949353438,0.02503137867963326,0.03704988888944397,False,False
2026-02-19,GOOG,-0.001250294892734538,0.02503137867963326,0.03704988888944397,False,False
2026-02-20,GOOG,0.03735676209430516,0.02503137867963326,0.03704988888944397,False,False
2026-02-23,GOOG,-0.010193629338511867,0.02503137867963326,0.03704988888944397,False,False
2026-02-24,GOOG,-0.002470394894320993,0.02503137867963326,0.03704988888944397,False,False
2026-02-25,GOOG,0.006786168426870409,0.02479685189015506,0.0368751275766889,False,False
2026-02-26,GOOG,-0.018784187367531402,0.02479685189015506,0.0368751275766889,False,False
2026-02-27,GOOG,0.013934646711997178,0.02479685189015506,0.0368751275766889,False,False
2026-03-02,GOOG,-0.016279712298704174,0.02479685189015506,0.0368751275766889,False,False
2026-03-03,GOOG,-0.00913965278062645,0.024020486888992245,0.03680290421629952,False,False
2026-03-04,GOOG,-0.00036222150570319744,0.024020486888992245,0.03680290421629952,False,False
2026-03-05,GOOG,-0.008370489773762313,0.024020486888992245,0.03680290421629952,False,False
2026-03-06,GOOG,-0.008673745513903985,0.024020486888992245,0.03680290421629952,False,False
2026-03-09,GOOG,0.026569241637934393,0.024020486888992245,0.03680290421629952,False,False
2026-03-10,GOOG,0.0030064495527271085,0.024020486888992245,0.03680290421629952,False,False
2026-03-11,GOOG,0.004854497480913711,0.024020486888992245,0.03680290421629952,False,False
2026-03-12,GOOG,-0.016892558953998438,0.023294353340087857,0.03521241535019,False,False
2026-03-13,GOOG,-0.005771544507917725,0.023294353340087857,0.03521241535019,False,False
2026-03-16,GOOG,0.009818876037095414,0.023294353340087857,0.03521241535019,False,False
2026-03-17,GOOG,0.016391831706994653,0.02313423057488462,0.03505322302248141,False,False
2026-03-18,GOOG,-0.01005147601612666,0.02313423057488462,0.03505322302248141,False,False
2026-03-19,GOOG,-0.0018608793657567402,0.02313423057488462,0.03505322302248141,False,False
2026-03-20,GOOG,-0.02269969963937335,0.022988241923821172,0.03502779522385903,False,False
2026-03-23,GOOG,0.0007697488595914681,0.022988241923821172,0.03502779522385903,False,False
2026-03-24,GOOG,-0.032840655378410966,0.022988241923821172,0.03502779522385903,True,False
2026-03-25,GOOG,0.001348489924784424,0.02313423057488462,0.03577837910449033,False,False
2026-03-26,GOOG,-0.03056041388461672,0.02313423057488462,0.03577837910449033,True,False
2026-03-27,GOOG,-0.024862888681608908,0.023901213916785166,0.03634481352924335,True,False
2026-03-30,GOOG,-0.0022645603394441105,0.023901213916785166,0.03574206594315445,False,False
2026-03-31,GOOG,0.05023041557138064,0.023901213916785166,0.03574206594315445,False,False
2026-04-01,GOOG,0.02802767211481716,0.02313423057488462,0.03376654233065749,False,False
2026-04-02,GOOG,-0.0014920416673358528,0.02313423057488462,0.03376654233065749,False,False
2026-04-06,GOOG,0.010867398479060153,0.02313423057488462,0.03376654233065749,False,False
2026-04-07,GOOG,0.021064243283294593,0.02313423057488462,0.03376654233065749,False,False
2026-04-08,GOOG,0.03556746790151144,0.022988241923821172,0.032525477136895714,False,False
2026-04-09,GOOG,0.0051788697841175235,0.022861957476863808,0.03182335987847033,False,False
2026-04-10,GOOG,-0.0020545970558791815,0.022861957476863808,0.03182335987847033,False,False
2026-04-13,GOOG,0.011054158583014395,0.022861957476863808,0.03182335987847033,False,False
2026-04-14,GOOG,0.035619136960600484,0.022861957476863808,0.03182335987847033,False,False
2026-04-15,GOOG,0.011767271108557464,0.022777673779735653,0.030861338346698873,False,False
2026-04-16,GOOG,-0.005082761484220821,0.022777673779735653,0.030861338346698873,False,False
2026-04-17,GOOG,0.01992373591190466,0.022777673779735653,0.030861338346698873,False,False
2026-04-20,GOOG,-0.011785487702563602,0.022777673779735653,0.030861338346698873,False,False
2026-04-21,GOOG,-0.014698836648810332,0.022777673779735653,0.030861338346698873,False,False
2026-04-22,GOOG,0.02196867828162441,0.022777673779735653,0.030861338346698873,False,False
2026-04-23,GOOG,5.9169964819139054e-05,0.022718427248205803,0.03085512343527225,False,False
2026-04-24,GOOG,0.013530755116971882,0.022718427248205803,0.03085512343527225,False,False
2026-04-27,GOOG,0.018111647806745346,0.022718427248205803,0.03085512343527225,False,False
2026-04-28,GOOG,-0.0029266101287310775,0.022718427248205803,0.03085512343527225,False,False
2026-04-29,GOOG,-0.0005467504137998125,0.022718427248205803,0.03085512343527225,False,False
2026-04-30,GOOG,0.09970914350416105,0.022718427248205803,0.03085512343527225,False,False
2026-05-01,GOOG,0.003351342469023688,0.022718427248205803,0.03085512343527225,False,False
2026-05-06,GOOG,0.03239523833292224,0.022718427248205803,0.03085512343527225,False,False
2026-05-07,GOOG,0.0004048517958212816,0.022718427248205803,0.03085512343527225,False,False
2026-05-08,GOOG,0.0044270175918055266,0.022718427248205803,0.03085512343527225,False,False
2026-05-11,GOOG,-0.025890943446287396,0.022718427248205803,0.03085512343527225,True,False
2026-05-12,GOOG,-0.007627224896574969,0.02281752086016346,0.031097402427456674,False,False
2026-05-13,GOOG,0.03965400690497756,0.022718427248205803,0.0270728438482997,False,False
2026-05-14,GOOG,-0.00468623465603446,0.022718427248205803,0.0270728438482997,False,False
2026-05-15,GOOG,-0.009693597133098142,0.022718427248205803,0.0270728438482997,False,False
2026-05-18,GOOG,0.016042910203122096,0.022718427248205803,0.0270728438482997,False,False
2026-05-19,GOOG,-0.029427244255779805,0.022718427248205803,0.0270728438482997,True,True
2026-05-20,GOOG,-0.012401056073286898,0.02281752086016346,0.027587145979675844,False,False
2026-05-21,GOOG,-0.00289768015098657,0.02281752086016346,0.027587145979675844,False,False
2026-05-22,GOOG,-0.006728648362565592,0.02281752086016346,0.027587145979675844,False,False
2026-05-26,GOOG,0.010253529655736449,0.02281752086016346,0.027587145979675844,False,False
2026-05-27,GOOG,0.012289044557799222,0.02281752086016346,0.027587145979675844,False,False
2026-05-28,GOOG,-0.007861276932265349,0.02281752086016346,0.027587145979675844,False,False
2026-05-29,GOOG,-0.022081937395715956,0.02281752086016346,0.027587145979675844,False,False
2026-06-01,GOOG,-0.011290279952959281,0.02281752086016346,0.027587145979675844,False,False
2026-06-02,GOOG,-0.015127102460117947,0.02281752086016346,0.027587145979675844,False,False
2026-06-03,GOOG,-0.029477542042325777,0.02281752086016346,0.027587145979675844,True,True
2026-06-04,GOOG,0.02106844852369183,0.022988241923821172,0.02809229079338911,False,False
2026-06-05,GOOG,0.006937615898579885,0.022988241923821172,0.02809229079338911,False,False
2026-06-08,GOOG,-0.012849989286808472,0.022988241923821172,0.02809229079338911,False,False
2026-06-09,GOOG,0.018223827242073387,0.022988241923821172,0.02809229079338911,False,False
2026-06-10,GOOG,-0.009247914637086074,0.022988241923821172,0.02809229079338911,False,False
2026-06-11,GOOG,-0.055238292490182195,0.022988241923821172,0.02809229079338911,True,True
2026-06-12,GOOG,0.04079974643769435,0.02313423057488462,0.03056576983646435,False,False
2026-06-15,GOOG,0.031466352743016124,0.02313423057488462,0.03056576983646435,False,False
2026-06-16,GOOG,0.0028016232645673433,0.02313423057488462,0.03056576983646435,False,False
2026-06-17,GOOG,-0.015143091539060793,0.02313423057488462,0.03056576983646435,False,False
2026-06-18,GOOG,0.007139768922750589,0.02313423057488462,0.03056576983646435,False,False
2026-06-22,GOOG,-0.06189788179965183,0.02313423057488462,0.03056576983646435,True,True
2026-06-23,GOOG,0.00925402861870106,0.023901213916785166,0.033542778716220065,False,False
2026-06-24,GOOG,0.008838654856413664,0.023901213916785166,0.033542778716220065,False,False
2026-06-25,GOOG,-0.025044185622480564,0.023901213916785166,0.033542778716220065,True,False
2026-06-26,GOOG,-0.021917647933867523,0.023901213916785166,0.032705893204794154,False,False
2026-06-29,GOOG,0.049568245889851426,0.023901213916785166,0.032705893204794154,False,False
2026-06-30,GOOG,0.005835765771158297,0.023901213916785166,0.032705893204794154,False,False
2026-07-01,GOOG,0.012905862082099873,0.023901213916785166,0.032705893204794154,False,False
2026-07-02,GOOG,-0.004778065614197247,0.023901213916785166,0.032705893204794154,False,False
2026-07-06,GOOG,0.005376519131620849,0.023901213916785166,0.032705893204794154,False,False
2026-07-07,GOOG,0.015428849544535161,0.023901213916785166,0.032705893204794154,False,False
2026-07-08,GOOG,-0.0135031178924222,0.023901213916785166,0.032705893204794154,False,False
2026-07-09,GOOG,-0.006885788741717969,0.023901213916785166,0.032705893204794154,False,False
2026-07-10,GOOG,-0.003396562677542292,0.023901213916785166,0.032705893204794154,False,False
2026-07-13,GOOG,-0.012280611121745943,0.023901213916785166,0.032705893204794154,False,False
2026-07-14,GOOG,0.01899213759235141,0.023901213916785166,0.032705893204794154,False,False
2026-07-15,GOOG,0.036045127380339936,0.023901213916785166,0.032705893204794154,False,False
2026-07-16,GOOG,-0.044299166081459895,0.023901213916785166,0.032705893204794154,True,True
2026-07-17,GOOG,-0.021734836478533137,0.02479685189015506,0.03420873633632012,False,False
2026-07-20,GOOG,0.015168149988626034,0.02479685189015506,0.03420873633632012,False,False
2026-07-21,GOOG,-0.01474227380756754,0.02479685189015506,0.03420873633632012,False,False
2026-07-22,GOOG,-0.012363149568483833,0.02479685189015506,0.03420873633632012,False,False
2026-07-23,GOOG,-0.06893629046171945,0.02479685189015506,0.03420873633632012,True,True
2026-07-24,GOOG,0.002355971629791398,0.02484985860598963,0.03760082039991174,False,False
2026-07-27,GOOG,0.023441696926178146,0.02484985860598963,0.03760082039991174,False,False
2026-07-28,GOOG,0.01846464354979882,0.02484985860598963,0.03760082039991174,False,False
2026-07-29,GOOG,0.009500912820566532,0.02484985860598963,0.03760082039991174,False,False
2026-07-30,GOOG,-0.006194951838653151,0.02484985860598963,0.03760082039991174,False,False
2026-07-31,GOOG,0.06883841322491824,0.02484985860598963,0.03760082039991174,False,False
2026-08-03,GOOG,0.044357234249134514,0.02484985860598963,0.03760082039991174,False,False
2026-08-04,GOOG,0.007732179432904163,0.02484985860598963,0.03760082039991174,False,False
2026-08-05,GOOG,-0.040548823693120406,0.02484985860598963,0.03760082039991174,True,True
2026-08-06,GOOG,-0.009746507422415895,0.02494447230500115,0.03880743078541263,False,False
2026-08-07,GOOG,-0.008832914417626125,0.02494447230500115,0.03880743078541263,False,False
2026-08-10,GOOG,0.006704939907213436,0.02494447230500115,0.03880743078541263,False,False
2026-08-11,GOOG,-0.0360836231734285,0.02494447230500115,0.03880743078541263,True,False
2026-08-12,GOOG,-0.0018367489294824901,0.02542522664319363,0.039656618289331695,False,False
2026-08-13,GOOG,0.004585703614831571,0.02542522664319363,0.039656618289331695,False,False
2026-08-14,GOOG,-0.001162975791257459,0.02542522664319363,0.039656618289331695,False,False
2026-08-17,GOOG,-0.006083705786533833,0.02542522664319363,0.039656618289331695,False,False
2026-08-18,GOOG,-0.0004979160101223901,0.02542522664319363,0.039656618289331695,False,False
2026-08-19,GOOG,0.0012307003904028502,0.02542522664319363,0.039656618289331695,False,False
2026-08-20,GOOG,-0.010242902765480122,0.02542522664319363,0.039656618289331695,False,False
2026-08-21,GOOG,0.010496711013705085,0.02542522664319363,0.039656618289331695,False,False
2026-08-24,GOOG,0.008310157535890594,0.02542522664319363,0.039656618289331695,False,False
2026-08-25,GOOG,-0.0036274993856011406,0.02542522664319363,0.039656618289331695,False,False
2026-08-26,GOOG,-0.012349246460066632,0.02542522664319363,0.039656618289331695,False,False
2026-08-27,GOOG,-0.004099128939600072,0.02542522664319363,0.039656618289331695,False,False
2026-08-28,GOOG,0.015309033071418954,0.02542522664319363,0.039656618289331695,False,False
2026-08-31,GOOG,-0.02423213865489826,0.02542522664319363,0.039656618289331695,False,False
2026-09-01,GOOG,-0.004532057699773162,0.02542522664319363,0.039656618289331695,False,False
2026-09-02,GOOG,-0.0022818431332950473,0.02542522664319363,0.039656618289331695,False,False
2026-09-03,GOOG,0.017078161162965788,0.02542522664319363,0.039656618289331695,False,False
2026-09-04,GOOG,-0.007870531859341945,0.02542522664319363,0.039656618289331695,False,False
2026-09-08,GOOG,-0.0024455200566319,0.02542522664319363,0.039656618289331695,False,False
2026-09-09,GOOG,-0.02430567466941491,0.02542522664319363,0.039656618289331695,False,False
2026-09-10,GOOG,0.005668605792841674,0.02542522664319363,0.039656618289331695,False,False
2026-09-11,GOOG,0.02205911136298866,0.02542522664319363,0.039656618289331695,False,False
2026-09-14,GOOG,0.025756398320018636,0.02542522664319363,0.039656618289331695,False,False
2026-09-15,GOOG,-0.011799231601626992,0.02542522664319363,0.039656618289331695,False,False
2026-09-16,GOOG,0.007440516390846419,0.02542522664319363,0.039656618289331695,False,False
2026-09-17,GOOG,0.003736568158627218,0.02542522664319363,0.039656618289331695,False,False
2026-09-18,GOOG,0.0016577691085670754,0.02542522664319363,0.039656618289331695,False,False
2026-09-21,GOOG,0.02078918610370528,0.02542522664319363,0.039656618289331695,False,False
2026-09-22,GOOG,0.001791975622742692,0.02542522664319363,0.039656618289331695,False,False
2026-09-23,GOOG,-0.04048838521119258,0.02542522664319363,0.039656618289331695,True,True
2026-09-24,GOOG,-0.010904295235757644,0.027250187212773468,0.04077949842509364,False,False
2026-09-25,GOOG,0.020418487650905703,0.027250187212773468,0.04077949842509364,False,False
2026-09-28,GOOG,-0.00646471988704167,0.027250187212773468,0.04077949842509364,False,False
2026-09-29,GOOG,-0.007893730115732245,0.027250187212773468,0.04077949842509364,False,False
2026-09-30,GOOG,0.03545503413847584,0.027250187212773468,0.04077949842509364,False,False
2026-10-01,GOOG,-0.03596457885005222,0.027250187212773468,0.04077949842509364,True,False
2026-10-02,GOOG,0.014153754212194114,0.029143576747375326,0.04132204409435997,False,False
2026-10-05,GOOG,0.010224711051397994,0.029143576747375326,0.04132204409435997,False,False
2026-10-06,GOOG,-0.0012505967849633093,0.029143576747375326,0.04132204409435997,False,False
2026-10-07,GOOG,0.005110672434494923,0.029143576747375326,0.04132204409435997,False,False
2025-01-02,NVDA,0.029935353425803557,0.04702328004210225,0.06696925715707935,False,False
2025-01-03,NVDA,0.044537500673347497,0.04702328004210225,0.06696925715707935,False,False
2025-01-06,NVDA,0.03433238744214284,0.04702328004210225,0.06696925715707935,False,False
2025-01-07,NVDA,-0.062169580578878336,0.04702328004210225,0.06696925715707935,True,False
2025-01-08,NVDA,-0.00021385837182930079,0.049022630464525825,0.06811903039804991,False,False
2025-01-10,NVDA,-0.029976494569030177,0.049022630464525825,0.06811903039804991,False,False
2025-01-13,NVDA,-0.019718982076876057,0.049022630464525825,0.06811903039804991,False,False
2025-01-14,NVDA,-0.01103358107322927,0.049022630464525825,0.06811903039804991,False,False
2025-01-15,NVDA,0.03400112557211843,0.049022630464525825,0.06811903039804991,False,False
2025-01-16,NVDA,-0.019597558499705348,0.049022630464525825,0.06811903039804991,False,False
2025-01-17,NVDA,0.030994908726224013,0.049022630464525825,0.06811903039804991,False,False
2025-01-21,NVDA,0.022656284022364526,0.049022630464525825,0.06811903039804991,False,False
2025-01-22,NVDA,0.04430880623931399,0.049022630464525825,0.06811903039804991,False,False
2025-01-23,NVDA,0.0010198424050138488,0.049022630464525825,0.06811903039804991,False,False
2025-01-24,NVDA,-0.03124590176881481,0.049022630464525825,0.06811903039804991,False,False
2025-01-27,NVDA,-0.16968158214651996,0.049022630464525825,0.06811903039804991,True,True
2025-01-28,NVDA,0.0892586535974631,0.05313716544024813,0.07723124785905021,False,False
2025-01-29,NVDA,-0.04101092718593535,0.05313716544024813,0.07723124785905021,False,False
2025-01-30,NVDA,0.007679824538892266,0.05313716544024813,0.07723124785905021,False,False
2025-01-31,NVDA,-0.03674290722496465,0.05313716544024813,0.07723124785905021,False,False
2025-02-03,NVDA,-0.028400090438924996,0.05313716544024813,0.07723124785905021,False,False
2025-02-04,NVDA,0.01705810461759505,0.05313716544024813,0.07723124785905021,False,False
2025-02-05,NVDA,0.05208597122172298,0.05313716544024813,0.07723124785905021,False,False
2025-02-06,NVDA,0.030842039463432336,0.05313716544024813,0.07723124785905021,False,False
2025-02-07,NVDA,0.009014306545391593,0.05313716544024813,0.07723124785905021,False,False
2025-02-10,NVDA,0.028728034362176746,0.05313716544024813,0.07723124785905021,False,False
2025-02-11,NVDA,-0.005764864495561239,0.05313716544024813,0.07723124785905021,False,False
2025-02-12,NVDA,-0.012499871839017351,0.05313716544024813,0.07723124785905021,False,False
2025-02-13,NVDA,0.031645416043706964,0.05313716544024813,0.07723124785905021,False,False
2025-02-14,NVDA,0.02631397423209214,0.05313716544024813,0.07723124785905021,False,False
2025-02-18,NVDA,0.0039610182913103475,0.05313716544024813,0.07723124785905021,False,False
2025-02-19,NVDA,-0.0012196140453268889,0.05313716544024813,0.07723124785905021,False,False
2025-02-20,NVDA,0.0063206628526371045,0.05313716544024813,0.07723124785905021,False,False
2025-02-21,NVDA,-0.040539798340501476,0.05313716544024813,0.07723124785905021,False,False
2025-02-24,NVDA,-0.030870943582435584,0.05313716544024813,0.07723124785905021,False,False
2025-02-25,NVDA,-0.028016671189648235,0.05313716544024813,0.07723124785905021,False,False
2025-02-26,NVDA,0.03672111734115413,0.05313716544024813,0.07723124785905021,False,False
2025-02-27,NVDA,-0.08478058783146702,0.05313716544024813,0.07723124785905021,True,True
2025-02-28,NVDA,0.03970042093330339,0.05556246610350551,0.07948536998184437,False,False
2025-03-03,NVDA,-0.08693560636839914,0.05556246610350551,0.07948536998184437,True,True
2025-03-04,NVDA,0.016920825321121713,0.058593119673378,0.08189065321117815,False,False
2025-03-05,NVDA,0.011294234057385832,0.058593119673378,0.08189065321117815,False,False
2025-03-06,NVDA,-0.057374470643626885,0.058593119673378,0.08189065321117815,False,False
2025-03-07,NVDA,0.019173506012725605,0.059532270114489985,0.08189065321117815,False,False
2025-03-10,NVDA,-0.05066992976917173,0.059532270114489985,0.08189065321117815,False,False
2025-03-11,NVDA,0.016638491102549446,0.059532270114489985,0.08189065321117815,False,False
2025-03-12,NVDA,0.06427590343405121,0.059532270114489985,0.08189065321117815,False,False
2025-03-13,NVDA,-0.0013822923571134016,0.059532270114489985,0.08189065321117815,False,False
2025-03-14,NVDA,0.052690677698312705,0.059532270114489985,0.08189065321117815,False,False
2025-03-17,NVDA,-0.01758846756467991,0.059532270114489985,0.08189065321117815,False,False
2025-03-18,NVDA,-0.03430098943377513,0.059532270114489985,0.08189065321117815,False,False
2025-03-19,NVDA,0.018106120352392452,0.059532270114489985,0.08189065321117815,False,False
2025-03-20,NVDA,0.008594236500600871,0.059532270114489985,0.08189065321117815,False,False
2025-03-21,NVDA,-0.007002441329968301,0.059532270114489985,0.08189065321117815,False,False
2025-03-24,NVDA,0.031520827586296596,0.059532270114489985,0.08189065321117815,False,False
2025-03-25,NVDA,-0.00593029138838963,0.059532270114489985,0.08189065321117815,False,False
2025-03-26,NVDA,-0.057419838731602835,0.059532270114489985,0.08189065321117815,False,False
2025-03-27,NVDA,-0.020481749741028232,0.05955722256287676,0.08189065321117815,False,False
2025-03-28,NVDA,-0.015794642330693054,0.05955722256287676,0.08189065321117815,False,False
2025-03-31,NVDA,-0.01176259310158212,0.05955722256287676,0.08189065321117815,False,False
2025-04-01,NVDA,0.01633143957023675,0.05955722256287676,0.08189065321117815,False,False
2025-04-02,NVDA,0.002451174240922338,0.05955722256287676,0.08189065321117815,False,False
2025-04-03,NVDA,-0.0780654755658221,0.05955722256287676,0.08189065321117815,True,False
2025-04-04,NVDA,-0.07357558820108612,0.06280333154670649,0.08311341436401999,True,False
2025-04-07,NVDA,0.03530894004649521,0.06369967821482393,0.08388246606695424,False,False
2025-04-08,NVDA,-0.013723833639819327,0.06369967821482393,0.08388246606695424,False,False
2025-04-09,NVDA,0.1872274776475975,0.06369967821482393,0.08388246606695424,False,False
2025-04-10,NVDA,-0.059127100272181154,0.06369967821482393,0.08388246606695424,False,False
2025-04-11,NVDA,0.031235541487748764,0.06369967821482393,0.08388246606695424,False,False
2025-04-14,NVDA,-0.001983349653822186,0.06369967821482393,0.08388246606695424,False,False
2025-04-15,NVDA,0.013458586448408472,0.06369967821482393,0.08388246606695424,False,False
2025-04-16,NVDA,-0.06871658280776227,0.06369967821482393,0.08388246606695424,True,False
2025-04-17,NVDA,-0.028710894895492833,0.06492438680959817,0.08425693408119125,False,False
2025-04-21,NVDA,-0.0451274783927359,0.06492438680959817,0.08425693408119125,False,False
2025-04-22,NVDA,0.020431270611792174,0.06492438680959817,0.08425693408119125,False,False
2025-04-23,NVDA,0.0386286628988366,0.06492438680959817,0.08425693408119125,False,False
2025-04-24,NVDA,0.036218536969549575,0.06369967821482393,0.08147249947346963,False,False
2025-04-25,NVDA,0.04303300778302388,0.06369967821482393,0.08147249947346963,False,False
2025-04-28,NVDA,-0.020538594569268986,0.06369967821482393,0.08147249947346963,False,False
2025-04-29,NVDA,0.0026669979457087933,0.06369967821482393,0.08147249947346963,False,False
2025-04-30,NVDA,-0.0009172469793781168,0.06369967821482393,0.08147249947346963,False,False
2025-05-01,NVDA,0.02469704604798939,0.06369967821482393,0.08147249947346963,False,False
2025-05-02,NVDA,0.025893794229703726,0.06369967821482393,0.08147249947346963,False,False
2025-05-05,NVDA,-0.005939014926595432,0.06369967821482393,0.08147249947346963,False,False
2025-05-06,NVDA,-0.0024599014426637256,0.06369967821482393,0.08147249947346963,False,False
2025-05-07,NVDA,0.03100230267443549,0.06369967821482393,0.08147249947346963,False,False
2025-05-08,NVDA,0.002648207663911606,0.06369967821482393,0.08147249947346963,False,False
2025-05-09,NVDA,-0.006134418005449338,0.06369967821482393,0.08147249947346963,False,False
2025-05-12,NVDA,0.05443631657205805,0.06369967821482393,0.08147249947346963,False,False
2025-05-13,NVDA,0.0563413405632629,0.06369967821482393,0.08147249947346963,False,False
2025-05-14,NVDA,0.04163782656521553,0.06369967821482393,0.08147249947346963,False,False
2025-05-15,NVDA,-0.0037681429050507864,0.06369967821482393,0.08147249947346963,False,False
2025-05-16,NVDA,0.004227369871378395,0.06369967821482393,0.08147249947346963,False,False
2025-05-19,NVDA,0.0012556417166342815,0.06369967821482393,0.08147249947346963,False,False
2025-05-20,NVDA,-0.008777679547163797,0.06369967821482393,0.08147249947346963,False,False
2025-05-21,NVDA,-0.01919922354800585,0.06369967821482393,0.08147249947346963,False,False
2025-05-22,NVDA,0.007814722449160039,0.06369967821482393,0.08147249947346963,False,False
2025-05-23,NVDA,-0.011593818349999951,0.06369967821482393,0.08147249947346963,False,False
2025-05-27,NVDA,0.03206671283773077,0.06369967821482393,0.08147249947346963,False,False
2025-05-28,NVDA,-0.005092578951117699,0.06369967821482393,0.08147249947346963,False,False
2025-05-29,NVDA,0.03249022261327483,0.06369967821482393,0.08147249947346963,False,False
2025-05-30,NVDA,-0.029168674211518475,0.06369967821482393,0.08147249947346963,False,False
2025-06-02,NVDA,0.016650738849225855,0.06369967821482393,0.08147249947346963,False,False
2025-06-03,NVDA,0.027951533334639844,0.06369967821482393,0.08147249947346963,False,False
2025-06-04,NVDA,0.004956827076061376,0.06369967821482393,0.08147249947346963,False,False
2025-06-05,NVDA,-0.01359917874179517,0.06369967821482393,0.08147249947346963,False,False
2025-06-06,NVDA,0.012358126807255676,0.06369967821482393,0.08147249947346963,False,False
2025-06-09,NVDA,0.006420815856484685,0.06369967821482393,0.08147249947346963,False,False
2025-06-10,NVDA,0.009324976587010259,0.06369967821482393,0.08147249947346963,False,False
2025-06-11,NVDA,-0.007780504778059361,0.06369967821482393,0.08147249947346963,False,False
2025-06-12,NVDA,0.015192863097272857,0.06369967821482393,0.08147249947346963,False,False
2025-06-13,NVDA,-0.020896414811245267,0.06369967821482393,0.08147249947346963,False,False
2025-06-16,NVDA,0.01915888424422807,0.06369967821482393,0.08147249947346963,False,False
2025-06-17,NVDA,-0.003939547998050963,0.06369967821482393,0.08147249947346963,False,False
2025-06-18,NVDA,0.009436589611780732,0.06369967821482393,0.08147249947346963,False,False
2025-06-20,NVDA,-0.011204147514423779,0.06369967821482393,0.08147249947346963,False,False
2025-06-23,NVDA,0.0022245162102580984,0.06369967821482393,0.08147249947346963,False,False
2025-06-24,NVDA,0.02587220319288308,0.06369967821482393,0.08147249947346963,False,False
2025-06-25,NVDA,0.043339980306261294,0.06369967821482393,0.08147249947346963,False,False
2025-06-26,NVDA,0.004601253751937984,0.06369967821482393,0.08147249947346963,False,False
2025-06-27,NVDA,0.01761057090120932,0.06280333154670649,0.08122152416589462,False,False
2025-06-30,NVDA,0.0015214758286448138,0.06280333154670649,0.08122152416589462,False,False
2025-07-01,NVDA,-0.029685428104048728,0.06280333154670649,0.08122152416589462,False,False
2025-07-02,NVDA,0.02576637692010819,0.06280333154670649,0.08122152416589462,False,False
2025-07-03,NVDA,0.013290922222789714,0.06280333154670649,0.08122152416589462,False,False
2025-07-07,NVDA,-0.006903357601449889,0.06280333154670649,0.08122152416589462,False,False
2025-07-08,NVDA,0.011122326353633083,0.06280333154670649,0.08122152416589462,False,False
2025-07-09,NVDA,0.01800000363284937,0.06280333154670649,0.08122152416589462,False,False
2025-07-10,NVDA,0.007490145694311945,0.06280333154670649,0.08122152416589462,False,False
2025-07-11,NVDA,0.004996947749327463,0.06280333154670649,0.08122152416589462,False,False
2025-07-14,NVDA,-0.005153983715270205,0.06280333154670649,0.08122152416589462,False,False
2025-07-15,NVDA,0.040409509883660544,0.06280333154670649,0.08122152416589462,False,False
2025-07-16,NVDA,0.003924951620251083,0.06280333154670649,0.08122152416589462,False,False
2025-07-17,NVDA,0.009511641480478783,0.06280333154670649,0.08122152416589462,False,False
2025-07-18,NVDA,-0.003410435657248967,0.06280333154670649,0.08122152416589462,False,False
2025-07-21,NVDA,-0.005974047635524227,0.06280333154670649,0.08122152416589462,False,False
2025-07-22,NVDA,-0.025382262396461908,0.06049621641019485,0.08090846411347953,False,False
2025-07-23,NVDA,0.02245098514162347,0.06049621641019485,0.08090846411347953,False,False
2025-07-24,NVDA,0.017332510393997858,0.06049621641019485,0.08090846411347953,False,False
2025-07-25,NVDA,-0.0013816240566869586,0.06049621641019485,0.08090846411347953,False,False
2025-07-28,NVDA,0.01873208260588166,0.06049621641019485,0.08090846411347953,False,False
2025-07-29,NVDA,-0.007015572535573056,0.05818810642486306,0.08022350297219277,False,False
2025-07-30,NVDA,0.021423233312285905,0.05818810642486306,0.08022350297219277,False,False
2025-07-31,NVDA,-0.007809368973123232,0.05818810642486306,0.08022350297219277,False,False
2025-08-01,NVDA,-0.02333164092101625,0.05818810642486306,0.08022350297219277,False,False
2025-08-04,NVDA,0.03615010324412227,0.05739488628321606,0.07922223789685376,False,False
2025-08-05,NVDA,-0.009666778895515149,0.05739488628321606,0.07922223789685376,False,False
2025-08-06,NVDA,0.0065074537061389215,0.05399102712406585,0.07850175934082668,False,False
2025-08-07,NVDA,0.007524316044121848,0.05399102712406585,0.07850175934082668,False,False
2025-08-08,NVDA,0.010676375503661184,0.050918701192126666,0.077551362347794,False,False
2025-08-11,NVDA,-0.0035028907493092065,0.050918701192126666,0.077551362347794,False,False
2025-08-12,NVDA,0.006042027521412585,0.04877385904157089,0.07750883731822905,False,False
2025-08-13,NVDA,-0.008571838977268653,0.04877385904157089,0.07750883731822905,False,False
2025-08-14,NVDA,0.0023680104963379467,0.04877385904157089,0.07750883731822905,False,False
2025-08-15,NVDA,-0.008625525339712836,0.04877385904157089,0.07750883731822905,False,False
2025-08-18,NVDA,0.00864504994473192,0.04877385904157089,0.07750883731822905,False,False
2025-08-19,NVDA,-0.03499799059183495,0.04877385904157089,0.07750883731822905,False,False
2025-08-20,NVDA,-0.0013665042641969327,0.04877385904157089,0.07750883731822905,False,False
2025-08-21,NVDA,-0.0023944585512396532,0.04877385904157089,0.07750883731822905,False,False
2025-08-22,NVDA,0.017201984433498296,0.04877385904157089,0.07750883731822905,False,False
2025-08-25,NVDA,0.010225316354963043,0.04877385904157089,0.07750883731822905,False,False
2025-08-26,NVDA,0.010900366569657205,0.04877385904157089,0.07750883731822905,False,False
2025-08-27,NVDA,-0.0009351750270146786,0.04877385904157089,0.07750883731822905,False,False
2025-08-28,NVDA,-0.007874514497031027,0.04877385904157089,0.07750883731822905,False,False
2025-08-29,NVDA,-0.03324643662953308,0.04877385904157089,0.07750883731822905,False,False
2025-09-02,NVDA,-0.01952009877813865,0.04877385904157089,0.07750883731822905,False,False
2025-09-03,NVDA,-0.0009368682464988565,0.04877385904157089,0.07750883731822905,False,False
2025-09-04,NVDA,0.006095533447482593,0.04702328004210225,0.07622991653542753,False,False
2025-09-05,NVDA,-0.02703016265075109,0.04702328004210225,0.07622991653542753,False,False
2025-09-08,NVDA,0.007723476941117413,0.04590722949523768,0.0725076253833305,False,False
2025-09-09,NVDA,0.014556528499109156,0.04590722949523768,0.0725076253833305,False,False
2025-09-10,NVDA,0.03847512663982333,0.04590722949523768,0.0725076253833305,False,False
2025-09-11,NVDA,-0.0008460227399664788,0.04590722949523768,0.0725076253833305,False,False
2025-09-12,NVDA,0.0036690013287277168,0.04590722949523768,0.0725076253833305,False,False
2025-09-15,NVDA,-0.00039378070766982187,0.04590722949523768,0.0725076253833305,False,False
2025-09-16,NVDA,-0.016146292175787336,0.04590722949523768,0.0725076253833305,False,False
2025-09-17,NVDA,-0.026246632386828783,0.04590722949523768,0.0725076253833305,False,False
2025-09-18,NVDA,0.034940469042348044,0.04590722949523768,0.0725076253833305,False,False
2025-09-19,NVDA,0.00243984378681672,0.04590722949523768,0.0725076253833305,False,False
2025-09-22,NVDA,0.0392823835910463,0.04590722949523768,0.0725076253833305,False,False
2025-09-23,NVDA,-0.02821204324514892,0.04590722949523768,0.0725076253833305,False,False
2025-09-24,NVDA,-0.008182405765993161,0.04590722949523768,0.0725076253833305,False,False
2025-09-25,NVDA,0.0040683871401558935,0.04590722949523768,0.0725076253833305,False,False
2025-09-26,NVDA,0.002813916776754244,0.04590722949523768,0.0725076253833305,False,False
2025-09-29,NVDA,0.020539832406133218,0.04590722949523768,0.0725076253833305,False,False
2025-09-30,NVDA,0.026010500085076993,0.04590722949523768,0.0725076253833305,False,False
2025-10-01,NVDA,0.003537325381961498,0.04590722949523768,0.0725076253833305,False,False
2025-10-02,NVDA,0.008812223729646407,0.04590722949523768,0.0725076253833305,False,False
2025-10-03,NVDA,-0.006723506717838501,0.04590722949523768,0.0725076253833305,False,False
2025-10-06,NVDA,-0.011086313624222632,0.04590722949523768,0.0725076253833305,False,False
2025-10-07,NVDA,-0.0026947807367322385,0.04590722949523768,0.0725076253833305,False,False
2025-10-08,NVDA,0.021995326917785052,0.04590722949523768,0.0725076253833305,False,False
2025-10-09,NVDA,0.018296261403771608,0.04590722949523768,0.0725076253833305,False,False
2025-10-10,NVDA,-0.048865358946569515,0.04590722949523768,0.0725076253833305,True,False
2025-10-13,NVDA,0.028172212092224758,0.04702328004210225,0.07266186386994987,False,False
2025-10-14,NVDA,-0.04402097619247958,0.04702328004210225,0.07266186386994987,False,False
2025-10-15,NVDA,-0.0011109367543433724,0.04702328004210225,0.07266186386994987,False,False
2025-10-16,NVDA,0.011010386767360991,0.04702328004210225,0.07266186386994987,False,False
2025-10-17,NVDA,0.007755357241106875,0.04702328004210225,0.07266186386994987,False,False
2025-10-20,NVDA,-0.0031655906969700887,0.04607025091682225,0.07266186386994987,False,False
2025-10-21,NVDA,-0.008103334367036585,0.04607025091682225,0.07266186386994987,False,False
2025-10-22,NVDA,-0.00485768219622118,0.04607025091682225,0.07266186386994987,False,False
2025-10-23,NVDA,0.01042829092822517,0.04607025091682225,0.07266186386994987,False,False
2025-10-24,NVDA,0.022507652501090547,0.04607025091682225,0.07266186386994987,False,False
2025-10-27,NVDA,0.02807902404094098,0.04607025091682225,0.07266186386994987,False,False
2025-10-28,NVDA,0.04981990486196963,0.04607025091682225,0.07266186386994987,False,False
2025-10-29,NVDA,0.029895883913934496,0.04607025091682225,0.07266186386994987,False,False
2025-10-30,NVDA,-0.020044411472633805,0.04607025091682225,0.07266186386994987,False,False
2025-10-31,NVDA,-0.0019713802330344476,0.04607025091682225,0.07266186386994987,False,False
2025-11-03,NVDA,0.021680051195482886,0.04607025091682225,0.07266186386994987,False,False
2025-11-04,NVDA,-0.03958816719273994,0.04607025091682225,0.07266186386994987,False,False
2025-11-05,NVDA,-0.017514783807456413,0.04451890218259491,0.07250070617352485,False,False
2025-11-06,NVDA,-0.036524780600977635,0.04451890218259491,0.07250070617352485,False,False
2025-11-07,NVDA,0.00037221822381083847,0.04451890218259491,0.07250070617352485,False,False
2025-11-10,NVDA,0.05793257804752372,0.04451890218259491,0.07250070617352485,False,False
2025-11-11,NVDA,-0.029590595740832226,0.04451890218259491,0.07250070617352485,False,False
2025-11-12,NVDA,0.0033133317675848595,0.04451890218259491,0.07250070617352485,False,False
2025-11-13,NVDA,-0.03581005074692667,0.04451890218259491,0.07250070617352485,False,False
2025-11-14,NVDA,0.017713738037057114,0.04451890218259491,0.07250070617352485,False,False
2025-11-17,NVDA,-0.018772569622898194,0.04451890218259491,0.07250070617352485,False,False
2025-11-18,NVDA,-0.028081628611506537,0.04451890218259491,0.07250070617352485,False,False
2025-11-19,NVDA,0.02845174000170858,0.04451890218259491,0.07250070617352485,False,False
2025-11-20,NVDA,-0.03152479724769053,0.04451890218259491,0.07250070617352485,False,False
2025-11-21,NVDA,-0.009743078144453632,0.04451890218259491,0.07250070617352485,False,False
2025-11-24,NVDA,0.020516524026680916,0.04451890218259491,0.07250070617352485,False,False
2025-11-25,NVDA,-0.025910592565414503,0.04451890218259491,0.07250070617352485,False,False
2025-11-26,NVDA,0.013721597555772735,0.04451890218259491,0.07250070617352485,False,False
2025-11-28,NVDA,-0.01808492693090802,0.04451890218259491,0.07250070617352485,False,False
2025-12-01,NVDA,0.01649711013028865,0.04451890218259491,0.07250070617352485,False,False
2025-12-02,NVDA,0.008559426101467649,0.04451890218259491,0.07250070617352485,False,False
2025-12-03,NVDA,-0.010305434879725905,0.04451890218259491,0.07250070617352485,False,False
2025-12-04,NVDA,0.021160536930654228,0.04451890218259491,0.07250070617352485,False,False
2025-12-05,NVDA,-0.005289603321452563,0.04451890218259491,0.07250070617352485,False,False
2025-12-08,NVDA,0.017214000437512533,0.04451890218259491,0.07250070617352485,False,False
2025-12-09,NVDA,-0.0031258304609961263,0.04451890218259491,0.07250070617352485,False,False
2025-12-10,NVDA,-0.006433411769608655,0.04451890218259491,0.07250070617352485,False,False
2025-12-11,NVDA,-0.015507708040444768,0.04451890218259491,0.07250070617352485,False,False
2025-12-12,NVDA,-0.032664519367996636,0.04451890218259491,0.07250070617352485,False,False
2025-12-15,NVDA,0.007256189498619836,0.04451890218259491,0.07250070617352485,False,False
2025-12-16,NVDA,0.008111661183153096,0.04451890218259491,0.07250070617352485,False,False
2025-12-17,NVDA,-0.038149834245090775,0.04451890218259491,0.07250070617352485,False,False
2025-12-18,NVDA,0.018719963394855155,0.04451890218259491,0.07250070617352485,False,False
2025-12-19,NVDA,0.039336204513061634,0.04451890218259491,0.07250070617352485,False,False
2025-12-22,NVDA,0.014917941771234178,0.04451890218259491,0.07250070617352485,False,False
2025-12-23,NVDA,0.030050613628211487,0.04451890218259491,0.07250070617352485,False,False
2025-12-24,NVDA,-0.0031710957732357103,0.04451890218259491,0.07250070617352485,False,False
2025-12-26,NVDA,0.010179787555644415,0.04451890218259491,0.07250070617352485,False,False
2025-12-29,NVDA,-0.012124095639676424,0.04451890218259491,0.07250070617352485,False,False
2025-12-30,NVDA,-0.0036128388270515455,0.04451890218259491,0.07250070617352485,False,False
2025-12-31,NVDA,-0.005545457451715641,0.04451890218259491,0.07250070617352485,False,False
2026-01-02,NVDA,0.012600613583971798,0.04451890218259491,0.07250070617352485,False,False
2026-01-05,NVDA,-0.0038656154594166603,0.04451890218259491,0.07250070617352485,False,False
2026-01-06,NVDA,-0.004677780623340899,0.04451890218259491,0.07250070617352485,False,False
2026-01-07,NVDA,0.009987164191344933,0.04451890218259491,0.07250070617352485,False,False
2026-01-08,NVDA,-0.021521879433025637,0.04451890218259491,0.07250070617352485,False,False
2026-01-09,NVDA,-0.0009727675505442068,0.04451890218259491,0.07250070617352485,False,False
2026-01-12,NVDA,0.00043278968903170956,0.04236544923888022,0.0711046596822634,False,False
2026-01-13,NVDA,0.00470412795042785,0.04236544923888022,0.0711046596822634,False,False
2026-01-14,NVDA,-0.01436946731018618,0.04236544923888022,0.0711046596822634,False,False
2026-01-15,NVDA,0.021349825621544527,0.04236544923888022,0.0711046596822634,False,False
2026-01-16,NVDA,-0.0043838493736371165,0.04236544923888022,0.0711046596822634,False,False
2026-01-20,NVDA,-0.043816759424904705,0.04236544923888022,0.0711046596822634,True,False
2026-01-21,NVDA,0.029482806126936323,0.043908656970313396,0.0711046596822634,False,False
2026-01-22,NVDA,0.008291414334357983,0.043908656970313396,0.0711046596822634,False,False
2026-01-23,NVDA,0.015310547591580459,0.043908656970313396,0.0711046596822634,False,False
2026-01-26,NVDA,-0.00639415348837058,0.043908656970313396,0.0711046596822634,False,False
2026-01-27,NVDA,0.010993712336374806,0.043908656970313396,0.0711046596822634,False,False
2026-01-28,NVDA,0.015913429851231564,0.043908656970313396,0.0711046596822634,False,False
2026-01-29,NVDA,0.00516915900963677,0.04227355169347153,0.061422750242139154,False,False
2026-01-30,NVDA,-0.007168415497976421,0.04227355169347153,0.061422750242139154,False,False
2026-02-02,NVDA,-0.028880930847569264,0.04201443082848289,0.061422750242139154,False,False
2026-02-03,NVDA,-0.028392832113479094,0.04201443082848289,0.061422750242139154,False,False
2026-02-04,NVDA,-0.03410221088304122,0.04201443082848289,0.061422750242139154,False,False
2026-02-05,NVDA,-0.013261403525100302,0.04201443082848289,0.061422750242139154,False,False
2026-02-06,NVDA,0.07871770419569057,0.04201443082848289,0.061422750242139154,False,False
2026-02-09,NVDA,0.02497157596478594,0.04201443082848289,0.061422750242139154,False,False
2026-02-10,NVDA,-0.007893035105149604,0.04201443082848289,0.061422750242139154,False,False
2026-02-11,NVDA,0.008008964809924857,0.04201443082848289,0.061422750242139154,False,False
2026-02-12,NVDA,-0.016364103125372176,0.04201443082848289,0.061422750242139154,False,False
2026-02-13,NVDA,-0.02209274727292232,0.04201443082848289,0.061422750242139154,False,False
2026-02-17,NVDA,0.011815606660472211,0.04201443082848289,0.061422750242139154,False,False
2026-02-18,NVDA,0.016272839831405816,0.04201443082848289,0.061422750242139154,False,False
2026-02-19,NVDA,-0.00042552512892679584,0.04201443082848289,0.061422750242139154,False,False
2026-02-20,NVDA,0.010218253015392254,0.04201443082848289,0.061422750242139154,False,False
2026-02-23,NVDA,0.009113849147715847,0.04201443082848289,0.061422750242139154,False,False
2026-02-24,NVDA,0.006786827395534711,0.04201443082848289,0.061422750242139154,False,False
2026-02-25,NVDA,0.014052296937936859,0.04149103369721404,0.061422750242139154,False,False
2026-02-26,NVDA,-0.054561210045126374,0.04149103369721404,0.061422750242139154,True,False
2026-02-27,NVDA,-0.04164637217148226,0.043908656970313396,0.062249246443694665,False,False
2026-03-02,NVDA,0.029854862425945372,0.043908656970313396,0.062249246443694665,False,False
2026-03-03,NVDA,-0.013316469827987176,0.04262304643552234,0.05909818272011295,False,False
2026-03-04,NVDA,0.01660639760928495,0.04262304643552234,0.05909818272011295,False,False
2026-03-05,NVDA,0.0016389944136319112,0.04051435943317396,0.05561439547419626,False,False
2026-03-06,NVDA,-0.030107816435017698,0.04051435943317396,0.05561439547419626,False,False
2026-03-09,NVDA,0.02716221787178097,0.04051435943317396,0.05561439547419626,False,False
2026-03-10,NVDA,0.01160690076858506,0.038797084071532886,0.054246218285666496,False,False
2026-03-11,NVDA,0.006873706730786022,0.038797084071532886,0.054246218285666496,False,False
2026-03-12,NVDA,-0.015535120518506584,0.03725605474082853,0.05328313401458335,False,False
2026-03-13,NVDA,-0.015780185389578927,0.03725605474082853,0.05328313401458335,False,False
2026-03-16,NVDA,0.016477026622857327,0.03725605474082853,0.05328313401458335,False,False
2026-03-17,NVDA,-0.007040662858024294,0.03725605474082853,0.05328313401458335,False,False
2026-03-18,NVDA,-0.008409877322820725,0.03725605474082853,0.05328313401458335,False,False
2026-03-19,NVDA,-0.010199621354571309,0.03725605474082853,0.05328313401458335,False,False
2026-03-20,NVDA,-0.03281800569058757,0.03725605474082853,0.05328313401458335,False,False
2026-03-23,NVDA,0.01702370190686442,0.03725605474082853,0.05328313401458335,False,False
2026-03-24,NVDA,-0.0025051173356209766,0.03725605474082853,0.05328313401458335,False,False
2026-03-25,NVDA,0.019862999468737152,0.03725605474082853,0.05328313401458335,False,False
2026-03-26,NVDA,-0.04163861015929882,0.03725605474082853,0.05328313401458335,True,False
2026-03-27,NVDA,-0.021723900917334227,0.038797084071532886,0.05355150139259935,False,False
2026-03-30,NVDA,-0.01402823229793726,0.03725605474082853,0.05206919335517535,False,False
2026-03-31,NVDA,0.055881746998466264,0.03725605474082853,0.05206919335517535,False,False
2026-04-01,NVDA,0.007740841074583615,0.03725605474082853,0.05206919335517535,False,False
2026-04-02,NVDA,0.009331530522419529,0.03725605474082853,0.05206919335517535,False,False
2026-04-06,NVDA,0.0014092692603508983,0.03725605474082853,0.05206919335517535,False,False
2026-04-07,NVDA,0.0025895233556876285,0.03725605474082853,0.05206919335517535,False,False
2026-04-08,NVDA,0.02234704465123949,0.0361316791812496,0.04887375528095654,False,False
2026-04-09,NVDA,0.01005057963567002,0.03536341766162621,0.045968713938328895,False,False
2026-04-10,NVDA,0.02566468527863064,0.03536341766162621,0.045968713938328895,False,False
2026-04-13,NVDA,0.0036048719201053903,0.03536341766162621,0.045968713938328895,False,False
2026-04-14,NVDA,0.038032848706683,0.03536341766162621,0.045968713938328895,False,False
2026-04-15,NVDA,0.012009626504063453,0.034505311751998384,0.04411262857830226,False,False
2026-04-16,NVDA,-0.0026147732496876186,0.034505311751998384,0.04411262857830226,False,False
2026-04-17,NVDA,0.01678841329925218,0.034505311751998384,0.04411262857830226,False,False
2026-04-20,NVDA,0.00188418170800575,0.034505311751998384,0.04411262857830226,False,False
2026-04-21,NVDA,-0.010788749382758311,0.033631535043611736,0.04144998458409295,False,False
2026-04-22,NVDA,0.013107807107300529,0.033631535043611736,0.04144998458409295,False,False
2026-04-23,NVDA,-0.01412349352662512,0.03301079961311305,0.04053605829461581,False,False
2026-04-24,NVDA,0.04322782178848117,0.03301079961311305,0.04053605829461581,False,False
2026-04-27,NVDA,0.040044191332756496,0.03301079961311305,0.04053605829461581,False,False
2026-04-28,NVDA,-0.015881097300298186,0.03301079961311305,0.04053605829461581,False,False
2026-04-29,NVDA,-0.01838906179589994,0.03301079961311305,0.04053605829461581,False,False
2026-04-30,NVDA,-0.046260473695112214,0.03301079961311305,0.04053605829461581,True,True
2026-05-01,NVDA,-0.005611994980225576,0.033631535043611736,0.04153713806889113,False,False
2026-05-06,NVDA,0.04966006368700282,0.033631535043611736,0.04153713806889113,False,False
2026-05-07,NVDA,0.017658654364679505,0.033631535043611736,0.04153713806889113,False,False
2026-05-08,NVDA,0.01749407540540049,0.033631535043611736,0.04153713806889113,False,False
2026-05-11,NVDA,0.019702628035742187,0.033631535043611736,0.04153713806889113,False,False
2026-05-12,NVDA,0.006106436032548013,0.033631535043611736,0.04153713806889113,False,False
2026-05-13,NVDA,0.02287346263103318,0.033631535043611736,0.04153713806889113,False,False
2026-05-14,NVDA,0.04388258239276421,0.033631535043611736,0.04153713806889113,False,False
2026-05-15,NVDA,-0.04420122985552177,0.033631535043611736,0.04153713806889113,True,True
2026-05-18,NVDA,-0.018795492955304693,0.034505311751998384,0.04231398568215886,False,False
2026-05-19,NVDA,-0.01006354671021037,0.034505311751998384,0.04231398568215886,False,False
2026-05-20,NVDA,0.014415107462649956,0.034505311751998384,0.04231398568215886,False,False
2026-05-21,NVDA,-0.012724351760054597,0.034505311751998384,0.04231398568215886,False,False
2026-05-22,NVDA,-0.0176102950287772,0.034505311751998384,0.04231398568215886,False,False
2026-05-26,NVDA,0.002995422221595545,0.034505311751998384,0.04231398568215886,False,False
2026-05-27,NVDA,-0.028058861655863465,0.034505311751998384,0.04231398568215886,False,False
2026-05-28,NVDA,0.008979871976346088,0.034505311751998384,0.04231398568215886,False,False
2026-05-29,NVDA,-0.0031161645542946426,0.034505311751998384,0.04231398568215886,False,False
2026-06-01,NVDA,0.05190871812801823,0.034505311751998384,0.04231398568215886,False,False
2026-06-02,NVDA,0.020486211922245978,0.034505311751998384,0.04231398568215886,False,False
2026-06-03,NVDA,-0.041915251747473015,0.034505311751998384,0.04231398568215886,True,False
2026-06-04,NVDA,-0.02173340202777907,0.03536341766162621,0.042846082694131024,False,False
2026-06-05,NVDA,-0.03450771072368641,0.03536341766162621,0.042846082694131024,False,False
2026-06-08,NVDA,0.015543579650802108,0.03536341766162621,0.042846082694131024,False,False
2026-06-09,NVDA,0.005362788181002109,0.03536341766162621,0.042846082694131024,False,False
2026-06-10,NVDA,-0.0176132063634189,0.03536341766162621,0.042846082694131024,False,False
2026-06-11,NVDA,-0.029587779125268443,0.03536341766162621,0.042846082694131024,False,False
2026-06-12,NVDA,0.0278515124109604,0.03536341766162621,0.042846082694131024,False,False
2026-06-15,NVDA,0.03426040198903402,0.03536341766162621,0.042846082694131024,False,False
2026-06-16,NVDA,-0.012580777899521833,0.03536341766162621,0.042846082694131024,False,False
2026-06-17,NVDA,-0.009615840421394517,0.03536341766162621,0.042846082694131024,False,False
2026-06-18,NVDA,0.015202248891148962,0.03536341766162621,0.042846082694131024,False,False
2026-06-22,NVDA,-0.00529216137568822,0.03536341766162621,0.042846082694131024,False,False
2026-06-23,NVDA,-0.03104092428036509,0.03536341766162621,0.042846082694131024,False,False
2026-06-24,NVDA,-0.009403631654637756,0.03536341766162621,0.042846082694131024,False,False
2026-06-25,NVDA,-0.026943716793967343,0.03536341766162621,0.042846082694131024,False,False
2026-06-26,NVDA,-0.016399339040476746,0.03536341766162621,0.042846082694131024,False,False
2026-06-29,NVDA,0.012673362368860186,0.03536341766162621,0.042846082694131024,False,False
2026-06-30,NVDA,0.026260425117358155,0.03536341766162621,0.042846082694131024,False,False
2026-07-01,NVDA,-0.012544327816355838,0.03536341766162621,0.042846082694131024,False,False
2026-07-02,NVDA,-0.013918412665829716,0.03536341766162621,0.042846082694131024,False,False
2026-07-06,NVDA,0.00708312308085457,0.03536341766162621,0.042846082694131024,False,False
2026-07-07,NVDA,0.003669466068384697,0.03536341766162621,0.042846082694131024,False,False
2026-07-08,NVDA,0.03651044893523969,0.03536341766162621,0.042846082694131024,False,False
2026-07-09,NVDA,-0.006564748040099211,0.03536341766162621,0.042846082694131024,False,False
2026-07-10,NVDA,0.04033932332484791,0.03536341766162621,0.042846082694131024,False,False
2026-07-13,NVDA,-0.03521998340020871,0.03536341766162621,0.042846082694131024,False,False
2026-07-14,NVDA,0.040632851776453593,0.035485513706231785,0.042846082694131024,False,False
2026-07-15,NVDA,0.0033049902651376417,0.035485513706231785,0.042846082694131024,False,False
2026-07-16,NVDA,-0.02400002872242646,0.035485513706231785,0.042846082694131024,False,False
2026-07-17,NVDA,-0.022131130535045007,0.035485513706231785,0.042846082694131024,False,False
2026-07-20,NVDA,0.0023174460152899368,0.035485513706231785,0.042846082694131024,False,False
2026-07-21,NVDA,0.019726458731385677,0.035485513706231785,0.042846082694131024,False,False
2026-07-22,NVDA,0.02301126164771805,0.035485513706231785,0.042846082694131024,False,False
2026-07-23,NVDA,-0.01556164807012217,0.035485513706231785,0.042846082694131024,False,False
2026-07-24,NVDA,-0.009197155678610791,0.035485513706231785,0.042846082694131024,False,False
2026-07-27,NVDA,-0.049941993879074276,0.035485513706231785,0.042846082694131024,True,True
2026-07-28,NVDA,0.002544399847217882,0.0361316791812496,0.04393315524275776,False,False
2026-07-29,NVDA,-0.03553119230079016,0.0361316791812496,0.04393315524275776,False,False
2026-07-30,NVDA,0.026472285272951313,0.0361316791812496,0.04393315524275776,False,False
2026-07-31,NVDA,0.029276081370092744,0.0361316791812496,0.04393315524275776,False,False
2026-08-03,NVDA,0.029339972053043173,0.0361316791812496,0.04393315524275776,False,False
2026-08-04,NVDA,0.025648485614655492,0.0361316791812496,0.04393315524275776,False,False
2026-08-05,NVDA,0.0343493379986608,0.0361316791812496,0.04393315524275776,False,False
2026-08-06,NVDA,-0.0010491548501886383,0.0361316791812496,0.04393315524275776,False,False
2026-08-07,NVDA,0.022695105237842794,0.0361316791812496,0.04393315524275776,False,False
2026-08-10,NVDA,-0.028621197847608748,0.0361316791812496,0.04393315524275776,False,False
2026-08-11,NVDA,-0.00022984624709898593,0.0361316791812496,0.04393315524275776,False,False
2026-08-12,NVDA,0.030298833737428144,0.0361316791812496,0.04393315524275776,False,False
2026-08-13,NVDA,0.005399646274448999,0.0361316791812496,0.04393315524275776,False,False
2026-08-14,NVDA,-0.0006213909798140627,0.0361316791812496,0.04393315524275776,False,False
2026-08-17,NVDA,-0.0006662335798259811,0.0361316791812496,0.04393315524275776,False,False
2026-08-18,NVDA,-0.023421133026656604,0.0361316791812496,0.04393315524275776,False,False
2026-08-19,NVDA,-0.009920851370134876,0.0361316791812496,0.04393315524275776,False,False
2026-08-20,NVDA,-0.003263428309640881,0.0361316791812496,0.04393315524275776,False,False
2026-08-21,NVDA,-0.00982248016076015,0.0361316791812496,0.04393315524275776,False,False
2026-08-24,NVDA,-0.029061128249296964,0.0361316791812496,0.04393315524275776,False,False
2026-08-25,NVDA,0.021920603500928948,0.0361316791812496,0.04393315524275776,False,False
2026-08-26,NVDA,-0.015911754710582593,0.0361316791812496,0.04393315524275776,False,False
2026-08-27,NVDA,0.0873795275466771,0.0361316791812496,0.04393315524275776,False,False
2026-08-28,NVDA,-0.04574959589106331,0.0361316791812496,0.04393315524275776,True,True
2026-08-31,NVDA,0.00940012935076262,0.03725605474082853,0.0446427564189182,False,False
2026-09-01,NVDA,-0.003756902222983749,0.03725605474082853,0.0446427564189182,False,False
2026-09-02,NVDA,0.03304838682790656,0.03725605474082853,0.0446427564189182,False,False
2026-09-03,NVDA,0.0008849422488592662,0.03725605474082853,0.0446427564189182,False,False
2026-09-04,NVDA,0.018390821035515925,0.03725605474082853,0.0446427564189182,False,False
2026-09-08,NVDA,-0.011976917339107218,0.03725605474082853,0.0446427564189182,False,False
2026-09-09,NVDA,-0.014239820317149432,0.03725605474082853,0.0446427564189182,False,False
2026-09-10,NVDA,-0.02770099982609764,0.03725605474082853,0.0446427564189182,False,False
2026-09-11,NVDA,0.000664645125179053,0.03725605474082853,0.0446427564189182,False,False
2026-09-14,NVDA,-0.028585782336781995,0.03725605474082853,0.0446427564189182,False,False
2026-09-15,NVDA,0.0008488218495206201,0.03725605474082853,0.0446427564189182,False,False
2026-09-16,NVDA,0.017952713786078656,0.03725605474082853,0.0446427564189182,False,False
2026-09-17,NVDA,0.014163602055711877,0.03725605474082853,0.0446427564189182,False,False
2026-09-18,NVDA,0.014468270564299335,0.03725605474082853,0.0446427564189182,False,False
2026-09-21,NVDA,0.020223129665654316,0.03725605474082853,0.0446427564189182,False,False
2026-09-22,NVDA,0.007430185480097995,0.03725605474082853,0.0446427564189182,False,False
2026-09-23,NVDA,-0.013437959220777507,0.03725605474082853,0.0446427564189182,False,False
2026-09-24,NVDA,-0.014375745065977386,0.03725605474082853,0.0446427564189182,False,False
2026-09-25,NVDA,0.013189916010717617,0.03725605474082853,0.0446427564189182,False,False
2026-09-28,NVDA,0.020660211246121163,0.03725605474082853,0.0446427564189182,False,False
2026-09-29,NVDA,-0.0012406567151093117,0.03725605474082853,0.0446427564189182,False,False
2026-09-30,NVDA,0.0037701549561686143,0.03725605474082853,0.0446427564189182,False,False
2026-10-01,NVDA,0.0019973575726559556,0.03725605474082853,0.0446427564189182,False,False
2026-10-02,NVDA,0.013823897197708268,0.03725605474082853,0.0446427564189182,False,False
2026-10-05,NVDA,0.02115835440398528,0.03725605474082853,0.0446427564189182,False,False
2026-10-06,NVDA,0.003767305057627679,0.03725605474082853,0.0446427564189182,False,False
2026-10-07,NVDA,-0.01255216733660891,0.03725605474082853,0.0446427564189182,False,False
2025-01-02,MSFT,-0.006927704343570262,0.021890733811647186,0.03176605141009258,False,False
2025-01-03,MSFT,0.011395772606065169,0.021890733811647186,0.03176605141009258,False,False
2025-01-06,MSFT,0.010629470935847651,0.021890733811647186,0.03176605141009258,False,False
2025-01-07,MSFT,-0.0128082303563809,0.021890733811647186,0.03176605141009258,False,False
2025-01-08,MSFT,0.005185075964351471,0.021890733811647186,0.03176605141009258,False,False
2025-01-10,MSFT,-0.013213683520868269,0.021890733811647186,0.03176605141009258,False,False
2025-01-13,MSFT,-0.004201092697638353,0.021890733811647186,0.03176605141009258,False,False
2025-01-14,MSFT,-0.0036434288172074725,0.021890733811647186,0.03176605141009258,False,False
2025-01-15,MSFT,0.025597263528032155,0.021890733811647186,0.03176605141009258,False,False
2025-01-16,MSFT,-0.004058097140768324,0.021890733811647186,0.03176605141009258,False,False
2025-01-17,MSFT,0.010481071711606393,0.021890733811647186,0.03176605141009258,False,False
2025-01-21,MSFT,-0.0012354758752657347,0.021890733811647186,0.03176605141009258,False,False
2025-01-22,MSFT,0.041306971828535266,0.021890733811647186,0.03176605141009258,False,False
2025-01-23,MSFT,0.0011429351161753587,0.021890733811647186,0.03176605141009258,False,False
2025-01-24,MSFT,-0.005932266777477713,0.021890733811647186,0.03176605141009258,False,False
2025-01-27,MSFT,-0.02139348154687859,0.021890733811647186,0.03176605141009258,False,False
2025-01-28,MSFT,0.029086926670101043,0.021890733811647186,0.03176605141009258,False,False
2025-01-29,MSFT,-0.010889917210423428,0.021890733811647186,0.03176605141009258,False,False
2025-01-30,MSFT,-0.06180909334245943,0.021890733811647186,0.03176605141009258,True,True
2025-01-31,MSFT,0.00016863336006212037,0.023299871710037487,0.03480265067061789,False,False
2025-02-03,MSFT,-0.009974375330669139,0.023299871710037487,0.03480265067061789,False,False
2025-02-04,MSFT,0.003528567111288128,0.021890733811647186,0.034447794476577386,False,False
2025-02-05,MSFT,0.002230995221032206,0.021890733811647186,0.034447794476577386,False,False
2025-02-06,MSFT,0.006121598357213598,0.021890733811647186,0.034447794476577386,False,False
2025-02-07,MSFT,-0.014597550113860769,0.021890733811647186,0.034447794476577386,False,False
2025-02-10,MSFT,0.00602793162122639,0.021890733811647186,0.034447794476577386,False,False
2025-02-11,MSFT,-0.0018921239430869097,0.021890733811647186,0.034447794476577386,False,False
2025-02-12,MSFT,-0.005833158946381478,0.021890733811647186,0.034447794476577386,False,False
2025-02-13,MSFT,0.0036670868442465476,0.021890733811647186,0.034447794476577386,False,False
2025-02-14,MSFT,-0.005139685534411131,0.021890733811647186,0.034447794476577386,False,False
2025-02-18,MSFT,0.002962730108111211,0.0218164011808169,0.034447794476577386,False,False
2025-02-19,MSFT,0.012523121735654952,0.0218164011808169,0.034447794476577386,False,False
2025-02-20,MSFT,0.005290676147367446,0.0218164011808169,0.034447794476577386,False,False
2025-02-21,MSFT,-0.019032636089064914,0.0218164011808169,0.034447794476577386,False,False
2025-02-24,MSFT,-0.010313273082313335,0.0218164011808169,0.034447794476577386,False,False
2025-02-25,MSFT,-0.015098968112987832,0.0218164011808169,0.034447794476577386,False,False
2025-02-26,MSFT,0.004599171388699919,0.0218164011808169,0.034447794476577386,False,False
2025-02-27,MSFT,-0.01801214764844583,0.0218164011808169,0.034447794476577386,False,False
2025-02-28,MSFT,0.011362143639570332,0.0218164011808169,0.034447794476577386,False,False
2025-03-03,MSFT,-0.02141102042825771,0.0218164011808169,0.034447794476577386,False,False
2025-03-04,MSFT,0.00030876619413122697,0.021826047565575414,0.034447794476577386,False,False
2025-03-05,MSFT,0.031934366955736815,0.021826047565575414,0.034447794476577386,False,False
2025-03-06,MSFT,-0.010298615184267113,0.021826047565575414,0.034447794476577386,False,False
2025-03-07,MSFT,-0.00902033965973037,0.021826047565575414,0.034447794476577386,False,False
2025-03-10,MSFT,-0.0334339918936718,0.021401374043499195,0.03382001958935869,True,False
2025-03-11,MSFT,0.0007627991806080647,0.021826047565575414,0.03474486354823669,False,False
2025-03-12,MSFT,0.007412145719285501,0.021826047565575414,0.03474486354823669,False,False
2025-03-13,MSFT,-0.01174106419984422,0.021826047565575414,0.03474486354823669,False,False
2025-03-14,MSFT,0.025846859900428232,0.021826047565575414,0.03474486354823669,False,False
2025-03-17,MSFT,0.00036036101896597117,0.021826047565575414,0.03474486354823669,False,False
2025-03-18,MSFT,-0.013326489337593173,0.021826047565575414,0.03474486354823669,False,False
2025-03-19,MSFT,0.011211889060850577,0.021826047565575414,0.03474486354823669,False,False
2025-03-20,MSFT,-0.0025268626944418004,0.021826047565575414,0.03474486354823669,False,False
2025-03-21,MSFT,0.01142598677489226,0.021826047565575414,0.03474486354823669,False,False
2025-03-24,MSFT,0.004651496431004043,0.021826047565575414,0.03474486354823669,False,False
2025-03-25,MSFT,0.005291495283754388,0.021826047565575414,0.03474486354823669,False,False
2025-03-26,MSFT,-0.013133869250914199,0.021826047565575414,0.03474486354823669,False,False
2025-03-27,MSFT,0.001564258053411205,0.021826047565575414,0.03474486354823669,False,False
2025-03-28,MSFT,-0.03016041231852018,0.021826047565575414,0.03474486354823669,True,False
2025-03-31,MSFT,-0.009001999919142523,0.023299871710037487,0.0353469488838436,False,False
2025-04-01,MSFT,0.0181144105697828,0.023299871710037487,0.0353469488838436,False,False
2025-04-02,MSFT,-0.00013079349968425635,0.023299871710037487,0.0353469488838436,False,False
2025-04-03,MSFT,-0.023630100240193852,0.023299871710037487,0.0353469488838436,True,False
2025-04-04,MSFT,-0.0355659161831845,0.024013110216547395,0.0353469488838436,True,True
2025-04-07,MSFT,-0.00550254564275332,0.02448751659576548,0.03619961678093629,False,False
2025-04-08,MSFT,-0.00922124932971935,0.02448751659576548,0.03619961678093629,False,False
2025-04-09,MSFT,0.1013367274447381,0.02448751659576548,0.03619961678093629,False,False
2025-04-10,MSFT,-0.02340653319216801,0.02448751659576548,0.03619961678093629,False,False
2025-04-11,MSFT,0.018618202368455794,0.02448751659576548,0.03619961678093629,False,False
2025-04-14,MSFT,-0.0016475585484189148,0.02448751659576548,0.03619961678093629,False,False
2025-04-15,MSFT,-0.0053635610325603045,0.02448751659576548,0.03619961678093629,False,False
2025-04-16,MSFT,-0.036605943322886914,0.02448751659576548,0.03619961678093629,True,True
2025-04-17,MSFT,-0.010306483384165732,0.024619740842298562,0.03713121273582046,False,False
2025-04-21,MSFT,-0.023546576470986236,0.024619740842298562,0.03713121273582046,False,False
2025-04-22,MSFT,0.021441211179745068,0.024619740842298562,0.03713121273582046,False,False
2025-04-23,MSFT,0.02063694168868957,0.024619740842298562,0.03713121273582046,False,False
2025-04-24,MSFT,0.034482636338055705,0.024619740842298562,0.03713121273582046,False,False
2025-04-25,MSFT,0.011748041441691504,0.024619740842298562,0.03713121273582046,False,False
2025-04-28,MSFT,-0.0017608322266573495,0.024619740842298562,0.03713121273582046,False,False
2025-04-29,MSFT,0.007362727251989165,0.024619740842298562,0.03713121273582046,False,False
2025-04-30,MSFT,0.0030960450985764165,0.02461206152867129,0.03713121273582046,False,False
2025-05-01,MSFT,0.07625351518560186,0.02461206152867129,0.03713121273582046,False,False
2025-05-02,MSFT,0.02322524397458592,0.02461206152867129,0.03713121273582046,False,False
2025-05-05,MSFT,0.0020447221434272134,0.024013110216547395,0.036543648261870766,False,False
2025-05-06,MSFT,-0.006557140313812604,0.024013110216547395,0.036543648261870766,False,False
2025-05-07,MSFT,9.234745301656133e-05,0.024013110216547395,0.036543648261870766,False,False
2025-05-08,MSFT,0.011122708101194645,0.024013110216547395,0.036543648261870766,False,False
2025-05-09,MSFT,0.0012781015154219588,0.024013110216547395,0.036543648261870766,False,False
2025-05-12,MSFT,0.02400105732088087,0.024013110216547395,0.036543648261870766,False,False
2025-05-13,MSFT,-0.0002670690892476735,0.024013110216547395,0.036543648261870766,False,False
2025-05-14,MSFT,0.008460569906925786,0.024013110216547395,0.036543648261870766,False,False
2025-05-15,MSFT,0.0022560743964663565,0.024013110216547395,0.036543648261870766,False,False
2025-05-16,MSFT,0.0025157750296287418,0.024013110216547395,0.036543648261870766,False,False
2025-05-19,MSFT,0.01012617933984794,0.024013110216547395,0.036543648261870766,False,False
2025-05-20,MSFT,-0.001525481238857651,0.024013110216547395,0.036543648261870766,False,False
2025-05-21,MSFT,-0.012222562363790601,0.024013110216547395,0.036543648261870766,False,False
2025-05-22,MSFT,0.005060044315650991,0.024013110216547395,0.036543648261870766,False,False
2025-05-23,MSFT,-0.010288937044950153,0.024013110216547395,0.036543648261870766,False,False
2025-05-27,MSFT,0.023346241435246773,0.024013110216547395,0.036543648261870766,False,False
2025-05-28,MSFT,-0.007228263930876722,0.024013110216547395,0.036543648261870766,False,False
2025-05-29,MSFT,0.0028861036233167603,0.024013110216547395,0.036543648261870766,False,False
2025-05-30,MSFT,0.0036626581083925025,0.024013110216547395,0.036543648261870766,False,False
2025-06-02,MSFT,0.0034973246380332057,0.024013110216547395,0.036543648261870766,False,False
2025-06-03,MSFT,0.0021645589135816934,0.024013110216547395,0.036543648261870766,False,False
2025-06-04,MSFT,0.0019440018559315764,0.023584162167129663,0.03576241109117059,False,False
2025-06-05,MSFT,0.008213505430890056,0.023584162167129663,0.03576241109117059,False,False
2025-06-06,MSFT,0.005773139543557848,0.023584162167129663,0.03576241109117059,False,False
2025-06-09,MSFT,0.005038545683650586,0.023584162167129663,0.03576241109117059,False,False
2025-06-10,MSFT,-0.003871001809714003,0.023584162167129663,0.03576241109117059,False,False
2025-06-11,MSFT,0.003609998677361226,0.023584162167129663,0.03576241109117059,False,False
2025-06-12,MSFT,0.013224197210839117,0.023584162167129663,0.03576241109117059,False,False
2025-06-13,MSFT,-0.008165134060212798,0.023584162167129663,0.03576241109117059,False,False
2025-06-16,MSFT,0.00880077201257179,0.023584162167129663,0.03576241109117059,False,False
2025-06-17,MSFT,-0.0022957811579994436,0.023584162167129663,0.03576241109117059,False,False
2025-06-18,MSFT,0.004601998854238731,0.023584162167129663,0.03576241109117059,False,False
2025-06-20,MSFT,-0.005913633193406875,0.023584162167129663,0.03576241109117059,False,False
2025-06-23,MSFT,0.018014283630956918,0.023584162167129663,0.03576241109117059,False,False
2025-06-24,MSFT,0.008456776258474852,0.023584162167129663,0.03576241109117059,False,False
2025-06-25,MSFT,0.004407169488698903,0.023584162167129663,0.03576241109117059,False,False
2025-06-26,MSFT,0.010522631897580847,0.023584162167129663,0.03576241109117059,False,False
2025-06-27,MSFT,-0.0030354591439404333,0.023584162167129663,0.03576241109117059,False,False
2025-06-30,MSFT,0.0029641016086923155,0.023584162167129663,0.03576241109117059,False,False
2025-07-01,MSFT,-0.010775801044252131,0.023584162167129663,0.03576241109117059,False,False
2025-07-02,MSFT,-0.0019509983669964148,0.023584162167129663,0.03576241109117059,False,False
2025-07-03,MSFT,0.01578120662915361,0.023584162167129663,0.03576241109117059,False,False
2025-07-07,MSFT,-0.0022452752192034797,0.023584162167129663,0.03576241109117059,False,False
2025-07-08,MSFT,-0.002210017345889992,0.023584162167129663,0.03576241109117059,False,False
2025-07-09,MSFT,0.013873812240768224,0.023584162167129663,0.03576241109117059,False,False
2025-07-10,MSFT,-0.004031701755431882,0.023584162167129663,0.03576241109117059,False,False
2025-07-11,MSFT,0.0036691423426633563,0.023584162167129663,0.03576241109117059,False,False
2025-07-14,MSFT,-0.0005960926813596279,0.023584162167129663,0.03576241109117059,False,False
2025-07-15,MSFT,0.0055664211722146195,0.023584162167129663,0.03576241109117059,False,False
2025-07-16,MSFT,-0.00039543101096717326,0.02346955266763621,0.035668150633018675,False,False
2025-07-17,MSFT,0.012024882876555898,0.02346955266763621,0.035668150633018675,False,False
2025-07-18,MSFT,-0.003224607503309107,0.02346955266763621,0.035668150633018675,False,False
2025-07-21,MSFT,1.963779210312211e-05,0.02346955266763621,0.035668150633018675,False,False
2025-07-22,MSFT,-0.009391030732420313,0.02346955266763621,0.035668150633018675,False,False
2025-07-23,MSFT,0.0011874013586770094,0.02346955266763621,0.035668150633018675,False,False
2025-07-24,MSFT,0.009903807045799518,0.02346955266763621,0.035668150633018675,False,False
2025-07-25,MSFT,0.005539537713702636,0.02346955266763621,0.035668150633018675,False,False
2025-07-28,MSFT,-0.0023555235777033,0.02346955266763621,0.035668150633018675,False,False
2025-07-29,MSFT,0.0001366269899161221,0.022816256562072316,0.03471059829741775,False,False
2025-07-30,MSFT,0.0013071588895523512,0.021826047565575414,0.03454537286931398,False,False
2025-07-31,MSFT,0.03947474453904731,0.021826047565575414,0.03454537286931398,False,False
2025-08-01,MSFT,-0.01760076420175094,0.021826047565575414,0.03454537286931398,False,False
2025-08-04,MSFT,0.021999147121134044,0.021826047565575414,0.03454537286931398,False,False
2025-08-05,MSFT,-0.014730108915694595,0.021826047565575414,0.03454537286931398,False,False
2025-08-06,MSFT,-0.0053244450870758575,0.021826047565575414,0.03454537286931398,False,False
2025-08-07,MSFT,-0.00781043138845372,0.021826047565575414,0.03454537286931398,False,False
2025-08-08,MSFT,0.002303928773712993,0.021401374043499195,0.03368030840601348,False,False
2025-08-11,MSFT,-0.0005170389055541014,0.021401374043499195,0.03368030840601348,False,False
2025-08-12,MSFT,0.014316474548207392,0.021401374043499195,0.03368030840601348,False,False
2025-08-13,MSFT,-0.016363016340654846,0.021401374043499195,0.03368030840601348,False,False
2025-08-14,MSFT,0.0036496696068624157,0.021401374043499195,0.03368030840601348,False,False
2025-08-15,MSFT,-0.004421271937068538,0.021401374043499195,0.03368030840601348,False,False
2025-08-18,MSFT,-0.005901972534089417,0.021401374043499195,0.03368030840601348,False,False
2025-08-19,MSFT,-0.014175009500269176,0.021401374043499195,0.03368030840601348,False,False
2025-08-20,MSFT,-0.007944675891261022,0.021401374043499195,0.03368030840601348,False,False
2025-08-21,MSFT,-0.0012874463861094476,0.021401374043499195,0.03368030840601348,False,False
2025-08-22,MSFT,0.005929729137012174,0.021401374043499195,0.03368030840601348,False,False
2025-08-25,MSFT,-0.005855406260058205,0.021401374043499195,0.03368030840601348,False,False
2025-08-26,MSFT,-0.00440253222484932,0.021401374043499195,0.03368030840601348,False,False
2025-08-27,MSFT,0.009361878009129132,0.021401374043499195,0.03368030840601348,False,False
2025-08-28,MSFT,0.0057228723995941255,0.021401374043499195,0.03368030840601348,False,False
2025-08-29,MSFT,-0.005788414163970579,0.021401374043499195,0.03368030840601348,False,False
2025-09-02,MSFT,-0.00309854541552701,0.021401374043499195,0.03368030840601348,False,False
2025-09-03,MSFT,0.000455328996976867,0.021401374043499195,0.03368030840601348,False,False
2025-09-04,MSFT,0.005184552333097336,0.021401374043499195,0.03368030840601348,False,False
2025-09-05,MSFT,-0.025532959306399428,0.021401374043499195,0.03368030840601348,True,False
2025-09-08,MSFT,0.006464589680276855,0.021826047565575414,0.033997380627408993,False,False
2025-09-09,MSFT,0.00042144797146348445,0.021826047565575414,0.033997380627408993,False,False
2025-09-10,MSFT,0.003932618708716085,0.021826047565575414,0.033997380627408993,False,False
2025-09-11,MSFT,0.001278968491834176,0.021826047565575414,0.033997380627408993,False,False
2025-09-12,MSFT,0.017744139131049996,0.021826047565575414,0.033997380627408993,False,False
2025-09-15,MSFT,0.010708027544927612,0.021826047565575414,0.033997380627408993,False,False
2025-09-16,MSFT,-0.012263226613177358,0.021826047565575414,0.033997380627408993,False,False
2025-09-17,MSFT,0.0019250966991020135,0.021826047565575414,0.033997380627408993,False,False
2025-09-18,MSFT,-0.0030782543845292443,0.021826047565575414,0.033997380627408993,False,False
2025-09-19,MSFT,0.01864492238634874,0.021826047565575414,0.033997380627408993,False,False
2025-09-22,MSFT,-0.00671899076541993,0.021826047565575414,0.033997380627408993,False,False
2025-09-23,MSFT,-0.010146870803848351,0.021826047565575414,0.033997380627408993,False,False
2025-09-24,MSFT,0.001806676600840218,0.021826047565575414,0.033997380627408993,False,False
2025-09-25,MSFT,-0.00611585677090698,0.021826047565575414,0.033997380627408993,False,False
2025-09-26,MSFT,0.008737056154106693,0.021826047565575414,0.033997380627408993,False,False
2025-09-29,MSFT,0.0061392357812211085,0.021826047565575414,0.033997380627408993,False,False
2025-09-30,MSFT,0.006510091239335214,0.021826047565575414,0.033997380627408993,False,False
2025-10-01,MSFT,0.0033979490169828708,0.021826047565575414,0.033997380627408993,False,False
2025-10-02,MSFT,-0.007638913392573166,0.021826047565575414,0.033997380627408993,False,False
2025-10-03,MSFT,0.0031217306723074767,0.021826047565575414,0.033997380627408993,False,False
2025-10-06,MSFT,0.021687525447268374,0.021401374043499195,0.033926435817611095,False,False
2025-10-07,MSFT,-0.008683939078540814,0.021401374043499195,0.033926435817611095,False,False
2025-10-08,MSFT,0.0016603972128628186,0.021401374043499195,0.033926435817611095,False,False
2025-10-09,MSFT,-0.00466785665041769,0.021401374043499195,0.033926435817611095,False,False
2025-10-10,MSFT,-0.021898996790729264,0.021401374043499195,0.033926435817611095,True,False
2025-10-13,MSFT,0.006047449842543573,0.021630609791369902,0.033963972460878136,False,False
2025-10-14,MSFT,-0.0009336843493278346,0.021630609791369902,0.033963972460878136,False,False
2025-10-15,MSFT,-0.00027265649020702387,0.021630609791369902,0.033963972460878136,False,False
2025-10-16,MSFT,-0.0035448418721382158,0.021630609791369902,0.033963972460878136,False,False
2025-10-17,MSFT,0.003850699339033925,0.021630609791369902,0.033963972460878136,False,False
2025-10-20,MSFT,0.006250128432425894,0.021630609791369902,0.033963972460878136,False,False
2025-10-21,MSFT,0.001683497874670259,0.021630609791369902,0.033963972460878136,False,False
2025-10-22,MSFT,0.005563514301789807,0.021630609791369902,0.033963972460878136,False,False
2025-10-23,MSFT,3.830271677385255e-05,0.021630609791369902,0.033963972460878136,False,False
2025-10-24,MSFT,0.00585914549911859,0.021630609791369902,0.033963972460878136,False,False
2025-10-27,MSFT,0.015106681092485363,0.021630609791369902,0.033963972460878136,False,False
2025-10-28,MSFT,0.01984877783229555,0.021630609791369902,0.033963972460878136,False,False
2025-10-29,MSFT,-0.0009593816364750207,0.021630609791369902,0.033963972460878136,False,False
2025-10-30,MSFT,-0.02915702879022508,0.021630609791369902,0.033963972460878136,True,False
2025-10-31,MSFT,-0.015120867215777212,0.022577388171376684,0.03452228261468551,False,False
2025-11-03,MSFT,-0.0015063163677940805,0.022577388171376684,0.03452228261468551,False,False
2025-11-04,MSFT,-0.005222216615019537,0.022577388171376684,0.03452228261468551,False,False
2025-11-05,MSFT,-0.013940450337762589,0.021630609791369902,0.031550858880733126,False,False
2025-11-06,MSFT,-0.01983588911777112,0.021630609791369902,0.031550858880733126,False,False
2025-11-07,MSFT,-0.0005633184899747068,0.021630609791369902,0.031550858880733126,False,False
2025-11-10,MSFT,0.018477549872279342,0.021630609791369902,0.031550858880733126,False,False
2025-11-11,MSFT,0.005296406232004669,0.021630609791369902,0.031550858880733126,False,False
2025-11-12,MSFT,0.0048360785785346305,0.021630609791369902,0.031550858880733126,False,False
2025-11-13,MSFT,-0.015357846614763582,0.021630609791369902,0.031550858880733126,False,False
2025-11-14,MSFT,0.01368985264921152,0.021630609791369902,0.031550858880733126,False,False
2025-11-17,MSFT,-0.005272673136783701,0.021630609791369902,0.031550858880733126,False,False
2025-11-18,MSFT,-0.026995476946809926,0.021630609791369902,0.031550858880733126,True,False
2025-11-19,MSFT,-0.013507829718346964,0.022577388171376684,0.031942895815816254,False,False
2025-11-20,MSFT,-0.01600132392688336,0.021630609791369902,0.03148492308136767,False,False
2025-11-21,MSFT,-0.01318899894610226,0.021630609791369902,0.03148492308136767,False,False
2025-11-24,MSFT,0.003982072607125131,0.021630609791369902,0.03148492308136767,False,False
2025-11-25,MSFT,0.006307974250548298,0.021630609791369902,0.03148492308136767,False,False
2025-11-26,MSFT,0.017841128140260842,0.021630609791369902,0.03148492308136767,False,False
2025-11-28,MSFT,0.01340886450717993,0.021630609791369902,0.03148492308136767,False,False
2025-12-01,MSFT,-0.010711182333537073,0.021630609791369902,0.03148492308136767,False,False
2025-12-02,MSFT,0.006697605418353403,0.021630609791369902,0.03148492308136767,False,False
2025-12-03,MSFT,-0.02504077380157743,0.021630609791369902,0.03148492308136767,True,False
2025-12-04,MSFT,0.006509951097902533,0.022577388171376684,0.031726598236048294,False,False
2025-12-05,MSFT,0.004824857333882715,0.022577388171376684,0.031726598236048294,False,False
2025-12-08,MSFT,0.016267852196279575,0.022577388171376684,0.031726598236048294,False,False
2025-12-09,MSFT,0.0020366130003734995,0.022577388171376684,0.031726598236048294,False,False
2025-12-10,MSFT,-0.027356625781667865,0.022577388171376684,0.031726598236048294,True,False
2025-12-11,MSFT,0.010259972745232826,0.02346955266763621,0.03203045151216367,False,False
2025-12-12,MSFT,-0.010217836182271789,0.02346955266763621,0.03203045151216367,False,False
2025-12-15,MSFT,-0.007752917572488305,0.02346955266763621,0.03203045151216367,False,False
2025-12-16,MSFT,0.0033066174066502807,0.02346955266763621,0.03203045151216367,False,False
2025-12-17,MSFT,-0.0005668537354907022,0.02346955266763621,0.03203045151216367,False,False
2025-12-18,MSFT,0.01650852133550962,0.02346955266763621,0.03203045151216367,False,False
2025-12-19,MSFT,0.004008356072077612,0.02346955266763621,0.03203045151216367,False,False
2025-12-22,MSFT,-0.0020578619459044045,0.02346955266763621,0.03203045151216367,False,False
2025-12-23,MSFT,0.0039799395643498325,0.022577388171376684,0.030941648583903896,False,False
2025-12-24,MSFT,0.002403149680407557,0.022577388171376684,0.030941648583903896,False,False
2025-12-26,MSFT,-0.0006352173058014055,0.022577388171376684,0.030941648583903896,False,False
2025-12-29,MSFT,-0.001250650875590953,0.022577388171376684,0.030941648583903896,False,False
2025-12-30,MSFT,0.0007801688074968727,0.022577388171376684,0.030941648583903896,False,False
2025-12-31,MSFT,-0.007918329968719329,0.022577388171376684,0.030941648583903896,False,False
2026-01-02,MSFT,-0.022083453247643603,0.022577388171376684,0.030941648583903896,False,False
2026-01-05,MSFT,-0.00019026468219951465,0.022678839222679572,0.030941648583903896,False,False
2026-01-06,MSFT,0.011969990913619721,0.022678839222679572,0.030941648583903896,False,False
2026-01-07,MSFT,0.010365466381806243,0.022678839222679572,0.030941648583903896,False,False
2026-01-08,MSFT,-0.011086568869234759,0.022678839222679572,0.030941648583903896,False,False
2026-01-09,MSFT,0.0024471442660822795,0.022678839222679572,0.030941648583903896,False,False
2026-01-12,MSFT,-0.004381573056430277,0.022678839222679572,0.030941648583903896,False,False
2026-01-13,MSFT,-0.013642594830881816,0.022678839222679572,0.030941648583903896,False,False
2026-01-14,MSFT,-0.023987115487032695,0.022678839222679572,0.030941648583903896,True,False
2026-01-15,MSFT,-0.005921019072852141,0.02346955266763621,0.03098630876043195,False,False
2026-01-16,MSFT,0.0070072968156293935,0.02346955266763621,0.03098630876043195,False,False
2026-01-20,MSFT,-0.011612097080914263,0.02346955266763621,0.03098630876043195,False,False
2026-01-21,MSFT,-0.022903320641961877,0.02346955266763621,0.03098630876043195,False,False
2026-01-22,MSFT,0.015829424735219755,0.02346955266763621,0.03098630876043195,False,False
2026-01-23,MSFT,0.03282796772527474,0.02346955266763621,0.03098630876043195,False,False
2026-01-26,MSFT,0.00929284452750978,0.02346955266763621,0.03098630876043195,False,False
2026-01-27,MSFT,0.0219017360884588,0.02346955266763621,0.03098630876043195,False,False
2026-01-28,MSFT,0.0021849562842590764,0.02346955266763621,0.03098630876043195,False,False
2026-01-29,MSFT,-0.09993152265519933,0.02346955266763621,0.03098630876043195,True,True
2026-01-30,MSFT,-0.007404761488127409,0.023584162167129663,0.03686207385152526,False,False
2026-02-02,MSFT,-0.016082243654491957,0.023584162167129663,0.03686207385152526,False,False
2026-02-03,MSFT,-0.028721927992612528,0.02346955266763621,0.0339188033229504,True,False
2026-02-04,MSFT,0.007246902312043613,0.023584162167129663,0.03431690728615243,False,False
2026-02-05,MSFT,-0.04954245008532909,0.023584162167129663,0.03431690728615243,True,True
2026-02-06,MSFT,0.018975296244727158,0.023790757101271327,0.036310164966547445,False,False
2026-02-09,MSFT,0.031061524197864232,0.023790757101271327,0.036310164966547445,False,False
2026-02-10,MSFT,-0.0007979264900753735,0.023790757101271327,0.036310164966547445,False,False
2026-02-11,MSFT,-0.021535581637642576,0.023790757101271327,0.036310164966547445,False,False
2026-02-12,MSFT,-0.006256691514144208,0.023790757101271327,0.036310164966547445,False,False
2026-02-13,MSFT,-0.0012939755658649688,0.023790757101271327,0.036310164966547445,False,False
2026-02-17,MSFT,-0.011113406023821937,0.023790757101271327,0.036310164966547445,False,False
2026-02-18,MSFT,0.006904329762304373,0.023790757101271327,0.036310164966547445,False,False
2026-02-19,MSFT,-0.0005769491188826192,0.023790757101271327,0.036310164966547445,False,False
2026-02-20,MSFT,-0.0030868870817751803,0.023790757101271327,0.036310164966547445,False,False
2026-02-23,MSFT,-0.03212251686356349,0.023790757101271327,0.036310164966547445,True,False
2026-02-24,MSFT,0.011782540280649512,0.024461261728577814,0.03693596507243443,False,False
2026-02-25,MSFT,0.029820000385969436,0.024461261728577814,0.03693596507243443,False,False
2026-02-26,MSFT,0.002795803754952919,0.024461261728577814,0.03693596507243443,False,False
2026-02-27,MSFT,-0.022353879899142948,0.024461261728577814,0.03693596507243443,False,False
2026-03-02,MSFT,0.014793449697371397,0.024461261728577814,0.03693596507243443,False,False
2026-03-03,MSFT,0.013498988042953908,0.024461261728577814,0.03693596507243443,False,False
2026-03-04,MSFT,0.0031441550485353797,0.024461261728577814,0.03693596507243443,False,False
2026-03-05,MSFT,0.013524118716237599,0.024461261728577814,0.03693596507243443,False,False
2026-03-06,MSFT,-0.004188140027264309,0.024461261728577814,0.03693596507243443,False,False
2026-03-09,MSFT,0.0011003457480245338,0.024461261728577814,0.03693596507243443,False,False
2026-03-10,MSFT,-0.008915233433622216,0.024461261728577814,0.03693596507243443,False,False
2026-03-11,MSFT,-0.002168810809014765,0.024461261728577814,0.03693596507243443,False,False
2026-03-12,MSFT,-0.0074590042350434205,0.023790757101271327,0.03620928227192373,False,False
2026-03-13,MSFT,-0.015702020587114007,0.023790757101271327,0.03620928227192373,False,False
2026-03-16,MSFT,0.011123808473237462,0.023790757101271327,0.03620928227192373,False,False
2026-03-17,MSFT,-0.001350222245784849,0.023790757101271327,0.03620928227192373,False,False
2026-03-18,MSFT,-0.019078035958764117,0.023790757101271327,0.03620928227192373,False,False
2026-03-19,MSFT,-0.007070190974616031,0.023790757101271327,0.03620928227192373,False,False
2026-03-20,MSFT,-0.018379473087377307,0.023790757101271327,0.03620928227192373,False,False
2026-03-23,MSFT,0.0029591709988243675,0.023790757101271327,0.03620928227192373,False,False
2026-03-24,MSFT,-0.02678861083223305,0.023790757101271327,0.03620928227192373,True,False
2026-03-25,MSFT,-0.00456075708567627,0.024461261728577814,0.03642478191386222,False,False
2026-03-26,MSFT,-0.013664275998505948,0.024461261728577814,0.03642478191386222,False,False
2026-03-27,MSFT,-0.025138767672072238,0.024461261728577814,0.03642478191386222,True,False
2026-03-30,MSFT,0.006138384709554412,0.025084871043300094,0.03643231990390028,False,False
2026-03-31,MSFT,0.031229219885810622,0.025084871043300094,0.03643231990390028,False,False
2026-04-01,MSFT,-0.002161202585198585,0.024461261728577814,0.03603850155644314,False,False
2026-04-02,MSFT,0.011072891697944343,0.024461261728577814,0.03603850155644314,False,False
2026-04-06,MSFT,-0.0015530665248895126,0.024461261728577814,0.03603850155644314,False,False
2026-04-07,MSFT,-0.0015821890251598303,0.024461261728577814,0.03603850155644314,False,False
2026-04-08,MSFT,0.005479523310443213,0.024461261728577814,0.03603850155644314,False,False
2026-04-09,MSFT,-0.0033659290381612417,0.02374481902820714,0.035147824579816085,False,False
2026-04-10,MSFT,-0.005897045998749295,0.02374481902820714,0.035147824579816085,False,False
2026-04-13,MSFT,0.036400848374358086,0.02374481902820714,0.035147824579816085,False,False
2026-04-14,MSFT,0.02273847493355685,0.02374481902820714,0.035147824579816085,False,False
2026-04-15,MSFT,0.04606858430342653,0.02374481902820714,0.035147824579816085,False,False
2026-04-16,MSFT,0.021983356619898142,0.02374481902820714,0.035147824579816085,False,False
2026-04-17,MSFT,0.006020124096113744,0.02374481902820714,0.035147824579816085,False,False
2026-04-20,MSFT,-0.011163955067039488,0.02374481902820714,0.035147824579816085,False,False
2026-04-21,MSFT,0.01456696139394631,0.02319278576502283,0.034143257898900645,False,False
2026-04-22,MSFT,0.020652574215955788,0.02319278576502283,0.034143257898900645,False,False
2026-04-23,MSFT,-0.03966099561975667,0.02260112823341146,0.03409377668128339,True,True
2026-04-24,MSFT,0.021335007823376717,0.023391028322243733,0.03538282860265222,False,False
2026-04-27,MSFT,0.00047099862243538126,0.023391028322243733,0.03538282860265222,False,False
2026-04-28,MSFT,0.01042792082725752,0.023391028322243733,0.03538282860265222,False,False
2026-04-29,MSFT,-0.011159054466330809,0.023391028322243733,0.03538282860265222,False,False
2026-04-30,MSFT,-0.039296904321054704,0.023391028322243733,0.03538282860265222,True,True
2026-05-01,MSFT,0.016332331545263257,0.024461261728577814,0.036560504666807755,False,False
2026-05-06,MSFT,0.0028895665524484304,0.024461261728577814,0.036560504666807755,False,False
2026-05-07,MSFT,0.01645085925974743,0.024461261728577814,0.036560504666807755,False,False
2026-05-08,MSFT,-0.013427749231185726,0.024461261728577814,0.036560504666807755,False,False
2026-05-11,MSFT,-0.005925976787467646,0.024461261728577814,0.036560504666807755,False,False
2026-05-12,MSFT,-0.01184998450308139,0.024461261728577814,0.036560504666807755,False,False
2026-05-13,MSFT,-0.006278043082047158,0.024461261728577814,0.036560504666807755,False,False
2026-05-14,MSFT,0.010414356283638071,0.024461261728577814,0.036560504666807755,False,False
2026-05-15,MSFT,0.03050587640227831,0.024461261728577814,0.036560504666807755,False,False
2026-05-18,MSFT,-0.002464942434165951,0.024461261728577814,0.036560504666807755,False,False
2026-05-19,MSFT,0.013994449872949843,0.024461261728577814,0.036560504666807755,False,False
2026-05-20,MSFT,-0.032371072936348555,0.024461261728577814,0.036560504666807755,True,False
2026-05-21,MSFT,0.007240548847155859,0.025084871043300094,0.03712437383102092,False,False
2026-05-22,MSFT,0.006310930420553973,0.025084871043300094,0.03712437383102092,False,False
2026-05-26,MSFT,-0.002819104702041497,0.025084871043300094,0.03712437383102092,False,False
2026-05-27,MSFT,-0.007031859826939102,0.025084871043300094,0.03712437383102092,False,False
2026-05-28,MSFT,0.02609451639332727,0.025084871043300094,0.03712437383102092,False,False
2026-05-29,MSFT,0.05871564386336314,0.025084871043300094,0.03712437383102092,False,False
2026-06-01,MSFT,0.025764051073022598,0.025084871043300094,0.03712437383102092,False,False
2026-06-02,MSFT,-0.041875966766076966,0.025084871043300094,0.03712437383102092,True,True
2026-06-03,MSFT,-0.03538983878442792,0.02531615390751947,0.0384118506844059,True,False
2026-06-04,MSFT,0.011432866940026543,0.026098002493024543,0.03917007218271578,False,False
2026-06-05,MSFT,-0.03486052939501161,0.026098002493024543,0.03917007218271578,True,False
2026-06-08,MSFT,-0.010415980789607482,0.026881700583792644,0.03979098899523721,False,False
2026-06-09,MSFT,-0.002497996296265903,0.026881700583792644,0.03979098899523721,False,False
2026-06-10,MSFT,-0.020447297335599468,0.026881700583792644,0.03979098899523721,False,False
2026-06-11,MSFT,-0.04055704103197266,0.026881700583792644,0.03979098899523721,True,True
2026-06-12,MSFT,0.010839484086726525,0.027157993922495995,0.04083418623255742,False,False
2026-06-15,MSFT,0.026667384163786778,0.027157993922495995,0.04083418623255742,False,False
2026-06-16,MSFT,-0.02169010447987485,0.027157993922495995,0.04083418623255742,False,False
2026-06-17,MSFT,-0.012609709574349814,0.027157993922495995,0.04083418623255742,False,False
2026-06-18,MSFT,-0.020928532592089044,0.027157993922495995,0.04083418623255742,False,False
2026-06-22,MSFT,-0.02590929554666166,0.027157993922495995,0.04083418623255742,False,False
2026-06-23,MSFT,0.013678038194659514,0.027157993922495995,0.04083418623255742,False,False
2026-06-24,MSFT,0.0006539742867868181,0.027157993922495995,0.04083418623255742,False,False
2026-06-25,MSFT,-0.05879373871475624,0.027157993922495995,0.04083418623255742,True,True
2026-06-26,MSFT,0.05708135763656941,0.027971011776592947,0.04325242568894883,False,False
2026-06-29,MSFT,-0.011797179081651343,0.027971011776592947,0.04325242568894883,False,False
2026-06-30,MSFT,0.012073640288203347,0.027971011776592947,0.04325242568894883,False,False
2026-07-01,MSFT,0.030186076074363744,0.027971011776592947,0.04325242568894883,False,False
2026-07-02,MSFT,0.01616006941502235,0.027971011776592947,0.04325242568894883,False,False
2026-07-06,MSFT,-0.017290038369511485,0.027971011776592947,0.04325242568894883,False,False
2026-07-07,MSFT,0.013294455215939749,0.027971011776592947,0.04325242568894883,False,False
2026-07-08,MSFT,-0.014144635458798516,0.027971011776592947,0.04325242568894883,False,False
2026-07-09,MSFT,0.0026607946559606965,0.027971011776592947,0.04325242568894883,False,False
2026-07-10,MSFT,0.0019253324491523838,0.027971011776592947,0.04325242568894883,False,False
2026-07-13,MSFT,0.015294687191659273,0.027971011776592947,0.04325242568894883,False,False
2026-07-14,MSFT,-0.015499111767442342,0.027971011776592947,0.04325242568894883,False,False
2026-07-15,MSFT,0.027797294081066015,0.027971011776592947,0.04325242568894883,False,False
2026-07-16,MSFT,0.013826052506617614,0.027971011776592947,0.04325242568894883,False,False
2026-07-17,MSFT,-0.018150083940457584,0.027971011776592947,0.04325242568894883,False,False
2026-07-20,MSFT,0.021507290292974046,0.027971011776592947,0.04325242568894883,False,False
2026-07-21,MSFT,-0.011285412136739392,0.027971011776592947,0.04325242568894883,False,False
2026-07-22,MSFT,-0.018629801790344125,0.027971011776592947,0.04325242568894883,False,False
2026-07-23,MSFT,-0.022441998892785864,0.027971011776592947,0.04325242568894883,False,False
2026-07-24,MSFT,0.0003145490827332065,0.027971011776592947,0.04325242568894883,False,False
2026-07-27,MSFT,0.01938693649417722,0.027971011776592947,0.04325242568894883,False,False
2026-07-28,MSFT,0.010922641823010837,0.027971011776592947,0.04325242568894883,False,False
2026-07-29,MSFT,-0.007143758777149345,0.027971011776592947,0.04325242568894883,False,False
2026-07-30,MSFT,0.15506733300956488,0.027971011776592947,0.04325242568894883,False,False
2026-07-31,MSFT,0.030192850660396786,0.027971011776592947,0.04325242568894883,False,False
2026-08-03,MSFT,0.049341523101114504,0.027971011776592947,0.04325242568894883,False,False
2026-08-04,MSFT,0.010581367223813976,0.027971011776592947,0.04325242568894883,False,False
2026-08-05,MSFT,-0.010856123313284671,0.027971011776592947,0.04325242568894883,False,False
2026-08-06,MSFT,0.02543797258000624,0.027971011776592947,0.04325242568894883,False,False
2026-08-07,MSFT,0.0002600825963716691,0.027971011776592947,0.04325242568894883,False,False
2026-08-10,MSFT,0.012140257690705702,0.027971011776592947,0.04325242568894883,False,False
2026-08-11,MSFT,-0.0044461131305670865,0.027971011776592947,0.04325242568894883,False,False
2026-08-12,MSFT,-0.022587890152951928,0.027971011776592947,0.04325242568894883,False,False
2026-08-13,MSFT,0.009036842339457563,0.027971011776592947,0.04325242568894883,False,False
2026-08-14,MSFT,-0.0029786084603609098,0.027971011776592947,0.04325242568894883,False,False
2026-08-17,MSFT,-0.030379467053674447,0.027971011776592947,0.04325242568894883,True,False
2026-08-18,MSFT,0.002664721063875719,0.028917723351538173,0.0433799286936459,False,False
2026-08-19,MSFT,0.005564422167662286,0.028917723351538173,0.0433799286936459,False,False
2026-08-20,MSFT,-0.006524754141023159,0.028917723351538173,0.0433799286936459,False,False
2026-08-21,MSFT,0.004343752186226402,0.028917723351538173,0.0433799286936459,False,False
2026-08-24,MSFT,0.00842233136012771,0.028917723351538173,0.0433799286936459,False,False
2026-08-25,MSFT,0.009029147603226262,0.028917723351538173,0.0433799286936459,False,False
2026-08-26,MSFT,0.00947713844154241,0.028917723351538173,0.0433799286936459,False,False
2026-08-27,MSFT,0.017507106648045223,0.028917723351538173,0.0433799286936459,False,False
2026-08-28,MSFT,0.01677034764032892,0.028917723351538173,0.0433799286936459,False,False
2026-08-31,MSFT,-0.004907070345946285,0.028917723351538173,0.0433799286936459,False,False
2026-09-01,MSFT,-0.01919744655931266,0.028917723351538173,0.0433799286936459,False,False
2026-09-02,MSFT,-0.008120525189727168,0.028917723351538173,0.0433799286936459,False,False
2026-09-03,MSFT,0.027196083279782846,0.028917723351538173,0.0433799286936459,False,False
2026-09-04,MSFT,-0.02144322299095691,0.028917723351538173,0.0433799286936459,False,False
2026-09-08,MSFT,-0.01316793461897614,0.028917723351538173,0.0433799286936459,False,False
2026-09-09,MSFT,-0.0020887386224363036,0.028917723351538173,0.0433799286936459,False,False
2026-09-10,MSFT,-0.00024384791009879336,0.028917723351538173,0.0433799286936459,False,False
2026-09-11,MSFT,0.0074394854422585865,0.028917723351538173,0.0433799286936459,False,False
2026-09-14,MSFT,0.024736213798282503,0.028917723351538173,0.0433799286936459,False,False
2026-09-15,MSFT,-0.016489790620902833,0.028917723351538173,0.0433799286936459,False,False
2026-09-16,MSFT,-0.010089803904030914,0.028917723351538173,0.0433799286936459,False,False
2026-09-17,MSFT,0.005258114305925821,0.028917723351538173,0.0433799286936459,False,False
2026-09-18,MSFT,-0.006628805204076493,0.028917723351538173,0.0433799286936459,False,False
2026-09-21,MSFT,0.004809834351070075,0.028917723351538173,0.0433799286936459,False,False
2026-09-22,MSFT,-0.0026805868640602526,0.028917723351538173,0.0433799286936459,False,False
2026-09-23,MSFT,0.00694184302299683,0.028917723351538173,0.0433799286936459,False,False
2026-09-24,MSFT,-0.005529251452687123,0.028917723351538173,0.0433799286936459,False,False
2026-09-25,MSFT,0.041704882541460986,0.028917723351538173,0.0433799286936459,False,False
2026-09-28,MSFT,-0.01008386141115769,0.028917723351538173,0.0433799286936459,False,False
2026-09-29,MSFT,-0.003784976451178923,0.028917723351538173,0.0433799286936459,False,False
2026-09-30,MSFT,0.01722933096593704,0.028917723351538173,0.0433799286936459,False,False
2026-10-01,MSFT,-0.00575754132416495,0.028917723351538173,0.0433799286936459,False,False
2026-10-02,MSFT,0.005264018363897005,0.028917723351538173,0.0433799286936459,False,False
2026-10-05,MSFT,0.014781680184432267,0.028917723351538173,0.0433799286936459,False,False
2026-10-06,MSFT,0.01336688302896527,0.028917723351538173,0.0433799286936459,False,False
2026-10-07,MSFT,-0.004922952005059877,0.028917723351538173,0.0433799286936459,False,False
2025-01-02,AMZN,0.003783225458606987,0.02484801469626255,0.03724425636202364,False,False
2025-01-03,AMZN,0.018027432561515733,0.02484801469626255,0.03724425636202364,False,False
2025-01-06,AMZN,0.015254909370185477,0.02484801469626255,0.03724425636202364,False,False
2025-01-07,AMZN,-0.02416414035082548,0.024045368554792747,0.03708701750641519,True,False
2025-01-08,AMZN,9.006470850470016e-05,0.02419098110330149,0.03708701750641519,False,False
2025-01-10,AMZN,-0.014360970473526025,0.02419098110330149,0.03708701750641519,False,False
2025-01-13,AMZN,-0.0021923619356289947,0.02419098110330149,0.03708701750641519,False,False
2025-01-14,AMZN,-0.003204303696411115,0.02419098110330149,0.03708701750641519,False,False
2025-01-15,AMZN,0.025670516796895804,0.02419098110330149,0.03708701750641519,False,False
2025-01-16,AMZN,-0.012043887924316987,0.02419098110330149,0.03708701750641519,False,False
2025-01-17,AMZN,0.023928209424767255,0.02419098110330149,0.03708701750641519,False,False
2025-01-21,AMZN,0.021111818274402117,0.02419098110330149,0.03708701750641519,False,False
2025-01-22,AMZN,0.018638063663626525,0.02419098110330149,0.03708701750641519,False,False
2025-01-23,AMZN,0.0017446222360446573,0.02419098110330149,0.03708701750641519,False,False
2025-01-24,AMZN,-0.002421170970448472,0.02419098110330149,0.03708701750641519,False,False
2025-01-27,AMZN,0.0024270472668348475,0.02419098110330149,0.03708701750641519,False,False
2025-01-28,AMZN,0.011596277923593856,0.02419098110330149,0.03708701750641519,False,False
2025-01-29,AMZN,-0.004534900692607424,0.02419098110330149,0.03708701750641519,False,False
2025-01-30,AMZN,-0.010250170242948609,0.02419098110330149,0.03708701750641519,False,False
2025-01-31,AMZN,0.012955989149507907,0.02419098110330149,0.03708701750641519,False,False
2025-02-03,AMZN,-0.0010938846972727845,0.02419098110330149,0.03708701750641519,False,False
2025-02-04,AMZN,0.019543422733693472,0.02419098110330149,0.03708701750641519,False,False
2025-02-05,AMZN,-0.024332807771026643,0.02419098110330149,0.03708701750641519,True,False
2025-02-06,AMZN,0.011263088803542765,0.024272846054053346,0.03709540376053733,False,False
2025-02-07,AMZN,-0.04053095448794508,0.024272846054053346,0.03709540376053733,True,True
2025-02-10,AMZN,0.017412199866636335,0.024907976413235847,0.03834141504645413,False,False
2025-02-11,AMZN,-0.0016299428832775575,0.024907976413235847,0.03834141504645413,False,False
2025-02-12,AMZN,-0.01645472556041927,0.024907976413235847,0.03834141504645413,False,False
2025-02-13,AMZN,0.006290143220533118,0.024907976413235847,0.03834141504645413,False,False
2025-02-14,AMZN,-0.007336035409240549,0.024907976413235847,0.03834141504645413,False,False
2025-02-18,AMZN,-0.008877028355405714,0.024907976413235847,0.03834141504645413,False,False
2025-02-19,AMZN,-8.819331220011328e-05,0.024907976413235847,0.03834141504645413,False,False
2025-02-20,AMZN,-0.016546793977871843,0.024907976413235847,0.03834141504645413,False,False
2025-02-21,AMZN,-0.028266344731418536,0.024907976413235847,0.03834141504645413,True,False
2025-02-24,AMZN,-0.017868663239768212,0.025923116423090607,0.03854567538661945,False,False
2025-02-25,AMZN,0.000423094048469963,0.025923116423090607,0.03854567538661945,False,False
2025-02-26,AMZN,0.007283848822975836,0.025923116423090607,0.03854567538661945,False,False
2025-02-27,AMZN,-0.02617215045770671,0.025923116423090607,0.03854567538661945,True,False
2025-02-28,AMZN,0.016958863624485065,0.02623177100473116,0.03854567538661945,False,False
2025-03-03,AMZN,-0.034200087377916355,0.02623177100473116,0.03854567538661945,True,False
2025-03-04,AMZN,-0.005950644792114046,0.026334225026060847,0.03915301744936644,False,False
2025-03-05,AMZN,0.022374865016246748,0.026334225026060847,0.03915301744936644,False,False
2025-03-06,AMZN,-0.03676331176651382,0.026334225026060847,0.03915301744936644,True,False
2025-03-07,AMZN,-0.007224698407026442,0.027223566227507885,0.039952473445620015,False,False
2025-03-10,AMZN,-0.02363867861413893,0.027223566227507885,0.039952473445620015,False,False
2025-03-11,AMZN,0.010537694677220655,0.027223566227507885,0.039952473445620015,False,False
2025-03-12,AMZN,0.011699491808345508,0.027223566227507885,0.039952473445620015,False,False
2025-03-13,AMZN,-0.025139524437347016,0.027223566227507885,0.039952473445620015,False,False
2025-03-14,AMZN,0.02093969555611075,0.027223566227507885,0.039952473445620015,False,False
2025-03-17,AMZN,-0.01116439246854839,0.027223566227507885,0.039952473445620015,False,False
2025-03-18,AMZN,-0.014917738259935254,0.027223566227507885,0.039952473445620015,False,False
2025-03-19,AMZN,0.014106347155876442,0.027223566227507885,0.039952473445620015,False,False
2025-03-20,AMZN,-0.003017266841301769,0.027223566227507885,0.039952473445620015,False,False
2025-03-21,AMZN,0.006463245885351521,0.027223566227507885,0.039952473445620015,False,False
2025-03-24,AMZN,0.03593082692897376,0.027223566227507885,0.039952473445620015,False,False
2025-03-25,AMZN,0.012053587883713357,0.027223566227507885,0.039952473445620015,False,False
2025-03-26,AMZN,-0.022264360904062586,0.027223566227507885,0.039952473445620015,False,False
2025-03-27,AMZN,0.0011435177345771042,0.027223566227507885,0.039952473445620015,False,False
2025-03-28,AMZN,-0.04290822091507418,0.027223566227507885,0.039952473445620015,True,True
2025-03-31,AMZN,-0.012764667384211892,0.029016801144820057,0.04107877161359352,False,False
2025-04-01,AMZN,0.010038913682617334,0.029016801144820057,0.04107877161359352,False,False
2025-04-02,AMZN,0.01998228846583383,0.029016801144820057,0.04107877161359352,False,False
2025-04-03,AMZN,-0.08979129298487254,0.029016801144820057,0.04107877161359352,True,True
2025-04-04,AMZN,-0.041533565999713695,0.030240435090139187,0.04568317679319229,True,False
2025-04-07,AMZN,0.024912248577988017,0.03161796282006822,0.046523071445718905,False,False
2025-04-08,AMZN,-0.026246667744515673,0.03161796282006822,0.046523071445718905,False,False
2025-04-09,AMZN,0.11977031526306248,0.03161796282006822,0.046523071445718905,False,False
2025-04-10,AMZN,-0.05170070417193329,0.03161796282006822,0.046523071445718905,True,True
2025-04-11,AMZN,0.020141230945248445,0.03288510784665244,0.047973595991287955,False,False
2025-04-14,AMZN,-0.014875318183769082,0.03288510784665244,0.047973595991287955,False,False
2025-04-15,AMZN,-0.013891933050343641,0.03288510784665244,0.047973595991287955,False,False
2025-04-16,AMZN,-0.029288905919567454,0.03288510784665244,0.047973595991287955,False,False
2025-04-17,AMZN,-0.009866352335440198,0.03288510784665244,0.047973595991287955,False,False
2025-04-21,AMZN,-0.030647084568839134,0.03288510784665244,0.047973595991287955,False,False
2025-04-22,AMZN,0.03502262189247651,0.03288510784665244,0.047973595991287955,False,False
2025-04-23,AMZN,0.042845673527805994,0.03288510784665244,0.047973595991287955,False,False
2025-04-24,AMZN,0.03289029336584037,0.03288510784665244,0.047973595991287955,False,False
2025-04-25,AMZN,0.013133978209558528,0.03288510784665244,0.047973595991287955,False,False
2025-04-28,AMZN,-0.006825802991833552,0.03288510784665244,0.047973595991287955,False,False
2025-04-29,AMZN,-0.0016515586767922308,0.03288510784665244,0.047973595991287955,False,False
2025-04-30,AMZN,-0.015849304820837684,0.03288510784665244,0.047973595991287955,False,False
2025-05-01,AMZN,0.031341496782804956,0.03288510784665244,0.047973595991287955,False,False
2025-05-02,AMZN,-0.0011566836184702112,0.03288510784665244,0.047973595991287955,False,False
2025-05-05,AMZN,-0.01910722026349243,0.031635644798652524,0.04796654936443038,False,False
2025-05-06,AMZN,-0.007190832051464091,0.031635644798652524,0.04796654936443038,False,False
2025-05-07,AMZN,0.019998985551532122,0.031635644798652524,0.04796654936443038,False,False
2025-05-08,AMZN,0.01785806262143419,0.031635644798652524,0.04796654936443038,False,False
2025-05-09,AMZN,0.0051020185245573835,0.031635644798652524,0.04796654936443038,False,False
2025-05-12,AMZN,0.08070031092964336,0.031635644798652524,0.04796654936443038,False,False
2025-05-13,AMZN,0.01308471882441209,0.031635644798652524,0.04796654936443038,False,False
2025-05-14,AMZN,-0.005298742220089303,0.031635644798652524,0.04796654936443038,False,False
2025-05-15,AMZN,-0.024161720956264898,0.031635644798652524,0.04796654936443038,False,False
2025-05-16,AMZN,0.002047074000553817,0.031635644798652524,0.04796654936443038,False,False
2025-05-19,AMZN,0.0027725440652370814,0.031635644798652524,0.04796654936443038,False,False
2025-05-20,AMZN,-0.010137739138364021,0.031635644798652524,0.04796654936443038,False,False
2025-05-21,AMZN,-0.014455883280997672,0.031635644798652524,0.04796654936443038,False,False
2025-05-22,AMZN,0.00984492359983613,0.031635644798652524,0.04796654936443038,False,False
2025-05-23,AMZN,-0.010388973643241206,0.031635644798652524,0.04796654936443038,False,False
2025-05-27,AMZN,0.025026113945093353,0.031635644798652524,0.04796654936443038,False,False
2025-05-28,AMZN,-0.006310081665849121,0.031635644798652524,0.04796654936443038,False,False
2025-05-29,AMZN,0.004787005283780621,0.031635644798652524,0.04796654936443038,False,False
2025-05-30,AMZN,-0.0033544115296213484,0.031635644798652524,0.04796654936443038,False,False
2025-06-02,AMZN,0.007999607012299847,0.031635644798652524,0.04796654936443038,False,False
2025-06-03,AMZN,-0.004548692041520419,0.031635644798652524,0.04796654936443038,False,False
2025-06-04,AMZN,0.007388989179248462,0.031635644798652524,0.04796654936443038,False,False
2025-06-05,AMZN,0.0032814165352026414,0.031635644798652524,0.04796654936443038,False,False
2025-06-06,AMZN,0.027223334916139486,0.031635644798652524,0.04796654936443038,False,False
2025-06-09,AMZN,0.015966607137600786,0.031635644798652524,0.04796654936443038,False,False
2025-06-10,AMZN,0.0029035159702168745,0.031635644798652524,0.04796654936443038,False,False
2025-06-11,AMZN,-0.020265629565462184,0.031635644798652524,0.04796654936443038,False,False
2025-06-12,AMZN,0.00018765734284498237,0.031635644798652524,0.04796654936443038,False,False
2025-06-13,AMZN,-0.0053460859139069505,0.031635644798652524,0.04796654936443038,False,False
2025-06-16,AMZN,0.018859028217320217,0.031635644798652524,0.04796654936443038,False,False
2025-06-17,AMZN,-0.005923177895162723,0.031635644798652524,0.04796654936443038,False,False
2025-06-18,AMZN,-0.010706651956707725,0.031635644798652524,0.04796654936443038,False,False
2025-06-20,AMZN,-0.013316402099383007,0.031635644798652524,0.04796654936443038,False,False
2025-06-23,AMZN,-0.005818118205440093,0.031635644798652524,0.04796654936443038,False,False
2025-06-24,AMZN,0.02062648355436747,0.031635644798652524,0.04796654936443038,False,False
2025-06-25,AMZN,-0.0036659245365152637,0.031635644798652524,0.04796654936443038,False,False
2025-06-26,AMZN,0.024199205109171285,0.031635644798652524,0.04796654936443038,False,False
2025-06-27,AMZN,0.028463559660798277,0.031635644798652524,0.04796654936443038,False,False
2025-06-30,AMZN,-0.017510092291414314,0.031635644798652524,0.04796654936443038,False,False
2025-07-01,AMZN,0.00487719279454657,0.031635644798652524,0.04796654936443038,False,False
2025-07-02,AMZN,-0.002449462616694653,0.031635644798652524,0.04796654936443038,False,False
2025-07-03,AMZN,0.015869432167251007,0.031635644798652524,0.04796654936443038,False,False
2025-07-07,AMZN,0.0002685535903059755,0.031635644798652524,0.04796654936443038,False,False
2025-07-08,AMZN,-0.018391733064396676,0.031635644798652524,0.04796654936443038,False,False
2025-07-09,AMZN,0.014496684294917905,0.031635644798652524,0.04796654936443038,False,False
2025-07-10,AMZN,-0.0012581953255335065,0.031635644798652524,0.04796654936443038,False,False
2025-07-11,AMZN,0.012417933203629827,0.031635644798652524,0.04796654936443038,False,False
2025-07-14,AMZN,0.0029775049161142597,0.031635644798652524,0.04796654936443038,False,False
2025-07-15,AMZN,0.0029243814744550622,0.031635644798652524,0.04796654936443038,False,False
2025-07-16,AMZN,-0.013960696164789232,0.031635644798652524,0.04796654936443038,False,False
2025-07-17,AMZN,0.0030915472640284936,0.031635644798652524,0.04796654936443038,False,False
2025-07-18,AMZN,0.010050026580880944,0.031635644798652524,0.04796654936443038,False,False
2025-07-21,AMZN,0.014018476542235536,0.031635644798652524,0.04796654936443038,False,False
2025-07-22,AMZN,-0.007980819043607368,0.031635644798652524,0.04796654936443038,False,False
2025-07-23,AMZN,0.003604836070819184,0.031635644798652524,0.04796654936443038,False,False
2025-07-24,AMZN,0.01725876103762447,0.031635644798652524,0.04796654936443038,False,False
2025-07-25,AMZN,-0.00340177109187767,0.031635644798652524,0.04796654936443038,False,False
2025-07-28,AMZN,0.005833005662313484,0.031635644798652524,0.04796654936443038,False,False
2025-07-29,AMZN,-0.007646371539299812,0.031635644798652524,0.04796654936443038,False,False
2025-07-30,AMZN,-0.003549595623255297,0.031635644798652524,0.04796654936443038,False,False
2025-07-31,AMZN,0.017029402351838252,0.031635644798652524,0.04796654936443038,False,False
2025-08-01,AMZN,-0.08269617085933034,0.031635644798652524,0.04796654936443038,True,True
2025-08-04,AMZN,-0.01443541840985152,0.03345417611380693,0.05180134057826074,False,False
2025-08-05,AMZN,0.009922070229506863,0.03345417611380693,0.05180134057826074,False,False
2025-08-06,AMZN,0.04004677220394748,0.03345417611380693,0.05180134057826074,False,False
2025-08-07,AMZN,0.0036885760119835798,0.031635644798652524,0.04757032526312854,False,False
2025-08-08,AMZN,-0.001971955504762035,0.030629402590254828,0.046775738570034045,False,False
2025-08-11,AMZN,-0.006241858073597895,0.030629402590254828,0.046775738570034045,False,False
2025-08-12,AMZN,0.0007681796954406295,0.030629402590254828,0.046775738570034045,False,False
2025-08-13,AMZN,0.01395221168040428,0.030629402590254828,0.046775738570034045,False,False
2025-08-14,AMZN,0.02858923333961183,0.030629402590254828,0.046775738570034045,False,False
2025-08-15,AMZN,0.00021648217457226338,0.030629402590254828,0.046775738570034045,False,False
2025-08-18,AMZN,0.0019911124801876845,0.030629402590254828,0.046775738570034045,False,False
2025-08-19,AMZN,-0.01503309388634011,0.030629402590254828,0.046775738570034045,False,False
2025-08-20,AMZN,-0.01842023178556884,0.030629402590254828,0.046775738570034045,False,False
2025-08-21,AMZN,-0.008310623433453235,0.030629402590254828,0.046775738570034045,False,False
2025-08-22,AMZN,0.031043025385826706,0.030629402590254828,0.046775738570034045,False,False
2025-08-25,AMZN,-0.003932852258726194,0.030629402590254828,0.046775738570034045,False,False
2025-08-26,AMZN,0.0033781006590050122,0.030629402590254828,0.046775738570034045,False,False
2025-08-27,AMZN,0.0017926124405795996,0.030629402590254828,0.046775738570034045,False,False
2025-08-28,AMZN,0.0108240705271474,0.030629402590254828,0.046775738570034045,False,False
2025-08-29,AMZN,-0.011226278216735164,0.030629402590254828,0.046775738570034045,False,False
2025-09-02,AMZN,-0.015982548742835667,0.030629402590254828,0.046775738570034045,False,False
2025-09-03,AMZN,0.0028845707190781056,0.030629402590254828,0.046775738570034045,False,False
2025-09-04,AMZN,0.042877945692648245,0.030629402590254828,0.046775738570034045,False,False
2025-09-05,AMZN,-0.014214150326010255,0.030629402590254828,0.046775738570034045,False,False
2025-09-08,AMZN,0.015107797009308976,0.030629402590254828,0.046775738570034045,False,False
2025-09-09,AMZN,0.010176429751274751,0.030629402590254828,0.046775738570034045,False,False
2025-09-10,AMZN,-0.03320182790348514,0.030629402590254828,0.046775738570034045,True,False
2025-09-11,AMZN,-0.0016498279850283293,0.030629402590254828,0.0465189995928135,False,False
2025-09-12,AMZN,-0.007827802024989672,0.030629402590254828,0.0465189995928135,False,False
2025-09-15,AMZN,0.014376501718361023,0.030629402590254828,0.0465189995928135,False,False
2025-09-16,AMZN,0.011320962964584513,0.030629402590254828,0.0465189995928135,False,False
2025-09-17,AMZN,-0.010382430689534927,0.030629402590254828,0.0465189995928135,False,False
2025-09-18,AMZN,-0.0016837898189709932,0.030629402590254828,0.0465189995928135,False,False
2025-09-19,AMZN,0.0010811746080494622,0.030629402590254828,0.0465189995928135,False,False
2025-09-22,AMZN,-0.016632067201427403,0.030629402590254828,0.0465189995928135,False,False
2025-09-23,AMZN,-0.030400202172415014,0.030629402590254828,0.0465189995928135,False,False
2025-09-24,AMZN,-0.0022654160880354324,0.030629402590254828,0.0465189995928135,False,False
2025-09-25,AMZN,-0.00935476479077324,0.030629402590254828,0.0465189995928135,False,False
2025-09-26,AMZN,0.007471945580644679,0.030629402590254828,0.0465189995928135,False,False
2025-09-29,AMZN,0.01087450815780766,0.030629402590254828,0.0465189995928135,False,False
2025-09-30,AMZN,-0.011702709034319914,0.030629402590254828,0.0465189995928135,False,False
2025-10-01,AMZN,0.004827606336181178,0.030629402590254828,0.0465189995928135,False,False
2025-10-02,AMZN,0.008067800117406154,0.030629402590254828,0.0465189995928135,False,False
2025-10-03,AMZN,-0.013039023009411066,0.030629402590254828,0.0465189995928135,False,False
2025-10-06,AMZN,0.00633228292302257,0.030629402590254828,0.0465189995928135,False,False
2025-10-07,AMZN,0.003983725247293846,0.030629402590254828,0.0465189995928135,False,False
2025-10-08,AMZN,0.015510877718191152,0.030629402590254828,0.0465189995928135,False,False
2025-10-09,AMZN,0.01118907849570383,0.030629402590254828,0.0465189995928135,False,False
2025-10-10,AMZN,-0.049925397829666096,0.030511299250805864,0.0465189995928135,True,True
2025-10-13,AMZN,0.017100394188331425,0.031635644798652524,0.048001946766723265,False,False
2025-10-14,AMZN,-0.016721987604375044,0.031635644798652524,0.048001946766723265,False,False
2025-10-15,AMZN,-0.003789417568938358,0.031635644798652524,0.048001946766723265,False,False
2025-10-16,AMZN,-0.00510277898660183,0.031635644798652524,0.048001946766723265,False,False
2025-10-17,AMZN,-0.006667636156250767,0.031635644798652524,0.048001946766723265,False,False
2025-10-20,AMZN,0.016147214372026486,0.031635644798652524,0.048001946766723265,False,False
2025-10-21,AMZN,0.025637486886977978,0.031635644798652524,0.048001946766723265,False,False
2025-10-22,AMZN,-0.018375903497213075,0.031635644798652524,0.048001946766723265,False,False
2025-10-23,AMZN,0.014406971477930908,0.031635644798652524,0.048001946766723265,False,False
2025-10-24,AMZN,0.01411194729592502,0.031635644798652524,0.048001946766723265,False,False
2025-10-27,AMZN,0.012309863182682124,0.031635644798652524,0.048001946766723265,False,False
2025-10-28,AMZN,0.010045375014470892,0.031635644798652524,0.048001946766723265,False,False
2025-10-29,AMZN,0.0045801659836763875,0.031635644798652524,0.048001946766723265,False,False
2025-10-30,AMZN,-0.03230569840563213,0.031635644798652524,0.048001946766723265,True,False
2025-10-31,AMZN,0.09584492754129248,0.032547882408888694,0.048001946766723265,False,False
2025-11-03,AMZN,0.04004585509136338,0.032547882408888694,0.048001946766723265,False,False
2025-11-04,AMZN,-0.018425168014886806,0.032547882408888694,0.048001946766723265,False,False
2025-11-05,AMZN,0.0035295587926045258,0.03139346079539596,0.04796054779180761,False,False
2025-11-06,AMZN,-0.028617121300727022,0.03139346079539596,0.04796054779180761,False,False
2025-11-07,AMZN,0.005636975040415049,0.03139346079539596,0.04796054779180761,False,False
2025-11-10,AMZN,0.01632498741700883,0.03139346079539596,0.04796054779180761,False,False
2025-11-11,AMZN,0.0028180846386129943,0.03139346079539596,0.04796054779180761,False,False
2025-11-12,AMZN,-0.01967085120518708,0.03139346079539596,0.04796054779180761,False,False
2025-11-13,AMZN,-0.027108907452568887,0.03139346079539596,0.04796054779180761,False,False
2025-11-14,AMZN,-0.012164320933474637,0.03139346079539596,0.04796054779180761,False,False
2025-11-17,AMZN,-0.007754941860691922,0.03139346079539596,0.04796054779180761,False,False
2025-11-18,AMZN,-0.04431653833391602,0.03139346079539596,0.04796054779180761,True,False
2025-11-19,AMZN,0.0006290693674619874,0.032708956679665974,0.04888445855552175,False,False
2025-11-20,AMZN,-0.02492255148822009,0.03139346079539596,0.048143167799690315,False,False
2025-11-21,AMZN,0.016348913427910006,0.03139346079539596,0.048143167799690315,False,False
2025-11-24,AMZN,0.02532963104830621,0.03139346079539596,0.048143167799690315,False,False
2025-11-25,AMZN,0.0149814363087164,0.03139346079539596,0.048143167799690315,False,False
2025-11-26,AMZN,-0.0022205534501759105,0.03139346079539596,0.048143167799690315,False,False
2025-11-28,AMZN,0.01771686809963624,0.03139346079539596,0.048143167799690315,False,False
2025-12-01,AMZN,0.0028299616613276513,0.03139346079539596,0.048143167799690315,False,False
2025-12-02,AMZN,0.0023088475921804186,0.03139346079539596,0.048143167799690315,False,False
2025-12-03,AMZN,-0.008702300580441968,0.03139346079539596,0.048143167799690315,False,False
2025-12-04,AMZN,-0.014071797072686909,0.03139346079539596,0.048143167799690315,False,False
2025-12-05,AMZN,0.0018331725713693903,0.03139346079539596,0.048143167799690315,False,False
2025-12-08,AMZN,-0.011501761877265149,0.03139346079539596,0.048143167799690315,False,False
2025-12-09,AMZN,0.004539639393836836,0.03139346079539596,0.048143167799690315,False,False
2025-12-10,AMZN,0.016935769749744978,0.03139346079539596,0.048143167799690315,False,False
2025-12-11,AMZN,-0.006471654188885845,0.03139346079539596,0.048143167799690315,False,False
2025-12-12,AMZN,-0.017760970816273702,0.03139346079539596,0.048143167799690315,False,False
2025-12-15,AMZN,-0.01613691637948922,0.03139346079539596,0.048143167799690315,False,False
2025-12-16,AMZN,8.989068511033871e-05,0.03139346079539596,0.048143167799690315,False,False
2025-12-17,AMZN,-0.005796159688549518,0.03139346079539596,0.048143167799690315,False,False
2025-12-18,AMZN,0.024811271877659857,0.03139346079539596,0.048143167799690315,False,False
2025-12-19,AMZN,0.0026019210221046585,0.03139346079539596,0.048143167799690315,False,False
2025-12-22,AMZN,0.00475032567966549,0.03139346079539596,0.048143167799690315,False,False
2025-12-23,AMZN,0.016241329216049705,0.030511299250805864,0.04696314273883368,False,False
2025-12-24,AMZN,0.001033882544133169,0.030511299250805864,0.04696314273883368,False,False
2025-12-26,AMZN,0.000602458846315379,0.030511299250805864,0.04696314273883368,False,False
2025-12-29,AMZN,-0.0019353042317807878,0.030511299250805864,0.04696314273883368,False,False
2025-12-30,AMZN,0.001982123671998126,0.030511299250805864,0.04696314273883368,False,False
2025-12-31,AMZN,-0.0073538531116630335,0.030511299250805864,0.04696314273883368,False,False
2026-01-02,AMZN,-0.018715913643268745,0.030511299250805864,0.04696314273883368,False,False
2026-01-05,AMZN,0.028962461627345393,0.030511299250805864,0.04696314273883368,False,False
2026-01-06,AMZN,0.033768107781812384,0.030511299250805864,0.04696314273883368,False,False
2026-01-07,AMZN,0.0026148877348795008,0.030511299250805864,0.04696314273883368,False,False
2026-01-08,AMZN,0.019581038977249277,0.030511299250805864,0.04696314273883368,False,False
2026-01-09,AMZN,0.004425724253495522,0.030511299250805864,0.04696314273883368,False,False
2026-01-12,AMZN,-0.003678565947722645,0.030511299250805864,0.04696314273883368,False,False
2026-01-13,AMZN,-0.0157016882298876,0.030511299250805864,0.04696314273883368,False,False
2026-01-14,AMZN,-0.024526018373191683,0.030511299250805864,0.04696314273883368,False,False
2026-01-15,AMZN,0.006465239039753046,0.030511299250805864,0.04696314273883368,False,False
2026-01-16,AMZN,0.0039466053837939885,0.030511299250805864,0.04696314273883368,False,False
2026-01-20,AMZN,-0.033957825706746436,0.030511299250805864,0.04696314273883368,True,False
2026-01-21,AMZN,0.001341980773133189,0.03139346079539596,0.04721781513405732,False,False
2026-01-22,AMZN,0.01309929882528893,0.03139346079539596,0.04721781513405732,False,False
2026-01-23,AMZN,0.020568436457892858,0.03139346079539596,0.04721781513405732,False,False
2026-01-26,AMZN,-0.003094185824689788,0.03139346079539596,0.04721781513405732,False,False
2026-01-27,AMZN,0.026256163723313408,0.03139346079539596,0.04721781513405732,False,False
2026-01-28,AMZN,-0.0068252338521122,0.03139346079539596,0.04721781513405732,False,False
2026-01-29,AMZN,-0.005267268047532414,0.03139346079539596,0.04721781513405732,False,False
2026-01-30,AMZN,-0.010052507834071855,0.03139346079539596,0.04721781513405732,False,False
2026-02-02,AMZN,0.015294624385431943,0.03139346079539596,0.04721781513405732,False,False
2026-02-03,AMZN,-0.017863069956986388,0.03139346079539596,0.04721781513405732,False,False
2026-02-04,AMZN,-0.023593955826118118,0.03139346079539596,0.04721781513405732,False,False
2026-02-05,AMZN,-0.04420791797466184,0.03139346079539596,0.04721781513405732,True,False
2026-02-06,AMZN,-0.05554804877440456,0.032708956679665974,0.04813337048552114,True,True
2026-02-09,AMZN,-0.00760748406141476,0.03354202691495271,0.04985231055251494,False,False
2026-02-10,AMZN,-0.008432323191560842,0.03354202691495271,0.04985231055251494,False,False
2026-02-11,AMZN,-0.013915755650289796,0.032708956679665974,0.04928853158447956,False,False
2026-02-12,AMZN,-0.021952154485218922,0.032708956679665974,0.04928853158447956,False,False
2026-02-13,AMZN,-0.004058180323715632,0.032708956679665974,0.04928853158447956,False,False
2026-02-17,AMZN,0.011871828009746066,0.032708956679665974,0.04928853158447956,False,False
2026-02-18,AMZN,0.018095945812067304,0.032708956679665974,0.04928853158447956,False,False
2026-02-19,AMZN,0.00034184934085601526,0.032708956679665974,0.04928853158447956,False,False
2026-02-20,AMZN,0.025627257563010764,0.032708956679665974,0.04928853158447956,False,False
2026-02-23,AMZN,-0.023035535309270605,0.032708956679665974,0.04928853158447956,False,False
2026-02-24,AMZN,0.016027637831418806,0.032708956679665974,0.04928853158447956,False,False
2026-02-25,AMZN,0.00997315810991184,0.032708956679665974,0.04928853158447956,False,False
2026-02-26,AMZN,-0.012913032798065993,0.032708956679665974,0.04928853158447956,False,False
2026-02-27,AMZN,0.01000385652833935,0.032708956679665974,0.04928853158447956,False,False
2026-03-02,AMZN,-0.007666669573102691,0.032708956679665974,0.04928853158447956,False,False
2026-03-03,AMZN,0.0016315386481426941,0.032708956679665974,0.04928853158447956,False,False
2026-03-04,AMZN,0.03875826073047883,0.032708956679665974,0.04928853158447956,False,False
2026-03-05,AMZN,0.009777672934109694,0.03139346079539596,0.049142809355842317,False,False
2026-03-06,AMZN,-0.026171534044230005,0.03139346079539596,0.049142809355842317,False,False
2026-03-09,AMZN,0.0013132534612816382,0.03139346079539596,0.049142809355842317,False,False
2026-03-10,AMZN,0.00393459326562029,0.030511299250805864,0.04867233034063657,False,False
2026-03-11,AMZN,-0.007838417021498345,0.030511299250805864,0.04867233034063657,False,False
2026-03-12,AMZN,-0.014671973697334195,0.030511299250805864,0.04867233034063657,False,False
2026-03-13,AMZN,-0.008877013416636048,0.030511299250805864,0.04867233034063657,False,False
2026-03-16,AMZN,0.0195984367511175,0.030511299250805864,0.04867233034063657,False,False
2026-03-17,AMZN,0.016340754535353108,0.030511299250805864,0.04867233034063657,False,False
2026-03-18,AMZN,-0.024767666852414494,0.030511299250805864,0.04867233034063657,False,False
2026-03-19,AMZN,-0.005288991452693126,0.030511299250805864,0.04867233034063657,False,False
2026-03-20,AMZN,-0.01623874055782004,0.030511299250805864,0.04867233034063657,False,False
2026-03-23,AMZN,0.02322639327005427,0.030511299250805864,0.04867233034063657,False,False
2026-03-24,AMZN,-0.013800294588880768,0.030511299250805864,0.04867233034063657,False,False
2026-03-25,AMZN,0.021569200454641724,0.030511299250805864,0.04867233034063657,False,False
2026-03-26,AMZN,-0.019696817795534227,0.030511299250805864,0.04867233034063657,False,False
2026-03-27,AMZN,-0.039510442389467326,0.030511299250805864,0.04867233034063657,True,False
2026-03-30,AMZN,0.008076656164990315,0.03139346079539596,0.049354127096069504,False,False
2026-03-31,AMZN,0.03642700888472339,0.03139346079539596,0.049354127096069504,False,False
2026-04-01,AMZN,0.011043371606930696,0.030511299250805864,0.04841096276174373,False,False
2026-04-02,AMZN,-0.0037992260242744047,0.030511299250805864,0.04841096276174373,False,False
2026-04-06,AMZN,0.014396667550949482,0.030511299250805864,0.04841096276174373,False,False
2026-04-07,AMZN,0.00460553135602737,0.030511299250805864,0.04841096276174373,False,False
2026-04-08,AMZN,0.03499085736091123,0.029788989233348842,0.043842417314631614,False,False
2026-04-09,AMZN,0.056045170153601775,0.028919424379205208,0.0429005203853896,False,False
2026-04-10,AMZN,0.020244002182271403,0.028919424379205208,0.0429005203853896,False,False
2026-04-13,AMZN,0.006334400855383171,0.028919424379205208,0.0429005203853896,False,False
2026-04-14,AMZN,0.038059130876826774,0.028919424379205208,0.0429005203853896,False,False
2026-04-15,AMZN,-0.00208820280916866,0.02778760368424003,0.04112486016452758,False,False
2026-04-16,AMZN,0.004828961562342915,0.02778760368424003,0.04112486016452758,False,False
2026-04-17,AMZN,0.003444135445984209,0.02778760368424003,0.04112486016452758,False,False
2026-04-20,AMZN,-0.009099612075002872,0.02778760368424003,0.04112486016452758,False,False
2026-04-21,AMZN,0.0065651880571397925,0.026593352077982493,0.04095716797475846,False,False
2026-04-22,AMZN,0.021807838295304194,0.026593352077982493,0.04095716797475846,False,False
2026-04-23,AMZN,-0.001096486445127054,0.02548459363842454,0.04061289485748083,False,False
2026-04-24,AMZN,0.03493017225717909,0.02548459363842454,0.04061289485748083,False,False
2026-04-27,AMZN,-0.010871605831113018,0.02548459363842454,0.04061289485748083,False,False
2026-04-28,AMZN,-0.005438047398549362,0.02548459363842454,0.04061289485748083,False,False
2026-04-29,AMZN,0.012860978748156615,0.02548459363842454,0.04061289485748083,False,False
2026-04-30,AMZN,0.0076793983730687465,0.02548459363842454,0.04061289485748083,False,False
2026-05-01,AMZN,0.012072784412985094,0.02548459363842454,0.04061289485748083,False,False
2026-05-06,AMZN,0.0250875278601157,0.02548459363842454,0.04061289485748083,False,False
2026-05-07,AMZN,-0.01389133038400725,0.02548459363842454,0.04061289485748083,False,False
2026-05-08,AMZN,0.0055683857848436435,0.02548459363842454,0.04061289485748083,False,False
2026-05-11,AMZN,-0.013532354923427414,0.02548459363842454,0.04061289485748083,False,False
2026-05-12,AMZN,-0.011784761609137218,0.02548459363842454,0.04061289485748083,False,False
2026-05-13,AMZN,0.016213969753363422,0.02548459363842454,0.04061289485748083,False,False
2026-05-14,AMZN,-0.010772604336833247,0.02548459363842454,0.04061289485748083,False,False
2026-05-15,AMZN,-0.011526033074604314,0.02548459363842454,0.04061289485748083,False,False
2026-05-18,AMZN,0.01287193801745512,0.02548459363842454,0.04061289485748083,False,False
2026-05-19,AMZN,-0.02958439221097986,0.02548459363842454,0.04061289485748083,True,False
2026-05-20,AMZN,0.006182035575649891,0.026593352077982493,0.040875422408769284,False,False
2026-05-21,AMZN,0.007081788110609999,0.026593352077982493,0.040875422408769284,False,False
2026-05-22,AMZN,0.012315724940418882,0.026593352077982493,0.040875422408769284,False,False
2026-05-26,AMZN,0.0060337302192081665,0.026593352077982493,0.040875422408769284,False,False
2026-05-27,AMZN,0.005461175208547164,0.026593352077982493,0.040875422408769284,False,False
2026-05-28,AMZN,0.002950707316727863,0.026593352077982493,0.040875422408769284,False,False
2026-05-29,AMZN,0.0016840945794744933,0.026593352077982493,0.040875422408769284,False,False
2026-06-01,AMZN,-0.03114847301612078,0.026593352077982493,0.040875422408769284,True,False
2026-06-02,AMZN,-0.006140061035158184,0.02778760368424003,0.041186158221350196,False,False
2026-06-03,AMZN,-0.04105914027792079,0.02778760368424003,0.041186158221350196,True,False
2026-06-04,AMZN,0.013885559445593554,0.02905239321034079,0.04214323660421126,False,False
2026-06-05,AMZN,-0.028969477362525753,0.02905239321034079,0.04214323660421126,False,False
2026-06-08,AMZN,0.0019916493744474018,0.029246189044330094,0.04214323660421126,False,False
2026-06-09,AMZN,0.010100993845295836,0.029246189044330094,0.04214323660421126,False,False
2026-06-10,AMZN,-0.03417572730304308,0.029246189044330094,0.04214323660421126,True,False
2026-06-11,AMZN,-0.021413696035278096,0.02995150669362567,0.04249641622667766,False,False
2026-06-12,AMZN,0.013596757447436492,0.02995150669362567,0.04249641622667766,False,False
2026-06-15,AMZN,0.03261370228366278,0.02995150669362567,0.04249641622667766,False,False
2026-06-16,AMZN,0.0043437342486747355,0.02995150669362567,0.04249641622667766,False,False
2026-06-17,AMZN,-0.02227160324483035,0.02995150669362567,0.04249641622667766,False,False
2026-06-18,AMZN,0.010335276391368664,0.02995150669362567,0.04249641622667766,False,False
2026-06-22,AMZN,-0.0443144230864686,0.02995150669362567,0.04249641622667766,True,True
2026-06-23,AMZN,0.003575127258929278,0.0307369240520826,0.043566740912374086,False,False
2026-06-24,AMZN,0.005951445159856572,0.0307369240520826,0.043566740912374086,False,False
2026-06-25,AMZN,-0.037236519908808385,0.0307369240520826,0.043566740912374086,True,False
2026-06-26,AMZN,0.025020959746330673,0.03166922444140088,0.044035052211811594,False,False
2026-06-29,AMZN,0.03201683299701785,0.03166922444140088,0.044035052211811594,False,False
2026-06-30,AMZN,-0.00749564027789118,0.03166922444140088,0.044035052211811594,False,False
2026-07-01,AMZN,0.014097510539473834,0.03166922444140088,0.044035052211811594,False,False
2026-07-02,AMZN,0.004013244654325954,0.03166922444140088,0.044035052211811594,False,False
2026-07-06,AMZN,0.0026991337381594427,0.03166922444140088,0.044035052211811594,False,False
2026-07-07,AMZN,0.010911327699971718,0.03166922444140088,0.044035052211811594,False,False
2026-07-08,AMZN,-0.009594278605344897,0.03166922444140088,0.044035052211811594,False,False
2026-07-09,AMZN,0.01403824906613349,0.03166922444140088,0.044035052211811594,False,False
2026-07-10,AMZN,-0.006881464517662805,0.03166922444140088,0.044035052211811594,False,False
2026-07-13,AMZN,0.008029678202122303,0.03166922444140088,0.044035052211811594,False,False
2026-07-14,AMZN,0.0007278635572653958,0.03166922444140088,0.044035052211811594,False,False
2026-07-15,AMZN,0.030183041960898382,0.03166922444140088,0.044035052211811594,False,False
2026-07-16,AMZN,-0.019885500434225545,0.03166922444140088,0.044035052211811594,False,False
2026-07-17,AMZN,-0.010644698341695902,0.03166922444140088,0.044035052211811594,False,False
2026-07-20,AMZN,0.011163733419575328,0.03166922444140088,0.044035052211811594,False,False
2026-07-21,AMZN,-0.009760399967161826,0.03166922444140088,0.044035052211811594,False,False
2026-07-22,AMZN,-0.010906875035172847,0.03166922444140088,0.044035052211811594,False,False
2026-07-23,AMZN,-0.0457014586990675,0.03166922444140088,0.044035052211811594,True,True
2026-07-24,AMZN,-0.006633583101364859,0.032708956679665974,0.04506549531130662,False,False
2026-07-27,AMZN,-0.0031019827616639573,0.032708956679665974,0.04506549531130662,False,False
2026-07-28,AMZN,-0.002290499938177426,0.032708956679665974,0.04506549531130662,False,False
2026-07-29,AMZN,-0.0182361894773313,0.032708956679665974,0.04506549531130662,False,False
2026-07-30,AMZN,0.0390470167299346,0.032708956679665974,0.04506549531130662,False,False
2026-07-31,AMZN,0.15320588778032107,0.032708956679665974,0.04506549531130662,False,False
2026-08-03,AMZN,0.04580603526208682,0.032708956679665974,0.04506549531130662,False,False
2026-08-04,AMZN,-0.023237715094833633,0.032708956679665974,0.04506549531130662,False,False
2026-08-05,AMZN,-0.017194215631067156,0.032708956679665974,0.04506549531130662,False,False
2026-08-06,AMZN,-0.001430347110176089,0.032708956679665974,0.04506549531130662,False,False
2026-08-07,AMZN,0.00815397466052481,0.03166922444140088,0.04118930512256061,False,False
2026-08-10,AMZN,0.013152088338200807,0.03166922444140088,0.04118930512256061,False,False
2026-08-11,AMZN,-0.02092850300572191,0.03166922444140088,0.04118930512256061,False,False
2026-08-12,AMZN,-0.0183273604720513,0.03166922444140088,0.04118930512256061,False,False
2026-08-13,AMZN,-0.00804397600383,0.03166922444140088,0.04118930512256061,False,False
2026-08-14,AMZN,-0.009353943124710828,0.03166922444140088,0.04118930512256061,False,False
2026-08-17,AMZN,-0.005101832739500267,0.03166922444140088,0.04118930512256061,False,False
2026-08-18,AMZN,-0.007117926481727599,0.03166922444140088,0.04118930512256061,False,False
2026-08-19,AMZN,0.02462896060980113,0.03166922444140088,0.04118930512256061,False,False
2026-08-20,AMZN,-0.021554360010767937,0.03166922444140088,0.04118930512256061,False,False
2026-08-21,AMZN,-0.005689825658748426,0.03166922444140088,0.04118930512256061,False,False
2026-08-24,AMZN,0.01330086369122152,0.03166922444140088,0.04118930512256061,False,False
2026-08-25,AMZN,-0.003853969311243932,0.03166922444140088,0.04118930512256061,False,False
2026-08-26,AMZN,-0.002987814244201914,0.03166922444140088,0.04118930512256061,False,False
2026-08-27,AMZN,-0.01544486334918349,0.03166922444140088,0.04118930512256061,False,False
2026-08-28,AMZN,0.03968618794425893,0.03166922444140088,0.04118930512256061,False,False
2026-08-31,AMZN,-0.029294722404917595,0.03166922444140088,0.04118930512256061,False,False
2026-09-01,AMZN,-0.013977788277096392,0.03166922444140088,0.04118930512256061,False,False
2026-09-02,AMZN,0.0010587987854480119,0.03166922444140088,0.04118930512256061,False,False
2026-09-03,AMZN,0.009146785749935882,0.03166922444140088,0.04118930512256061,False,False
2026-09-04,AMZN,0.003474252528689048,0.03166922444140088,0.04118930512256061,False,False
2026-09-08,AMZN,-0.006343750855875685,0.03166922444140088,0.04118930512256061,False,False
2026-09-09,AMZN,-0.022813447213945737,0.03166922444140088,0.04118930512256061,False,False
2026-09-10,AMZN,0.005697015919146509,0.03166922444140088,0.04118930512256061,False,False
2026-09-11,AMZN,0.017192189414979797,0.03166922444140088,0.04118930512256061,False,False
2026-09-14,AMZN,-0.007944517858987088,0.03166922444140088,0.04118930512256061,False,False
2026-09-15,AMZN,-0.022532799597188125,0.03166922444140088,0.04118930512256061,False,False
2026-09-16,AMZN,-0.005421711259098849,0.0307369240520826,0.0410313547466095,False,False
2026-09-17,AMZN,0.017383436465456814,0.0307369240520826,0.0410313547466095,False,False
2026-09-18,AMZN,0.006965548887929218,0.0307369240520826,0.0410313547466095,False,False
2026-09-21,AMZN,0.0163966272249243,0.0307369240520826,0.0410313547466095,False,False
2026-09-22,AMZN,-0.00994688211104433,0.0307369240520826,0.0410313547466095,False,False
2026-09-23,AMZN,-0.019173103363035904,0.0307369240520826,0.0410313547466095,False,False
2026-09-24,AMZN,-0.014895614918648437,0.0307369240520826,0.0410313547466095,False,False
2026-09-25,AMZN,0.012120989062513576,0.0307369240520826,0.0410313547466095,False,False
2026-09-28,AMZN,-0.011815584450983962,0.0307369240520826,0.0410313547466095,False,False
2026-09-29,AMZN,0.002371074303598286,0.030288228573293257,0.0410313547466095,False,False
2026-09-30,AMZN,0.01554760855857018,0.030288228573293257,0.0410313547466095,False,False
2026-10-01,AMZN,-0.00947636743723912,0.030288228573293257,0.0410313547466095,False,False
2026-10-02,AMZN,0.011054387397075871,0.030288228573293257,0.0410313547466095,False,False
2026-10-05,AMZN,-0.0004771404816237279,0.030288228573293257,0.0410313547466095,False,False
2026-10-06,AMZN,0.015453499840675011,0.030288228573293257,0.0410313547466095,False,False
2026-10-07,AMZN,0.013298818829818204,0.030288228573293257,0.0410313547466095,False,False
