Date,Portfolio,Return,"Rolling VaR (95%, 252D)","Rolling ES (95%, 252D)",VaR Breach,Loss Exceeds ES
2025-01-02,Equal Weighted Portfolio,0.00031054488837500843,0.022303115866601914,0.032817310200746165,False,False
2025-01-03,Equal Weighted Portfolio,0.01701311809723416,0.022303115866601914,0.032817310200746165,False,False
2025-01-06,Equal Weighted Portfolio,0.018392977221800513,0.022303115866601914,0.032817310200746165,False,False
2025-01-07,Equal Weighted Portfolio,-0.02336885365225807,0.022303115866601914,0.032817310200746165,True,False
2025-01-08,Equal Weighted Portfolio,7.471749562222293e-05,0.023489277615878906,0.032817310200746165,False,False
2025-01-10,Equal Weighted Portfolio,-0.01860328846997239,0.023489277615878906,0.032817310200746165,False,False
2025-01-13,Equal Weighted Portfolio,-0.008202432805267869,0.023489277615878906,0.032817310200746165,False,False
2025-01-14,Equal Weighted Portfolio,-0.0058216218293960734,0.023489277615878906,0.032817310200746165,False,False
2025-01-15,Equal Weighted Portfolio,0.027196800546581648,0.023489277615878906,0.032817310200746165,False,False
2025-01-16,Equal Weighted Portfolio,-0.017829361993446403,0.023489277615878906,0.032817310200746165,False,False
2025-01-17,Equal Weighted Portfolio,0.017818165036613643,0.023489277615878906,0.032817310200746165,False,False
2025-01-21,Equal Weighted Portfolio,0.00422921554125757,0.023489277615878906,0.032817310200746165,False,False
2025-01-22,Equal Weighted Portfolio,0.022320451779127115,0.023489277615878906,0.032817310200746165,False,False
2025-01-23,Equal Weighted Portfolio,0.00017966536917912723,0.023489277615878906,0.032817310200746165,False,False
2025-01-24,Equal Weighted Portfolio,-0.00638191087673341,0.023489277615878906,0.032817310200746165,False,False
2025-01-27,Equal Weighted Portfolio,-0.03942707260537812,0.023489277615878906,0.032817310200746165,True,True
2025-01-28,Equal Weighted Portfolio,0.0367033156908974,0.025238621484446427,0.03403197251959798,False,False
2025-01-29,Equal Weighted Portfolio,-0.010252233740447947,0.025238621484446427,0.03403197251959798,False,False
2025-01-30,Equal Weighted Portfolio,-0.008826853785289336,0.025238621484446427,0.03403197251959798,False,False
2025-01-31,Equal Weighted Portfolio,-0.003130615837629103,0.025238621484446427,0.03403197251959798,False,False
2025-02-03,Equal Weighted Portfolio,-0.017544235232298422,0.025238621484446427,0.03403197251959798,False,False
2025-02-04,Equal Weighted Portfolio,0.017231546598637994,0.023489277615878906,0.0333336469267864,False,False
2025-02-05,Equal Weighted Portfolio,-0.008161767475265515,0.023489277615878906,0.0333336469267864,False,False
2025-02-06,Equal Weighted Portfolio,0.010300837827955213,0.023489277615878906,0.0333336469267864,False,False
2025-02-07,Equal Weighted Portfolio,-0.020400066086057402,0.023489277615878906,0.0333336469267864,False,False
2025-02-10,Equal Weighted Portfolio,0.011803897553160424,0.023489277615878906,0.0333336469267864,False,False
2025-02-11,Equal Weighted Portfolio,0.001308150946929687,0.023489277615878906,0.0333336469267864,False,False
2025-02-12,Equal Weighted Portfolio,-0.005056878449130654,0.023489277615878906,0.0333336469267864,False,False
2025-02-13,Equal Weighted Portfolio,0.014897685356426082,0.023489277615878906,0.0333336469267864,False,False
2025-02-14,Equal Weighted Portfolio,0.004234630104056159,0.023489277615878906,0.0333336469267864,False,False
2025-02-18,Equal Weighted Portfolio,-0.0016421122236854877,0.023489277615878906,0.0333336469267864,False,False
2025-02-19,Equal Weighted Portfolio,0.004001931880679922,0.023489277615878906,0.0333336469267864,False,False
2025-02-20,Equal Weighted Portfolio,-0.0007267401715552735,0.023489277615878906,0.0333336469267864,False,False
2025-02-21,Equal Weighted Portfolio,-0.02321770629075959,0.023489277615878906,0.0333336469267864,False,False
2025-02-24,Equal Weighted Portfolio,-0.010977651856675985,0.023489277615878906,0.0333336469267864,False,False
2025-02-25,Equal Weighted Portfolio,-0.012803664706536377,0.023489277615878906,0.0333336469267864,False,False
2025-02-26,Equal Weighted Portfolio,0.0013021687705997874,0.023489277615878906,0.0333336469267864,False,False
2025-02-27,Equal Weighted Portfolio,-0.03347939244310534,0.023489277615878906,0.0333336469267864,True,True
2025-02-28,Equal Weighted Portfolio,0.01979241560059366,0.025238621484446427,0.03409079538700186,False,False
2025-03-03,Equal Weighted Portfolio,-0.03579448869609696,0.025238621484446427,0.03409079538700186,True,True
2025-03-04,Equal Weighted Portfolio,0.005175340004253748,0.02770088824360321,0.03475215483691034,False,False
2025-03-05,Equal Weighted Portfolio,0.015717315396124334,0.02770088824360321,0.03475215483691034,False,False
2025-03-06,Equal Weighted Portfolio,-0.02212659242044457,0.02770088824360321,0.03475215483691034,False,False
2025-03-07,Equal Weighted Portfolio,0.005532214233163258,0.02770088824360321,0.03475215483691034,False,False
2025-03-10,Equal Weighted Portfolio,-0.0400625083632876,0.02770088824360321,0.03475215483691034,True,True
2025-03-11,Equal Weighted Portfolio,-0.002431085942085209,0.0284346911387611,0.035655657270394776,False,False
2025-03-12,Equal Weighted Portfolio,0.016820827567341556,0.0284346911387611,0.035655657270394776,False,False
2025-03-13,Equal Weighted Portfolio,-0.019434663230388387,0.0284346911387611,0.035655657270394776,False,False
2025-03-14,Equal Weighted Portfolio,0.027038367653038624,0.0284346911387611,0.035655657270394776,False,False
2025-03-17,Equal Weighted Portfolio,-0.00645355016876914,0.0284346911387611,0.035655657270394776,False,False
2025-03-18,Equal Weighted Portfolio,-0.018416106076238913,0.0284346911387611,0.035655657270394776,False,False
2025-03-19,Equal Weighted Portfolio,0.015521161198997293,0.0284346911387611,0.035655657270394776,False,False
2025-03-20,Equal Weighted Portfolio,-0.0019286680865052922,0.0284346911387611,0.035655657270394776,False,False
2025-03-21,Equal Weighted Portfolio,0.007526841161468091,0.0284346911387611,0.035655657270394776,False,False
2025-03-24,Equal Weighted Portfolio,0.02110180912740702,0.0284346911387611,0.035655657270394776,False,False
2025-03-25,Equal Weighted Portfolio,0.008385460589919425,0.0284346911387611,0.035655657270394776,False,False
2025-03-26,Equal Weighted Portfolio,-0.027087752391218592,0.0284346911387611,0.035655657270394776,False,False
2025-03-27,Equal Weighted Portfolio,-0.0051218359561759465,0.0284346911387611,0.035655657270394776,False,False
2025-03-28,Equal Weighted Portfolio,-0.032864457805872396,0.0284346911387611,0.035655657270394776,True,False
2025-03-31,Equal Weighted Portfolio,-0.00260545786230526,0.028928311726739195,0.035985341385655616,False,False
2025-04-01,Equal Weighted Portfolio,0.013243788719791594,0.028928311726739195,0.035985341385655616,False,False
2025-04-02,Equal Weighted Portfolio,0.005062628691817817,0.028928311726739195,0.035985341385655616,False,False
2025-04-03,Equal Weighted Portfolio,-0.06463199653114837,0.028928311726739195,0.035985341385655616,True,True
2025-04-04,Equal Weighted Portfolio,-0.05112013721583786,0.029796876034444957,0.03869889644230388,True,True
2025-04-07,Equal Weighted Portfolio,0.005627499462950137,0.030653304829026094,0.0402976768097874,False,False
2025-04-08,Equal Weighted Portfolio,-0.02336678374255685,0.030653304829026094,0.0402976768097874,False,False
2025-04-09,Equal Weighted Portfolio,0.13208174082175952,0.030653304829026094,0.0402976768097874,False,False
2025-04-10,Equal Weighted Portfolio,-0.04239129973357923,0.030653304829026094,0.0402976768097874,True,True
2025-04-11,Equal Weighted Portfolio,0.027305449729156096,0.03162194516220792,0.04117076670590503,False,False
2025-04-14,Equal Weighted Portfolio,0.0033068254650990836,0.03162194516220792,0.04117076670590503,False,False
2025-04-15,Equal Weighted Portfolio,-0.004990397129087798,0.03162194516220792,0.04117076670590503,False,False
2025-04-16,Equal Weighted Portfolio,-0.03871701920094475,0.03162194516220792,0.04117076670590503,True,False
2025-04-17,Equal Weighted Portfolio,-0.009739217742586459,0.032571511982174256,0.04166193518016908,False,False
2025-04-21,Equal Weighted Portfolio,-0.028307201098122816,0.032571511982174256,0.04166193518016908,False,False
2025-04-22,Equal Weighted Portfolio,0.027583707213185753,0.032571511982174256,0.04166193518016908,False,False
2025-04-23,Equal Weighted Portfolio,0.0302528409163501,0.032571511982174256,0.04166193518016908,False,False
2025-04-24,Equal Weighted Portfolio,0.02915875199839011,0.03186162810887002,0.04166193518016908,False,False
2025-04-25,Equal Weighted Portfolio,0.017404414151664896,0.03186162810887002,0.04166193518016908,False,False
2025-04-28,Equal Weighted Portfolio,-0.006748734838183746,0.03186162810887002,0.04166193518016908,False,False
2025-04-29,Equal Weighted Portfolio,0.002250738629499938,0.03186162810887002,0.04166193518016908,False,False
2025-04-30,Equal Weighted Portfolio,-0.002956426926365885,0.03186162810887002,0.04166193518016908,False,False
2025-05-01,Equal Weighted Portfolio,0.02959200986812185,0.03186162810887002,0.04166193518016908,False,False
2025-05-02,Equal Weighted Portfolio,0.005830427947756833,0.03186162810887002,0.04166193518016908,False,False
2025-05-05,Equal Weighted Portfolio,-0.010602491010339145,0.03186162810887002,0.04166193518016908,False,False
2025-05-06,Equal Weighted Portfolio,-0.004647470512395291,0.03186162810887002,0.04166193518016908,False,False
2025-05-07,Equal Weighted Portfolio,-0.007070364290041552,0.03186162810887002,0.04166193518016908,False,False
2025-05-08,Equal Weighted Portfolio,0.011450708946772758,0.03186162810887002,0.04166193518016908,False,False
2025-05-09,Equal Weighted Portfolio,-0.0006568889412959414,0.03186162810887002,0.04166193518016908,False,False
2025-05-12,Equal Weighted Portfolio,0.05119345612312527,0.03186162810887002,0.04166193518016908,False,False
2025-05-13,Equal Weighted Portfolio,0.017504070685420883,0.03186162810887002,0.04166193518016908,False,False
2025-05-14,Equal Weighted Portfolio,0.015755398970719318,0.03186162810887002,0.04166193518016908,False,False
2025-05-15,Equal Weighted Portfolio,-0.007654197311842538,0.03186162810887002,0.04166193518016908,False,False
2025-05-16,Equal Weighted Portfolio,0.004033031757513106,0.03186162810887002,0.04166193518016908,False,False
2025-05-19,Equal Weighted Portfolio,0.001008604636167343,0.03186162810887002,0.04166193518016908,False,False
2025-05-20,Equal Weighted Portfolio,-0.008965518531380213,0.03186162810887002,0.04166193518016908,False,False
2025-05-21,Equal Weighted Portfolio,-0.008052987738769168,0.03186162810887002,0.04166193518016908,False,False
2025-05-22,Equal Weighted Portfolio,0.006079520065141432,0.03186162810887002,0.04166193518016908,False,False
2025-05-23,Equal Weighted Portfolio,-0.015282583606013823,0.03186162810887002,0.04166193518016908,False,False
2025-05-27,Equal Weighted Portfolio,0.026324587894373554,0.03186162810887002,0.04166193518016908,False,False
2025-05-28,Equal Weighted Portfolio,-0.00420605863034711,0.03186162810887002,0.04166193518016908,False,False
2025-05-29,Equal Weighted Portfolio,0.0070791613512325435,0.03186162810887002,0.04166193518016908,False,False
2025-05-30,Equal Weighted Portfolio,-0.004999071082387908,0.03186162810887002,0.04166193518016908,False,False
2025-06-02,Equal Weighted Portfolio,0.003606336634479002,0.03186162810887002,0.04166193518016908,False,False
2025-06-03,Equal Weighted Portfolio,0.003547689842366686,0.03186162810887002,0.04166193518016908,False,False
2025-06-04,Equal Weighted Portfolio,0.004418654278445166,0.03186162810887002,0.04166193518016908,False,False
2025-06-05,Equal Weighted Portfolio,-0.002084492236550028,0.03186162810887002,0.04166193518016908,False,False
2025-06-06,Equal Weighted Portfolio,0.018369044963256177,0.03186162810887002,0.04166193518016908,False,False
2025-06-09,Equal Weighted Portfolio,0.0064053746660884155,0.03186162810887002,0.04166193518016908,False,False
2025-06-10,Equal Weighted Portfolio,0.0055624495609771785,0.03186162810887002,0.04166193518016908,False,False
2025-06-11,Equal Weighted Portfolio,-0.010081466598510148,0.03186162810887002,0.04166193518016908,False,False
2025-06-12,Equal Weighted Portfolio,0.00410760167944162,0.03186162810887002,0.04166193518016908,False,False
2025-06-13,Equal Weighted Portfolio,-0.010874449753120952,0.03186162810887002,0.04166193518016908,False,False
2025-06-16,Equal Weighted Portfolio,0.013711891674609246,0.03186162810887002,0.04166193518016908,False,False
2025-06-17,Equal Weighted Portfolio,-0.006031868466808278,0.03186162810887002,0.04166193518016908,False,False
2025-06-18,Equal Weighted Portfolio,-0.0020401980927247545,0.03186162810887002,0.04166193518016908,False,False
2025-06-20,Equal Weighted Portfolio,-0.008774707671784721,0.03186162810887002,0.04166193518016908,False,False
2025-06-23,Equal Weighted Portfolio,0.001330734000671652,0.03186162810887002,0.04166193518016908,False,False
2025-06-24,Equal Weighted Portfolio,0.011884232005191887,0.03186162810887002,0.04166193518016908,False,False
2025-06-25,Equal Weighted Portfolio,0.014545619410762245,0.03186162810887002,0.04166193518016908,False,False
2025-06-26,Equal Weighted Portfolio,0.010737691529544447,0.03186162810887002,0.04166193518016908,False,False
2025-06-27,Equal Weighted Portfolio,0.013090257028691332,0.03186162810887002,0.04166193518016908,False,False
2025-06-30,Equal Weighted Portfolio,0.00047587428739266375,0.03186162810887002,0.04166193518016908,False,False
2025-07-01,Equal Weighted Portfolio,-0.00507477369212479,0.03186162810887002,0.04166193518016908,False,False
2025-07-02,Equal Weighted Portfolio,0.01194131168450281,0.03186162810887002,0.04166193518016908,False,False
2025-07-03,Equal Weighted Portfolio,0.010912255539413798,0.03186162810887002,0.04166193518016908,False,False
2025-07-07,Equal Weighted Portfolio,-0.008459704703086636,0.03186162810887002,0.04166193518016908,False,False
2025-07-08,Equal Weighted Portfolio,-0.004542025051839893,0.03186162810887002,0.04166193518016908,False,False
2025-07-09,Equal Weighted Portfolio,0.013204753985078633,0.03186162810887002,0.04166193518016908,False,False
2025-07-10,Equal Weighted Portfolio,0.00281383100460717,0.03186162810887002,0.04166193518016908,False,False
2025-07-11,Equal Weighted Portfolio,0.005960932081415771,0.03186162810887002,0.04166193518016908,False,False
2025-07-14,Equal Weighted Portfolio,-0.0013056187601892199,0.03186162810887002,0.04166193518016908,False,False
2025-07-15,Equal Weighted Portfolio,0.01056706547575912,0.03186162810887002,0.04166193518016908,False,False
2025-07-16,Equal Weighted Portfolio,-0.00035010045390964067,0.03147380185384618,0.04166193518016908,False,False
2025-07-17,Equal Weighted Portfolio,0.0058045096205867844,0.03147380185384618,0.04166193518016908,False,False
2025-07-18,Equal Weighted Portfolio,0.003130329425159651,0.03147380185384618,0.04166193518016908,False,False
2025-07-21,Equal Weighted Portfolio,0.008447938958538282,0.03147380185384618,0.04166193518016908,False,False
2025-07-22,Equal Weighted Portfolio,-0.005739132753531551,0.03147380185384618,0.04166193518016908,False,False
2025-07-23,Equal Weighted Portfolio,0.004590808135399982,0.03147380185384618,0.04166193518016908,False,False
2025-07-24,Equal Weighted Portfolio,0.01029967062842192,0.03147380185384618,0.04166193518016908,False,False
2025-07-25,Equal Weighted Portfolio,0.001174556043324615,0.03147380185384618,0.04166193518016908,False,False
2025-07-28,Equal Weighted Portfolio,0.003920684682047093,0.03147380185384618,0.04166193518016908,False,False
2025-07-29,Equal Weighted Portfolio,-0.002390257393925177,0.029369406966463164,0.040720897465251454,False,False
2025-07-30,Equal Weighted Portfolio,0.0027630102755426215,0.029369406966463164,0.040720897465251454,False,False
2025-07-31,Equal Weighted Portfolio,0.0036836079732472504,0.029369406966463164,0.040720897465251454,False,False
2025-08-01,Equal Weighted Portfolio,-0.032744152223730866,0.029369406966463164,0.040720897465251454,True,False
2025-08-04,Equal Weighted Portfolio,0.015808276283851907,0.031419664341882494,0.040906140525649816,False,False
2025-08-05,Equal Weighted Portfolio,-0.0037571926651867042,0.031419664341882494,0.040906140525649816,False,False
2025-08-06,Equal Weighted Portfolio,0.020065576163193467,0.031419664341882494,0.040906140525649816,False,False
2025-08-07,Equal Weighted Portfolio,0.007404877728129965,0.031419664341882494,0.040906140525649816,False,False
2025-08-08,Equal Weighted Portfolio,0.015549597393288896,0.029225533797742884,0.03967876596260896,False,False
2025-08-11,Equal Weighted Portfolio,-0.004175125019224746,0.029225533797742884,0.03967876596260896,False,False
2025-08-12,Equal Weighted Portfolio,0.008909328118418004,0.029225533797742884,0.03967876596260896,False,False
2025-08-13,Equal Weighted Portfolio,-9.857675470630305e-05,0.029225533797742884,0.03967876596260896,False,False
2025-08-14,Equal Weighted Portfolio,0.007228183483594242,0.029225533797742884,0.03967876596260896,False,False
2025-08-15,Equal Weighted Portfolio,-0.002518917702976276,0.029225533797742884,0.03967876596260896,False,False
2025-08-18,Equal Weighted Portfolio,-0.0002628256859384283,0.029225533797742884,0.03967876596260896,False,False
2025-08-19,Equal Weighted Portfolio,-0.014889284550814463,0.029225533797742884,0.03967876596260896,False,False
2025-08-20,Equal Weighted Portfolio,-0.01176489591903236,0.029225533797742884,0.03967876596260896,False,False
2025-08-21,Equal Weighted Portfolio,-0.002951231918548736,0.029225533797742884,0.03967876596260896,False,False
2025-08-22,Equal Weighted Portfolio,0.019459514850582105,0.029225533797742884,0.03967876596260896,False,False
2025-08-25,Equal Weighted Portfolio,0.001921210337156332,0.029225533797742884,0.03967876596260896,False,False
2025-08-26,Equal Weighted Portfolio,0.0027111137287153973,0.029225533797742884,0.03967876596260896,False,False
2025-08-27,Equal Weighted Portfolio,0.0033230751148291882,0.029225533797742884,0.03967876596260896,False,False
2025-08-28,Equal Weighted Portfolio,0.007526619098600773,0.029225533797742884,0.03967876596260896,False,False
2025-08-29,Equal Weighted Portfolio,-0.009320979981216683,0.029225533797742884,0.03967876596260896,False,False
2025-09-02,Equal Weighted Portfolio,-0.011247584976985171,0.029225533797742884,0.03967876596260896,False,False
2025-09-03,Equal Weighted Portfolio,0.026127768489279068,0.029225533797742884,0.03967876596260896,False,False
2025-09-04,Equal Weighted Portfolio,0.013280341519778506,0.029225533797742884,0.03967876596260896,False,False
2025-09-05,Equal Weighted Portfolio,-0.011272923280146176,0.029225533797742884,0.03967876596260896,False,False
2025-09-08,Equal Weighted Portfolio,0.003667994640574191,0.028311600131563034,0.03888950324421803,False,False
2025-09-09,Equal Weighted Portfolio,0.0069997288536354,0.028311600131563034,0.03888950324421803,False,False
2025-09-10,Equal Weighted Portfolio,-0.00492745583240799,0.028311600131563034,0.03888950324421803,False,False
2025-09-11,Equal Weighted Portfolio,0.0036324943735709823,0.027696489210162992,0.03888875127268979,False,False
2025-09-12,Equal Weighted Portfolio,0.00672797846457589,0.027696489210162992,0.03888875127268979,False,False
2025-09-15,Equal Weighted Portfolio,0.015785861229829747,0.027696489210162992,0.03888875127268979,False,False
2025-09-16,Equal Weighted Portfolio,-0.002462578258852477,0.027696489210162992,0.03888875127268979,False,False
2025-09-17,Equal Weighted Portfolio,-0.007484279443778032,0.027696489210162992,0.03888875127268979,False,False
2025-09-18,Equal Weighted Portfolio,0.007091998685133394,0.027696489210162992,0.03888875127268979,False,False
2025-09-19,Equal Weighted Portfolio,0.0131462282780745,0.027696489210162992,0.03888875127268979,False,False
2025-09-22,Equal Weighted Portfolio,0.009956178241336966,0.027696489210162992,0.03888875127268979,False,False
2025-09-23,Equal Weighted Portfolio,-0.01546755463732168,0.027696489210162992,0.03888875127268979,False,False
2025-09-24,Equal Weighted Portfolio,-0.006969266900330864,0.027696489210162992,0.03888875127268979,False,False
2025-09-25,Equal Weighted Portfolio,0.00031736376932145526,0.027696489210162992,0.03888875127268979,False,False
2025-09-26,Equal Weighted Portfolio,0.0032015498387480304,0.027696489210162992,0.03888875127268979,False,False
2025-09-29,Equal Weighted Portfolio,0.004422540120465368,0.027696489210162992,0.03888875127268979,False,False
2025-09-30,Equal Weighted Portfolio,0.003657853406407763,0.027696489210162992,0.03888875127268979,False,False
2025-10-01,Equal Weighted Portfolio,0.004630855589619465,0.027696489210162992,0.03888875127268979,False,False
2025-10-02,Equal Weighted Portfolio,0.003888435603536422,0.027696489210162992,0.03888875127268979,False,False
2025-10-03,Equal Weighted Portfolio,-0.0026196909135666638,0.027696489210162992,0.03888875127268979,False,False
2025-10-06,Equal Weighted Portfolio,0.006462124949934012,0.027696489210162992,0.03888875127268979,False,False
2025-10-07,Equal Weighted Portfolio,-0.005125568987202778,0.027696489210162992,0.03888875127268979,False,False
2025-10-08,Equal Weighted Portfolio,0.0077138169143559756,0.027696489210162992,0.03888875127268979,False,False
2025-10-09,Equal Weighted Portfolio,-0.0008001294141021242,0.027696489210162992,0.03888875127268979,False,False
2025-10-10,Equal Weighted Portfolio,-0.03493981639204598,0.027696489210162992,0.03888875127268979,True,False
2025-10-13,Equal Weighted Portfolio,0.01823415836075979,0.02922015720131595,0.039398952449145416,False,False
2025-10-14,Equal Weighted Portfolio,-0.010979283813801888,0.02922015720131595,0.039398952449145416,False,False
2025-10-15,Equal Weighted Portfolio,0.004717010792816501,0.02922015720131595,0.039398952449145416,False,False
2025-10-16,Equal Weighted Portfolio,-0.0009083772402455724,0.02922015720131595,0.039398952449145416,False,False
2025-10-17,Equal Weighted Portfolio,0.006416172296986789,0.02922015720131595,0.039398952449145416,False,False
2025-10-20,Equal Weighted Portfolio,0.01427951027931842,0.02922015720131595,0.039398952449145416,False,False
2025-10-21,Equal Weighted Portfolio,-0.0001721144196768394,0.02922015720131595,0.039398952449145416,False,False
2025-10-22,Equal Weighted Portfolio,-0.005875074865664099,0.02922015720131595,0.039398952449145416,False,False
2025-10-23,Equal Weighted Portfolio,0.006799491479376484,0.02922015720131595,0.039398952449145416,False,False
2025-10-24,Equal Weighted Portfolio,0.016336308201432594,0.02922015720131595,0.039398952449145416,False,False
2025-10-27,Equal Weighted Portfolio,0.022889403368451154,0.02922015720131595,0.039398952449145416,False,False
2025-10-28,Equal Weighted Portfolio,0.01497273680638196,0.02922015720131595,0.039398952449145416,False,False
2025-10-29,Equal Weighted Portfolio,0.012245608875811942,0.02922015720131595,0.039398952449145416,False,False
2025-10-30,Equal Weighted Portfolio,-0.010149237584030813,0.02922015720131595,0.039398952449145416,False,False
2025-10-31,Equal Weighted Portfolio,0.014934698902805767,0.02922015720131595,0.039398952449145416,False,False
2025-11-03,Equal Weighted Portfolio,0.012699698293938511,0.02922015720131595,0.039398952449145416,False,False
2025-11-04,Equal Weighted Portfolio,-0.016176930914927824,0.02922015720131595,0.039398952449145416,False,False
2025-11-05,Equal Weighted Portfolio,-0.0006991462403841623,0.027696489210162992,0.038831964211361716,False,False
2025-11-06,Equal Weighted Portfolio,-0.01685509741253595,0.027696489210162992,0.038831964211361716,False,False
2025-11-07,Equal Weighted Portfolio,-0.0038278430795976705,0.027696489210162992,0.038831964211361716,False,False
2025-11-10,Equal Weighted Portfolio,0.027243686107813893,0.027696489210162992,0.038831964211361716,False,False
2025-11-11,Equal Weighted Portfolio,0.000816479592921038,0.027696489210162992,0.038831964211361716,False,False
2025-11-12,Equal Weighted Portfolio,-0.0065523394423942175,0.027696489210162992,0.038831964211361716,False,False
2025-11-13,Equal Weighted Portfolio,-0.02181792864457137,0.027696489210162992,0.038831964211361716,False,False
2025-11-14,Equal Weighted Portfolio,0.001918790251469904,0.027696489210162992,0.038831964211361716,False,False
2025-11-17,Equal Weighted Portfolio,-0.003769986980446905,0.027696489210162992,0.038831964211361716,False,False
2025-11-18,Equal Weighted Portfolio,-0.020341825035322003,0.027696489210162992,0.038831964211361716,False,False
2025-11-19,Equal Weighted Portfolio,0.009587990388465051,0.027696489210162992,0.038831964211361716,False,False
2025-11-20,Equal Weighted Portfolio,-0.018264645566904547,0.027636504309325478,0.038831964211361716,False,False
2025-11-21,Equal Weighted Portfolio,0.00928888191208297,0.027636504309325478,0.038831964211361716,False,False
2025-11-24,Equal Weighted Portfolio,0.025790479582004887,0.027636504309325478,0.038831964211361716,False,False
2025-11-25,Equal Weighted Portfolio,0.003083604283535069,0.027636504309325478,0.038831964211361716,False,False
2025-11-26,Equal Weighted Portfolio,0.0042109026062887136,0.027636504309325478,0.038831964211361716,False,False
2025-11-28,Equal Weighted Portfolio,0.0034449711243468516,0.027636504309325478,0.038831964211361716,False,False
2025-12-01,Equal Weighted Portfolio,0.0016476281735875232,0.027636504309325478,0.038831964211361716,False,False
2025-12-02,Equal Weighted Portfolio,0.006267327829713576,0.027636504309325478,0.038831964211361716,False,False
2025-12-03,Equal Weighted Portfolio,-0.007324084457813429,0.027636504309325478,0.038831964211361716,False,False
2025-12-04,Equal Weighted Portfolio,-0.0010996107046689298,0.027636504309325478,0.038831964211361716,False,False
2025-12-05,Equal Weighted Portfolio,0.0012298696027454705,0.027636504309325478,0.038831964211361716,False,False
2025-12-08,Equal Weighted Portfolio,-0.0008590870080210646,0.027636504309325478,0.038831964211361716,False,False
2025-12-09,Equal Weighted Portfolio,0.0022779756540460385,0.027636504309325478,0.038831964211361716,False,False
2025-12-10,Equal Weighted Portfolio,-0.0001707246522558493,0.027636504309325478,0.038831964211361716,False,False
2025-12-11,Equal Weighted Portfolio,-0.007430250768686709,0.027636504309325478,0.038831964211361716,False,False
2025-12-12,Equal Weighted Portfolio,-0.01397624111725333,0.027636504309325478,0.038831964211361716,False,False
2025-12-15,Equal Weighted Portfolio,-0.007096625611807728,0.027636504309325478,0.038831964211361716,False,False
2025-12-16,Equal Weighted Portfolio,0.001638404880246691,0.027636504309325478,0.038831964211361716,False,False
2025-12-17,Equal Weighted Portfolio,-0.017204709434442477,0.027636504309325478,0.038831964211361716,False,False
2025-12-18,Equal Weighted Portfolio,0.01608351321474504,0.027636504309325478,0.038831964211361716,False,False
2025-12-19,Equal Weighted Portfolio,0.013476762567353352,0.027636504309325478,0.038831964211361716,False,False
2025-12-22,Equal Weighted Portfolio,0.003311614083933612,0.027636504309325478,0.038831964211361716,False,False
2025-12-23,Equal Weighted Portfolio,0.013874797122091742,0.025042358084790262,0.038582099592336064,False,False
2025-12-24,Equal Weighted Portfolio,0.001111625147388984,0.025042358084790262,0.038582099592336064,False,False
2025-12-26,Equal Weighted Portfolio,0.0012800556535944808,0.025042358084790262,0.038582099592336064,False,False
2025-12-29,Equal Weighted Portfolio,-0.0031605510214289595,0.025042358084790262,0.038582099592336064,False,False
2025-12-30,Equal Weighted Portfolio,-0.0005651701325511072,0.025042358084790262,0.038582099592336064,False,False
2025-12-31,Equal Weighted Portfolio,-0.00553388475327723,0.025042358084790262,0.038582099592336064,False,False
2026-01-02,Equal Weighted Portfolio,-0.005296297059490062,0.025042358084790262,0.038582099592336064,False,False
2026-01-05,Equal Weighted Portfolio,0.003482469081836204,0.025042358084790262,0.038582099592336064,False,False
2026-01-06,Equal Weighted Portfolio,0.0027993020771419847,0.025042358084790262,0.038582099592336064,False,False
2026-01-07,Equal Weighted Portfolio,0.008056340399841554,0.025042358084790262,0.038582099592336064,False,False
2026-01-08,Equal Weighted Portfolio,-0.0013758782047443184,0.025042358084790262,0.038582099592336064,False,False
2026-01-09,Equal Weighted Portfolio,0.0033550191460442135,0.025042358084790262,0.038582099592336064,False,False
2026-01-12,Equal Weighted Portfolio,0.001334500926137427,0.025041219634454593,0.038582099592336064,False,False
2026-01-13,Equal Weighted Portfolio,-0.0020891976617755104,0.025041219634454593,0.038582099592336064,False,False
2026-01-14,Equal Weighted Portfolio,-0.013482961503915704,0.025041219634454593,0.038582099592336064,False,False
2026-01-15,Equal Weighted Portfolio,0.0011591889828829194,0.025041219634454593,0.038582099592336064,False,False
2026-01-16,Equal Weighted Portfolio,-0.002454702218556726,0.025041219634454593,0.038582099592336064,False,False
2026-01-20,Equal Weighted Portfolio,-0.02974094054438472,0.025041219634454593,0.038582099592336064,True,False
2026-01-21,Equal Weighted Portfolio,0.006215943201818485,0.027636504309325478,0.038786190988733454,False,False
2026-01-22,Equal Weighted Portfolio,0.009507581449332392,0.027636504309325478,0.038786190988733454,False,False
2026-01-23,Equal Weighted Portfolio,0.012034857270753575,0.027636504309325478,0.038786190988733454,False,False
2026-01-26,Equal Weighted Portfolio,0.009045698065729125,0.027636504309325478,0.038786190988733454,False,False
2026-01-27,Equal Weighted Portfolio,0.014915170174974702,0.027636504309325478,0.038786190988733454,False,False
2026-01-28,Equal Weighted Portfolio,0.0016017431021487561,0.027636504309325478,0.038786190988733454,False,False
2026-01-29,Equal Weighted Portfolio,-0.017155408080185564,0.025041219634454593,0.037837012510721184,False,False
2026-01-30,Equal Weighted Portfolio,-0.00407269136123054,0.025041219634454593,0.037837012510721184,False,False
2026-02-02,Equal Weighted Portfolio,0.005945872958665377,0.025041219634454593,0.037837012510721184,False,False
2026-02-03,Equal Weighted Portfolio,-0.017823652932481584,0.025041219634454593,0.037837012510721184,False,False
2026-02-04,Equal Weighted Portfolio,-0.00920781577200298,0.025041219634454593,0.037837012510721184,False,False
2026-02-05,Equal Weighted Portfolio,-0.02302785201527302,0.025041219634454593,0.037837012510721184,False,False
2026-02-06,Equal Weighted Portfolio,0.005063104546134832,0.025041219634454593,0.037837012510721184,False,False
2026-02-09,Equal Weighted Portfolio,0.008157754420754594,0.025041219634454593,0.037837012510721184,False,False
2026-02-10,Equal Weighted Portfolio,-0.007666592198390165,0.025041219634454593,0.037837012510721184,False,False
2026-02-11,Equal Weighted Portfolio,-0.008740593874805126,0.025041219634454593,0.037837012510721184,False,False
2026-02-12,Equal Weighted Portfolio,-0.020170064994840198,0.025041219634454593,0.037837012510721184,False,False
2026-02-13,Equal Weighted Portfolio,-0.012201303234754858,0.025041219634454593,0.037837012510721184,False,False
2026-02-17,Equal Weighted Portfolio,0.006756998917378932,0.025041219634454593,0.037837012510721184,False,False
2026-02-18,Equal Weighted Portfolio,0.009350580328163004,0.025041219634454593,0.037837012510721184,False,False
2026-02-19,Equal Weighted Portfolio,-0.0032345223316171184,0.025041219634454593,0.037837012510721184,False,False
2026-02-20,Equal Weighted Portfolio,0.01709317960891188,0.025041219634454593,0.037837012510721184,False,False
2026-02-23,Equal Weighted Portfolio,-0.0100381312859666,0.025041219634454593,0.037837012510721184,False,False
2026-02-24,Equal Weighted Portfolio,0.010903535830559875,0.025041219634454593,0.037837012510721184,False,False
2026-02-25,Equal Weighted Portfolio,0.013662315674983152,0.025041219634454593,0.037837012510721184,False,False
2026-02-26,Equal Weighted Portfolio,-0.017626058986604166,0.025041219634454593,0.037837012510721184,False,False
2026-02-27,Equal Weighted Portfolio,-0.014438449821028312,0.025041219634454593,0.037837012510721184,False,False
2026-03-02,Equal Weighted Portfolio,0.00454916807457102,0.025041219634454593,0.037837012510721184,False,False
2026-03-03,Equal Weighted Portfolio,-0.002197951640313889,0.02318037129255074,0.037059119533755916,False,False
2026-03-04,Equal Weighted Portfolio,0.010696624446430892,0.02318037129255074,0.037059119533755916,False,False
2026-03-05,Equal Weighted Portfolio,0.0016151519027614025,0.022532159238117362,0.03607707055830792,False,False
2026-03-06,Equal Weighted Portfolio,-0.016002795447335495,0.022532159238117362,0.03607707055830792,False,False
2026-03-09,Equal Weighted Portfolio,0.013108932699523469,0.022532159238117362,0.03607707055830792,False,False
2026-03-10,Equal Weighted Portfolio,0.0026576621985296535,0.0223623941613871,0.03607707055830792,False,False
2026-03-11,Equal Weighted Portfolio,0.00032886413052251044,0.0223623941613871,0.03607707055830792,False,False
2026-03-12,Equal Weighted Portfolio,-0.014784263127571175,0.0210060716594842,0.03467364134917591,False,False
2026-03-13,Equal Weighted Portfolio,-0.013636575368549321,0.0210060716594842,0.03467364134917591,False,False
2026-03-16,Equal Weighted Portfolio,0.013562639864190287,0.0210060716594842,0.03467364134917591,False,False
2026-03-17,Equal Weighted Portfolio,0.005983711075658472,0.0210060716594842,0.03467364134917591,False,False
2026-03-18,Equal Weighted Portfolio,-0.015836284083365418,0.0210060716594842,0.03467364134917591,False,False
2026-03-19,Equal Weighted Portfolio,-0.005668097219573287,0.0210060716594842,0.03467364134917591,False,False
2026-03-20,Equal Weighted Portfolio,-0.0188064753191062,0.0210060716594842,0.03467364134917591,False,False
2026-03-23,Equal Weighted Portfolio,0.011618522980793335,0.0210060716594842,0.03467364134917591,False,False
2026-03-24,Equal Weighted Portfolio,-0.015067657391641953,0.0210060716594842,0.03467364134917591,False,False
2026-03-25,Equal Weighted Portfolio,0.008422878627087415,0.0210060716594842,0.03467364134917591,False,False
2026-03-26,Equal Weighted Portfolio,-0.020898254072197985,0.0210060716594842,0.03467364134917591,False,False
2026-03-27,Equal Weighted Portfolio,-0.02548182859535537,0.021312107629765997,0.03467364134917591,True,False
2026-03-30,Equal Weighted Portfolio,-0.0021599079641434478,0.021312107629765997,0.034550108749494116,False,False
2026-03-31,Equal Weighted Portfolio,0.04055996689952979,0.021312107629765997,0.034550108749494116,False,False
2026-04-01,Equal Weighted Portfolio,0.010380160889735436,0.02059221810191619,0.033629631539211474,False,False
2026-04-02,Equal Weighted Portfolio,0.003249479367942399,0.02059221810191619,0.033629631539211474,False,False
2026-04-06,Equal Weighted Portfolio,0.00732165669902094,0.02059221810191619,0.033629631539211474,False,False
2026-04-07,Equal Weighted Portfolio,0.0011941895067028477,0.02059221810191619,0.033629631539211474,False,False
2026-04-08,Equal Weighted Portfolio,0.02393734604837037,0.020247357013057007,0.03022269527030175,False,False
2026-04-09,Equal Weighted Portfolio,0.014809987441506169,0.019420090673186483,0.027841920484071168,False,False
2026-04-10,Equal Weighted Portfolio,0.0075837503618220396,0.019420090673186483,0.027841920484071168,False,False
2026-04-13,Equal Weighted Portfolio,0.010496062576835996,0.018508468955395284,0.027491127528421113,False,False
2026-04-14,Equal Weighted Portfolio,0.02660441415887265,0.018508468955395284,0.027491127528421113,False,False
2026-04-15,Equal Weighted Portfolio,0.019424032208063925,0.018022099617971913,0.02563523105406152,False,False
2026-04-16,Equal Weighted Portfolio,0.0015484419718741153,0.018022099617971913,0.02563523105406152,False,False
2026-04-17,Equal Weighted Portfolio,0.014421316202111536,0.018022099617971913,0.02563523105406152,False,False
2026-04-20,Equal Weighted Portfolio,-0.003945889743446385,0.018022099617971913,0.02563523105406152,False,False
2026-04-21,Equal Weighted Portfolio,-0.005910430135328014,0.017714976262249,0.02402804903341051,False,False
2026-04-22,Equal Weighted Portfolio,0.020767189635304863,0.017714976262249,0.02402804903341051,False,False
2026-04-23,Equal Weighted Portfolio,-0.010774037140330185,0.017394316732915232,0.023206422717139845,False,False
2026-04-24,Equal Weighted Portfolio,0.020871213959562065,0.017394316732915232,0.023206422717139845,False,False
2026-04-27,Equal Weighted Portfolio,0.007005489184044578,0.017394316732915232,0.023206422717139845,False,False
2026-04-28,Equal Weighted Portfolio,-0.0004467588496201324,0.017394316732915232,0.023206422717139845,False,False
2026-04-29,Equal Weighted Portfolio,-0.0038457240128495053,0.017394316732915232,0.023206422717139845,False,False
2026-04-30,Equal Weighted Portfolio,0.005239785947451537,0.017394316732915232,0.023206422717139845,False,False
2026-05-01,Equal Weighted Portfolio,0.011707587657514541,0.017394316732915232,0.023206422717139845,False,False
2026-05-06,Equal Weighted Portfolio,0.02763443900836866,0.017394316732915232,0.023206422717139845,False,False
2026-05-07,Equal Weighted Portfolio,0.004075907955499836,0.017394316732915232,0.023206422717139845,False,False
2026-05-08,Equal Weighted Portfolio,0.006903637889625868,0.017394316732915232,0.023206422717139845,False,False
2026-05-11,Equal Weighted Portfolio,-0.005565722873392299,0.017394316732915232,0.023206422717139845,False,False
2026-05-12,Equal Weighted Portfolio,-0.0035824291421401536,0.017394316732915232,0.023206422717139845,False,False
2026-05-13,Equal Weighted Portfolio,0.017253878354592245,0.017394316732915232,0.023206422717139845,False,False
2026-05-14,Equal Weighted Portfolio,0.007325953879295844,0.017394316732915232,0.023206422717139845,False,False
2026-05-15,Equal Weighted Portfolio,-0.005628233585995757,0.017394316732915232,0.023206422717139845,False,False
2026-05-18,Equal Weighted Portfolio,-0.00018781109892414011,0.017394316732915232,0.023206422717139845,False,False
2026-05-19,Equal Weighted Portfolio,-0.010606258616692222,0.017394316732915232,0.023206422717139845,False,False
2026-05-20,Equal Weighted Portfolio,-0.003634716922868808,0.017394316732915232,0.023206422717139845,False,False
2026-05-21,Equal Weighted Portfolio,0.0008665416026868211,0.017394316732915232,0.023206422717139845,False,False
2026-05-22,Equal Weighted Portfolio,0.003550335738516753,0.017394316732915232,0.023206422717139845,False,False
2026-05-26,Equal Weighted Portfolio,0.0048114002564965345,0.017394316732915232,0.023206422717139845,False,False
2026-05-27,Equal Weighted Portfolio,-0.0026518202482955777,0.017394316732915232,0.023206422717139845,False,False
2026-05-28,Equal Weighted Portfolio,0.005280615110533837,0.017394316732915232,0.023206422717139845,False,False
2026-05-29,Equal Weighted Portfolio,0.007554359148382007,0.017394316732915232,0.023206422717139845,False,False
2026-06-01,Equal Weighted Portfolio,0.003268690665611906,0.017394316732915232,0.023206422717139845,False,False
2026-06-02,Equal Weighted Portfolio,-0.00466746854868012,0.017394316732915232,0.023206422717139845,False,False
2026-06-03,Equal Weighted Portfolio,-0.029888785243021965,0.017394316732915232,0.023206422717139845,True,True
2026-06-04,Equal Weighted Portfolio,0.0049820567261827705,0.017714976262249,0.02414970935224891,False,False
2026-06-05,Equal Weighted Portfolio,-0.0210522767969608,0.017714976262249,0.02414970935224891,True,False
2026-06-08,Equal Weighted Portfolio,0.0036173107677326846,0.018022099617971913,0.024398065034131926,False,False
2026-06-09,Equal Weighted Portfolio,-0.005565298093365945,0.018022099617971913,0.024398065034131926,False,False
2026-06-10,Equal Weighted Portfolio,-0.020842751698376592,0.018022099617971913,0.024398065034131926,True,False
2026-06-11,Equal Weighted Portfolio,-0.028951546637467823,0.018508468955395284,0.024596380890399006,True,True
2026-06-12,Equal Weighted Portfolio,0.01943142842703987,0.019420090673186483,0.025376770991811435,False,False
2026-06-15,Equal Weighted Portfolio,0.029137170140688222,0.019420090673186483,0.025376770991811435,False,False
2026-06-16,Equal Weighted Portfolio,-0.0045568508447308975,0.019420090673186483,0.025376770991811435,False,False
2026-06-17,Equal Weighted Portfolio,-0.010648057234653474,0.019420090673186483,0.025376770991811435,False,False
2026-06-18,Equal Weighted Portfolio,0.0007915726720024055,0.019420090673186483,0.025376770991811435,False,False
2026-06-22,Equal Weighted Portfolio,-0.025620402906609118,0.019420090673186483,0.025376770991811435,True,True
2026-06-23,Equal Weighted Portfolio,-0.0020803515252316718,0.020247357013057007,0.025796027754255196,False,False
2026-06-24,Equal Weighted Portfolio,-0.001266650166988326,0.020247357013057007,0.025796027754255196,False,False
2026-06-25,Equal Weighted Portfolio,-0.04326339986850551,0.020247357013057007,0.025796027754255196,True,True
2026-06-26,Equal Weighted Portfolio,0.015030011801680357,0.020567242033696562,0.027559225818346245,False,False
2026-06-29,Equal Weighted Portfolio,0.015054512950921662,0.020567242033696562,0.027559225818346245,False,False
2026-06-30,Equal Weighted Portfolio,0.012744077465142657,0.020567242033696562,0.027559225818346245,False,False
2026-07-01,Equal Weighted Portfolio,0.012398764143694431,0.020567242033696562,0.027559225818346245,False,False
2026-07-02,Equal Weighted Portfolio,0.009976731220394707,0.020567242033696562,0.027559225818346245,False,False
2026-07-06,Equal Weighted Portfolio,0.0015599461313399177,0.020567242033696562,0.027559225818346245,False,False
2026-07-07,Equal Weighted Portfolio,0.00799670662227836,0.020567242033696562,0.027559225818346245,False,False
2026-07-08,Equal Weighted Portfolio,0.0016112388931572852,0.020567242033696562,0.027559225818346245,False,False
2026-07-09,Equal Weighted Portfolio,0.002455749085803749,0.020567242033696562,0.027559225818346245,False,False
2026-07-10,Equal Weighted Portfolio,0.005828105620249491,0.020567242033696562,0.027559225818346245,False,False
2026-07-13,Equal Weighted Portfolio,-0.0035730422304603767,0.020567242033696562,0.027559225818346245,False,False
2026-07-14,Equal Weighted Portfolio,0.007426509332301178,0.020567242033696562,0.027559225818346245,False,False
2026-07-15,Equal Weighted Portfolio,0.027495065670155097,0.020567242033696562,0.027559225818346245,False,False
2026-07-16,Equal Weighted Portfolio,-0.01135416533064999,0.020567242033696562,0.027559225818346245,False,False
2026-07-17,Equal Weighted Portfolio,-0.014244098214973635,0.020567242033696562,0.027559225818346245,False,False
2026-07-20,Equal Weighted Portfolio,0.005746554898107226,0.020567242033696562,0.027559225818346245,False,False
2026-07-21,Equal Weighted Portfolio,-0.0025080822507510094,0.020567242033696562,0.027559225818346245,False,False
2026-07-22,Equal Weighted Portfolio,-0.004906641759326114,0.020567242033696562,0.027559225818346245,False,False
2026-07-23,Equal Weighted Portfolio,-0.03312425381505675,0.020567242033696562,0.027559225818346245,True,True
2026-07-24,Equal Weighted Portfolio,0.004431306024157422,0.02086772776659622,0.02850395675039856,False,False
2026-07-27,Equal Weighted Portfolio,0.0002931362545896206,0.02086772776659622,0.02850395675039856,False,False
2026-07-28,Equal Weighted Portfolio,0.00781003508890068,0.02086772776659622,0.02850395675039856,False,False
2026-07-29,Equal Weighted Portfolio,-0.0113935394339578,0.02086772776659622,0.02850395675039856,False,False
2026-07-30,Equal Weighted Portfolio,0.04006334522090205,0.02086772776659622,0.02850395675039856,False,False
2026-07-31,Equal Weighted Portfolio,0.0415949181170369,0.02086772776659622,0.02850395675039856,False,False
2026-08-03,Equal Weighted Portfolio,0.030214525967751607,0.02086772776659622,0.02850395675039856,False,False
2026-08-04,Equal Weighted Portfolio,0.008073405516463492,0.02086772776659622,0.02850395675039856,False,False
2026-08-05,Equal Weighted Portfolio,-0.005802712298878855,0.02086772776659622,0.02850395675039856,False,False
2026-08-06,Equal Weighted Portfolio,0.003549147406074926,0.02086772776659622,0.02850395675039856,False,False
2026-08-07,Equal Weighted Portfolio,0.005044208291119357,0.020567242033696562,0.027588464402294382,False,False
2026-08-10,Equal Weighted Portfolio,-0.0025609723570299003,0.020567242033696562,0.027588464402294382,False,False
2026-08-11,Equal Weighted Portfolio,-0.014511110913600377,0.020567242033696562,0.027588464402294382,False,False
2026-08-12,Equal Weighted Portfolio,-0.004235412691902884,0.020567242033696562,0.027588464402294382,False,False
2026-08-13,Equal Weighted Portfolio,0.00418737840833976,0.020567242033696562,0.027588464402294382,False,False
2026-08-14,Equal Weighted Portfolio,-0.0023844248238705347,0.020567242033696562,0.027588464402294382,False,False
2026-08-17,Equal Weighted Portfolio,-0.008668518512147762,0.020567242033696562,0.027588464402294382,False,False
2026-08-18,Equal Weighted Portfolio,-0.00276859500911455,0.020567242033696562,0.027588464402294382,False,False
2026-08-19,Equal Weighted Portfolio,0.0086873107595997,0.020567242033696562,0.027588464402294382,False,False
2026-08-20,Equal Weighted Portfolio,-0.01180791946779607,0.020567242033696562,0.027588464402294382,False,False
2026-08-21,Equal Weighted Portfolio,-0.0013871676025648985,0.020567242033696562,0.027588464402294382,False,False
2026-08-24,Equal Weighted Portfolio,0.0008344902626701068,0.020567242033696562,0.027588464402294382,False,False
2026-08-25,Equal Weighted Portfolio,0.004410094938252374,0.020567242033696562,0.027588464402294382,False,False
2026-08-26,Equal Weighted Portfolio,-0.0020632618996859974,0.020567242033696562,0.027588464402294382,False,False
2026-08-27,Equal Weighted Portfolio,0.017789520131851977,0.020567242033696562,0.027588464402294382,False,False
2026-08-28,Equal Weighted Portfolio,0.008458344818938257,0.020567242033696562,0.027588464402294382,False,False
2026-08-31,Equal Weighted Portfolio,-0.01277829611236485,0.020567242033696562,0.027588464402294382,False,False
2026-09-01,Equal Weighted Portfolio,-0.00217124266211941,0.020567242033696562,0.027588464402294382,False,False
2026-09-02,Equal Weighted Portfolio,0.004574606505160994,0.020567242033696562,0.027588464402294382,False,False
2026-09-03,Equal Weighted Portfolio,0.013756487543433282,0.020567242033696562,0.027588464402294382,False,False
2026-09-04,Equal Weighted Portfolio,-0.006987973738811682,0.020567242033696562,0.027588464402294382,False,False
2026-09-08,Equal Weighted Portfolio,-0.009058918677788675,0.020567242033696562,0.027588464402294382,False,False
2026-09-09,Equal Weighted Portfolio,-0.015205843608443572,0.020567242033696562,0.027588464402294382,False,False
2026-09-10,Equal Weighted Portfolio,0.00331768173719953,0.020567242033696562,0.027588464402294382,False,False
2026-09-11,Equal Weighted Portfolio,0.015392657017756762,0.020567242033696562,0.027588464402294382,False,False
2026-09-14,Equal Weighted Portfolio,0.004333376486434793,0.020567242033696562,0.027588464402294382,False,False
2026-09-15,Equal Weighted Portfolio,-0.013094663985893429,0.020567242033696562,0.027588464402294382,False,False
2026-09-16,Equal Weighted Portfolio,0.003741889062229253,0.020567242033696562,0.027588464402294382,False,False
2026-09-17,Equal Weighted Portfolio,0.008493257546674205,0.020567242033696562,0.027588464402294382,False,False
2026-09-18,Equal Weighted Portfolio,0.005057316970190606,0.020567242033696562,0.027588464402294382,False,False
2026-09-21,Equal Weighted Portfolio,0.013922341323034583,0.020567242033696562,0.027588464402294382,False,False
2026-09-22,Equal Weighted Portfolio,0.0020821981137734156,0.020567242033696562,0.027588464402294382,False,False
2026-09-23,Equal Weighted Portfolio,-0.01742816425847815,0.020567242033696562,0.027588464402294382,False,False
2026-09-24,Equal Weighted Portfolio,-0.009030893226899206,0.020567242033696562,0.027588464402294382,False,False
2026-09-25,Equal Weighted Portfolio,0.020338695668547804,0.020567242033696562,0.027588464402294382,False,False
2026-09-28,Equal Weighted Portfolio,-0.002303108479191596,0.020567242033696562,0.027588464402294382,False,False
2026-09-29,Equal Weighted Portfolio,-0.007148359173309227,0.020567242033696562,0.027588464402294382,False,False
2026-09-30,Equal Weighted Portfolio,0.017431747037052768,0.020567242033696562,0.027588464402294382,False,False
2026-10-01,Equal Weighted Portfolio,-0.01411408457113852,0.020567242033696562,0.027588464402294382,False,False
2026-10-02,Equal Weighted Portfolio,0.011682526679274208,0.020567242033696562,0.027588464402294382,False,False
2026-10-05,Equal Weighted Portfolio,0.008658041402572026,0.020567242033696562,0.027588464402294382,False,False
2026-10-06,Equal Weighted Portfolio,0.005921951448606611,0.020567242033696562,0.027588464402294382,False,False
2026-10-07,Equal Weighted Portfolio,0.002825942577905516,0.020567242033696562,0.027588464402294382,False,False
2026-10-08,Equal Weighted Portfolio,-0.01183442518307889,0.020567242033696562,0.027588464402294382,False,False
2026-10-09,Equal Weighted Portfolio,0.01000348843882044,0.020567242033696562,0.027588464402294382,False,False
2025-01-02,Long-only Global Minimum Variance Portfolio,-0.009772615730338108,0.01930040335006159,0.028085959259858868,False,False
2025-01-03,Long-only Global Minimum Variance Portfolio,0.008359082135813906,0.018914236941489398,0.028085959259858868,False,False
2025-01-06,Long-only Global Minimum Variance Portfolio,0.013621809321255778,0.018914236941489398,0.028085959259858868,False,False
2025-01-07,Long-only Global Minimum Variance Portfolio,-0.011586971599632005,0.018914236941489398,0.028085959259858868,False,False
2025-01-08,Long-only Global Minimum Variance Portfolio,0.0006921022301126423,0.018914236941489398,0.028085959259858868,False,False
2025-01-10,Long-only Global Minimum Variance Portfolio,-0.01608733647183727,0.018914236941489398,0.028085959259858868,False,False
2025-01-13,Long-only Global Minimum Variance Portfolio,-0.0059764873858954345,0.018914236941489398,0.028085959259858868,False,False
2025-01-14,Long-only Global Minimum Variance Portfolio,-0.004687447528353663,0.018914236941489398,0.028085959259858868,False,False
2025-01-15,Long-only Global Minimum Variance Portfolio,0.025258902978047504,0.018914236941489398,0.028085959259858868,False,False
2025-01-16,Long-only Global Minimum Variance Portfolio,-0.01797824319543671,0.018914236941489398,0.028085959259858868,False,False
2025-01-17,Long-only Global Minimum Variance Portfolio,0.012174270498615653,0.018914236941489398,0.028085959259858868,False,False
2025-01-21,Long-only Global Minimum Variance Portfolio,-0.005544800656578164,0.018914236941489398,0.028085959259858868,False,False
2025-01-22,Long-only Global Minimum Variance Portfolio,0.018332972871557607,0.018914236941489398,0.028085959259858868,False,False
2025-01-23,Long-only Global Minimum Variance Portfolio,-0.00027312389776212105,0.018914236941489398,0.028085959259858868,False,False
2025-01-24,Long-only Global Minimum Variance Portfolio,-0.00042553948390933974,0.018914236941489398,0.028085959259858868,False,False
2025-01-27,Long-only Global Minimum Variance Portfolio,-0.008482762608296666,0.018914236941489398,0.028085959259858868,False,False
2025-01-28,Long-only Global Minimum Variance Portfolio,0.026739923283004598,0.018914236941489398,0.028085959259858868,False,False
2025-01-29,Long-only Global Minimum Variance Portfolio,-0.002707788812814873,0.018914236941489398,0.028085959259858868,False,False
2025-01-30,Long-only Global Minimum Variance Portfolio,-0.017759965942066323,0.018914236941489398,0.028085959259858868,False,False
2025-01-31,Long-only Global Minimum Variance Portfolio,0.002956084159852751,0.018914236941489398,0.028085959259858868,False,False
2025-02-03,Long-only Global Minimum Variance Portfolio,-0.01759189542248517,0.018914236941489398,0.028085959259858868,False,False
2025-02-04,Long-only Global Minimum Variance Portfolio,0.015726783191869022,0.0185583134559625,0.02669163154316234,False,False
2025-02-05,Long-only Global Minimum Variance Portfolio,-0.01986520566860902,0.0185583134559625,0.02669163154316234,True,False
2025-02-06,Long-only Global Minimum Variance Portfolio,0.004068246410261855,0.018914236941489398,0.026792104191009466,False,False
2025-02-07,Long-only Global Minimum Variance Portfolio,-0.024062958507821072,0.018914236941489398,0.026792104191009466,True,False
2025-02-10,Long-only Global Minimum Variance Portfolio,0.005396884666559075,0.019580929863593628,0.027154767109412545,False,False
2025-02-11,Long-only Global Minimum Variance Portfolio,0.004167286383699202,0.019580929863593628,0.027154767109412545,False,False
2025-02-12,Long-only Global Minimum Variance Portfolio,-0.00022684613625318945,0.019580929863593628,0.027154767109412545,False,False
2025-02-13,Long-only Global Minimum Variance Portfolio,0.011197231384770226,0.019580929863593628,0.027154767109412545,False,False
2025-02-14,Long-only Global Minimum Variance Portfolio,-2.0707492027644773e-05,0.019580929863593628,0.027154767109412545,False,False
2025-02-18,Long-only Global Minimum Variance Portfolio,-0.0013290242667970077,0.019580929863593628,0.027154767109412545,False,False
2025-02-19,Long-only Global Minimum Variance Portfolio,0.006825413803623393,0.019580929863593628,0.027154767109412545,False,False
2025-02-20,Long-only Global Minimum Variance Portfolio,0.0010358390844792367,0.019580929863593628,0.027154767109412545,False,False
2025-02-21,Long-only Global Minimum Variance Portfolio,-0.016533457477096183,0.019580929863593628,0.027154767109412545,False,False
2025-02-24,Long-only Global Minimum Variance Portfolio,-0.0037811261612534283,0.019580929863593628,0.027154767109412545,False,False
2025-02-25,Long-only Global Minimum Variance Portfolio,-0.01096428561989746,0.019580929863593628,0.027154767109412545,False,False
2025-02-26,Long-only Global Minimum Variance Portfolio,-0.009857702563412531,0.019580929863593628,0.027154767109412545,False,False
2025-02-27,Long-only Global Minimum Variance Portfolio,-0.019109803773209845,0.019580929863593628,0.027154767109412545,False,False
2025-02-28,Long-only Global Minimum Variance Portfolio,0.014263274363239424,0.019580929863593628,0.027154767109412545,False,False
2025-03-03,Long-only Global Minimum Variance Portfolio,-0.020549238341692425,0.019580929863593628,0.027154767109412545,True,False
2025-03-04,Long-only Global Minimum Variance Portfolio,0.003150217622327772,0.020173020371496545,0.02720738500734204,False,False
2025-03-05,Long-only Global Minimum Variance Portfolio,0.01655691208211842,0.020173020371496545,0.02720738500734204,False,False
2025-03-06,Long-only Global Minimum Variance Portfolio,-0.008324434714022649,0.020173020371496545,0.02720738500734204,False,False
2025-03-07,Long-only Global Minimum Variance Portfolio,0.003306692069224194,0.020173020371496545,0.02720738500734204,False,False
2025-03-10,Long-only Global Minimum Variance Portfolio,-0.039967266046856596,0.019580929863593628,0.027085094009636802,True,True
2025-03-11,Long-only Global Minimum Variance Portfolio,-0.01051310933068854,0.020173020371496545,0.028631406346425078,False,False
2025-03-12,Long-only Global Minimum Variance Portfolio,0.00312621805475999,0.020173020371496545,0.028631406346425078,False,False
2025-03-13,Long-only Global Minimum Variance Portfolio,-0.022958122495969416,0.020173020371496545,0.028631406346425078,True,False
2025-03-14,Long-only Global Minimum Variance Portfolio,0.02096024478272784,0.020897481020110364,0.028816705127523306,False,False
2025-03-17,Long-only Global Minimum Variance Portfolio,-0.0017045464181814646,0.020897481020110364,0.028816705127523306,False,False
2025-03-18,Long-only Global Minimum Variance Portfolio,-0.013948780312208258,0.020897481020110364,0.028816705127523306,False,False
2025-03-19,Long-only Global Minimum Variance Portfolio,0.0145705303370281,0.020897481020110364,0.028816705127523306,False,False
2025-03-20,Long-only Global Minimum Variance Portfolio,-0.004680468261783414,0.020897481020110364,0.028816705127523306,False,False
2025-03-21,Long-only Global Minimum Variance Portfolio,0.012348127325023267,0.020897481020110364,0.028816705127523306,False,False
2025-03-24,Long-only Global Minimum Variance Portfolio,0.013764848900563457,0.020897481020110364,0.028816705127523306,False,False
2025-03-25,Long-only Global Minimum Variance Portfolio,0.011394347173825635,0.020897481020110364,0.028816705127523306,False,False
2025-03-26,Long-only Global Minimum Variance Portfolio,-0.018058719374482456,0.020897481020110364,0.028816705127523306,False,False
2025-03-27,Long-only Global Minimum Variance Portfolio,-0.0010294669333189741,0.020897481020110364,0.028816705127523306,False,False
2025-03-28,Long-only Global Minimum Variance Portfolio,-0.035043410449634445,0.020897481020110364,0.028816705127523306,True,True
2025-03-31,Long-only Global Minimum Variance Portfolio,0.001881830670170413,0.021458876716555567,0.02987211278054142,False,False
2025-04-01,Long-only Global Minimum Variance Portfolio,0.013154872481745314,0.021458876716555567,0.02987211278054142,False,False
2025-04-02,Long-only Global Minimum Variance Portfolio,0.0024726927449900678,0.021458876716555567,0.02987211278054142,False,False
2025-04-03,Long-only Global Minimum Variance Portfolio,-0.05372885592416252,0.021458876716555567,0.02987211278054142,True,True
2025-04-04,Long-only Global Minimum Variance Portfolio,-0.046320825736954535,0.022093232144301086,0.03234165457157339,True,True
2025-04-07,Long-only Global Minimum Variance Portfolio,-0.00830219530087653,0.022797314802163227,0.03416127617665703,False,False
2025-04-08,Long-only Global Minimum Variance Portfolio,-0.025045775145634837,0.022797314802163227,0.03416127617665703,True,False
2025-04-09,Long-only Global Minimum Variance Portfolio,0.11774554423048954,0.023455298701302647,0.03432186484201591,False,False
2025-04-10,Long-only Global Minimum Variance Portfolio,-0.03452694245615829,0.023455298701302647,0.03432186484201591,True,True
2025-04-11,Long-only Global Minimum Variance Portfolio,0.027265520939818284,0.024341737341868973,0.035126786684195686,False,False
2025-04-14,Long-only Global Minimum Variance Portfolio,0.00825485614018888,0.024341737341868973,0.035126786684195686,False,False
2025-04-15,Long-only Global Minimum Variance Portfolio,-0.008142500809698883,0.024341737341868973,0.035126786684195686,False,False
2025-04-16,Long-only Global Minimum Variance Portfolio,-0.03235170560033509,0.024341737341868973,0.035126786684195686,True,False
2025-04-17,Long-only Global Minimum Variance Portfolio,-0.0039000131817981004,0.024836625448536667,0.03571672811284242,False,False
2025-04-21,Long-only Global Minimum Variance Portfolio,-0.02268134686887115,0.024836625448536667,0.03571672811284242,False,False
2025-04-22,Long-only Global Minimum Variance Portfolio,0.027778592935009082,0.024836625448536667,0.03571672811284242,False,False
2025-04-23,Long-only Global Minimum Variance Portfolio,0.024638403423548373,0.024836625448536667,0.03571672811284242,False,False
2025-04-24,Long-only Global Minimum Variance Portfolio,0.02671469867320024,0.024836625448536667,0.03571672811284242,False,False
2025-04-25,Long-only Global Minimum Variance Portfolio,0.010432194053802954,0.024836625448536667,0.03571672811284242,False,False
2025-04-28,Long-only Global Minimum Variance Portfolio,-0.002241985978753357,0.024836625448536667,0.03571672811284242,False,False
2025-04-29,Long-only Global Minimum Variance Portfolio,0.003431427356851888,0.024836625448536667,0.03571672811284242,False,False
2025-04-30,Long-only Global Minimum Variance Portfolio,-0.00024404555066086654,0.024836625448536667,0.03571672811284242,False,False
2025-05-01,Long-only Global Minimum Variance Portfolio,0.03392865041294207,0.024836625448536667,0.03571672811284242,False,False
2025-05-02,Long-only Global Minimum Variance Portfolio,0.001842041542295653,0.024836625448536667,0.03571672811284242,False,False
2025-05-05,Long-only Global Minimum Variance Portfolio,-0.009874627505825106,0.02449589576247811,0.03571672811284242,False,False
2025-05-06,Long-only Global Minimum Variance Portfolio,-0.0048346243599574675,0.02449589576247811,0.03571672811284242,False,False
2025-05-07,Long-only Global Minimum Variance Portfolio,-0.021541554550866763,0.02449589576247811,0.03571672811284242,False,False
2025-05-08,Long-only Global Minimum Variance Portfolio,0.012378917956530181,0.02449589576247811,0.03571672811284242,False,False
2025-05-09,Long-only Global Minimum Variance Portfolio,0.000130100118903409,0.02449589576247811,0.03571672811284242,False,False
2025-05-12,Long-only Global Minimum Variance Portfolio,0.04287243802505096,0.02449589576247811,0.03571672811284242,False,False
2025-05-13,Long-only Global Minimum Variance Portfolio,0.006169344941362763,0.02449589576247811,0.03571672811284242,False,False
2025-05-14,Long-only Global Minimum Variance Portfolio,0.011428564542614726,0.02449589576247811,0.03571672811284242,False,False
2025-05-15,Long-only Global Minimum Variance Portfolio,-0.004615373006873508,0.02449589576247811,0.03571672811284242,False,False
2025-05-16,Long-only Global Minimum Variance Portfolio,0.004022995838011684,0.02449589576247811,0.03571672811284242,False,False
2025-05-19,Long-only Global Minimum Variance Portfolio,0.0009951001305689951,0.02449589576247811,0.03571672811284242,False,False
2025-05-20,Long-only Global Minimum Variance Portfolio,-0.008121316429073518,0.02449589576247811,0.03571672811284242,False,False
2025-05-21,Long-only Global Minimum Variance Portfolio,-0.0048848298515203545,0.02449589576247811,0.03571672811284242,False,False
2025-05-22,Long-only Global Minimum Variance Portfolio,0.004483383277135682,0.02449589576247811,0.03571672811284242,False,False
2025-05-23,Long-only Global Minimum Variance Portfolio,-0.017237303790121408,0.02449589576247811,0.03571672811284242,False,False
2025-05-27,Long-only Global Minimum Variance Portfolio,0.024736526197421928,0.02449589576247811,0.03571672811284242,False,False
2025-05-28,Long-only Global Minimum Variance Portfolio,-0.0036742452525565855,0.02449589576247811,0.03571672811284242,False,False
2025-05-29,Long-only Global Minimum Variance Portfolio,7.093308414553301e-05,0.02449589576247811,0.03571672811284242,False,False
2025-05-30,Long-only Global Minimum Variance Portfolio,0.002216495691747093,0.02449589576247811,0.03571672811284242,False,False
2025-06-02,Long-only Global Minimum Variance Portfolio,-0.0006191696454983435,0.02449589576247811,0.03571672811284242,False,False
2025-06-03,Long-only Global Minimum Variance Portfolio,-0.0013720233632837004,0.02449589576247811,0.03571672811284242,False,False
2025-06-04,Long-only Global Minimum Variance Portfolio,0.0032611739367385617,0.02449589576247811,0.03571672811284242,False,False
2025-06-05,Long-only Global Minimum Variance Portfolio,0.0005989856196654297,0.02449589576247811,0.03571672811284242,False,False
2025-06-06,Long-only Global Minimum Variance Portfolio,0.017096966124537302,0.02449589576247811,0.03571672811284242,False,False
2025-06-09,Long-only Global Minimum Variance Portfolio,0.0038460460710959816,0.02449589576247811,0.03571672811284242,False,False
2025-06-10,Long-only Global Minimum Variance Portfolio,0.004203471777645306,0.02449589576247811,0.03571672811284242,False,False
2025-06-11,Long-only Global Minimum Variance Portfolio,-0.007895702986511365,0.02449589576247811,0.03571672811284242,False,False
2025-06-12,Long-only Global Minimum Variance Portfolio,0.002673848218944623,0.02449589576247811,0.03571672811284242,False,False
2025-06-13,Long-only Global Minimum Variance Portfolio,-0.009102555227478928,0.02449589576247811,0.03571672811284242,False,False
2025-06-16,Long-only Global Minimum Variance Portfolio,0.010746948749213944,0.02449589576247811,0.03571672811284242,False,False
2025-06-17,Long-only Global Minimum Variance Portfolio,-0.006550976180031315,0.02449589576247811,0.03571672811284242,False,False
2025-06-18,Long-only Global Minimum Variance Portfolio,-0.002613058405474024,0.02449589576247811,0.03571672811284242,False,False
2025-06-20,Long-only Global Minimum Variance Portfolio,-0.0058900198843083555,0.02449589576247811,0.03571672811284242,False,False
2025-06-23,Long-only Global Minimum Variance Portfolio,0.00398686414245111,0.02449589576247811,0.03571672811284242,False,False
2025-06-24,Long-only Global Minimum Variance Portfolio,0.005629083570250122,0.02449589576247811,0.03571672811284242,False,False
2025-06-25,Long-only Global Minimum Variance Portfolio,0.009048996751749906,0.02449589576247811,0.03571672811284242,False,False
2025-06-26,Long-only Global Minimum Variance Portfolio,0.009376514737288717,0.02449589576247811,0.03571672811284242,False,False
2025-06-27,Long-only Global Minimum Variance Portfolio,0.007132148041612037,0.02449589576247811,0.03571672811284242,False,False
2025-06-30,Long-only Global Minimum Variance Portfolio,0.004448568345790465,0.02449589576247811,0.03571672811284242,False,False
2025-07-01,Long-only Global Minimum Variance Portfolio,-0.00027678927710459556,0.02449589576247811,0.03571672811284242,False,False
2025-07-02,Long-only Global Minimum Variance Portfolio,0.010024387556254255,0.02449589576247811,0.03571672811284242,False,False
2025-07-03,Long-only Global Minimum Variance Portfolio,0.00962067397281165,0.02449589576247811,0.03571672811284242,False,False
2025-07-07,Long-only Global Minimum Variance Portfolio,-0.010199234943192387,0.02449589576247811,0.03571672811284242,False,False
2025-07-08,Long-only Global Minimum Variance Portfolio,-0.005743233906823023,0.02449589576247811,0.03571672811284242,False,False
2025-07-09,Long-only Global Minimum Variance Portfolio,0.011479636912352233,0.02449589576247811,0.03571672811284242,False,False
2025-07-10,Long-only Global Minimum Variance Portfolio,0.0018112391938746224,0.02449589576247811,0.03571672811284242,False,False
2025-07-11,Long-only Global Minimum Variance Portfolio,0.004386982778755429,0.02449589576247811,0.03571672811284242,False,False
2025-07-14,Long-only Global Minimum Variance Portfolio,-0.001403804985986587,0.02449589576247811,0.03571672811284242,False,False
2025-07-15,Long-only Global Minimum Variance Portfolio,0.0033392840234922182,0.02449589576247811,0.03571672811284242,False,False
2025-07-16,Long-only Global Minimum Variance Portfolio,0.0012048665935158209,0.023455298701302647,0.03564272174452498,False,False
2025-07-17,Long-only Global Minimum Variance Portfolio,0.005660954095973226,0.023455298701302647,0.03564272174452498,False,False
2025-07-18,Long-only Global Minimum Variance Portfolio,0.0030888773566094,0.023455298701302647,0.03564272174452498,False,False
2025-07-21,Long-only Global Minimum Variance Portfolio,0.010364737564101062,0.023455298701302647,0.03564272174452498,False,False
2025-07-22,Long-only Global Minimum Variance Portfolio,5.015161458868465e-05,0.023455298701302647,0.03564272174452498,False,False
2025-07-23,Long-only Global Minimum Variance Portfolio,-0.0004594629135011462,0.023455298701302647,0.03564272174452498,False,False
2025-07-24,Long-only Global Minimum Variance Portfolio,0.006692999773731524,0.023455298701302647,0.03564272174452498,False,False
2025-07-25,Long-only Global Minimum Variance Portfolio,0.003065068033062637,0.023455298701302647,0.03564272174452498,False,False
2025-07-28,Long-only Global Minimum Variance Portfolio,-0.001025037782812138,0.023455298701302647,0.03564272174452498,False,False
2025-07-29,Long-only Global Minimum Variance Portfolio,-0.0003677356669061968,0.022805895901065368,0.03455923311259939,False,False
2025-07-30,Long-only Global Minimum Variance Portfolio,-0.0016209757431318232,0.022805895901065368,0.03455923311259939,False,False
2025-07-31,Long-only Global Minimum Variance Portfolio,0.0071845538108666444,0.022805895901065368,0.03455923311259939,False,False
2025-08-01,Long-only Global Minimum Variance Portfolio,-0.024409067254913073,0.022805895901065368,0.03455923311259939,True,False
2025-08-04,Long-only Global Minimum Variance Portfolio,0.01614507717010594,0.023455298701302647,0.034670844247902746,False,False
2025-08-05,Long-only Global Minimum Variance Portfolio,-0.005654812735585884,0.023455298701302647,0.034670844247902746,False,False
2025-08-06,Long-only Global Minimum Variance Portfolio,0.018772162990060223,0.023455298701302647,0.034670844247902746,False,False
2025-08-07,Long-only Global Minimum Variance Portfolio,0.007543353787125965,0.023455298701302647,0.034670844247902746,False,False
2025-08-08,Long-only Global Minimum Variance Portfolio,0.0197971440867308,0.022805895901065368,0.033243094801984605,False,False
2025-08-11,Long-only Global Minimum Variance Portfolio,-0.003789412470412986,0.022805895901065368,0.033243094801984605,False,False
2025-08-12,Long-only Global Minimum Variance Portfolio,0.011724558781556416,0.022805895901065368,0.033243094801984605,False,False
2025-08-13,Long-only Global Minimum Variance Portfolio,-0.0013452645366776998,0.022805895901065368,0.033243094801984605,False,False
2025-08-14,Long-only Global Minimum Variance Portfolio,0.003920706720997088,0.022805895901065368,0.033243094801984605,False,False
2025-08-15,Long-only Global Minimum Variance Portfolio,-0.0016817950674517888,0.022805895901065368,0.033243094801984605,False,False
2025-08-18,Long-only Global Minimum Variance Portfolio,-0.0036438039941553263,0.022805895901065368,0.033243094801984605,False,False
2025-08-19,Long-only Global Minimum Variance Portfolio,-0.009005485673299233,0.022805895901065368,0.033243094801984605,False,False
2025-08-20,Long-only Global Minimum Variance Portfolio,-0.013227381093025715,0.022805895901065368,0.033243094801984605,False,False
2025-08-21,Long-only Global Minimum Variance Portfolio,-0.0020366458784739144,0.022805895901065368,0.033243094801984605,False,False
2025-08-22,Long-only Global Minimum Variance Portfolio,0.01643806644767823,0.022805895901065368,0.033243094801984605,False,False
2025-08-25,Long-only Global Minimum Variance Portfolio,-8.259111451803784e-05,0.022805895901065368,0.033243094801984605,False,False
2025-08-26,Long-only Global Minimum Variance Portfolio,2.3155292000714425e-05,0.022805895901065368,0.033243094801984605,False,False
2025-08-27,Long-only Global Minimum Variance Portfolio,0.0053497073708290675,0.022805895901065368,0.033243094801984605,False,False
2025-08-28,Long-only Global Minimum Variance Portfolio,0.01086703269872295,0.022805895901065368,0.033243094801984605,False,False
2025-08-29,Long-only Global Minimum Variance Portfolio,-0.002068217082952334,0.022805895901065368,0.033243094801984605,False,False
2025-09-02,Long-only Global Minimum Variance Portfolio,-0.007419781995994169,0.022805895901065368,0.033243094801984605,False,False
2025-09-03,Long-only Global Minimum Variance Portfolio,0.035570548190838214,0.022805895901065368,0.033243094801984605,False,False
2025-09-04,Long-only Global Minimum Variance Portfolio,0.008728354467768222,0.022805895901065368,0.033243094801984605,False,False
2025-09-05,Long-only Global Minimum Variance Portfolio,-0.007502682949488313,0.022805895901065368,0.033243094801984605,False,False
2025-09-08,Long-only Global Minimum Variance Portfolio,0.0003548132509911335,0.02267276576996901,0.03297863447578322,False,False
2025-09-09,Long-only Global Minimum Variance Portfolio,0.003017101199663483,0.02267276576996901,0.03297863447578322,False,False
2025-09-10,Long-only Global Minimum Variance Portfolio,-0.011377860115736238,0.02267276576996901,0.03297863447578322,False,False
2025-09-11,Long-only Global Minimum Variance Portfolio,0.005951862529585151,0.02267276576996901,0.03297863447578322,False,False
2025-09-12,Long-only Global Minimum Variance Portfolio,0.011611112118954835,0.02267276576996901,0.03297863447578322,False,False
2025-09-15,Long-only Global Minimum Variance Portfolio,0.019667831095957523,0.02267276576996901,0.03297863447578322,False,False
2025-09-16,Long-only Global Minimum Variance Portfolio,-0.0019677859116238945,0.02267276576996901,0.03297863447578322,False,False
2025-09-17,Long-only Global Minimum Variance Portfolio,-0.0007378813939750598,0.02267276576996901,0.03297863447578322,False,False
2025-09-18,Long-only Global Minimum Variance Portfolio,-1.0961755933240624e-05,0.02267276576996901,0.03297863447578322,False,False
2025-09-19,Long-only Global Minimum Variance Portfolio,0.01937445271464385,0.02267276576996901,0.03297863447578322,False,False
2025-09-22,Long-only Global Minimum Variance Portfolio,0.006769318853365762,0.02267276576996901,0.03297863447578322,False,False
2025-09-23,Long-only Global Minimum Variance Portfolio,-0.008557856475755776,0.02267276576996901,0.03297863447578322,False,False
2025-09-24,Long-only Global Minimum Variance Portfolio,-0.00674817368864965,0.02267276576996901,0.03297863447578322,False,False
2025-09-25,Long-only Global Minimum Variance Portfolio,0.0011556378655157543,0.02267276576996901,0.03297863447578322,False,False
2025-09-26,Long-only Global Minimum Variance Portfolio,0.0027151818235056652,0.02267276576996901,0.03297863447578322,False,False
2025-09-29,Long-only Global Minimum Variance Portfolio,-0.001153947292438312,0.02267276576996901,0.03297863447578322,False,False
2025-09-30,Long-only Global Minimum Variance Portfolio,0.0007360381983718202,0.02267276576996901,0.03297863447578322,False,False
2025-10-01,Long-only Global Minimum Variance Portfolio,0.004716986402084038,0.02267276576996901,0.03297863447578322,False,False
2025-10-02,Long-only Global Minimum Variance Portfolio,0.0008609774759893356,0.02267276576996901,0.03297863447578322,False,False
2025-10-03,Long-only Global Minimum Variance Portfolio,0.0011199639579452744,0.02267276576996901,0.03297863447578322,False,False
2025-10-06,Long-only Global Minimum Variance Portfolio,0.01208789805243604,0.02267276576996901,0.03297863447578322,False,False
2025-10-07,Long-only Global Minimum Variance Portfolio,-0.007601082484349489,0.02267276576996901,0.03297863447578322,False,False
2025-10-08,Long-only Global Minimum Variance Portfolio,0.0019106115090440335,0.02267276576996901,0.03297863447578322,False,False
2025-10-09,Long-only Global Minimum Variance Portfolio,-0.008922185089783789,0.02267276576996901,0.03297863447578322,False,False
2025-10-10,Long-only Global Minimum Variance Portfolio,-0.027312356069416743,0.02267276576996901,0.03297863447578322,True,False
2025-10-13,Long-only Global Minimum Variance Portfolio,0.014384831568549429,0.022805895901065368,0.03333486595274827,False,False
2025-10-14,Long-only Global Minimum Variance Portfolio,0.00012175465008632674,0.022805895901065368,0.03333486595274827,False,False
2025-10-15,Long-only Global Minimum Variance Portfolio,0.007404865803333558,0.022805895901065368,0.03333486595274827,False,False
2025-10-16,Long-only Global Minimum Variance Portfolio,-0.003770159337438243,0.022805895901065368,0.03333486595274827,False,False
2025-10-17,Long-only Global Minimum Variance Portfolio,0.008701106328674909,0.022805895901065368,0.03333486595274827,False,False
2025-10-20,Long-only Global Minimum Variance Portfolio,0.018716221317458974,0.022805895901065368,0.03333486595274827,False,False
2025-10-21,Long-only Global Minimum Variance Portfolio,-0.002547914066043876,0.022805895901065368,0.03333486595274827,False,False
2025-10-22,Long-only Global Minimum Variance Portfolio,-0.003189605019882475,0.022805895901065368,0.03333486595274827,False,False
2025-10-23,Long-only Global Minimum Variance Portfolio,0.003739000585985683,0.022805895901065368,0.03333486595274827,False,False
2025-10-24,Long-only Global Minimum Variance Portfolio,0.014006954754486062,0.022805895901065368,0.03333486595274827,False,False
2025-10-27,Long-only Global Minimum Variance Portfolio,0.02273292838825614,0.022805895901065368,0.03333486595274827,False,False
2025-10-28,Long-only Global Minimum Variance Portfolio,0.0066211929792823095,0.022805895901065368,0.03333486595274827,False,False
2025-10-29,Long-only Global Minimum Variance Portfolio,0.007422102269807979,0.022805895901065368,0.03333486595274827,False,False
2025-10-30,Long-only Global Minimum Variance Portfolio,-0.004645686423109122,0.022805895901065368,0.03333486595274827,False,False
2025-10-31,Long-only Global Minimum Variance Portfolio,0.0011322240449909635,0.022805895901065368,0.03333486595274827,False,False
2025-11-03,Long-only Global Minimum Variance Portfolio,0.003376340549605771,0.022805895901065368,0.03333486595274827,False,False
2025-11-04,Long-only Global Minimum Variance Portfolio,-0.007856566124016745,0.022805895901065368,0.03333486595274827,False,False
2025-11-05,Long-only Global Minimum Variance Portfolio,0.0017719381584601615,0.02267276576996901,0.03240188063700236,False,False
2025-11-06,Long-only Global Minimum Variance Portfolio,-0.009230698854154057,0.02267276576996901,0.03240188063700236,False,False
2025-11-07,Long-only Global Minimum Variance Portfolio,-0.00639844223504676,0.02267276576996901,0.03240188063700236,False,False
2025-11-10,Long-only Global Minimum Variance Portfolio,0.019510853018490593,0.02267276576996901,0.03240188063700236,False,False
2025-11-11,Long-only Global Minimum Variance Portfolio,0.009638200147136513,0.02267276576996901,0.03240188063700236,False,False
2025-11-12,Long-only Global Minimum Variance Portfolio,-0.005697122778035346,0.02267276576996901,0.03240188063700236,False,False
2025-11-13,Long-only Global Minimum Variance Portfolio,-0.015835596912968722,0.02267276576996901,0.03240188063700236,False,False
2025-11-14,Long-only Global Minimum Variance Portfolio,0.0012774779046846921,0.02267276576996901,0.03240188063700236,False,False
2025-11-17,Long-only Global Minimum Variance Portfolio,0.00024079639768681506,0.02267276576996901,0.03240188063700236,False,False
2025-11-18,Long-only Global Minimum Variance Portfolio,-0.013791125677035047,0.02267276576996901,0.03240188063700236,False,False
2025-11-19,Long-only Global Minimum Variance Portfolio,0.0039230142272024746,0.02267276576996901,0.03240188063700236,False,False
2025-11-20,Long-only Global Minimum Variance Portfolio,-0.012990589240634051,0.022054461093968723,0.03240188063700236,False,False
2025-11-21,Long-only Global Minimum Variance Portfolio,0.011315375244238694,0.022054461093968723,0.03240188063700236,False,False
2025-11-24,Long-only Global Minimum Variance Portfolio,0.024898880303994023,0.022054461093968723,0.03240188063700236,False,False
2025-11-25,Long-only Global Minimum Variance Portfolio,0.008870275993277553,0.022054461093968723,0.03240188063700236,False,False
2025-11-26,Long-only Global Minimum Variance Portfolio,0.004063651843673962,0.022054461093968723,0.03240188063700236,False,False
2025-11-28,Long-only Global Minimum Variance Portfolio,0.0074739367692846885,0.022054461093968723,0.03240188063700236,False,False
2025-12-01,Long-only Global Minimum Variance Portfolio,-0.0031219167873858178,0.022054461093968723,0.03240188063700236,False,False
2025-12-02,Long-only Global Minimum Variance Portfolio,0.006597890615410478,0.022054461093968723,0.03240188063700236,False,False
2025-12-03,Long-only Global Minimum Variance Portfolio,-0.007917781561446513,0.022054461093968723,0.03240188063700236,False,False
2025-12-04,Long-only Global Minimum Variance Portfolio,-0.004294396105429163,0.022054461093968723,0.03240188063700236,False,False
2025-12-05,Long-only Global Minimum Variance Portfolio,0.002872115984999032,0.022054461093968723,0.03240188063700236,False,False
2025-12-08,Long-only Global Minimum Variance Portfolio,-0.0021764681414621727,0.022054461093968723,0.03240188063700236,False,False
2025-12-09,Long-only Global Minimum Variance Portfolio,0.0030877409191319336,0.022054461093968723,0.03240188063700236,False,False
2025-12-10,Long-only Global Minimum Variance Portfolio,-0.003942429918571189,0.022054461093968723,0.03240188063700236,False,False
2025-12-11,Long-only Global Minimum Variance Portfolio,-0.0036680486493443723,0.022054461093968723,0.03240188063700236,False,False
2025-12-12,Long-only Global Minimum Variance Portfolio,-0.00746761769559864,0.022054461093968723,0.03240188063700236,False,False
2025-12-15,Long-only Global Minimum Variance Portfolio,-0.009575599694146017,0.022054461093968723,0.03240188063700236,False,False
2025-12-16,Long-only Global Minimum Variance Portfolio,0.0003775495536832742,0.022054461093968723,0.03240188063700236,False,False
2025-12-17,Long-only Global Minimum Variance Portfolio,-0.011973093782433534,0.022054461093968723,0.03240188063700236,False,False
2025-12-18,Long-only Global Minimum Variance Portfolio,0.013288894915467779,0.022054461093968723,0.03240188063700236,False,False
2025-12-19,Long-only Global Minimum Variance Portfolio,0.007482241449251468,0.022054461093968723,0.03240188063700236,False,False
2025-12-22,Long-only Global Minimum Variance Portfolio,-0.0009894960321607845,0.022054461093968723,0.03240188063700236,False,False
2025-12-23,Long-only Global Minimum Variance Portfolio,0.007945331148891172,0.020995780635820867,0.03153462977750727,False,False
2025-12-24,Long-only Global Minimum Variance Portfolio,0.0025282062328296035,0.020995780635820867,0.03153462977750727,False,False
2025-12-26,Long-only Global Minimum Variance Portfolio,-0.001219372544440498,0.020995780635820867,0.03153462977750727,False,False
2025-12-29,Long-only Global Minimum Variance Portfolio,-0.0006823474638494247,0.020995780635820867,0.03153462977750727,False,False
2025-12-30,Long-only Global Minimum Variance Portfolio,-0.00017425502501688942,0.020995780635820867,0.03153462977750727,False,False
2025-12-31,Long-only Global Minimum Variance Portfolio,-0.0053794536775425275,0.020995780635820867,0.03153462977750727,False,False
2026-01-02,Long-only Global Minimum Variance Portfolio,-0.009029550527424471,0.020995780635820867,0.03153462977750727,False,False
2026-01-05,Long-only Global Minimum Variance Portfolio,-0.00021583404836041358,0.020995780635820867,0.03153462977750727,False,False
2026-01-06,Long-only Global Minimum Variance Portfolio,-0.0008210322350934523,0.020995780635820867,0.03153462977750727,False,False
2026-01-07,Long-only Global Minimum Variance Portfolio,0.00817460643839549,0.020995780635820867,0.03153462977750727,False,False
2026-01-08,Long-only Global Minimum Variance Portfolio,-0.0009294766781588087,0.020995780635820867,0.03153462977750727,False,False
2026-01-09,Long-only Global Minimum Variance Portfolio,0.00413866129328611,0.020995780635820867,0.03153462977750727,False,False
2026-01-12,Long-only Global Minimum Variance Portfolio,0.002035441293660289,0.020995780635820867,0.03153462977750727,False,False
2026-01-13,Long-only Global Minimum Variance Portfolio,-0.002268780364641882,0.020995780635820867,0.03153462977750727,False,False
2026-01-14,Long-only Global Minimum Variance Portfolio,-0.011859864007013294,0.020995780635820867,0.03153462977750727,False,False
2026-01-15,Long-only Global Minimum Variance Portfolio,-0.006073286291979226,0.020995780635820867,0.03153462977750727,False,False
2026-01-16,Long-only Global Minimum Variance Portfolio,-0.002533282109434379,0.020995780635820867,0.03153462977750727,False,False
2026-01-20,Long-only Global Minimum Variance Portfolio,-0.023764084805418393,0.020995780635820867,0.03153462977750727,True,False
2026-01-21,Long-only Global Minimum Variance Portfolio,-0.001800509626283357,0.022054461093968723,0.03170559364324201,False,False
2026-01-22,Long-only Global Minimum Variance Portfolio,0.009510108670169427,0.022054461093968723,0.03170559364324201,False,False
2026-01-23,Long-only Global Minimum Variance Portfolio,0.011046154944716096,0.022054461093968723,0.03170559364324201,False,False
2026-01-26,Long-only Global Minimum Variance Portfolio,0.016114234385655526,0.022054461093968723,0.03170559364324201,False,False
2026-01-27,Long-only Global Minimum Variance Portfolio,0.01438445263688095,0.022054461093968723,0.03170559364324201,False,False
2026-01-28,Long-only Global Minimum Variance Portfolio,-0.0008932537372674007,0.022054461093968723,0.03170559364324201,False,False
2026-01-29,Long-only Global Minimum Variance Portfolio,-0.031965602739980045,0.022054461093968723,0.03170559364324201,True,True
2026-01-30,Long-only Global Minimum Variance Portfolio,-0.00215171317521635,0.022805895901065368,0.032419767171788856,False,False
2026-02-02,Long-only Global Minimum Variance Portfolio,0.012647738181643069,0.022805895901065368,0.032419767171788856,False,False
2026-02-03,Long-only Global Minimum Variance Portfolio,-0.015456691171677313,0.022805895901065368,0.032419767171788856,False,False
2026-02-04,Long-only Global Minimum Variance Portfolio,0.0027953454645070147,0.022805895901065368,0.032419767171788856,False,False
2026-02-05,Long-only Global Minimum Variance Portfolio,-0.023410457208528423,0.022805895901065368,0.032419767171788856,True,False
2026-02-06,Long-only Global Minimum Variance Portfolio,-0.0018638570641417202,0.023161673116620964,0.032454562149678005,False,False
2026-02-09,Long-only Global Minimum Variance Portfolio,0.007998898178870164,0.023161673116620964,0.032454562149678005,False,False
2026-02-10,Long-only Global Minimum Variance Portfolio,-0.00667579512334441,0.023161673116620964,0.032454562149678005,False,False
2026-02-11,Long-only Global Minimum Variance Portfolio,-0.012822850015298317,0.022805895901065368,0.032369574764150956,False,False
2026-02-12,Long-only Global Minimum Variance Portfolio,-0.0206574050428059,0.022805895901065368,0.032369574764150956,False,False
2026-02-13,Long-only Global Minimum Variance Portfolio,-0.010463501442160643,0.022805895901065368,0.032369574764150956,False,False
2026-02-17,Long-only Global Minimum Variance Portfolio,0.0037543624632549897,0.022805895901065368,0.032369574764150956,False,False
2026-02-18,Long-only Global Minimum Variance Portfolio,0.005424411159176436,0.022805895901065368,0.032369574764150956,False,False
2026-02-19,Long-only Global Minimum Variance Portfolio,-0.0047880262310433745,0.022805895901065368,0.032369574764150956,False,False
2026-02-20,Long-only Global Minimum Variance Portfolio,0.015414299291303984,0.022805895901065368,0.032369574764150956,False,False
2026-02-23,Long-only Global Minimum Variance Portfolio,-0.014156821735546492,0.022805895901065368,0.032369574764150956,False,False
2026-02-24,Long-only Global Minimum Variance Portfolio,0.011555297898294951,0.022805895901065368,0.032369574764150956,False,False
2026-02-25,Long-only Global Minimum Variance Portfolio,0.01550754891777063,0.022805895901065368,0.032369574764150956,False,False
2026-02-26,Long-only Global Minimum Variance Portfolio,-0.006394592759201714,0.022805895901065368,0.032369574764150956,False,False
2026-02-27,Long-only Global Minimum Variance Portfolio,-0.013122437262950298,0.022805895901065368,0.032369574764150956,False,False
2026-03-02,Long-only Global Minimum Variance Portfolio,0.0009717180150717002,0.022805895901065368,0.032369574764150956,False,False
2026-03-03,Long-only Global Minimum Variance Portfolio,0.001427881030553444,0.022805895901065368,0.032369574764150956,False,False
2026-03-04,Long-only Global Minimum Variance Portfolio,0.002748056340278308,0.022805895901065368,0.032369574764150956,False,False
2026-03-05,Long-only Global Minimum Variance Portfolio,0.0008461191994747268,0.022805895901065368,0.032369574764150956,False,False
2026-03-06,Long-only Global Minimum Variance Portfolio,-0.009148275669453254,0.022805895901065368,0.032369574764150956,False,False
2026-03-09,Long-only Global Minimum Variance Portfolio,0.01031665726516995,0.022805895901065368,0.032369574764150956,False,False
2026-03-10,Long-only Global Minimum Variance Portfolio,-0.0009660057734046944,0.022805895901065368,0.032369574764150956,False,False
2026-03-11,Long-only Global Minimum Variance Portfolio,-0.0001480873173590783,0.022805895901065368,0.032369574764150956,False,False
2026-03-12,Long-only Global Minimum Variance Portfolio,-0.014098269452173962,0.022054461093968723,0.03103988867353669,False,False
2026-03-13,Long-only Global Minimum Variance Portfolio,-0.014442433913233882,0.022054461093968723,0.03103988867353669,False,False
2026-03-16,Long-only Global Minimum Variance Portfolio,0.01136458194375739,0.022054461093968723,0.03103988867353669,False,False
2026-03-17,Long-only Global Minimum Variance Portfolio,0.0068282010834040665,0.02105527232143328,0.030930921908528794,False,False
2026-03-18,Long-only Global Minimum Variance Portfolio,-0.01649786676583577,0.02105527232143328,0.030930921908528794,False,False
2026-03-19,Long-only Global Minimum Variance Portfolio,-0.004609242879155326,0.02105527232143328,0.030930921908528794,False,False
2026-03-20,Long-only Global Minimum Variance Portfolio,-0.014997263408924467,0.02105527232143328,0.030930921908528794,False,False
2026-03-23,Long-only Global Minimum Variance Portfolio,0.007364654192342665,0.02105527232143328,0.030930921908528794,False,False
2026-03-24,Long-only Global Minimum Variance Portfolio,-0.01911522959552657,0.02105527232143328,0.030930921908528794,False,False
2026-03-25,Long-only Global Minimum Variance Portfolio,0.0016401591697887778,0.02105527232143328,0.030930921908528794,False,False
2026-03-26,Long-only Global Minimum Variance Portfolio,-0.014178152442558515,0.02105527232143328,0.030930921908528794,False,False
2026-03-27,Long-only Global Minimum Variance Portfolio,-0.02353343128927998,0.02105527232143328,0.030930921908528794,True,False
2026-03-30,Long-only Global Minimum Variance Portfolio,-0.0003791697102504526,0.022054461093968723,0.03108414319609904,False,False
2026-03-31,Long-only Global Minimum Variance Portfolio,0.03599298592356842,0.022054461093968723,0.03108414319609904,False,False
2026-04-01,Long-only Global Minimum Variance Portfolio,0.009679406106561641,0.02105527232143328,0.03004553889619383,False,False
2026-04-02,Long-only Global Minimum Variance Portfolio,0.003581356939626822,0.02105527232143328,0.03004553889619383,False,False
2026-04-06,Long-only Global Minimum Variance Portfolio,0.006918589493215968,0.02105527232143328,0.03004553889619383,False,False
2026-04-07,Long-only Global Minimum Variance Portfolio,-0.0008593264981373807,0.02105527232143328,0.03004553889619383,False,False
2026-04-08,Long-only Global Minimum Variance Portfolio,0.020532564044731236,0.01980920854680225,0.027501581136089477,False,False
2026-04-09,Long-only Global Minimum Variance Portfolio,0.006527950926020086,0.01808237040255371,0.02540884297136425,False,False
2026-04-10,Long-only Global Minimum Variance Portfolio,-0.0010190002601620468,0.01808237040255371,0.02540884297136425,False,False
2026-04-13,Long-only Global Minimum Variance Portfolio,0.01489960105484626,0.0168306134267643,0.024808191328632448,False,False
2026-04-14,Long-only Global Minimum Variance Portfolio,0.020112040741640358,0.0168306134267643,0.024808191328632448,False,False
2026-04-15,Long-only Global Minimum Variance Portfolio,0.028137528870580263,0.016133618346758884,0.02342133935245379,False,False
2026-04-16,Long-only Global Minimum Variance Portfolio,0.003459233846051436,0.016133618346758884,0.02342133935245379,False,False
2026-04-17,Long-only Global Minimum Variance Portfolio,0.01545083307321775,0.016133618346758884,0.02342133935245379,False,False
2026-04-20,Long-only Global Minimum Variance Portfolio,-0.004677653561222181,0.016133618346758884,0.02342133935245379,False,False
2026-04-21,Long-only Global Minimum Variance Portfolio,-0.005722090668898349,0.01562719875525844,0.02215086945342561,False,False
2026-04-22,Long-only Global Minimum Variance Portfolio,0.022787266582869208,0.01562719875525844,0.02215086945342561,False,False
2026-04-23,Long-only Global Minimum Variance Portfolio,-0.013899798346589134,0.015204005902163243,0.021595126707487623,False,False
2026-04-24,Long-only Global Minimum Variance Portfolio,0.011369509720601726,0.015204005902163243,0.021595126707487623,False,False
2026-04-27,Long-only Global Minimum Variance Portfolio,0.0002408002871729524,0.015204005902163243,0.021595126707487623,False,False
2026-04-28,Long-only Global Minimum Variance Portfolio,0.005978614446303164,0.015204005902163243,0.021595126707487623,False,False
2026-04-29,Long-only Global Minimum Variance Portfolio,-0.0036767012299768,0.015204005902163243,0.021595126707487623,False,False
2026-04-30,Long-only Global Minimum Variance Portfolio,0.01420818117958306,0.015204005902163243,0.021595126707487623,False,False
2026-05-01,Long-only Global Minimum Variance Portfolio,0.017391232340576462,0.015204005902163243,0.021595126707487623,False,False
2026-05-06,Long-only Global Minimum Variance Portfolio,0.020029662478060886,0.015204005902163243,0.021595126707487623,False,False
2026-05-07,Long-only Global Minimum Variance Portfolio,0.004767398118380597,0.015204005902163243,0.021595126707487623,False,False
2026-05-08,Long-only Global Minimum Variance Portfolio,0.0029773656217755096,0.015204005902163243,0.021595126707487623,False,False
2026-05-11,Long-only Global Minimum Variance Portfolio,-0.01067363960519805,0.015204005902163243,0.021595126707487623,False,False
2026-05-12,Long-only Global Minimum Variance Portfolio,-0.005001208673930208,0.015204005902163243,0.021595126707487623,False,False
2026-05-13,Long-only Global Minimum Variance Portfolio,0.013661356366601558,0.014692107186294639,0.02109171969656898,False,False
2026-05-14,Long-only Global Minimum Variance Portfolio,0.0009401726830761545,0.014692107186294639,0.02109171969656898,False,False
2026-05-15,Long-only Global Minimum Variance Portfolio,0.009406017432241714,0.014692107186294639,0.02109171969656898,False,False
2026-05-18,Long-only Global Minimum Variance Portfolio,0.0018063888589352768,0.014692107186294639,0.02109171969656898,False,False
2026-05-19,Long-only Global Minimum Variance Portfolio,-0.004540607782030991,0.014692107186294639,0.02109171969656898,False,False
2026-05-20,Long-only Global Minimum Variance Portfolio,-0.012484964634577246,0.014692107186294639,0.02109171969656898,False,False
2026-05-21,Long-only Global Minimum Variance Portfolio,0.0040748485590225494,0.014692107186294639,0.02109171969656898,False,False
2026-05-22,Long-only Global Minimum Variance Portfolio,0.008509592112785954,0.014692107186294639,0.02109171969656898,False,False
2026-05-26,Long-only Global Minimum Variance Portfolio,0.004463189569308572,0.014692107186294639,0.02109171969656898,False,False
2026-05-27,Long-only Global Minimum Variance Portfolio,0.00239988916573897,0.014692107186294639,0.02109171969656898,False,False
2026-05-28,Long-only Global Minimum Variance Portfolio,0.006323773899325174,0.014692107186294639,0.02109171969656898,False,False
2026-05-29,Long-only Global Minimum Variance Portfolio,0.015984271678665486,0.014692107186294639,0.02109171969656898,False,False
2026-06-01,Long-only Global Minimum Variance Portfolio,-0.001987491070448425,0.014297079104362427,0.020876729706039175,False,False
2026-06-02,Long-only Global Minimum Variance Portfolio,-0.013580681667379876,0.014297079104362427,0.020876729706039175,False,False
2026-06-03,Long-only Global Minimum Variance Portfolio,-0.024147523058574365,0.014297079104362427,0.020876729706039175,True,True
2026-06-04,Long-only Global Minimum Variance Portfolio,0.010813622631470406,0.014692107186294639,0.021623275024911518,False,False
2026-06-05,Long-only Global Minimum Variance Portfolio,-0.017073502424002508,0.014692107186294639,0.021623275024911518,True,False
2026-06-08,Long-only Global Minimum Variance Portfolio,0.00021917074746857494,0.015204005902163243,0.021782985718379062,False,False
2026-06-09,Long-only Global Minimum Variance Portfolio,-0.012989931836182037,0.015204005902163243,0.021782985718379062,False,False
2026-06-10,Long-only Global Minimum Variance Portfolio,-0.019289472627552023,0.015204005902163243,0.021782985718379062,True,False
2026-06-11,Long-only Global Minimum Variance Portfolio,-0.0300942106296673,0.01562719875525844,0.022077815061138657,True,True
2026-06-12,Long-only Global Minimum Variance Portfolio,0.016920481891890587,0.016133618346758884,0.0231746315008847,False,False
2026-06-15,Long-only Global Minimum Variance Portfolio,0.026612840434285325,0.016133618346758884,0.0231746315008847,False,False
2026-06-16,Long-only Global Minimum Variance Portfolio,-0.00532682663470999,0.016133618346758884,0.0231746315008847,False,False
2026-06-17,Long-only Global Minimum Variance Portfolio,-0.008349643395485183,0.016133618346758884,0.0231746315008847,False,False
2026-06-18,Long-only Global Minimum Variance Portfolio,-0.0070720121269328435,0.016133618346758884,0.0231746315008847,False,False
2026-06-22,Long-only Global Minimum Variance Portfolio,-0.026299179613726492,0.016133618346758884,0.0231746315008847,True,True
2026-06-23,Long-only Global Minimum Variance Portfolio,0.005831163629840768,0.016756902812010796,0.023928578643030142,False,False
2026-06-24,Long-only Global Minimum Variance Portfolio,-0.0006738729778116893,0.016756902812010796,0.023928578643030142,False,False
2026-06-25,Long-only Global Minimum Variance Portfolio,-0.05102018830696366,0.016756902812010796,0.023928578643030142,True,True
2026-06-26,Long-only Global Minimum Variance Portfolio,0.025970746348044797,0.01799227965118831,0.02653986217248869,False,False
2026-06-29,Long-only Global Minimum Variance Portfolio,0.009280568321592133,0.01799227965118831,0.02653986217248869,False,False
2026-06-30,Long-only Global Minimum Variance Portfolio,0.013347487582427056,0.01799227965118831,0.02653986217248869,False,False
2026-07-01,Long-only Global Minimum Variance Portfolio,0.020484402328074768,0.01799227965118831,0.02653986217248869,False,False
2026-07-02,Long-only Global Minimum Variance Portfolio,0.019345849005329405,0.01799227965118831,0.02653986217248869,False,False
2026-07-06,Long-only Global Minimum Variance Portfolio,-0.001537666875874126,0.01799227965118831,0.02653986217248869,False,False
2026-07-07,Long-only Global Minimum Variance Portfolio,0.008677083701076345,0.01799227965118831,0.02653986217248869,False,False
2026-07-08,Long-only Global Minimum Variance Portfolio,-0.00672511827291265,0.01799227965118831,0.02653986217248869,False,False
2026-07-09,Long-only Global Minimum Variance Portfolio,0.0029756017654060645,0.01799227965118831,0.02653986217248869,False,False
2026-07-10,Long-only Global Minimum Variance Portfolio,-0.001618571300927111,0.01799227965118831,0.02653986217248869,False,False
2026-07-13,Long-only Global Minimum Variance Portfolio,0.0047496356612737245,0.01799227965118831,0.02653986217248869,False,False
2026-07-14,Long-only Global Minimum Variance Portfolio,-0.0027720064697376776,0.01799227965118831,0.02653986217248869,False,False
2026-07-15,Long-only Global Minimum Variance Portfolio,0.03386834226233646,0.01799227965118831,0.02653986217248869,False,False
2026-07-16,Long-only Global Minimum Variance Portfolio,-0.0030713371430691272,0.01799227965118831,0.02653986217248869,False,False
2026-07-17,Long-only Global Minimum Variance Portfolio,-0.01260864786085026,0.01799227965118831,0.02653986217248869,False,False
2026-07-20,Long-only Global Minimum Variance Portfolio,0.006117017703860161,0.01799227965118831,0.02653986217248869,False,False
2026-07-21,Long-only Global Minimum Variance Portfolio,-0.007628359800098835,0.01799227965118831,0.02653986217248869,False,False
2026-07-22,Long-only Global Minimum Variance Portfolio,-0.012458900091805702,0.01799227965118831,0.02653986217248869,False,False
2026-07-23,Long-only Global Minimum Variance Portfolio,-0.033722350743279256,0.01799227965118831,0.02653986217248869,True,True
2026-07-24,Long-only Global Minimum Variance Portfolio,0.01079883549076105,0.01919363895993802,0.02766348687616197,False,False
2026-07-27,Long-only Global Minimum Variance Portfolio,0.016328763306714327,0.01919363895993802,0.02766348687616197,False,False
2026-07-28,Long-only Global Minimum Variance Portfolio,0.011389470163889337,0.01919363895993802,0.02766348687616197,False,False
2026-07-29,Long-only Global Minimum Variance Portfolio,-0.003178007784009296,0.01919363895993802,0.02766348687616197,False,False
2026-07-30,Long-only Global Minimum Variance Portfolio,0.052469172371864256,0.01919363895993802,0.02766348687616197,False,False
2026-07-31,Long-only Global Minimum Variance Portfolio,0.019150616243998324,0.01919363895993802,0.02766348687616197,False,False
2026-08-03,Long-only Global Minimum Variance Portfolio,0.027597962031043196,0.01919363895993802,0.02766348687616197,False,False
2026-08-04,Long-only Global Minimum Variance Portfolio,0.00982454764720615,0.01919363895993802,0.02766348687616197,False,False
2026-08-05,Long-only Global Minimum Variance Portfolio,-0.014356938196355522,0.01919363895993802,0.02766348687616197,False,False
2026-08-06,Long-only Global Minimum Variance Portfolio,0.007730241659147647,0.01919363895993802,0.02766348687616197,False,False
2026-08-07,Long-only Global Minimum Variance Portfolio,-0.0006925421994464318,0.01799227965118831,0.027256268594670698,False,False
2026-08-10,Long-only Global Minimum Variance Portfolio,0.002288992275208895,0.01799227965118831,0.027256268594670698,False,False
2026-08-11,Long-only Global Minimum Variance Portfolio,-0.016034994723977278,0.01799227965118831,0.027256268594670698,False,False
2026-08-12,Long-only Global Minimum Variance Portfolio,-0.012617429839253283,0.01799227965118831,0.027256268594670698,False,False
2026-08-13,Long-only Global Minimum Variance Portfolio,0.006764221728547264,0.01799227965118831,0.027256268594670698,False,False
2026-08-14,Long-only Global Minimum Variance Portfolio,-0.0014614499425404696,0.01799227965118831,0.027256268594670698,False,False
2026-08-17,Long-only Global Minimum Variance Portfolio,-0.0131571795509435,0.01799227965118831,0.027256268594670698,False,False
2026-08-18,Long-only Global Minimum Variance Portfolio,0.00460454291365683,0.01799227965118831,0.027256268594670698,False,False
2026-08-19,Long-only Global Minimum Variance Portfolio,0.01087346628032622,0.01799227965118831,0.027256268594670698,False,False
2026-08-20,Long-only Global Minimum Variance Portfolio,-0.01199639421965912,0.01799227965118831,0.027256268594670698,False,False
2026-08-21,Long-only Global Minimum Variance Portfolio,0.0019712515185595905,0.01799227965118831,0.027256268594670698,False,False
2026-08-24,Long-only Global Minimum Variance Portfolio,0.007218538300591303,0.01799227965118831,0.027256268594670698,False,False
2026-08-25,Long-only Global Minimum Variance Portfolio,0.0015211718789541395,0.01799227965118831,0.027256268594670698,False,False
2026-08-26,Long-only Global Minimum Variance Portfolio,0.003317495394446825,0.01799227965118831,0.027256268594670698,False,False
2026-08-27,Long-only Global Minimum Variance Portfolio,0.004986964773339113,0.01799227965118831,0.027256268594670698,False,False
2026-08-28,Long-only Global Minimum Variance Portfolio,0.01808441057906536,0.01799227965118831,0.027256268594670698,False,False
2026-08-31,Long-only Global Minimum Variance Portfolio,-0.014949825344732248,0.01799227965118831,0.027256268594670698,False,False
2026-09-01,Long-only Global Minimum Variance Portfolio,3.618204676004706e-05,0.01799227965118831,0.027256268594670698,False,False
2026-09-02,Long-only Global Minimum Variance Portfolio,-0.0036548486642133415,0.01799227965118831,0.027256268594670698,False,False
2026-09-03,Long-only Global Minimum Variance Portfolio,0.01925807306373164,0.01799227965118831,0.027256268594670698,False,False
2026-09-04,Long-only Global Minimum Variance Portfolio,-0.01767515957661426,0.01799227965118831,0.027256268594670698,False,False
2026-09-08,Long-only Global Minimum Variance Portfolio,-0.009251197040467986,0.01832319108512478,0.027256268594670698,False,False
2026-09-09,Long-only Global Minimum Variance Portfolio,-0.012760601731194232,0.01832319108512478,0.027256268594670698,False,False
2026-09-10,Long-only Global Minimum Variance Portfolio,0.011821558711272034,0.01832319108512478,0.027256268594670698,False,False
2026-09-11,Long-only Global Minimum Variance Portfolio,0.01873056717168487,0.01832319108512478,0.027256268594670698,False,False
2026-09-14,Long-only Global Minimum Variance Portfolio,0.017257825502246773,0.01832319108512478,0.027256268594670698,False,False
2026-09-15,Long-only Global Minimum Variance Portfolio,-0.015444559970973175,0.01832319108512478,0.027256268594670698,False,False
2026-09-16,Long-only Global Minimum Variance Portfolio,0.0005821655623303975,0.01832319108512478,0.027256268594670698,False,False
2026-09-17,Long-only Global Minimum Variance Portfolio,0.0048342349947664955,0.01832319108512478,0.027256268594670698,False,False
2026-09-18,Long-only Global Minimum Variance Portfolio,0.0012880989125873508,0.01832319108512478,0.027256268594670698,False,False
2026-09-21,Long-only Global Minimum Variance Portfolio,0.010727900230909516,0.01832319108512478,0.027256268594670698,False,False
2026-09-22,Long-only Global Minimum Variance Portfolio,0.002863537767130024,0.01832319108512478,0.027256268594670698,False,False
2026-09-23,Long-only Global Minimum Variance Portfolio,-0.016037884810638926,0.01832319108512478,0.027256268594670698,False,False
2026-09-24,Long-only Global Minimum Variance Portfolio,-0.005875035378686771,0.01832319108512478,0.027256268594670698,False,False
2026-09-25,Long-only Global Minimum Variance Portfolio,0.02547508369388549,0.01832319108512478,0.027256268594670698,False,False
2026-09-28,Long-only Global Minimum Variance Portfolio,-0.00738749345224402,0.01832319108512478,0.027256268594670698,False,False
2026-09-29,Long-only Global Minimum Variance Portfolio,-0.010797136166721417,0.01832319108512478,0.027256268594670698,False,False
2026-09-30,Long-only Global Minimum Variance Portfolio,0.021271810179393516,0.01832319108512478,0.027256268594670698,False,False
2026-10-01,Long-only Global Minimum Variance Portfolio,-0.01869943008636269,0.01832319108512478,0.027256268594670698,True,False
2026-10-02,Long-only Global Minimum Variance Portfolio,0.010729483216911851,0.018886539865486433,0.027256268594670698,False,False
2026-10-05,Long-only Global Minimum Variance Portfolio,0.007194642149533495,0.018886539865486433,0.027256268594670698,False,False
2026-10-06,Long-only Global Minimum Variance Portfolio,0.005154294526889525,0.018886539865486433,0.027256268594670698,False,False
2026-10-07,Long-only Global Minimum Variance Portfolio,0.004627303718847788,0.018886539865486433,0.027256268594670698,False,False
2026-10-08,Long-only Global Minimum Variance Portfolio,-0.007093304425007949,0.018886539865486433,0.027256268594670698,False,False
2026-10-09,Long-only Global Minimum Variance Portfolio,0.011833310879920216,0.018886539865486433,0.027256268594670698,False,False
2025-01-02,Long-only Tangency Portfolio,0.0068029492540121845,0.02935707870141788,0.04461985121944047,False,False
2025-01-03,Long-only Tangency Portfolio,0.02527116781531122,0.02845750619011545,0.044515909884683,False,False
2025-01-06,Long-only Tangency Portfolio,0.022758664067492548,0.02845750619011545,0.044515909884683,False,False
2025-01-07,Long-only Tangency Portfolio,-0.04065416395313559,0.02845750619011545,0.044515909884683,True,False
2025-01-08,Long-only Tangency Portfolio,0.0008549348519886141,0.029698141312699836,0.0454316900431483,False,False
2025-01-10,Long-only Tangency Portfolio,-0.027072772144661694,0.029698141312699836,0.0454316900431483,False,False
2025-01-13,Long-only Tangency Portfolio,-0.015506320714116215,0.029698141312699836,0.0454316900431483,False,False
2025-01-14,Long-only Tangency Portfolio,-0.008334093781070596,0.029698141312699836,0.0454316900431483,False,False
2025-01-15,Long-only Tangency Portfolio,0.028139414356003922,0.029698141312699836,0.0454316900431483,False,False
2025-01-16,Long-only Tangency Portfolio,-0.02706765924283467,0.029698141312699836,0.0454316900431483,False,False
2025-01-17,Long-only Tangency Portfolio,0.02114150368130449,0.029698141312699836,0.0454316900431483,False,False
2025-01-21,Long-only Tangency Portfolio,0.0006305450992068427,0.029698141312699836,0.0454316900431483,False,False
2025-01-22,Long-only Tangency Portfolio,0.029110796946042995,0.029698141312699836,0.0454316900431483,False,False
2025-01-23,Long-only Tangency Portfolio,0.0003355796496480935,0.029698141312699836,0.0454316900431483,False,False
2025-01-24,Long-only Tangency Portfolio,-0.0197208319211817,0.029698141312699836,0.0454316900431483,False,False
2025-01-27,Long-only Tangency Portfolio,-0.0861117994590588,0.029698141312699836,0.0454316900431483,True,True
2025-01-28,Long-only Tangency Portfolio,0.06658873277321406,0.03189128908087862,0.049681968758545615,False,False
2025-01-29,Long-only Tangency Portfolio,-0.0222140065711116,0.03189128908087862,0.049681968758545615,False,False
2025-01-30,Long-only Tangency Portfolio,-0.0007676495468717859,0.03189128908087862,0.049681968758545615,False,False
2025-01-31,Long-only Tangency Portfolio,-0.023721461968193563,0.03189128908087862,0.049681968758545615,False,False
2025-02-03,Long-only Tangency Portfolio,-0.029819933358565396,0.03189128908087862,0.049681968758545615,False,False
2025-02-04,Long-only Tangency Portfolio,0.018078850055849784,0.03189128908087862,0.049681968758545615,False,False
2025-02-05,Long-only Tangency Portfolio,0.029498245392191935,0.03189128908087862,0.049681968758545615,False,False
2025-02-06,Long-only Tangency Portfolio,0.019221239121839512,0.03189128908087862,0.049681968758545615,False,False
2025-02-07,Long-only Tangency Portfolio,-0.004642431845757467,0.03189128908087862,0.049681968758545615,False,False
2025-02-10,Long-only Tangency Portfolio,0.01721230612493386,0.03189128908087862,0.049681968758545615,False,False
2025-02-11,Long-only Tangency Portfolio,0.005064943249560285,0.03189128908087862,0.049681968758545615,False,False
2025-02-12,Long-only Tangency Portfolio,-0.0003365329894671968,0.03189128908087862,0.049681968758545615,False,False
2025-02-13,Long-only Tangency Portfolio,0.025958918958626447,0.03189128908087862,0.049681968758545615,False,False
2025-02-14,Long-only Tangency Portfolio,0.0198653500548041,0.03189128908087862,0.049681968758545615,False,False
2025-02-18,Long-only Tangency Portfolio,0.00218425221566191,0.03189128908087862,0.049681968758545615,False,False
2025-02-19,Long-only Tangency Portfolio,0.0004025215395675464,0.03189128908087862,0.049681968758545615,False,False
2025-02-20,Long-only Tangency Portfolio,0.00535250806470393,0.03189128908087862,0.049681968758545615,False,False
2025-02-21,Long-only Tangency Portfolio,-0.024477142803237057,0.03189128908087862,0.049681968758545615,False,False
2025-02-24,Long-only Tangency Portfolio,-0.01570269157096904,0.03189128908087862,0.049681968758545615,False,False
2025-02-25,Long-only Tangency Portfolio,-0.016778356794552855,0.03189128908087862,0.049681968758545615,False,False
2025-02-26,Long-only Tangency Portfolio,0.01082846536089855,0.03189128908087862,0.049681968758545615,False,False
2025-02-27,Long-only Tangency Portfolio,-0.05437696135146864,0.03189128908087862,0.049681968758545615,True,True
2025-02-28,Long-only Tangency Portfolio,0.03067216769002824,0.03465511967284297,0.05131450558156678,False,False
2025-03-03,Long-only Tangency Portfolio,-0.05691494757839718,0.03465511967284297,0.05131450558156678,True,True
2025-03-04,Long-only Tangency Portfolio,0.006329938769726197,0.03690590108147676,0.05288566749543723,False,False
2025-03-05,Long-only Tangency Portfolio,0.007385398812559597,0.03690590108147676,0.05288566749543723,False,False
2025-03-06,Long-only Tangency Portfolio,-0.03406573227668572,0.03690590108147676,0.05288566749543723,False,False
2025-03-07,Long-only Tangency Portfolio,0.01684379611543789,0.03690590108147676,0.05288566749543723,False,False
2025-03-10,Long-only Tangency Portfolio,-0.04917428906385942,0.03690590108147676,0.05288566749543723,True,False
2025-03-11,Long-only Tangency Portfolio,-0.0017006200138604815,0.038515628440062594,0.05379027304777991,False,False
2025-03-12,Long-only Tangency Portfolio,0.03048718799377217,0.038515628440062594,0.05379027304777991,False,False
2025-03-13,Long-only Tangency Portfolio,-0.014261916554273998,0.038515628440062594,0.05379027304777991,False,False
2025-03-14,Long-only Tangency Portfolio,0.03831728448496602,0.038515628440062594,0.05379027304777991,False,False
2025-03-17,Long-only Tangency Portfolio,-0.009179671365946392,0.038515628440062594,0.05379027304777991,False,False
2025-03-18,Long-only Tangency Portfolio,-0.02260296412027532,0.038515628440062594,0.05379027304777991,False,False
2025-03-19,Long-only Tangency Portfolio,0.015478932055805122,0.038515628440062594,0.05379027304777991,False,False
2025-03-20,Long-only Tangency Portfolio,0.0027984972396089495,0.038515628440062594,0.05379027304777991,False,False
2025-03-21,Long-only Tangency Portfolio,0.003941746355931849,0.038515628440062594,0.05379027304777991,False,False
2025-03-24,Long-only Tangency Portfolio,0.02267107822918477,0.038515628440062594,0.05379027304777991,False,False
2025-03-25,Long-only Tangency Portfolio,0.00208444204027613,0.038515628440062594,0.05379027304777991,False,False
2025-03-26,Long-only Tangency Portfolio,-0.037366534629214784,0.038515628440062594,0.05379027304777991,False,False
2025-03-27,Long-only Tangency Portfolio,-0.007669020764408046,0.038515628440062594,0.05379027304777991,False,False
2025-03-28,Long-only Tangency Portfolio,-0.02051024354037719,0.038515628440062594,0.05379027304777991,False,False
2025-03-31,Long-only Tangency Portfolio,0.00041081938202346856,0.038515628440062594,0.05379027304777991,False,False
2025-04-01,Long-only Tangency Portfolio,0.011923153771155026,0.038515628440062594,0.05379027304777991,False,False
2025-04-02,Long-only Tangency Portfolio,0.0026193575770922448,0.038515628440062594,0.05379027304777991,False,False
2025-04-03,Long-only Tangency Portfolio,-0.08159128698920244,0.038515628440062594,0.05379027304777991,True,True
2025-04-04,Long-only Tangency Portfolio,-0.07188086592938317,0.040218228300698884,0.05700025253341257,True,True
2025-04-07,Long-only Tangency Portfolio,0.005883293363250448,0.04123465451233144,0.059402306531585465,False,False
2025-04-08,Long-only Tangency Portfolio,-0.027528794843068995,0.04123465451233144,0.059402306531585465,False,False
2025-04-09,Long-only Tangency Portfolio,0.17086004974445723,0.04123465451233144,0.059402306531585465,False,False
2025-04-10,Long-only Tangency Portfolio,-0.05130630810105247,0.04123465451233144,0.059402306531585465,True,False
2025-04-11,Long-only Tangency Portfolio,0.034384661613727475,0.04331477812525388,0.060122473079853286,False,False
2025-04-14,Long-only Tangency Portfolio,0.00733562058825025,0.04331477812525388,0.060122473079853286,False,False
2025-04-15,Long-only Tangency Portfolio,0.006814200234834944,0.04331477812525388,0.060122473079853286,False,False
2025-04-16,Long-only Tangency Portfolio,-0.055979094488931284,0.04331477812525388,0.060122473079853286,True,False
2025-04-17,Long-only Tangency Portfolio,-0.011502977646673046,0.04652460155944092,0.06096778812775569,False,False
2025-04-21,Long-only Tangency Portfolio,-0.03435307259305085,0.04652460155944092,0.06096778812775569,False,False
2025-04-22,Long-only Tangency Portfolio,0.025747544246538988,0.04652460155944092,0.06096778812775569,False,False
2025-04-23,Long-only Tangency Portfolio,0.032417421685868544,0.04652460155944092,0.06096778812775569,False,False
2025-04-24,Long-only Tangency Portfolio,0.029264818940583272,0.04331477812525388,0.05960087959884605,False,False
2025-04-25,Long-only Tangency Portfolio,0.026887669795448325,0.04331477812525388,0.05960087959884605,False,False
2025-04-28,Long-only Tangency Portfolio,-0.010290398077613151,0.04331477812525388,0.05960087959884605,False,False
2025-04-29,Long-only Tangency Portfolio,0.0037823670239459243,0.04331477812525388,0.05960087959884605,False,False
2025-04-30,Long-only Tangency Portfolio,0.0019532627440825147,0.04331477812525388,0.05960087959884605,False,False
2025-05-01,Long-only Tangency Portfolio,0.01856682427966965,0.04331477812525388,0.05960087959884605,False,False
2025-05-02,Long-only Tangency Portfolio,0.0013036635183934324,0.04331477812525388,0.05960087959884605,False,False
2025-05-05,Long-only Tangency Portfolio,-0.015518944909187798,0.04331477812525388,0.05960087959884605,False,False
2025-05-06,Long-only Tangency Portfolio,-0.002401228085074404,0.04331477812525388,0.05960087959884605,False,False
2025-05-07,Long-only Tangency Portfolio,0.013430227473252763,0.04331477812525388,0.05960087959884605,False,False
2025-05-08,Long-only Tangency Portfolio,0.004387603077618298,0.04331477812525388,0.05960087959884605,False,False
2025-05-09,Long-only Tangency Portfolio,-0.0014421067968905783,0.04331477812525388,0.05960087959884605,False,False
2025-05-12,Long-only Tangency Portfolio,0.05666473676873182,0.04331477812525388,0.05960087959884605,False,False
2025-05-13,Long-only Tangency Portfolio,0.03633172895699787,0.04331477812525388,0.05960087959884605,False,False
2025-05-14,Long-only Tangency Portfolio,0.023179634143819766,0.04331477812525388,0.05960087959884605,False,False
2025-05-15,Long-only Tangency Portfolio,-0.0036874569075785015,0.04331477812525388,0.05960087959884605,False,False
2025-05-16,Long-only Tangency Portfolio,0.002178640160683326,0.04331477812525388,0.05960087959884605,False,False
2025-05-19,Long-only Tangency Portfolio,-0.00344213643311854,0.04331477812525388,0.05960087959884605,False,False
2025-05-20,Long-only Tangency Portfolio,-0.008667347465182797,0.04331477812525388,0.05960087959884605,False,False
2025-05-21,Long-only Tangency Portfolio,-0.02043134965113966,0.04331477812525388,0.05960087959884605,False,False
2025-05-22,Long-only Tangency Portfolio,0.00328730464446873,0.04331477812525388,0.05960087959884605,False,False
2025-05-23,Long-only Tangency Portfolio,-0.01876551094013866,0.04331477812525388,0.05960087959884605,False,False
2025-05-27,Long-only Tangency Portfolio,0.02911838319473953,0.04331477812525388,0.05960087959884605,False,False
2025-05-28,Long-only Tangency Portfolio,-0.0027948373404618147,0.04331477812525388,0.05960087959884605,False,False
2025-05-29,Long-only Tangency Portfolio,0.017890995325135172,0.04331477812525388,0.05960087959884605,False,False
2025-05-30,Long-only Tangency Portfolio,-0.014899465616822117,0.04331477812525388,0.05960087959884605,False,False
2025-06-02,Long-only Tangency Portfolio,0.011348332331291719,0.04331477812525388,0.05960087959884605,False,False
2025-06-03,Long-only Tangency Portfolio,0.01917446920034446,0.04331477812525388,0.05960087959884605,False,False
2025-06-04,Long-only Tangency Portfolio,0.0020674919224525287,0.04331477812525388,0.05960087959884605,False,False
2025-06-05,Long-only Tangency Portfolio,-0.011694874604454873,0.04331477812525388,0.05960087959884605,False,False
2025-06-06,Long-only Tangency Portfolio,0.013674763842772502,0.04331477812525388,0.05960087959884605,False,False
2025-06-09,Long-only Tangency Portfolio,-0.0008063694241985205,0.04331477812525388,0.05960087959884605,False,False
2025-06-10,Long-only Tangency Portfolio,0.0075634508252874644,0.04331477812525388,0.05960087959884605,False,False
2025-06-11,Long-only Tangency Portfolio,-0.011771141532784706,0.04331477812525388,0.05960087959884605,False,False
2025-06-12,Long-only Tangency Portfolio,0.010054917620326974,0.04331477812525388,0.05960087959884605,False,False
2025-06-13,Long-only Tangency Portfolio,-0.017672727503220693,0.04331477812525388,0.05960087959884605,False,False
2025-06-16,Long-only Tangency Portfolio,0.015234647893913923,0.04331477812525388,0.05960087959884605,False,False
2025-06-17,Long-only Tangency Portfolio,-0.007776894106166377,0.04331477812525388,0.05960087959884605,False,False
2025-06-18,Long-only Tangency Portfolio,0.007461646202336783,0.04331477812525388,0.05960087959884605,False,False
2025-06-20,Long-only Tangency Portfolio,0.002037426797346732,0.04331477812525388,0.05960087959884605,False,False
2025-06-23,Long-only Tangency Portfolio,0.0029197340233093477,0.04331477812525388,0.05960087959884605,False,False
2025-06-24,Long-only Tangency Portfolio,0.012895433886641692,0.04331477812525388,0.05960087959884605,False,False
2025-06-25,Long-only Tangency Portfolio,0.027533168889721116,0.04331477812525388,0.05960087959884605,False,False
2025-06-26,Long-only Tangency Portfolio,0.001966591638311721,0.04331477812525388,0.05960087959884605,False,False
2025-06-27,Long-only Tangency Portfolio,0.010170766790539068,0.04331477812525388,0.05960087959884605,False,False
2025-06-30,Long-only Tangency Portfolio,0.00886150030075434,0.04331477812525388,0.05960087959884605,False,False
2025-07-01,Long-only Tangency Portfolio,-0.01248131304983351,0.04331477812525388,0.05960087959884605,False,False
2025-07-02,Long-only Tangency Portfolio,0.02335596485631484,0.04331477812525388,0.05960087959884605,False,False
2025-07-03,Long-only Tangency Portfolio,0.010261696053277465,0.04331477812525388,0.05960087959884605,False,False
2025-07-07,Long-only Tangency Portfolio,-0.010582335350995082,0.04331477812525388,0.05960087959884605,False,False
2025-07-08,Long-only Tangency Portfolio,0.0064258612759173555,0.04331477812525388,0.05960087959884605,False,False
2025-07-09,Long-only Tangency Portfolio,0.01295930769014351,0.04331477812525388,0.05960087959884605,False,False
2025-07-10,Long-only Tangency Portfolio,0.006486167662913414,0.04331477812525388,0.05960087959884605,False,False
2025-07-11,Long-only Tangency Portfolio,0.0007339764313173652,0.04331477812525388,0.05960087959884605,False,False
2025-07-14,Long-only Tangency Portfolio,-0.007644284101424513,0.04331477812525388,0.05960087959884605,False,False
2025-07-15,Long-only Tangency Portfolio,0.02436466166082217,0.04331477812525388,0.05960087959884605,False,False
2025-07-16,Long-only Tangency Portfolio,0.004187108145704742,0.04260528966401449,0.05960087959884605,False,False
2025-07-17,Long-only Tangency Portfolio,0.0056657002687630085,0.04260528966401449,0.05960087959884605,False,False
2025-07-18,Long-only Tangency Portfolio,5.5241112328934865e-05,0.04260528966401449,0.05960087959884605,False,False
2025-07-21,Long-only Tangency Portfolio,-0.001052645762635614,0.04260528966401449,0.05960087959884605,False,False
2025-07-22,Long-only Tangency Portfolio,-0.011456003802134547,0.040218228300698884,0.05900502858959478,False,False
2025-07-23,Long-only Tangency Portfolio,0.012508464636530962,0.040218228300698884,0.05900502858959478,False,False
2025-07-24,Long-only Tangency Portfolio,0.009637747372624841,0.040218228300698884,0.05900502858959478,False,False
2025-07-25,Long-only Tangency Portfolio,-0.00036907536528584667,0.040218228300698884,0.05900502858959478,False,False
2025-07-28,Long-only Tangency Portfolio,0.010994961443331086,0.040218228300698884,0.05900502858959478,False,False
2025-07-29,Long-only Tangency Portfolio,-0.009059004056559117,0.038489293200258186,0.05810084533533149,False,False
2025-07-30,Long-only Tangency Portfolio,0.008305068569810042,0.038489293200258186,0.05810084533533149,False,False
2025-07-31,Long-only Tangency Portfolio,-0.0057500587849846005,0.038489293200258186,0.05810084533533149,False,False
2025-08-01,Long-only Tangency Portfolio,-0.023763525572966245,0.038489293200258186,0.05810084533533149,False,False
2025-08-04,Long-only Tangency Portfolio,0.02347823972844198,0.036884354067091334,0.057908920793272804,False,False
2025-08-05,Long-only Tangency Portfolio,-0.00693319053203376,0.036884354067091334,0.057908920793272804,False,False
2025-08-06,Long-only Tangency Portfolio,0.0232522627938716,0.03531461914031451,0.05725506262649445,False,False
2025-08-07,Long-only Tangency Portfolio,0.016344121135661503,0.03531461914031451,0.05725506262649445,False,False
2025-08-08,Long-only Tangency Portfolio,0.022627546016693246,0.03419503541905002,0.055555340179546345,False,False
2025-08-11,Long-only Tangency Portfolio,-0.005262456807756151,0.03419503541905002,0.055555340179546345,False,False
2025-08-12,Long-only Tangency Portfolio,0.008223018344143504,0.03419503541905002,0.055555340179546345,False,False
2025-08-13,Long-only Tangency Portfolio,0.0006580426141154638,0.03419503541905002,0.055555340179546345,False,False
2025-08-14,Long-only Tangency Portfolio,0.000586835754022598,0.03419503541905002,0.055555340179546345,False,False
2025-08-15,Long-only Tangency Portfolio,-0.007107322171678069,0.03419503541905002,0.055555340179546345,False,False
2025-08-18,Long-only Tangency Portfolio,0.0035811692522339502,0.03419503541905002,0.055555340179546345,False,False
2025-08-19,Long-only Tangency Portfolio,-0.021219134716409495,0.03419503541905002,0.055555340179546345,False,False
2025-08-20,Long-only Tangency Portfolio,-0.00872494522541863,0.03419503541905002,0.055555340179546345,False,False
2025-08-21,Long-only Tangency Portfolio,-0.0033273871707798354,0.03419503541905002,0.055555340179546345,False,False
2025-08-22,Long-only Tangency Portfolio,0.015041977552451046,0.03419503541905002,0.055555340179546345,False,False
2025-08-25,Long-only Tangency Portfolio,0.0046422907218906405,0.03419503541905002,0.055555340179546345,False,False
2025-08-26,Long-only Tangency Portfolio,0.009769478158371765,0.03419503541905002,0.055555340179546345,False,False
2025-08-27,Long-only Tangency Portfolio,0.0018060948247305474,0.03419503541905002,0.055555340179546345,False,False
2025-08-28,Long-only Tangency Portfolio,-0.0008378925145086185,0.03419503541905002,0.055555340179546345,False,False
2025-08-29,Long-only Tangency Portfolio,-0.02004221332757473,0.03419503541905002,0.055555340179546345,False,False
2025-09-02,Long-only Tangency Portfolio,-0.01538155720362502,0.03419503541905002,0.055555340179546345,False,False
2025-09-03,Long-only Tangency Portfolio,0.014224935537967729,0.03419503541905002,0.055555340179546345,False,False
2025-09-04,Long-only Tangency Portfolio,0.005828154327796123,0.03419503541905002,0.055555340179546345,False,False
2025-09-05,Long-only Tangency Portfolio,-0.016654362357898155,0.03419503541905002,0.055555340179546345,False,False
2025-09-08,Long-only Tangency Portfolio,0.0017625086800531957,0.033564269983215,0.05309729993165551,False,False
2025-09-09,Long-only Tangency Portfolio,0.002644362800156796,0.033564269983215,0.05309729993165551,False,False
2025-09-10,Long-only Tangency Portfolio,0.009791714011034966,0.033564269983215,0.05309729993165551,False,False
2025-09-11,Long-only Tangency Portfolio,0.005092487551218792,0.033564269983215,0.05309729993165551,False,False
2025-09-12,Long-only Tangency Portfolio,0.009576905999008631,0.033564269983215,0.05309729993165551,False,False
2025-09-15,Long-only Tangency Portfolio,0.004526005608710302,0.033564269983215,0.05309729993165551,False,False
2025-09-16,Long-only Tangency Portfolio,-0.007377446423811228,0.033564269983215,0.05309729993165551,False,False
2025-09-17,Long-only Tangency Portfolio,-0.013660892946022598,0.033564269983215,0.05309729993165551,False,False
2025-09-18,Long-only Tangency Portfolio,0.01818621660033373,0.033564269983215,0.05309729993165551,False,False
2025-09-19,Long-only Tangency Portfolio,0.014505881210449224,0.033564269983215,0.05309729993165551,False,False
2025-09-22,Long-only Tangency Portfolio,0.03903010484473807,0.033564269983215,0.05309729993165551,False,False
2025-09-23,Long-only Tangency Portfolio,-0.01910526327749591,0.033564269983215,0.05309729993165551,False,False
2025-09-24,Long-only Tangency Portfolio,-0.007865139514528607,0.033564269983215,0.05309729993165551,False,False
2025-09-25,Long-only Tangency Portfolio,0.009107734586198214,0.033564269983215,0.05309729993165551,False,False
2025-09-26,Long-only Tangency Portfolio,-0.00017807691379081593,0.033564269983215,0.05309729993165551,False,False
2025-09-29,Long-only Tangency Portfolio,0.010485503852162223,0.033564269983215,0.05309729993165551,False,False
2025-09-30,Long-only Tangency Portfolio,0.015511885238812344,0.033564269983215,0.05309729993165551,False,False
2025-10-01,Long-only Tangency Portfolio,0.003409477009590132,0.033564269983215,0.05309729993165551,False,False
2025-10-02,Long-only Tangency Portfolio,0.007328363231218914,0.033564269983215,0.05309729993165551,False,False
2025-10-03,Long-only Tangency Portfolio,-0.0024103931006695203,0.033564269983215,0.05309729993165551,False,False
2025-10-06,Long-only Tangency Portfolio,-0.007558151813211352,0.03173054287171949,0.05309729993165551,False,False
2025-10-07,Long-only Tangency Portfolio,-0.00219325639340388,0.03173054287171949,0.05309729993165551,False,False
2025-10-08,Long-only Tangency Portfolio,0.015100396517077409,0.03173054287171949,0.05309729993165551,False,False
2025-10-09,Long-only Tangency Portfolio,0.004318734893180688,0.03173054287171949,0.05309729993165551,False,False
2025-10-10,Long-only Tangency Portfolio,-0.04229886568071208,0.03173054287171949,0.05309729993165551,True,False
2025-10-13,Long-only Tangency Portfolio,0.020206232878180883,0.03419503541905002,0.053730617885811384,False,False
2025-10-14,Long-only Tangency Portfolio,-0.025186740179774975,0.03419503541905002,0.053730617885811384,False,False
2025-10-15,Long-only Tangency Portfolio,0.0018039030464850978,0.03419503541905002,0.053730617885811384,False,False
2025-10-16,Long-only Tangency Portfolio,0.003265973597301289,0.03419503541905002,0.053730617885811384,False,False
2025-10-17,Long-only Tangency Portfolio,0.012178666624258186,0.03419503541905002,0.053730617885811384,False,False
2025-10-20,Long-only Tangency Portfolio,0.013682852264356097,0.03419503541905002,0.053730617885811384,False,False
2025-10-21,Long-only Tangency Portfolio,-0.003815791570007094,0.03419503541905002,0.053730617885811384,False,False
2025-10-22,Long-only Tangency Portfolio,-0.008950247160429347,0.03419503541905002,0.053730617885811384,False,False
2025-10-23,Long-only Tangency Portfolio,0.007693076810043252,0.03419503541905002,0.053730617885811384,False,False
2025-10-24,Long-only Tangency Portfolio,0.01800037271775017,0.03419503541905002,0.053730617885811384,False,False
2025-10-27,Long-only Tangency Portfolio,0.025544448434337876,0.03419503541905002,0.053730617885811384,False,False
2025-10-28,Long-only Tangency Portfolio,0.02967909873723639,0.03419503541905002,0.053730617885811384,False,False
2025-10-29,Long-only Tangency Portfolio,0.018169537676086707,0.03419503541905002,0.053730617885811384,False,False
2025-10-30,Long-only Tangency Portfolio,-0.010186168494675362,0.03419503541905002,0.053730617885811384,False,False
2025-10-31,Long-only Tangency Portfolio,-0.0031716595677237884,0.03419503541905002,0.053730617885811384,False,False
2025-11-03,Long-only Tangency Portfolio,0.010524873275249511,0.03419503541905002,0.053730617885811384,False,False
2025-11-04,Long-only Tangency Portfolio,-0.02154521997800199,0.03419503541905002,0.053730617885811384,False,False
2025-11-05,Long-only Tangency Portfolio,-0.010455980072854892,0.03173054287171949,0.05354414785339634,False,False
2025-11-06,Long-only Tangency Portfolio,-0.022287140000707976,0.03173054287171949,0.05354414785339634,False,False
2025-11-07,Long-only Tangency Portfolio,-0.0016728344553825528,0.03173054287171949,0.05354414785339634,False,False
2025-11-10,Long-only Tangency Portfolio,0.03578197581624903,0.03173054287171949,0.05354414785339634,False,False
2025-11-11,Long-only Tangency Portfolio,-0.008460340153605965,0.03173054287171949,0.05354414785339634,False,False
2025-11-12,Long-only Tangency Portfolio,-0.0004159202343696301,0.03173054287171949,0.05354414785339634,False,False
2025-11-13,Long-only Tangency Portfolio,-0.0219135451456351,0.03173054287171949,0.05354414785339634,False,False
2025-11-14,Long-only Tangency Portfolio,0.009938526344407285,0.03173054287171949,0.05354414785339634,False,False
2025-11-17,Long-only Tangency Portfolio,-0.018032400608734643,0.03173054287171949,0.05354414785339634,False,False
2025-11-18,Long-only Tangency Portfolio,-0.017197646397501497,0.03173054287171949,0.05354414785339634,False,False
2025-11-19,Long-only Tangency Portfolio,0.017480953120014745,0.03173054287171949,0.05354414785339634,False,False
2025-11-20,Long-only Tangency Portfolio,-0.02206647475941299,0.03173054287171949,0.05354414785339634,False,False
2025-11-21,Long-only Tangency Portfolio,0.0015190203741042823,0.03173054287171949,0.05354414785339634,False,False
2025-11-24,Long-only Tangency Portfolio,0.01826952570336811,0.03173054287171949,0.05354414785339634,False,False
2025-11-25,Long-only Tangency Portfolio,-0.01319518165948619,0.03173054287171949,0.05354414785339634,False,False
2025-11-26,Long-only Tangency Portfolio,0.009374794970899323,0.03173054287171949,0.05354414785339634,False,False
2025-11-28,Long-only Tangency Portfolio,-0.008086381640771155,0.03173054287171949,0.05354414785339634,False,False
2025-12-01,Long-only Tangency Portfolio,0.014988465946592467,0.03173054287171949,0.05354414785339634,False,False
2025-12-02,Long-only Tangency Portfolio,0.009401377773138863,0.03173054287171949,0.05354414785339634,False,False
2025-12-03,Long-only Tangency Portfolio,-0.009628993554841097,0.03173054287171949,0.05354414785339634,False,False
2025-12-04,Long-only Tangency Portfolio,0.00771686394244395,0.03173054287171949,0.05354414785339634,False,False
2025-12-05,Long-only Tangency Portfolio,-0.00550974673977607,0.03173054287171949,0.05354414785339634,False,False
2025-12-08,Long-only Tangency Portfolio,0.009277902002568256,0.03173054287171949,0.05354414785339634,False,False
2025-12-09,Long-only Tangency Portfolio,-0.002710861390660065,0.03173054287171949,0.05354414785339634,False,False
2025-12-10,Long-only Tangency Portfolio,-0.0024940789774699247,0.03173054287171949,0.05354414785339634,False,False
2025-12-11,Long-only Tangency Portfolio,-0.009577118858592285,0.03173054287171949,0.05354414785339634,False,False
2025-12-12,Long-only Tangency Portfolio,-0.018826525660299003,0.03173054287171949,0.05354414785339634,False,False
2025-12-15,Long-only Tangency Portfolio,-0.0019186807052241858,0.03173054287171949,0.05354414785339634,False,False
2025-12-16,Long-only Tangency Portfolio,0.005496884905654666,0.03173054287171949,0.05354414785339634,False,False
2025-12-17,Long-only Tangency Portfolio,-0.025872853247242558,0.03173054287171949,0.05354414785339634,False,False
2025-12-18,Long-only Tangency Portfolio,0.011887824388567584,0.03173054287171949,0.05354414785339634,False,False
2025-12-19,Long-only Tangency Portfolio,0.024884460459958176,0.03173054287171949,0.05354414785339634,False,False
2025-12-22,Long-only Tangency Portfolio,0.004684750149241298,0.03173054287171949,0.05354414785339634,False,False
2025-12-23,Long-only Tangency Portfolio,0.01942261688141059,0.03173054287171949,0.05354414785339634,False,False
2025-12-24,Long-only Tangency Portfolio,0.0003272231307396573,0.03173054287171949,0.05354414785339634,False,False
2025-12-26,Long-only Tangency Portfolio,0.00525244693096716,0.03173054287171949,0.05354414785339634,False,False
2025-12-29,Long-only Tangency Portfolio,-0.006511699601082562,0.03173054287171949,0.05354414785339634,False,False
2025-12-30,Long-only Tangency Portfolio,-0.003010743522247597,0.03173054287171949,0.05354414785339634,False,False
2025-12-31,Long-only Tangency Portfolio,-0.005217243323649608,0.03173054287171949,0.05354414785339634,False,False
2026-01-02,Long-only Tangency Portfolio,0.005208288393845908,0.03173054287171949,0.05354414785339634,False,False
2026-01-05,Long-only Tangency Portfolio,-0.007587977618024375,0.03173054287171949,0.05354414785339634,False,False
2026-01-06,Long-only Tangency Portfolio,-0.009339438822977313,0.03173054287171949,0.05354414785339634,False,False
2026-01-07,Long-only Tangency Portfolio,0.003139141311906877,0.03173054287171949,0.05354414785339634,False,False
2026-01-08,Long-only Tangency Portfolio,-0.014715801561472421,0.03173054287171949,0.05354414785339634,False,False
2026-01-09,Long-only Tangency Portfolio,2.5570795509904238e-05,0.03173054287171949,0.05354414785339634,False,False
2026-01-12,Long-only Tangency Portfolio,0.0013978501643749904,0.028559807175042348,0.052710745499967855,False,False
2026-01-13,Long-only Tangency Portfolio,0.003383592031988366,0.028559807175042348,0.052710745499967855,False,False
2026-01-14,Long-only Tangency Portfolio,-0.010784238075969354,0.028559807175042348,0.052710745499967855,False,False
2026-01-15,Long-only Tangency Portfolio,0.009453040203950831,0.028559807175042348,0.052710745499967855,False,False
2026-01-16,Long-only Tangency Portfolio,-0.006276939955528192,0.028559807175042348,0.052710745499967855,False,False
2026-01-20,Long-only Tangency Portfolio,-0.03902104210984774,0.028559807175042348,0.052710745499967855,True,False
2026-01-21,Long-only Tangency Portfolio,0.017590676181386183,0.03173054287171949,0.05341852309622034,False,False
2026-01-22,Long-only Tangency Portfolio,0.006458912602597963,0.03173054287171949,0.05341852309622034,False,False
2026-01-23,Long-only Tangency Portfolio,0.009557975855852233,0.03173054287171949,0.05341852309622034,False,False
2026-01-26,Long-only Tangency Portfolio,0.008174460396794293,0.03173054287171949,0.05341852309622034,False,False
2026-01-27,Long-only Tangency Portfolio,0.011482538932118523,0.03173054287171949,0.05341852309622034,False,False
2026-01-28,Long-only Tangency Portfolio,0.006493366839519323,0.03173054287171949,0.05341852309622034,False,False
2026-01-29,Long-only Tangency Portfolio,0.0019962410200516406,0.028559807175042348,0.049088379550028545,False,False
2026-01-30,Long-only Tangency Portfolio,-0.0026032086004451485,0.028559807175042348,0.049088379550028545,False,False
2026-02-02,Long-only Tangency Portfolio,-0.0015071548993692307,0.028559807175042348,0.049088379550028545,False,False
2026-02-03,Long-only Tangency Portfolio,-0.01817275618930306,0.028559807175042348,0.049088379550028545,False,False
2026-02-04,Long-only Tangency Portfolio,-0.00927440763697445,0.028559807175042348,0.049088379550028545,False,False
2026-02-05,Long-only Tangency Portfolio,-0.0103026185307517,0.026618026965364437,0.0489121381257596,False,False
2026-02-06,Long-only Tangency Portfolio,0.04909755068140848,0.026618026965364437,0.0489121381257596,False,False
2026-02-09,Long-only Tangency Portfolio,0.011018185412321066,0.026618026965364437,0.0489121381257596,False,False
2026-02-10,Long-only Tangency Portfolio,-0.005895857422107005,0.026618026965364437,0.0489121381257596,False,False
2026-02-11,Long-only Tangency Portfolio,0.00637264940233738,0.026618026965364437,0.0489121381257596,False,False
2026-02-12,Long-only Tangency Portfolio,-0.028999608291571825,0.026618026965364437,0.0489121381257596,True,False
2026-02-13,Long-only Tangency Portfolio,-0.02155913522943622,0.02819066089489525,0.04902527762179827,False,False
2026-02-17,Long-only Tangency Portfolio,0.018639875306031974,0.02819066089489525,0.04902527762179827,False,False
2026-02-18,Long-only Tangency Portfolio,0.010310229781432367,0.02819066089489525,0.04902527762179827,False,False
2026-02-19,Long-only Tangency Portfolio,-0.005787947340270276,0.02819066089489525,0.04902527762179827,False,False
2026-02-20,Long-only Tangency Portfolio,0.011705270563498673,0.02819066089489525,0.04902527762179827,False,False
2026-02-23,Long-only Tangency Portfolio,0.006376996828318242,0.02819066089489525,0.04902527762179827,False,False
2026-02-24,Long-only Tangency Portfolio,0.013015799785988045,0.02819066089489525,0.04902527762179827,False,False
2026-02-25,Long-only Tangency Portfolio,0.0121776893466728,0.02819066089489525,0.04902527762179827,False,False
2026-02-26,Long-only Tangency Portfolio,-0.033089225308116366,0.02819066089489525,0.04902527762179827,True,False
2026-02-27,Long-only Tangency Portfolio,-0.037237156255907705,0.030839935949016822,0.04933986354614786,True,False
2026-03-02,Long-only Tangency Portfolio,0.01852172082168336,0.033528653443972566,0.04965893515751642,False,False
2026-03-03,Long-only Tangency Portfolio,-0.00857189196582217,0.030839935949016822,0.04802141700033548,False,False
2026-03-04,Long-only Tangency Portfolio,0.0078657563826455,0.030839935949016822,0.04802141700033548,False,False
2026-03-05,Long-only Tangency Portfolio,-0.0018376481618527865,0.02819066089489525,0.04587408320904122,False,False
2026-03-06,Long-only Tangency Portfolio,-0.02168682512241525,0.02819066089489525,0.04587408320904122,False,False
2026-03-09,Long-only Tangency Portfolio,0.019305926802013477,0.02819066089489525,0.04587408320904122,False,False
2026-03-10,Long-only Tangency Portfolio,0.007757320839425255,0.026618026965364437,0.04537124186799379,False,False
2026-03-11,Long-only Tangency Portfolio,0.0038430190015080216,0.026618026965364437,0.04537124186799379,False,False
2026-03-12,Long-only Tangency Portfolio,-0.0167134744014056,0.025495491060135378,0.04357882372825402,False,False
2026-03-13,Long-only Tangency Portfolio,-0.01820550079861255,0.025495491060135378,0.04357882372825402,False,False
2026-03-16,Long-only Tangency Portfolio,0.01407607501669935,0.025495491060135378,0.04357882372825402,False,False
2026-03-17,Long-only Tangency Portfolio,-0.0019418934038826898,0.025495491060135378,0.04357882372825402,False,False
2026-03-18,Long-only Tangency Portfolio,-0.012087842817995277,0.025495491060135378,0.04357882372825402,False,False
2026-03-19,Long-only Tangency Portfolio,-0.007651116355402233,0.025495491060135378,0.04357882372825402,False,False
2026-03-20,Long-only Tangency Portfolio,-0.02107827341468929,0.025495491060135378,0.04357882372825402,False,False
2026-03-23,Long-only Tangency Portfolio,0.015368526525625622,0.025495491060135378,0.04357882372825402,False,False
2026-03-24,Long-only Tangency Portfolio,-0.0022168860936368127,0.025495491060135378,0.04357882372825402,False,False
2026-03-25,Long-only Tangency Portfolio,0.012762854632869025,0.025495491060135378,0.04357882372825402,False,False
2026-03-26,Long-only Tangency Portfolio,-0.024052876188683736,0.025495491060135378,0.04357882372825402,False,False
2026-03-27,Long-only Tangency Portfolio,-0.01970322819903323,0.025495491060135378,0.04357882372825402,False,False
2026-03-30,Long-only Tangency Portfolio,-0.011215954121928974,0.02456311498467478,0.042641916462912495,False,False
2026-03-31,Long-only Tangency Portfolio,0.04456006972903778,0.02456311498467478,0.042641916462912495,False,False
2026-04-01,Long-only Tangency Portfolio,0.007178750603042214,0.02456311498467478,0.042641916462912495,False,False
2026-04-02,Long-only Tangency Portfolio,0.0062232968640439324,0.02456311498467478,0.042641916462912495,False,False
2026-04-06,Long-only Tangency Portfolio,0.005200023359855083,0.02456311498467478,0.042641916462912495,False,False
2026-04-07,Long-only Tangency Portfolio,-0.006586334613075684,0.02456311498467478,0.042641916462912495,False,False
2026-04-08,Long-only Tangency Portfolio,0.021308527036662337,0.023893733350039113,0.0382158848628726,False,False
2026-04-09,Long-only Tangency Portfolio,0.008032863895714589,0.02295151350822418,0.03451455098930206,False,False
2026-04-10,Long-only Tangency Portfolio,0.014527563790197586,0.02295151350822418,0.03451455098930206,False,False
2026-04-13,Long-only Tangency Portfolio,0.001539169842381934,0.02216577411799573,0.03411134677065891,False,False
2026-04-14,Long-only Tangency Portfolio,0.022180743441139676,0.02216577411799573,0.03411134677065891,False,False
2026-04-15,Long-only Tangency Portfolio,0.020007951635064858,0.02198236347183515,0.03186212882130203,False,False
2026-04-16,Long-only Tangency Portfolio,-0.0050810546889438315,0.02198236347183515,0.03186212882130203,False,False
2026-04-17,Long-only Tangency Portfolio,0.01992305325412404,0.02198236347183515,0.03186212882130203,False,False
2026-04-20,Long-only Tangency Portfolio,0.004704525575276226,0.02198236347183515,0.03186212882130203,False,False
2026-04-21,Long-only Tangency Portfolio,-0.01541406349219971,0.02178884913286418,0.029241701948740782,False,False
2026-04-22,Long-only Tangency Portfolio,0.01849841301463937,0.02178884913286418,0.029241701948740782,False,False
2026-04-23,Long-only Tangency Portfolio,-0.0092467194814234,0.021616595681276784,0.028267375220230352,False,False
2026-04-24,Long-only Tangency Portfolio,0.02231340317028653,0.021616595681276784,0.028267375220230352,False,False
2026-04-27,Long-only Tangency Portfolio,0.018126037661140685,0.021616595681276784,0.028267375220230352,False,False
2026-04-28,Long-only Tangency Portfolio,-0.00425911691230913,0.021616595681276784,0.028267375220230352,False,False
2026-04-29,Long-only Tangency Portfolio,-0.011770186302793138,0.021616595681276784,0.028267375220230352,False,False
2026-04-30,Long-only Tangency Portfolio,-0.0263976939980947,0.021616595681276784,0.028267375220230352,True,False
2026-05-01,Long-only Tangency Portfolio,0.009926702755293459,0.02178884913286418,0.028629749749128772,False,False
2026-05-06,Long-only Tangency Portfolio,0.03957078423083336,0.02178884913286418,0.028629749749128772,False,False
2026-05-07,Long-only Tangency Portfolio,0.010682321965535077,0.02178884913286418,0.028629749749128772,False,False
2026-05-08,Long-only Tangency Portfolio,0.01747898452975401,0.02178884913286418,0.028629749749128772,False,False
2026-05-11,Long-only Tangency Portfolio,0.010266763253876019,0.02178884913286418,0.028629749749128772,False,False
2026-05-12,Long-only Tangency Portfolio,0.0058718382704690065,0.02178884913286418,0.028629749749128772,False,False
2026-05-13,Long-only Tangency Portfolio,0.018267454896641385,0.02178884913286418,0.028629749749128772,False,False
2026-05-14,Long-only Tangency Portfolio,0.024780466802670917,0.02178884913286418,0.028629749749128772,False,False
2026-05-15,Long-only Tangency Portfolio,-0.021658487506997223,0.02178884913286418,0.028629749749128772,False,False
2026-05-18,Long-only Tangency Portfolio,-0.014232026832411385,0.02178884913286418,0.028629749749128772,False,False
2026-05-19,Long-only Tangency Portfolio,-0.004469851194374116,0.02178884913286418,0.028629749749128772,False,False
2026-05-20,Long-only Tangency Portfolio,0.009399521387082407,0.02178884913286418,0.028629749749128772,False,False
2026-05-21,Long-only Tangency Portfolio,-0.004867149788894755,0.02178884913286418,0.028629749749128772,False,False
2026-05-22,Long-only Tangency Portfolio,-0.000809174706832273,0.02178884913286418,0.028629749749128772,False,False
2026-05-26,Long-only Tangency Portfolio,0.0045570695780943835,0.02178884913286418,0.028629749749128772,False,False
2026-05-27,Long-only Tangency Portfolio,-0.014825364022138403,0.02178884913286418,0.028629749749128772,False,False
2026-05-28,Long-only Tangency Portfolio,0.004690396331597472,0.02178884913286418,0.028629749749128772,False,False
2026-05-29,Long-only Tangency Portfolio,0.0014088897678914399,0.02178884913286418,0.028629749749128772,False,False
2026-06-01,Long-only Tangency Portfolio,0.02351579036084842,0.02178884913286418,0.028629749749128772,False,False
2026-06-02,Long-only Tangency Portfolio,0.017691056322167224,0.02178884913286418,0.028629749749128772,False,False
2026-06-03,Long-only Tangency Portfolio,-0.026062531720004858,0.02178884913286418,0.028629749749128772,True,False
2026-06-04,Long-only Tangency Portfolio,-0.011973391734246639,0.02198236347183515,0.02894890256254183,False,False
2026-06-05,Long-only Tangency Portfolio,-0.02652755691563213,0.02198236347183515,0.02894890256254183,True,False
2026-06-08,Long-only Tangency Portfolio,0.017771283415832662,0.02216577411799573,0.02929206272840484,False,False
2026-06-09,Long-only Tangency Portfolio,-0.019857357053401487,0.02216577411799573,0.02929206272840484,False,False
2026-06-10,Long-only Tangency Portfolio,-0.019700560892692752,0.02216577411799573,0.02929206272840484,False,False
2026-06-11,Long-only Tangency Portfolio,-0.017755426003526264,0.02216577411799573,0.02929206272840484,False,False
2026-06-12,Long-only Tangency Portfolio,0.018004902881144105,0.02216577411799573,0.02929206272840484,False,False
2026-06-15,Long-only Tangency Portfolio,0.02871654664209048,0.02216577411799573,0.02929206272840484,False,False
2026-06-16,Long-only Tangency Portfolio,-0.006371601732134687,0.02216577411799573,0.02929206272840484,False,False
2026-06-17,Long-only Tangency Portfolio,-0.0035277148371103597,0.02216577411799573,0.02929206272840484,False,False
2026-06-18,Long-only Tangency Portfolio,0.004942543130846862,0.02216577411799573,0.02929206272840484,False,False
2026-06-22,Long-only Tangency Portfolio,-0.00041291704707866036,0.02216577411799573,0.02929206272840484,False,False
2026-06-23,Long-only Tangency Portfolio,-0.01961458093572917,0.02216577411799573,0.02929206272840484,False,False
2026-06-24,Long-only Tangency Portfolio,-0.010175561458455235,0.02216577411799573,0.02929206272840484,False,False
2026-06-25,Long-only Tangency Portfolio,-0.04415152713028822,0.02216577411799573,0.02929206272840484,True,True
2026-06-26,Long-only Tangency Portfolio,0.004854163486043356,0.02295151350822418,0.030973938661449468,False,False
2026-06-29,Long-only Tangency Portfolio,0.00406405506628962,0.02295151350822418,0.030973938661449468,False,False
2026-06-30,Long-only Tangency Portfolio,0.026031522435614723,0.02295151350822418,0.030973938661449468,False,False
2026-07-01,Long-only Tangency Portfolio,0.0006347206220049545,0.02295151350822418,0.030973938661449468,False,False
2026-07-02,Long-only Tangency Portfolio,0.011341554152242295,0.02295151350822418,0.030973938661449468,False,False
2026-07-06,Long-only Tangency Portfolio,0.007269786761320656,0.02295151350822418,0.030973938661449468,False,False
2026-07-07,Long-only Tangency Portfolio,0.0013249191512289835,0.02295151350822418,0.030973938661449468,False,False
2026-07-08,Long-only Tangency Portfolio,0.02387387092924182,0.02295151350822418,0.030973938661449468,False,False
2026-07-09,Long-only Tangency Portfolio,-0.00018035450545866093,0.02295151350822418,0.030973938661449468,False,False
2026-07-10,Long-only Tangency Portfolio,0.022176233546549108,0.02295151350822418,0.030973938661449468,False,False
2026-07-13,Long-only Tangency Portfolio,-0.017242688357637898,0.02295151350822418,0.030973938661449468,False,False
2026-07-14,Long-only Tangency Portfolio,0.01980287608835241,0.02295151350822418,0.030973938661449468,False,False
2026-07-15,Long-only Tangency Portfolio,0.01848820147142617,0.02295151350822418,0.030973938661449468,False,False
2026-07-16,Long-only Tangency Portfolio,-0.006477545896853142,0.02295151350822418,0.030973938661449468,False,False
2026-07-17,Long-only Tangency Portfolio,-0.012855696762038826,0.02295151350822418,0.030973938661449468,False,False
2026-07-20,Long-only Tangency Portfolio,-0.00615303684036995,0.02295151350822418,0.030973938661449468,False,False
2026-07-21,Long-only Tangency Portfolio,0.012287100182791682,0.02295151350822418,0.030973938661449468,False,False
2026-07-22,Long-only Tangency Portfolio,0.010352109714675133,0.02295151350822418,0.030973938661449468,False,False
2026-07-23,Long-only Tangency Portfolio,-0.014820649408518674,0.02295151350822418,0.030973938661449468,False,False
2026-07-24,Long-only Tangency Portfolio,0.008394156901842918,0.02295151350822418,0.030973938661449468,False,False
2026-07-27,Long-only Tangency Portfolio,-0.023478917162427528,0.02295151350822418,0.030973938661449468,True,False
2026-07-28,Long-only Tangency Portfolio,0.005516917725579082,0.023606990947169948,0.030973938661449468,False,False
2026-07-29,Long-only Tangency Portfolio,-0.02285989102916037,0.023606990947169948,0.030973938661449468,False,False
2026-07-30,Long-only Tangency Portfolio,0.015606553876031246,0.023606990947169948,0.030973938661449468,False,False
2026-07-31,Long-only Tangency Portfolio,-0.010494922652383226,0.023606990947169948,0.030973938661449468,False,False
2026-08-03,Long-only Tangency Portfolio,0.011851813750884016,0.023606990947169948,0.030973938661449468,False,False
2026-08-04,Long-only Tangency Portfolio,0.02275710546085873,0.023606990947169948,0.030973938661449468,False,False
2026-08-05,Long-only Tangency Portfolio,0.0213792446416586,0.023606990947169948,0.030973938661449468,False,False
2026-08-06,Long-only Tangency Portfolio,0.0021076653193656944,0.023606990947169948,0.030973938661449468,False,False
2026-08-07,Long-only Tangency Portfolio,0.014205553912503823,0.023138452789130584,0.030952045706792643,False,False
2026-08-10,Long-only Tangency Portfolio,-0.022273108105819662,0.023138452789130584,0.030952045706792643,False,False
2026-08-11,Long-only Tangency Portfolio,-0.004506719356182985,0.023138452789130584,0.030952045706792643,False,False
2026-08-12,Long-only Tangency Portfolio,0.01320349487894834,0.023138452789130584,0.030952045706792643,False,False
2026-08-13,Long-only Tangency Portfolio,0.007301387909559778,0.023138452789130584,0.030952045706792643,False,False
2026-08-14,Long-only Tangency Portfolio,0.00038033429133472546,0.023138452789130584,0.030952045706792643,False,False
2026-08-17,Long-only Tangency Portfolio,-0.00195514692064186,0.023138452789130584,0.030952045706792643,False,False
2026-08-18,Long-only Tangency Portfolio,-0.007748089551150354,0.023138452789130584,0.030952045706792643,False,False
2026-08-19,Long-only Tangency Portfolio,0.002993634508018293,0.023138452789130584,0.030952045706792643,False,False
2026-08-20,Long-only Tangency Portfolio,-0.008880024514966264,0.023138452789130584,0.030952045706792643,False,False
2026-08-21,Long-only Tangency Portfolio,-0.007912440032798899,0.023138452789130584,0.030952045706792643,False,False
2026-08-24,Long-only Tangency Portfolio,-0.015162337745153642,0.023138452789130584,0.030952045706792643,False,False
2026-08-25,Long-only Tangency Portfolio,0.012400527847892874,0.023138452789130584,0.030952045706792643,False,False
2026-08-26,Long-only Tangency Portfolio,-0.004362298496573773,0.023138452789130584,0.030952045706792643,False,False
2026-08-27,Long-only Tangency Portfolio,0.052319896193071334,0.023138452789130584,0.030952045706792643,False,False
2026-08-28,Long-only Tangency Portfolio,-0.019386626949212442,0.023138452789130584,0.030952045706792643,False,False
2026-08-31,Long-only Tangency Portfolio,-0.0005290989652880725,0.023138452789130584,0.030952045706792643,False,False
2026-09-01,Long-only Tangency Portfolio,0.008967473829058409,0.023138452789130584,0.030952045706792643,False,False
2026-09-02,Long-only Tangency Portfolio,0.01838436582071133,0.023138452789130584,0.030952045706792643,False,False
2026-09-03,Long-only Tangency Portfolio,0.007135733615561481,0.023138452789130584,0.030952045706792643,False,False
2026-09-04,Long-only Tangency Portfolio,-0.0008696343776406297,0.023138452789130584,0.030952045706792643,False,False
2026-09-08,Long-only Tangency Portfolio,-0.011783012322165014,0.023138452789130584,0.030952045706792643,False,False
2026-09-09,Long-only Tangency Portfolio,-0.013141183403594279,0.023138452789130584,0.030952045706792643,False,False
2026-09-10,Long-only Tangency Portfolio,-0.0031034714470544182,0.023138452789130584,0.030952045706792643,False,False
2026-09-11,Long-only Tangency Portfolio,0.012124804225092049,0.023138452789130584,0.030952045706792643,False,False
2026-09-14,Long-only Tangency Portfolio,-0.012531946424317457,0.023138452789130584,0.030952045706792643,False,False
2026-09-15,Long-only Tangency Portfolio,-0.00613242617761262,0.023138452789130584,0.030952045706792643,False,False
2026-09-16,Long-only Tangency Portfolio,0.013366112386187403,0.023138452789130584,0.030952045706792643,False,False
2026-09-17,Long-only Tangency Portfolio,0.009090516234569511,0.023138452789130584,0.030952045706792643,False,False
2026-09-18,Long-only Tangency Portfolio,0.01149017524523566,0.023138452789130584,0.030952045706792643,False,False
2026-09-21,Long-only Tangency Portfolio,0.014676615692494545,0.023138452789130584,0.030952045706792643,False,False
2026-09-22,Long-only Tangency Portfolio,0.009522665967945413,0.023138452789130584,0.030952045706792643,False,False
2026-09-23,Long-only Tangency Portfolio,-0.015593314848590502,0.023138452789130584,0.030952045706792643,False,False
2026-09-24,Long-only Tangency Portfolio,-0.00826452672552554,0.023138452789130584,0.030952045706792643,False,False
2026-09-25,Long-only Tangency Portfolio,0.014675450953632586,0.023138452789130584,0.030952045706792643,False,False
2026-09-28,Long-only Tangency Portfolio,0.010030459832894223,0.023138452789130584,0.030952045706792643,False,False
2026-09-29,Long-only Tangency Portfolio,-0.010609785802560365,0.023138452789130584,0.030952045706792643,False,False
2026-09-30,Long-only Tangency Portfolio,0.008684278183441734,0.023138452789130584,0.030952045706792643,False,False
2026-10-01,Long-only Tangency Portfolio,-0.007340626403969011,0.023138452789130584,0.030952045706792643,False,False
2026-10-02,Long-only Tangency Portfolio,0.013615541623561904,0.023138452789130584,0.030952045706792643,False,False
2026-10-05,Long-only Tangency Portfolio,0.011798949943129411,0.023138452789130584,0.030952045706792643,False,False
2026-10-06,Long-only Tangency Portfolio,0.0020007551259366317,0.023138452789130584,0.030952045706792643,False,False
2026-10-07,Long-only Tangency Portfolio,-0.002297140221091417,0.023138452789130584,0.030952045706792643,False,False
2026-10-08,Long-only Tangency Portfolio,-0.014033099510886113,0.023138452789130584,0.030952045706792643,False,False
2026-10-09,Long-only Tangency Portfolio,-0.0041029370893492165,0.023138452789130584,0.030952045706792643,False,False
