Date,Portfolio,Return,"Rolling VaR (95%, 252D)","Rolling ES (95%, 252D)",VaR Breach,Loss Exceeds ES,Model
2025-01-02,Equal Weighted Portfolio,0.000310544888375,0.0223031158666019,0.0328173102007461,False,False,Historical VaR
2025-01-02,Equal Weighted Portfolio,0.000310544888375,0.0201964689708853,0.027501130646846,False,False,EWMA-t
2025-01-02,Equal Weighted Portfolio,0.000310544888375,0.0199793871231494,0.0289953191751691,False,False,GARCH-t
2025-01-03,Equal Weighted Portfolio,0.0170131180972341,0.0223031158666019,0.0328173102007461,False,False,Historical VaR
2025-01-03,Equal Weighted Portfolio,0.0170131180972341,0.0195815839711996,0.0266638539558799,False,False,EWMA-t
2025-01-03,Equal Weighted Portfolio,0.0170131180972341,0.0188104098590558,0.0273515180609806,False,False,GARCH-t
2025-01-06,Equal Weighted Portfolio,0.0183929772218005,0.0223031158666019,0.0328173102007461,False,False,Historical VaR
2025-01-06,Equal Weighted Portfolio,0.0183929772218005,0.0201294037599605,0.0274098092812073,False,False,EWMA-t
2025-01-06,Equal Weighted Portfolio,0.0183929772218005,0.0193434405168721,0.0281010590624426,False,False,GARCH-t
2025-01-07,Equal Weighted Portfolio,-0.023368853652258,0.0223031158666019,0.0328173102007461,True,False,Historical VaR
2025-01-07,Equal Weighted Portfolio,-0.023368853652258,0.020813390703618,0.0283411807167478,True,False,EWMA-t
2025-01-07,Equal Weighted Portfolio,-0.023368853652258,0.0200919991112256,0.0291536727352909,True,False,GARCH-t
2025-01-08,Equal Weighted Portfolio,7.471749562222293e-05,0.0234892776158789,0.0328173102007461,False,False,Historical VaR
2025-01-08,Equal Weighted Portfolio,7.471749562222293e-05,0.0221733251644551,0.0301929764604762,False,False,EWMA-t
2025-01-08,Equal Weighted Portfolio,7.471749562222293e-05,0.0232269155617627,0.0335619527870644,False,False,GARCH-t
2025-01-10,Equal Weighted Portfolio,-0.0186032884699723,0.0234892776158789,0.0328173102007461,False,False,Historical VaR
2025-01-10,Equal Weighted Portfolio,-0.0186032884699723,0.0214978564336721,0.0292732041062146,False,False,EWMA-t
2025-01-10,Equal Weighted Portfolio,-0.0186032884699723,0.0217906951836215,0.0315423577698428,False,False,GARCH-t
2025-01-13,Equal Weighted Portfolio,-0.0082024328052678,0.0234892776158789,0.0328173102007461,False,False,Historical VaR
2025-01-13,Equal Weighted Portfolio,-0.0082024328052678,0.0220895338568345,0.0300788795011876,False,False,EWMA-t
2025-01-13,Equal Weighted Portfolio,-0.0082024328052678,0.0232241026425407,0.0335579972954621,False,False,GARCH-t
2025-01-14,Equal Weighted Portfolio,-0.005821621829396,0.0234892776158789,0.0328173102007461,False,False,Historical VaR
2025-01-14,Equal Weighted Portfolio,-0.005821621829396,0.0216581395511717,0.0294914584437028,False,False,EWMA-t
2025-01-14,Equal Weighted Portfolio,-0.005821621829396,0.0224474097672969,0.0324658215509682,False,False,GARCH-t
2025-01-15,Equal Weighted Portfolio,0.0271968005465816,0.0234892776158789,0.0328173102007461,False,False,Historical VaR
2025-01-15,Equal Weighted Portfolio,0.0271968005465816,0.021122773280451,0.0287624608265337,False,False,EWMA-t
2025-01-15,Equal Weighted Portfolio,0.0271968005465816,0.0214702199268093,0.0310917094977173,False,False,GARCH-t
2025-01-16,Equal Weighted Portfolio,-0.0178293619934464,0.0234892776158789,0.0328173102007461,False,False,Historical VaR
2025-01-16,Equal Weighted Portfolio,-0.0178293619934464,0.0231037935833924,0.0314599768251859,False,False,EWMA-t
2025-01-16,Equal Weighted Portfolio,-0.0178293619934464,0.0241042225141947,0.0347956107804139,False,False,GARCH-t
2025-01-17,Equal Weighted Portfolio,0.0178181650366136,0.0234892776158789,0.0328173102007461,False,False,Historical VaR
2025-01-17,Equal Weighted Portfolio,0.0178181650366136,0.0234716204707421,0.0319608393917568,False,False,EWMA-t
2025-01-17,Equal Weighted Portfolio,0.0178181650366136,0.0249543024309485,0.035990982458915,False,False,GARCH-t
2025-01-21,Equal Weighted Portfolio,0.0042292155412575,0.0234892776158789,0.0328173102007461,False,False,Historical VaR
2025-01-21,Equal Weighted Portfolio,0.0042292155412575,0.0238109015160212,0.0324228316521697,False,False,EWMA-t
2025-01-21,Equal Weighted Portfolio,0.0042292155412575,0.0247781557968923,0.0357432872793627,False,False,GARCH-t
2025-01-22,Equal Weighted Portfolio,0.0223204517791271,0.0234892776158789,0.0328173102007461,False,False,Historical VaR
2025-01-22,Equal Weighted Portfolio,0.0223204517791271,0.0231453552840165,0.0315165705674097,False,False,EWMA-t
2025-01-22,Equal Weighted Portfolio,0.0223204517791271,0.0232116601880553,0.033540500872585,False,False,GARCH-t
2025-01-23,Equal Weighted Portfolio,0.0001796653691791,0.0234892776158789,0.0328173102007461,False,False,Historical VaR
2025-01-23,Equal Weighted Portfolio,0.0001796653691791,0.0240958184387162,0.032810797366663,False,False,EWMA-t
2025-01-23,Equal Weighted Portfolio,0.0001796653691791,0.0242216400021986,0.0349607217740444,False,False,GARCH-t
2025-01-24,Equal Weighted Portfolio,-0.0063819108767334,0.0234892776158789,0.0328173102007461,False,False,Historical VaR
2025-01-24,Equal Weighted Portfolio,-0.0063819108767334,0.0233618695757116,0.0318113937779124,False,False,EWMA-t
2025-01-24,Equal Weighted Portfolio,-0.0063819108767334,0.0227010191561161,0.0328224438812005,False,False,GARCH-t
2025-01-27,Equal Weighted Portfolio,-0.0394270726053781,0.0234892776158789,0.0328173102007461,True,True,Historical VaR
2025-01-27,Equal Weighted Portfolio,-0.0394270726053781,0.022788785551449,0.0310310366449113,True,True,EWMA-t
2025-01-27,Equal Weighted Portfolio,-0.0394270726053781,0.0217589454603217,0.0314977117085904,True,True,GARCH-t
2025-01-28,Equal Weighted Portfolio,0.0367033156908974,0.0252386214844464,0.0340319725195979,False,False,Historical VaR
2025-01-28,Equal Weighted Portfolio,0.0367033156908974,0.0269918570199848,0.0367542755804334,False,False,EWMA-t
2025-01-28,Equal Weighted Portfolio,0.0367033156908974,0.0301457323863565,0.0432911059147357,False,False,GARCH-t
2025-01-29,Equal Weighted Portfolio,-0.0102522337404479,0.0252386214844464,0.0340319725195979,False,False,Historical VaR
2025-01-29,Equal Weighted Portfolio,-0.0102522337404479,0.0298859701489854,0.0406951319440945,False,False,EWMA-t
2025-01-29,Equal Weighted Portfolio,-0.0102522337404479,0.0336742626539095,0.0482528807613566,False,False,GARCH-t
2025-01-30,Equal Weighted Portfolio,-0.0088268537852893,0.0252386214844464,0.0340319725195979,False,False,Historical VaR
2025-01-30,Equal Weighted Portfolio,-0.0088268537852893,0.0292546608428216,0.0398354906012237,False,False,EWMA-t
2025-01-30,Equal Weighted Portfolio,-0.0088268537852893,0.0320994133824833,0.0460383475393982,False,False,GARCH-t
2025-01-31,Equal Weighted Portfolio,-0.0031306158376291,0.0252386214844464,0.0340319725195979,False,False,Historical VaR
2025-01-31,Equal Weighted Portfolio,-0.0031306158376291,0.0285750557117413,0.0389100857928362,False,False,EWMA-t
2025-01-31,Equal Weighted Portfolio,-0.0031306158376291,0.030517763373083,0.0438142512053054,False,False,GARCH-t
2025-02-03,Equal Weighted Portfolio,-0.0175442352322984,0.0252386214844464,0.0340319725195979,False,False,Historical VaR
2025-02-03,Equal Weighted Portfolio,-0.0175442352322984,0.0277318841179897,0.0377619557810554,False,False,EWMA-t
2025-02-03,Equal Weighted Portfolio,-0.0175442352322984,0.0286979456415763,0.0411897595771978,False,False,GARCH-t
2025-02-04,Equal Weighted Portfolio,0.0172315465986379,0.0234892776158789,0.0333336469267864,False,False,Historical VaR
2025-02-04,Equal Weighted Portfolio,0.0172315465986379,0.0277581166174216,0.0377976760544908,False,False,EWMA-t
2025-02-04,Equal Weighted Portfolio,0.0172315465986379,0.028814204642254,0.0413530077633134,False,False,GARCH-t
2025-02-05,Equal Weighted Portfolio,-0.0081617674752655,0.0234892776158789,0.0333336469267864,False,False,Historical VaR
2025-02-05,Equal Weighted Portfolio,-0.0081617674752655,0.027752472979517,0.0377899912248525,False,False,EWMA-t
2025-02-05,Equal Weighted Portfolio,-0.0081617674752655,0.028081442477219,0.0403240801654612,False,False,GARCH-t
2025-02-06,Equal Weighted Portfolio,0.0103008378279552,0.0234892776158789,0.0333336469267864,False,False,Historical VaR
2025-02-06,Equal Weighted Portfolio,0.0103008378279552,0.0270977714274494,0.0368984971253611,False,False,EWMA-t
2025-02-06,Equal Weighted Portfolio,0.0103008378279552,0.0268066377391434,0.0385340289872373,False,False,GARCH-t
2025-02-07,Equal Weighted Portfolio,-0.0204000660860574,0.0234892776158789,0.0333336469267864,False,False,Historical VaR
2025-02-07,Equal Weighted Portfolio,-0.0204000660860574,0.026582712198497,0.0361971512036209,False,False,EWMA-t
2025-02-07,Equal Weighted Portfolio,-0.0204000660860574,0.0254210471450634,0.0365884148854158,False,False,GARCH-t
2025-02-10,Equal Weighted Portfolio,0.0118038975531604,0.0234892776158789,0.0333336469267864,False,False,Historical VaR
2025-02-10,Equal Weighted Portfolio,0.0118038975531604,0.0269925678640044,0.0367552435226157,False,False,EWMA-t
2025-02-10,Equal Weighted Portfolio,0.0118038975531604,0.0266720871386817,0.0383450961619241,False,False,GARCH-t
2025-02-11,Equal Weighted Portfolio,0.0013081509469296,0.0234892776158789,0.0333336469267864,False,False,Historical VaR
2025-02-11,Equal Weighted Portfolio,0.0013081509469296,0.0265787412761545,0.0361917440775393,False,False,EWMA-t
2025-02-11,Equal Weighted Portfolio,0.0013081509469296,0.0254486851177654,0.0366272234841927,False,False,GARCH-t
2025-02-12,Equal Weighted Portfolio,-0.0050568784491306,0.0234892776158789,0.0333336469267864,False,False,Historical VaR
2025-02-12,Equal Weighted Portfolio,-0.0050568784491306,0.025774179956582,0.0350961889092147,False,False,EWMA-t
2025-02-12,Equal Weighted Portfolio,-0.0050568784491306,0.0238050530446318,0.0343192735360926,False,False,GARCH-t
2025-02-13,Equal Weighted Portfolio,0.014897685356426,0.0234892776158789,0.0333336469267864,False,False,Historical VaR
2025-02-13,Equal Weighted Portfolio,0.014897685356426,0.0250679951367399,0.0341345910665772,False,False,EWMA-t
2025-02-13,Equal Weighted Portfolio,0.014897685356426,0.0226220108660818,0.0326580732107794,False,False,GARCH-t
2025-02-14,Equal Weighted Portfolio,0.0042346301040561,0.0234892776158789,0.0333336469267864,False,False,Historical VaR
2025-02-14,Equal Weighted Portfolio,0.0042346301040561,0.0250004340156771,0.0340425944299536,False,False,EWMA-t
2025-02-14,Equal Weighted Portfolio,0.0042346301040561,0.0222490068324029,0.0321343096177941,False,False,GARCH-t
2025-02-18,Equal Weighted Portfolio,-0.0016421122236854,0.0234892776158789,0.0333336469267864,False,False,Historical VaR
2025-02-18,Equal Weighted Portfolio,-0.0016421122236854,0.0242959557944555,0.0330833204287605,False,False,EWMA-t
2025-02-18,Equal Weighted Portfolio,-0.0016421122236854,0.0208885325031148,0.0302239631911234,False,False,GARCH-t
2025-02-19,Equal Weighted Portfolio,0.0040019318806799,0.0234892776158789,0.0333336469267864,False,False,Historical VaR
2025-02-19,Equal Weighted Portfolio,0.0040019318806799,0.023564652750474,0.0320875195992212,False,False,EWMA-t
2025-02-19,Equal Weighted Portfolio,0.0040019318806799,0.0197195468314088,0.0285825006859535,False,False,GARCH-t
2025-02-20,Equal Weighted Portfolio,-0.0007267401715552,0.0234892776158789,0.0333336469267864,False,False,Historical VaR
2025-02-20,Equal Weighted Portfolio,-0.0007267401715552,0.0229009162085003,0.0311837227334315,False,False,EWMA-t
2025-02-20,Equal Weighted Portfolio,-0.0007267401715552,0.0185687440226972,0.026966570134309,False,False,GARCH-t
2025-02-21,Equal Weighted Portfolio,-0.0232177062907595,0.0234892776158789,0.0333336469267864,False,False,Historical VaR
2025-02-21,Equal Weighted Portfolio,-0.0232177062907595,0.0222051012200613,0.0302362452842458,True,False,EWMA-t
2025-02-21,Equal Weighted Portfolio,-0.0232177062907595,0.0175616343729536,0.025552410176098,True,False,GARCH-t
2025-02-24,Equal Weighted Portfolio,-0.0109776518566759,0.0234892776158789,0.0333336469267864,False,False,Historical VaR
2025-02-24,Equal Weighted Portfolio,-0.0109776518566759,0.0233847080768149,0.0318424925112369,False,False,EWMA-t
2025-02-24,Equal Weighted Portfolio,-0.0109776518566759,0.0213265196340049,0.0308389745385713,False,False,GARCH-t
2025-02-25,Equal Weighted Portfolio,-0.0128036647065363,0.0234892776158789,0.0333336469267864,False,False,Historical VaR
2025-02-25,Equal Weighted Portfolio,-0.0128036647065363,0.0230796387060554,0.0314270856084904,False,False,EWMA-t
2025-02-25,Equal Weighted Portfolio,-0.0128036647065363,0.0212002488973659,0.0306616681055586,False,False,GARCH-t
2025-02-26,Equal Weighted Portfolio,0.0013021687705997,0.0234892776158789,0.0333336469267864,False,False,Historical VaR
2025-02-26,Equal Weighted Portfolio,0.0013021687705997,0.0229360137552016,0.0312315143656524,False,False,EWMA-t
2025-02-26,Equal Weighted Portfolio,0.0013021687705997,0.0214315929796707,0.0309865160879484,False,False,GARCH-t
2025-02-27,Equal Weighted Portfolio,-0.0334793924431053,0.0234892776158789,0.0333336469267864,True,True,Historical VaR
2025-02-27,Equal Weighted Portfolio,-0.0334793924431053,0.0222431855279521,0.030288103929854,True,True,EWMA-t
2025-02-27,Equal Weighted Portfolio,-0.0334793924431053,0.0201172787454044,0.0291409865936383,True,True,GARCH-t
2025-02-28,Equal Weighted Portfolio,0.0197924156005936,0.0252386214844464,0.0340907953870018,False,False,Historical VaR
2025-02-28,Equal Weighted Portfolio,0.0197924156005936,0.0252667406543674,0.0344052188903631,False,False,EWMA-t
2025-02-28,Equal Weighted Portfolio,0.0197924156005936,0.0268085676292313,0.0385367388940351,False,False,GARCH-t
2025-03-03,Equal Weighted Portfolio,-0.0357944886960969,0.0252386214844464,0.0340907953870018,True,True,Historical VaR
2025-03-03,Equal Weighted Portfolio,-0.0357944886960969,0.0257037627849423,0.0350003032452484,True,True,EWMA-t
2025-03-03,Equal Weighted Portfolio,-0.0357944886960969,0.0267617093664538,0.0384709416107421,True,False,GARCH-t
2025-03-04,Equal Weighted Portfolio,0.0051753400042537,0.0277008882436032,0.0347521548369103,False,False,Historical VaR
2025-03-04,Equal Weighted Portfolio,0.0051753400042537,0.0286212823576339,0.038973031698375,False,False,EWMA-t
2025-03-04,Equal Weighted Portfolio,0.0051753400042537,0.0323680886327718,0.0463129649851655,False,False,GARCH-t
2025-03-05,Equal Weighted Portfolio,0.0157173153961243,0.0277008882436032,0.0347521548369103,False,False,Historical VaR
2025-03-05,Equal Weighted Portfolio,0.0157173153961243,0.0278238946014255,0.0378872446287988,False,False,EWMA-t
2025-03-05,Equal Weighted Portfolio,0.0157173153961243,0.0302130720798685,0.0432880801860588,False,False,GARCH-t
2025-03-06,Equal Weighted Portfolio,-0.0221265924204445,0.0277008882436032,0.0347521548369103,False,False,Historical VaR
2025-03-06,Equal Weighted Portfolio,-0.0221265924204445,0.0276752776990273,0.0376848759446949,False,False,EWMA-t
2025-03-06,Equal Weighted Portfolio,-0.0221265924204445,0.0291124453003917,0.0417431875446341,False,False,GARCH-t
2025-03-07,Equal Weighted Portfolio,0.0055322142331632,0.0277008882436032,0.0347521548369103,False,False,Historical VaR
2025-03-07,Equal Weighted Portfolio,0.0055322142331632,0.0282077419036958,0.0384099218761628,False,False,EWMA-t
2025-03-07,Equal Weighted Portfolio,0.0055322142331632,0.0301656780490324,0.0432215556467223,False,False,GARCH-t
2025-03-10,Equal Weighted Portfolio,-0.0400625083632876,0.0277008882436032,0.0347521548369103,True,True,Historical VaR
2025-03-10,Equal Weighted Portfolio,-0.0400625083632876,0.0274348137442241,0.0373574409536362,True,True,EWMA-t
2025-03-10,Equal Weighted Portfolio,-0.0400625083632876,0.0281957882081108,0.0404565235973441,True,False,GARCH-t
2025-03-11,Equal Weighted Portfolio,-0.0024310859420852,0.0284346911387611,0.0356556572703947,False,False,Historical VaR
2025-03-11,Equal Weighted Portfolio,-0.0024310859420852,0.0309145803313433,0.0420957699987208,False,False,EWMA-t
2025-03-11,Equal Weighted Portfolio,-0.0024310859420852,0.0348493189247127,0.0497957390655145,False,False,GARCH-t
2025-03-12,Equal Weighted Portfolio,0.0168208275673415,0.0284346911387611,0.0356556572703947,False,False,Historical VaR
2025-03-12,Equal Weighted Portfolio,0.0168208275673415,0.0299880404008832,0.0408341189787412,False,False,EWMA-t
2025-03-12,Equal Weighted Portfolio,0.0168208275673415,0.0325568876943095,0.0465779724212159,False,False,GARCH-t
2025-03-13,Equal Weighted Portfolio,-0.0194346632303883,0.0284346911387611,0.0356556572703947,False,False,Historical VaR
2025-03-13,Equal Weighted Portfolio,-0.0194346632303883,0.0298174493520769,0.0406018285359332,False,False,EWMA-t
2025-03-13,Equal Weighted Portfolio,-0.0194346632303883,0.031360146461736,0.044898168914371,False,False,GARCH-t
2025-03-14,Equal Weighted Portfolio,0.0270383676530386,0.0284346911387611,0.0356556572703947,False,False,Historical VaR
2025-03-14,Equal Weighted Portfolio,0.0270383676530386,0.0299022575310948,0.040717310148806,False,False,EWMA-t
2025-03-14,Equal Weighted Portfolio,0.0270383676530386,0.0314871769100703,0.0450764749564626,False,False,GARCH-t
2025-03-17,Equal Weighted Portfolio,-0.0064535501687691,0.0284346911387611,0.0356556572703947,False,False,Historical VaR
2025-03-17,Equal Weighted Portfolio,-0.0064535501687691,0.03087962978962,0.0420481785402586,False,False,EWMA-t
2025-03-17,Equal Weighted Portfolio,-0.0064535501687691,0.0322887272764803,0.0462015695715389,False,False,GARCH-t
2025-03-18,Equal Weighted Portfolio,-0.0184161060762389,0.0284346911387611,0.0356556572703947,False,False,Historical VaR
2025-03-18,Equal Weighted Portfolio,-0.0184161060762389,0.0300462818881039,0.0409134252550725,False,False,EWMA-t
2025-03-18,Equal Weighted Portfolio,-0.0184161060762389,0.0304559146915545,0.043628945746314,False,False,GARCH-t
2025-03-19,Equal Weighted Portfolio,0.0155211611989972,0.0284346911387611,0.0356556572703947,False,False,Historical VaR
2025-03-19,Equal Weighted Portfolio,0.0155211611989972,0.0300176594361888,0.040874450630811,False,False,EWMA-t
2025-03-19,Equal Weighted Portfolio,0.0155211611989972,0.0305048318907734,0.0436976082779928,False,False,GARCH-t
2025-03-20,Equal Weighted Portfolio,-0.0019286680865052,0.0284346911387611,0.0356556572703947,False,False,Historical VaR
2025-03-20,Equal Weighted Portfolio,-0.0019286680865052,0.0297363537460092,0.0404914022599061,False,False,EWMA-t
2025-03-20,Equal Weighted Portfolio,-0.0019286680865052,0.0293473863725911,0.0420729621243348,False,False,GARCH-t
2025-03-21,Equal Weighted Portfolio,0.007526841161468,0.0284346911387611,0.0356556572703947,False,False,Historical VaR
2025-03-21,Equal Weighted Portfolio,0.007526841161468,0.0288404390444786,0.0392714530058686,False,False,EWMA-t
2025-03-21,Equal Weighted Portfolio,0.007526841161468,0.0274726263999369,0.0394414589297931,False,False,GARCH-t
2025-03-24,Equal Weighted Portfolio,0.021101809127407,0.0284346911387611,0.0356556572703947,False,False,Historical VaR
2025-03-24,Equal Weighted Portfolio,0.021101809127407,0.0281180671453342,0.0382878135388598,False,False,EWMA-t
2025-03-24,Equal Weighted Portfolio,0.021101809127407,0.0258167738326642,0.0371172246896632,False,False,GARCH-t
2025-03-25,Equal Weighted Portfolio,0.0083854605899194,0.0284346911387611,0.0356556572703947,False,False,Historical VaR
2025-03-25,Equal Weighted Portfolio,0.0083854605899194,0.0284964644934635,0.0388030696919193,False,False,EWMA-t
2025-03-25,Equal Weighted Portfolio,0.0083854605899194,0.0261836176290942,0.0376321442720545,False,False,GARCH-t
2025-03-26,Equal Weighted Portfolio,-0.0270877523912185,0.0284346911387611,0.0356556572703947,False,False,Historical VaR
2025-03-26,Equal Weighted Portfolio,-0.0270877523912185,0.0278244395281285,0.0378879866446667,False,False,EWMA-t
2025-03-26,Equal Weighted Portfolio,-0.0270877523912185,0.0246954965549379,0.0355433460164769,True,False,GARCH-t
2025-03-27,Equal Weighted Portfolio,-0.0051218359561759,0.0284346911387611,0.0356556572703947,False,False,Historical VaR
2025-03-27,Equal Weighted Portfolio,-0.0051218359561759,0.0290037249443651,0.0394937961724904,False,False,EWMA-t
2025-03-27,Equal Weighted Portfolio,-0.0051218359561759,0.0279434364051993,0.0401023104792937,False,False,GARCH-t
2025-03-28,Equal Weighted Portfolio,-0.0328644578058723,0.0284346911387611,0.0356556572703947,True,False,Historical VaR
2025-03-28,Equal Weighted Portfolio,-0.0328644578058723,0.0281921952538779,0.0383887523119,True,False,EWMA-t
2025-03-28,Equal Weighted Portfolio,-0.0328644578058723,0.0263835980762405,0.0379128464382985,True,False,GARCH-t
2025-03-31,Equal Weighted Portfolio,-0.0026054578623052,0.0289283117267391,0.0359853413856556,False,False,Historical VaR
2025-03-31,Equal Weighted Portfolio,-0.0026054578623052,0.0302347041814077,0.0411699961493411,False,False,EWMA-t
2025-03-31,Equal Weighted Portfolio,-0.0026054578623052,0.0310562173335013,0.0444715593838019,False,False,GARCH-t
2025-04-01,Equal Weighted Portfolio,0.0132437887197915,0.0289283117267391,0.0359853413856556,False,False,Historical VaR
2025-04-01,Equal Weighted Portfolio,0.0132437887197915,0.0293315338091837,0.0399401669926355,False,False,EWMA-t
2025-04-01,Equal Weighted Portfolio,0.0132437887197915,0.0290772306323628,0.04164794203598,False,False,GARCH-t
2025-04-02,Equal Weighted Portfolio,0.0050626286918178,0.0289283117267391,0.0359853413856556,False,False,Historical VaR
2025-04-02,Equal Weighted Portfolio,0.0050626286918178,0.0289109420931314,0.0393674556068576,False,False,EWMA-t
2025-04-02,Equal Weighted Portfolio,0.0050626286918178,0.027804777594733,0.0398634254134941,False,False,GARCH-t
2025-04-03,Equal Weighted Portfolio,-0.0646319965311483,0.0289283117267391,0.0359853413856556,True,True,Historical VaR
2025-04-03,Equal Weighted Portfolio,-0.0646319965311483,0.0281008104125752,0.0382643153886224,True,True,EWMA-t
2025-04-03,Equal Weighted Portfolio,-0.0646319965311483,0.0260374464260995,0.0373848806227657,True,True,GARCH-t
2025-04-04,Equal Weighted Portfolio,-0.0511201372158378,0.0297968760344449,0.0386988964423038,True,True,Historical VaR
2025-04-04,Equal Weighted Portfolio,-0.0511201372158378,0.0372594260805919,0.0507354204314628,True,True,EWMA-t
2025-04-04,Equal Weighted Portfolio,-0.0511201372158378,0.0434535090662859,0.061809556709484,True,False,GARCH-t
2025-04-07,Equal Weighted Portfolio,0.0056274994629501,0.030653304829026,0.0402976768097874,False,False,Historical VaR
2025-04-07,Equal Weighted Portfolio,0.0056274994629501,0.041341167206974,0.0562934462499888,False,False,EWMA-t
2025-04-07,Equal Weighted Portfolio,0.0056274994629501,0.0497389942686182,0.0706244618511655,False,False,GARCH-t
2025-04-08,Equal Weighted Portfolio,-0.0233667837425568,0.030653304829026,0.0402976768097874,False,False,Historical VaR
2025-04-08,Equal Weighted Portfolio,-0.0233667837425568,0.0401427941738514,0.0546616454933777,False,False,EWMA-t
2025-04-08,Equal Weighted Portfolio,-0.0233667837425568,0.0463364932236836,0.0658527182243661,False,False,GARCH-t
2025-04-09,Equal Weighted Portfolio,0.1320817408217595,0.030653304829026,0.0402976768097874,False,False,Historical VaR
2025-04-09,Equal Weighted Portfolio,0.1320817408217595,0.039989914715344,0.0544534725712846,False,False,EWMA-t
2025-04-09,Equal Weighted Portfolio,0.1320817408217595,0.0453100018447013,0.0644131437375587,False,False,GARCH-t
2025-04-10,Equal Weighted Portfolio,-0.0423912997335792,0.030653304829026,0.0402976768097874,True,True,Historical VaR
2025-04-10,Equal Weighted Portfolio,-0.0423912997335792,0.064815708766562,0.088258263230407,False,False,EWMA-t
2025-04-10,Equal Weighted Portfolio,-0.0423912997335792,0.0825604122283044,0.116653953070517,False,False,GARCH-t
2025-04-11,Equal Weighted Portfolio,0.027305449729156,0.0316219451622079,0.041170766705905,False,False,Historical VaR
2025-04-11,Equal Weighted Portfolio,0.027305449729156,0.065014676093578,0.0885291930876316,False,False,EWMA-t
2025-04-11,Equal Weighted Portfolio,0.027305449729156,0.0805795964647317,0.113876012705219,False,False,GARCH-t
2025-04-14,Equal Weighted Portfolio,0.003306825465099,0.0316219451622079,0.041170766705905,False,False,Historical VaR
2025-04-14,Equal Weighted Portfolio,0.003306825465099,0.0639421095816359,0.0870687005720897,False,False,EWMA-t
2025-04-14,Equal Weighted Portfolio,0.003306825465099,0.0762040077474,0.1077395891451129,False,False,GARCH-t
2025-04-15,Equal Weighted Portfolio,-0.0049903971290877,0.0316219451622079,0.041170766705905,False,False,Historical VaR
2025-04-15,Equal Weighted Portfolio,-0.0049903971290877,0.0620078124820767,0.084434806631447,False,False,EWMA-t
2025-04-15,Equal Weighted Portfolio,-0.0049903971290877,0.0708838560570652,0.1002784893286251,False,False,GARCH-t
2025-04-16,Equal Weighted Portfolio,-0.0387170192009447,0.0316219451622079,0.041170766705905,True,False,Historical VaR
2025-04-16,Equal Weighted Portfolio,-0.0387170192009447,0.0601508263830049,0.0819061855445843,False,False,EWMA-t
2025-04-16,Equal Weighted Portfolio,-0.0387170192009447,0.0660521423922696,0.0935023859323215,False,False,GARCH-t
2025-04-17,Equal Weighted Portfolio,-0.0097392177425864,0.0325715119821742,0.041661935180169,False,False,Historical VaR
2025-04-17,Equal Weighted Portfolio,-0.0097392177425864,0.0602730896688446,0.0820726690324671,False,False,EWMA-t
2025-04-17,Equal Weighted Portfolio,-0.0097392177425864,0.0653797113012606,0.0925593535186325,False,False,GARCH-t
2025-04-21,Equal Weighted Portfolio,-0.0283072010981228,0.0325715119821742,0.041661935180169,False,False,Historical VaR
2025-04-21,Equal Weighted Portfolio,-0.0283072010981228,0.0585622989084103,0.0797431192344332,False,False,EWMA-t
2025-04-21,Equal Weighted Portfolio,-0.0283072010981228,0.0611678601197181,0.0866525591438085,False,False,GARCH-t
2025-04-22,Equal Weighted Portfolio,0.0275837072131857,0.0325715119821742,0.041661935180169,False,False,Historical VaR
2025-04-22,Equal Weighted Portfolio,0.0275837072131857,0.0578591842080997,0.078785701912582,False,False,EWMA-t
2025-04-22,Equal Weighted Portfolio,0.0275837072131857,0.0592868170622711,0.0840145422548876,False,False,GARCH-t
2025-04-23,Equal Weighted Portfolio,0.0302528409163501,0.0325715119821742,0.041661935180169,False,False,Historical VaR
2025-04-23,Equal Weighted Portfolio,0.0302528409163501,0.0571356784410066,0.0778005184801087,False,False,EWMA-t
2025-04-23,Equal Weighted Portfolio,0.0302528409163501,0.0568767204032986,0.0806345687528829,False,False,GARCH-t
2025-04-24,Equal Weighted Portfolio,0.0291587519983901,0.03186162810887,0.041661935180169,False,False,Historical VaR
2025-04-24,Equal Weighted Portfolio,0.0291587519983901,0.0566581946373591,0.0771503382686673,False,False,EWMA-t
2025-04-24,Equal Weighted Portfolio,0.0291587519983901,0.0550925040643462,0.0781323438213425,False,False,GARCH-t
2025-04-25,Equal Weighted Portfolio,0.0174044141516648,0.03186162810887,0.041661935180169,False,False,Historical VaR
2025-04-25,Equal Weighted Portfolio,0.0174044141516648,0.0561161683260076,0.0764122718064558,False,False,EWMA-t
2025-04-25,Equal Weighted Portfolio,0.0174044141516648,0.0533330619690495,0.0756648628436502,False,False,GARCH-t
2025-04-28,Equal Weighted Portfolio,-0.0067487348381837,0.03186162810887,0.041661935180169,False,False,Historical VaR
2025-04-28,Equal Weighted Portfolio,-0.0067487348381837,0.0548354474853851,0.0746683396759991,False,False,EWMA-t
2025-04-28,Equal Weighted Portfolio,-0.0067487348381837,0.0503217856346458,0.0714417815080503,False,False,GARCH-t
2025-04-29,Equal Weighted Portfolio,0.0022507386294999,0.03186162810887,0.041661935180169,False,False,Historical VaR
2025-04-29,Equal Weighted Portfolio,0.0022507386294999,0.0532311374548499,0.0724837825729037,False,False,EWMA-t
2025-04-29,Equal Weighted Portfolio,0.0022507386294999,0.0470884034029678,0.0669072138905074,False,False,GARCH-t
2025-04-30,Equal Weighted Portfolio,-0.0029564269263658,0.03186162810887,0.041661935180169,False,False,Historical VaR
2025-04-30,Equal Weighted Portfolio,-0.0029564269263658,0.0516170916301199,0.0702859684322295,False,False,EWMA-t
2025-04-30,Equal Weighted Portfolio,-0.0029564269263658,0.0437723661471382,0.0626374396814761,False,False,GARCH-t
2025-05-01,Equal Weighted Portfolio,0.0295920098681218,0.03186162810887,0.041661935180169,False,False,Historical VaR
2025-05-01,Equal Weighted Portfolio,0.0295920098681218,0.0500581296968067,0.0681631609323983,False,False,EWMA-t
2025-05-01,Equal Weighted Portfolio,0.0295920098681218,0.040817740087,0.0584696337757566,False,False,GARCH-t
2025-05-02,Equal Weighted Portfolio,0.0058304279477568,0.03186162810887,0.041661935180169,False,False,Historical VaR
2025-05-02,Equal Weighted Portfolio,0.0058304279477568,0.0499087774902819,0.0679597909992701,False,False,EWMA-t
2025-05-02,Equal Weighted Portfolio,0.0058304279477568,0.0408319442993394,0.0584896702876092,False,False,GARCH-t
2025-05-05,Equal Weighted Portfolio,-0.0106024910103391,0.03186162810887,0.041661935180169,False,False,Historical VaR
2025-05-05,Equal Weighted Portfolio,-0.0106024910103391,0.0484426446109528,0.0659633869784391,False,False,EWMA-t
2025-05-05,Equal Weighted Portfolio,-0.0106024910103391,0.0380514812722738,0.0545675393685119,False,False,GARCH-t
2025-05-06,Equal Weighted Portfolio,-0.0046474705123952,0.03186162810887,0.041661935180169,False,False,Historical VaR
2025-05-06,Equal Weighted Portfolio,-0.0046474705123952,0.0471515881088625,0.0642053809830529,False,False,EWMA-t
2025-05-06,Equal Weighted Portfolio,-0.0046474705123952,0.0361036179025904,0.0518198764526431,False,False,GARCH-t
2025-05-07,Equal Weighted Portfolio,-0.0070703642900415,0.03186162810887,0.041661935180169,False,False,Historical VaR
2025-05-07,Equal Weighted Portfolio,-0.0070703642900415,0.0457516781412079,0.0622991513857015,False,False,EWMA-t
2025-05-07,Equal Weighted Portfolio,-0.0070703642900415,0.0338293081465768,0.0486117271167823,False,False,GARCH-t
2025-05-08,Equal Weighted Portfolio,0.0114507089467727,0.03186162810887,0.041661935180169,False,False,Historical VaR
2025-05-08,Equal Weighted Portfolio,0.0114507089467727,0.0444449512474483,0.0605198073292313,False,False,EWMA-t
2025-05-08,Equal Weighted Portfolio,0.0114507089467727,0.0319204785395604,0.0459191253637324,False,False,GARCH-t
2025-05-09,Equal Weighted Portfolio,-0.0006568889412959,0.03186162810887,0.041661935180169,False,False,Historical VaR
2025-05-09,Equal Weighted Portfolio,-0.0006568889412959,0.0433256164310926,0.0589956313425013,False,False,EWMA-t
2025-05-09,Equal Weighted Portfolio,-0.0006568889412959,0.0301827427889996,0.0434678692059807,False,False,GARCH-t
2025-05-12,Equal Weighted Portfolio,0.0511934561231252,0.03186162810887,0.041661935180169,False,False,Historical VaR
2025-05-12,Equal Weighted Portfolio,0.0511934561231252,0.0420065378915427,0.0571994682952921,False,False,EWMA-t
2025-05-12,Equal Weighted Portfolio,0.0511934561231252,0.02819937628909,0.0406701254498239,False,False,GARCH-t
2025-05-13,Equal Weighted Portfolio,0.0175040706854208,0.03186162810887,0.041661935180169,False,False,Historical VaR
2025-05-13,Equal Weighted Portfolio,0.0175040706854208,0.0454308209525928,0.0618622465249655,False,False,EWMA-t
2025-05-13,Equal Weighted Portfolio,0.0175040706854208,0.0374364548763011,0.0536999809725811,False,False,GARCH-t
2025-05-14,Equal Weighted Portfolio,0.0157553989707193,0.03186162810887,0.041661935180169,False,False,Historical VaR
2025-05-14,Equal Weighted Portfolio,0.0157553989707193,0.0445814234577946,0.0607056388273911,False,False,EWMA-t
2025-05-14,Equal Weighted Portfolio,0.0157553989707193,0.035843746589248,0.0514533010646141,False,False,GARCH-t
2025-05-15,Equal Weighted Portfolio,-0.0076541973118425,0.03186162810887,0.041661935180169,False,False,Historical VaR
2025-05-15,Equal Weighted Portfolio,-0.0076541973118425,0.0436650948001226,0.0594578922947465,False,False,EWMA-t
2025-05-15,Equal Weighted Portfolio,-0.0076541973118425,0.0341927131588713,0.0491243475044663,False,False,GARCH-t
2025-05-16,Equal Weighted Portfolio,0.0040330317575131,0.03186162810887,0.041661935180169,False,False,Historical VaR
2025-05-16,Equal Weighted Portfolio,0.0040330317575131,0.042441749386965,0.0577920871442538,False,False,EWMA-t
2025-05-16,Equal Weighted Portfolio,0.0040330317575131,0.0323031814570675,0.0464589674443398,False,False,GARCH-t
2025-05-19,Equal Weighted Portfolio,0.0010086046361673,0.03186162810887,0.041661935180169,False,False,Historical VaR
2025-05-19,Equal Weighted Portfolio,0.0010086046361673,0.0411793550725213,0.0560731098804856,False,False,EWMA-t
2025-05-19,Equal Weighted Portfolio,0.0010086046361673,0.0301313390607555,0.0433953589262394,False,False,GARCH-t
2025-05-20,Equal Weighted Portfolio,-0.0089655185313802,0.03186162810887,0.041661935180169,False,False,Historical VaR
2025-05-20,Equal Weighted Portfolio,-0.0089655185313802,0.0399268361216349,0.0543675797031247,False,False,EWMA-t
2025-05-20,Equal Weighted Portfolio,-0.0089655185313802,0.0281174941290037,0.0405546221869967,False,False,GARCH-t
2025-05-21,Equal Weighted Portfolio,-0.0080529877387691,0.03186162810887,0.041661935180169,False,False,Historical VaR
2025-05-21,Equal Weighted Portfolio,-0.0080529877387691,0.0388707264881794,0.0529294961921446,False,False,EWMA-t
2025-05-21,Equal Weighted Portfolio,-0.0080529877387691,0.0269329757800131,0.0388837364404175,False,False,GARCH-t
2025-05-22,Equal Weighted Portfolio,0.0060795200651414,0.03186162810887,0.041661935180169,False,False,Historical VaR
2025-05-22,Equal Weighted Portfolio,0.0060795200651414,0.0378193872984078,0.0514979084995762,False,False,EWMA-t
2025-05-22,Equal Weighted Portfolio,0.0060795200651414,0.0257589468754502,0.0372276471410176,False,False,GARCH-t
2025-05-23,Equal Weighted Portfolio,-0.0152825836060138,0.03186162810887,0.041661935180169,False,False,Historical VaR
2025-05-23,Equal Weighted Portfolio,-0.0152825836060138,0.0367451136570826,0.0500350914198611,False,False,EWMA-t
2025-05-23,Equal Weighted Portfolio,-0.0152825836060138,0.0241744655475195,0.0349925722105057,False,False,GARCH-t
2025-05-27,Equal Weighted Portfolio,0.0263245878943735,0.03186162810887,0.041661935180169,False,False,Historical VaR
2025-05-27,Equal Weighted Portfolio,0.0263245878943735,0.0361290622755212,0.0491962264898621,False,False,EWMA-t
2025-05-27,Equal Weighted Portfolio,0.0263245878943735,0.0244905063924979,0.0354383805372921,False,False,GARCH-t
2025-05-28,Equal Weighted Portfolio,-0.0042060586303471,0.03186162810887,0.041661935180169,False,False,Historical VaR
2025-05-28,Equal Weighted Portfolio,-0.0042060586303471,0.0365260943975084,0.0497368572443521,False,False,EWMA-t
2025-05-28,Equal Weighted Portfolio,-0.0042060586303471,0.0263427922171905,0.0380512214322491,False,False,GARCH-t
2025-05-29,Equal Weighted Portfolio,0.0070791613512325,0.03186162810887,0.041661935180169,False,False,Historical VaR
2025-05-29,Equal Weighted Portfolio,0.0070791613512325,0.035451967682508,0.0482742402312952,False,False,EWMA-t
2025-05-29,Equal Weighted Portfolio,0.0070791613512325,0.0246071833108674,0.0356406150675746,False,False,GARCH-t
2025-05-30,Equal Weighted Portfolio,-0.0049990710823879,0.03186162810887,0.041661935180169,False,False,Historical VaR
2025-05-30,Equal Weighted Portfolio,-0.0049990710823879,0.034484508734644,0.0469568705980675,False,False,EWMA-t
2025-05-30,Equal Weighted Portfolio,-0.0049990710823879,0.0231442996573676,0.03357525057535,False,False,GARCH-t
2025-06-02,Equal Weighted Portfolio,0.003606336634479,0.03186162810887,0.041661935180169,False,False,Historical VaR
2025-06-02,Equal Weighted Portfolio,0.003606336634479,0.0334917168252415,0.0456050055742869,False,False,EWMA-t
2025-06-02,Equal Weighted Portfolio,0.003606336634479,0.0219959738516548,0.0319539929046181,False,False,GARCH-t
2025-06-03,Equal Weighted Portfolio,0.0035476898423666,0.03186162810887,0.041661935180169,False,False,Historical VaR
2025-06-03,Equal Weighted Portfolio,0.0035476898423666,0.0325023787209135,0.0442578435282753,False,False,EWMA-t
2025-06-03,Equal Weighted Portfolio,0.0035476898423666,0.0206176209440981,0.0300079726956893,False,False,GARCH-t
2025-06-04,Equal Weighted Portfolio,0.0044186542784451,0.03186162810887,0.041661935180169,False,False,Historical VaR
2025-06-04,Equal Weighted Portfolio,0.0044186542784451,0.0315430926748088,0.0429516027730397,False,False,EWMA-t
2025-06-04,Equal Weighted Portfolio,0.0044186542784451,0.0193589400261587,0.0282309107477117,False,False,GARCH-t
2025-06-05,Equal Weighted Portfolio,-0.00208449223655,0.03186162810887,0.041661935180169,False,False,Historical VaR
2025-06-05,Equal Weighted Portfolio,-0.00208449223655,0.0306314873636481,0.0417102879275225,False,False,EWMA-t
2025-06-05,Equal Weighted Portfolio,-0.00208449223655,0.018237416637927,0.0266474939273025,False,False,GARCH-t
2025-06-06,Equal Weighted Portfolio,0.0183690449632561,0.03186162810887,0.041661935180169,False,False,Historical VaR
2025-06-06,Equal Weighted Portfolio,0.0183690449632561,0.029709639457602,0.0404550259439925,False,False,EWMA-t
2025-06-06,Equal Weighted Portfolio,0.0183690449632561,0.0173280499782729,0.0253636094538043,False,False,GARCH-t
2025-06-09,Equal Weighted Portfolio,0.0064053746660884,0.03186162810887,0.041661935180169,False,False,Historical VaR
2025-06-09,Equal Weighted Portfolio,0.0064053746660884,0.0296965111120252,0.0404371493365812,False,False,EWMA-t
2025-06-09,Equal Weighted Portfolio,0.0064053746660884,0.0184842391402849,0.0269959689622325,False,False,GARCH-t
2025-06-10,Equal Weighted Portfolio,0.0055624495609771,0.03186162810887,0.041661935180169,False,False,Historical VaR
2025-06-10,Equal Weighted Portfolio,0.0055624495609771,0.0289018099516297,0.0393550205511613,False,False,EWMA-t
2025-06-10,Equal Weighted Portfolio,0.0055624495609771,0.0175474668678208,0.0256733920203006,False,False,GARCH-t
2025-06-11,Equal Weighted Portfolio,-0.0100814665985101,0.03186162810887,0.041661935180169,False,False,Historical VaR
2025-06-11,Equal Weighted Portfolio,-0.0100814665985101,0.0281065921181681,0.0382721882222895,False,False,EWMA-t
2025-06-11,Equal Weighted Portfolio,-0.0100814665985101,0.0166494406074038,0.0244055184290458,False,False,GARCH-t
2025-06-12,Equal Weighted Portfolio,0.0041076016794416,0.03186162810887,0.041661935180169,False,False,Historical VaR
2025-06-12,Equal Weighted Portfolio,0.0041076016794416,0.0275372286318732,0.0374968972719402,False,False,EWMA-t
2025-06-12,Equal Weighted Portfolio,0.0041076016794416,0.0170304724816652,0.0249434762506556,False,False,GARCH-t
2025-06-13,Equal Weighted Portfolio,-0.0108744497531209,0.03186162810887,0.041661935180169,False,False,Historical VaR
2025-06-13,Equal Weighted Portfolio,-0.0108744497531209,0.0267471534385247,0.0364210675739651,False,False,EWMA-t
2025-06-13,Equal Weighted Portfolio,-0.0108744497531209,0.0161162649247344,0.0236527571821287,False,False,GARCH-t
2025-06-16,Equal Weighted Portfolio,0.0137118916746092,0.03186162810887,0.041661935180169,False,False,Historical VaR
2025-06-16,Equal Weighted Portfolio,0.0137118916746092,0.0262825546990571,0.0357884326984889,False,False,EWMA-t
2025-06-16,Equal Weighted Portfolio,0.0137118916746092,0.0167514018758043,0.0245494719026065,False,False,GARCH-t
2025-06-17,Equal Weighted Portfolio,-0.0060318684668082,0.03186162810887,0.041661935180169,False,False,Historical VaR
2025-06-17,Equal Weighted Portfolio,-0.0060318684668082,0.0260461444057044,0.0354665174977116,False,False,EWMA-t
2025-06-17,Equal Weighted Portfolio,-0.0060318684668082,0.0169714234649304,0.0248601082109806,False,False,GARCH-t
2025-06-18,Equal Weighted Portfolio,-0.0020401980927247,0.03186162810887,0.041661935180169,False,False,Historical VaR
2025-06-18,Equal Weighted Portfolio,-0.0020401980927247,0.0253638320633705,0.0345374263335319,False,False,EWMA-t
2025-06-18,Equal Weighted Portfolio,-0.0020401980927247,0.0166118902856688,0.0243525032073653,False,False,GARCH-t
2025-06-20,Equal Weighted Portfolio,-0.0087747076717847,0.03186162810887,0.041661935180169,False,False,Historical VaR
2025-06-20,Equal Weighted Portfolio,-0.0087747076717847,0.0246042318477418,0.0335030938074111,False,False,EWMA-t
2025-06-20,Equal Weighted Portfolio,-0.0087747076717847,0.0158633007201236,0.0232956110175947,False,False,GARCH-t
2025-06-23,Equal Weighted Portfolio,0.0013307340006716,0.03186162810887,0.041661935180169,False,False,Historical VaR
2025-06-23,Equal Weighted Portfolio,0.0013307340006716,0.024102965185293,0.032820528949525,False,False,EWMA-t
2025-06-23,Equal Weighted Portfolio,0.0013307340006716,0.0161068033847285,0.0236393989572807,False,False,GARCH-t
2025-06-24,Equal Weighted Portfolio,0.0118842320051918,0.03186162810887,0.041661935180169,False,False,Historical VaR
2025-06-24,Equal Weighted Portfolio,0.0118842320051918,0.0233745503604865,0.0318286609506692,False,False,EWMA-t
2025-06-24,Equal Weighted Portfolio,0.0118842320051918,0.0152550136743035,0.0224368041927925,False,False,GARCH-t
2025-06-25,Equal Weighted Portfolio,0.0145456194107622,0.03186162810887,0.041661935180169,False,False,Historical VaR
2025-06-25,Equal Weighted Portfolio,0.0145456194107622,0.0231393258432109,0.0315083603976239,False,False,EWMA-t
2025-06-25,Equal Weighted Portfolio,0.0145456194107622,0.0153570331558717,0.022580839854304,False,False,GARCH-t
2025-06-26,Equal Weighted Portfolio,0.0107376915295444,0.03186162810887,0.041661935180169,False,False,Historical VaR
2025-06-26,Equal Weighted Portfolio,0.0107376915295444,0.0231521328402732,0.0315257994311457,False,False,EWMA-t
2025-06-26,Equal Weighted Portfolio,0.0107376915295444,0.0159676872866685,0.023442988635419,False,False,GARCH-t
2025-06-27,Equal Weighted Portfolio,0.0130902570286913,0.03186162810887,0.041661935180169,False,False,Historical VaR
2025-06-27,Equal Weighted Portfolio,0.0130902570286913,0.0228405339047962,0.0311015013498165,False,False,EWMA-t
2025-06-27,Equal Weighted Portfolio,0.0130902570286913,0.0157247344228561,0.0230894445456338,False,False,GARCH-t
2025-06-30,Equal Weighted Portfolio,0.0004758742873926,0.03186162810887,0.041661935180169,False,False,Historical VaR
2025-06-30,Equal Weighted Portfolio,0.0004758742873926,0.0227351573866342,0.0309580122380683,False,False,EWMA-t
2025-06-30,Equal Weighted Portfolio,0.0004758742873926,0.0159820267113169,0.0234524624521379,False,False,GARCH-t
2025-07-01,Equal Weighted Portfolio,-0.0050747736921247,0.03186162810887,0.041661935180169,False,False,Historical VaR
2025-07-01,Equal Weighted Portfolio,-0.0050747736921247,0.0220433472584111,0.0300159881274923,False,False,EWMA-t
2025-07-01,Equal Weighted Portfolio,-0.0050747736921247,0.0151431350930514,0.0222688565194907,False,False,GARCH-t
2025-07-02,Equal Weighted Portfolio,0.0119413116845028,0.03186162810887,0.041661935180169,False,False,Historical VaR
2025-07-02,Equal Weighted Portfolio,0.0119413116845028,0.021464789208778,0.0292281771228715,False,False,EWMA-t
2025-07-02,Equal Weighted Portfolio,0.0119413116845028,0.014874797590111,0.0218902547388595,False,False,GARCH-t
2025-07-03,Equal Weighted Portfolio,0.0109122555394137,0.03186162810887,0.041661935180169,False,False,Historical VaR
2025-07-03,Equal Weighted Portfolio,0.0109122555394137,0.0213341094164118,0.0290502330452238,False,False,EWMA-t
2025-07-03,Equal Weighted Portfolio,0.0109122555394137,0.0150441244411152,0.022129160768007,False,False,GARCH-t
2025-07-07,Equal Weighted Portfolio,-0.0084597047030866,0.03186162810887,0.041661935180169,False,False,Historical VaR
2025-07-07,Equal Weighted Portfolio,-0.0084597047030866,0.0211246307002934,0.0287649900382401,False,False,EWMA-t
2025-07-07,Equal Weighted Portfolio,-0.0084597047030866,0.0150086692219742,0.0220791364182521,False,False,GARCH-t
2025-07-08,Equal Weighted Portfolio,-0.0045420250518398,0.03186162810887,0.041661935180169,False,False,Historical VaR
2025-07-08,Equal Weighted Portfolio,-0.0045420250518398,0.0207495127975387,0.0282541994408095,False,False,EWMA-t
2025-07-08,Equal Weighted Portfolio,-0.0045420250518398,0.0153322677725101,0.0225357069165988,False,False,GARCH-t
2025-07-09,Equal Weighted Portfolio,0.0132047539850786,0.03186162810887,0.041661935180169,False,False,Historical VaR
2025-07-09,Equal Weighted Portfolio,0.0132047539850786,0.0201965349565359,0.0275012204981958,False,False,EWMA-t
2025-07-09,Equal Weighted Portfolio,0.0132047539850786,0.0149686678074285,0.022022697766894,False,False,GARCH-t
2025-07-10,Equal Weighted Portfolio,0.0028138310046071,0.03186162810887,0.041661935180169,False,False,Historical VaR
2025-07-10,Equal Weighted Portfolio,0.0028138310046071,0.0202580946137322,0.027585045060676,False,False,EWMA-t
2025-07-10,Equal Weighted Portfolio,0.0028138310046071,0.0153690617780899,0.0225876201820814,False,False,GARCH-t
2025-07-11,Equal Weighted Portfolio,0.0059609320814157,0.03186162810887,0.041661935180169,False,False,Historical VaR
2025-07-11,Equal Weighted Portfolio,0.0059609320814157,0.019672096491431,0.026787103056881,False,False,EWMA-t
2025-07-11,Equal Weighted Portfolio,0.0059609320814157,0.0145679629987624,0.0214573367852716,False,False,GARCH-t
2025-07-14,Equal Weighted Portfolio,-0.0013056187601892,0.03186162810887,0.041661935180169,False,False,Historical VaR
2025-07-14,Equal Weighted Portfolio,-0.0013056187601892,0.0192163153529024,0.0261664749334643,False,False,EWMA-t
2025-07-14,Equal Weighted Portfolio,-0.0013056187601892,0.0139893647608953,0.0206409830489276,False,False,GARCH-t
2025-07-15,Equal Weighted Portfolio,0.0105670654757591,0.03186162810887,0.041661935180169,False,False,Historical VaR
2025-07-15,Equal Weighted Portfolio,0.0105670654757591,0.018637982175253,0.0253789701325574,False,False,EWMA-t
2025-07-15,Equal Weighted Portfolio,0.0105670654757591,0.0134570142121605,0.0198898809351252,False,False,GARCH-t
2025-07-16,Equal Weighted Portfolio,-0.0003501004539096,0.0314738018538461,0.041661935180169,False,False,Historical VaR
2025-07-16,Equal Weighted Portfolio,-0.0003501004539096,0.0185418385502135,0.0252480532679864,False,False,EWMA-t
2025-07-16,Equal Weighted Portfolio,-0.0003501004539096,0.0135947636700875,0.0200842339028642,False,False,GARCH-t
2025-07-17,Equal Weighted Portfolio,0.0058045096205867,0.0314738018538461,0.041661935180169,False,False,Historical VaR
2025-07-17,Equal Weighted Portfolio,0.0058045096205867,0.0179775066355806,0.02447961370883,False,False,EWMA-t
2025-07-17,Equal Weighted Portfolio,0.0058045096205867,0.0130460205421433,0.0193100032304003,False,False,GARCH-t
2025-07-18,Equal Weighted Portfolio,0.0031303294251596,0.0314738018538461,0.041661935180169,False,False,Historical VaR
2025-07-18,Equal Weighted Portfolio,0.0031303294251596,0.0175786682348721,0.0239365233804822,False,False,EWMA-t
2025-07-18,Equal Weighted Portfolio,0.0031303294251596,0.0126315246963266,0.0187251842484434,False,False,GARCH-t
2025-07-21,Equal Weighted Portfolio,0.0084479389585382,0.0314738018538461,0.041661935180169,False,False,Historical VaR
2025-07-21,Equal Weighted Portfolio,0.0084479389585382,0.0170875493073108,0.0232677764916338,False,False,EWMA-t
2025-07-21,Equal Weighted Portfolio,0.0084479389585382,0.0121293499628282,0.0180166576869036,False,False,GARCH-t
2025-07-22,Equal Weighted Portfolio,-0.0057391327535315,0.0314738018538461,0.041661935180169,False,False,Historical VaR
2025-07-22,Equal Weighted Portfolio,-0.0057391327535315,0.016896797863625,0.0230080340395527,False,False,EWMA-t
2025-07-22,Equal Weighted Portfolio,-0.0057391327535315,0.0121266108052711,0.0180127929646148,False,False,GARCH-t
2025-07-23,Equal Weighted Portfolio,0.0045908081353999,0.0314738018538461,0.041661935180169,False,False,Historical VaR
2025-07-23,Equal Weighted Portfolio,0.0045908081353999,0.0165367844875714,0.0225178109761185,False,False,EWMA-t
2025-07-23,Equal Weighted Portfolio,0.0045908081353999,0.0123944369022764,0.0183906731942309,False,False,GARCH-t
2025-07-24,Equal Weighted Portfolio,0.0102996706284219,0.0314738018538461,0.041661935180169,False,False,Historical VaR
2025-07-24,Equal Weighted Portfolio,0.0102996706284219,0.0161343268894752,0.0219697924585739,False,False,EWMA-t
2025-07-24,Equal Weighted Portfolio,0.0102996706284219,0.0119752715930607,0.0177992659898374,False,False,GARCH-t
2025-07-25,Equal Weighted Portfolio,0.0011745560433246,0.0314738018538461,0.041661935180169,False,False,Historical VaR
2025-07-25,Equal Weighted Portfolio,0.0011745560433246,0.0161586670251084,0.0220029359378116,False,False,EWMA-t
2025-07-25,Equal Weighted Portfolio,0.0011745560433246,0.0122970454555914,0.018253262005973,False,False,GARCH-t
2025-07-28,Equal Weighted Portfolio,0.003920684682047,0.0314738018538461,0.041661935180169,False,False,Historical VaR
2025-07-28,Equal Weighted Portfolio,0.003920684682047,0.0156732163656131,0.0213419074170031,False,False,EWMA-t
2025-07-28,Equal Weighted Portfolio,0.003920684682047,0.011623778282273,0.0173195932993643,False,False,GARCH-t
2025-07-29,Equal Weighted Portfolio,-0.0023902573939251,0.0293694069664631,0.0407208974652514,False,False,Historical VaR
2025-07-29,Equal Weighted Portfolio,-0.0023902573939251,0.0152737638443128,0.0207979808528435,False,False,EWMA-t
2025-07-29,Equal Weighted Portfolio,-0.0023902573939251,0.011231432287061,0.0167660377090127,False,False,GARCH-t
2025-07-30,Equal Weighted Portfolio,0.0027630102755426,0.0293694069664631,0.0407208974652514,False,False,Historical VaR
2025-07-30,Equal Weighted Portfolio,0.0027630102755426,0.0148382652524709,0.0202049710703895,False,False,EWMA-t
2025-07-30,Equal Weighted Portfolio,0.0027630102755426,0.0111157573270519,0.016602833492433,False,False,GARCH-t
2025-07-31,Equal Weighted Portfolio,0.0036836079732472,0.0293694069664631,0.0407208974652514,False,False,Historical VaR
2025-07-31,Equal Weighted Portfolio,0.0036836079732472,0.0144272050952813,0.0196452386189951,False,False,EWMA-t
2025-07-31,Equal Weighted Portfolio,0.0036836079732472,0.0107518533373876,0.0160894063381146,False,False,GARCH-t
2025-08-01,Equal Weighted Portfolio,-0.0327441522237308,0.0293694069664631,0.0407208974652514,True,False,Historical VaR
2025-08-01,Equal Weighted Portfolio,-0.0327441522237308,0.0140625010327702,0.0191486283409802,True,True,EWMA-t
2025-08-01,Equal Weighted Portfolio,-0.0327441522237308,0.0104549849182628,0.0156705587520276,True,True,GARCH-t
2025-08-04,Equal Weighted Portfolio,0.0158082762838519,0.0314196643418824,0.0409061405256498,False,False,Historical VaR
2025-08-04,Equal Weighted Portfolio,0.0158082762838519,0.0187534942589642,0.025536260642597,False,False,EWMA-t
2025-08-04,Equal Weighted Portfolio,0.0158082762838519,0.0213137042813871,0.0309909771604524,False,False,GARCH-t
2025-08-05,Equal Weighted Portfolio,-0.0037571926651867,0.0314196643418824,0.0409061405256498,False,False,Historical VaR
2025-08-05,Equal Weighted Portfolio,-0.0037571926651867,0.0192155514816415,0.0261654347851407,False,False,EWMA-t
2025-08-05,Equal Weighted Portfolio,-0.0037571926651867,0.0212480455831023,0.0308983402024248,False,False,GARCH-t
2025-08-06,Equal Weighted Portfolio,0.0200655761631934,0.0314196643418824,0.0409061405256498,False,False,Historical VaR
2025-08-06,Equal Weighted Portfolio,0.0200655761631934,0.0186886647005817,0.0254479835206198,False,False,EWMA-t
2025-08-06,Equal Weighted Portfolio,0.0200655761631934,0.0201319285300009,0.0293236259405976,False,False,GARCH-t
2025-08-07,Equal Weighted Portfolio,0.0074048777281299,0.0314196643418824,0.0409061405256498,False,False,Historical VaR
2025-08-07,Equal Weighted Portfolio,0.0074048777281299,0.0197629360137907,0.0269107974301852,False,False,EWMA-t
2025-08-07,Equal Weighted Portfolio,0.0074048777281299,0.0211894847574231,0.0308157175356309,False,False,GARCH-t
2025-08-08,Equal Weighted Portfolio,0.0155495973932888,0.0292255337977428,0.0396787659626089,False,False,Historical VaR
2025-08-08,Equal Weighted Portfolio,0.0155495973932888,0.0193808830804936,0.0263905635394116,False,False,EWMA-t
2025-08-08,Equal Weighted Portfolio,0.0155495973932888,0.0200112015559094,0.0291532939065507,False,False,GARCH-t
2025-08-11,Equal Weighted Portfolio,-0.0041751250192247,0.0292255337977428,0.0396787659626089,False,False,Historical VaR
2025-08-11,Equal Weighted Portfolio,-0.0041751250192247,0.0197603793536619,0.0269073160768693,False,False,EWMA-t
2025-08-11,Equal Weighted Portfolio,-0.0041751250192247,0.0200818532841177,0.0292529754621036,False,False,GARCH-t
2025-08-12,Equal Weighted Portfolio,0.008909328118418,0.0292255337977428,0.0396787659626089,False,False,Historical VaR
2025-08-12,Equal Weighted Portfolio,0.008909328118418,0.0192286223862751,0.0261832331763606,False,False,EWMA-t
2025-08-12,Equal Weighted Portfolio,0.008909328118418,0.0191236044040394,0.0279009952431416,False,False,GARCH-t
2025-08-13,Equal Weighted Portfolio,-9.857675470630304e-05,0.0292255337977428,0.0396787659626089,False,False,Historical VaR
2025-08-13,Equal Weighted Portfolio,-9.857675470630304e-05,0.0189691979501915,0.0258299800745433,False,False,EWMA-t
2025-08-13,Equal Weighted Portfolio,-9.857675470630304e-05,0.0182933675760089,0.0267296254749251,False,False,GARCH-t
2025-08-14,Equal Weighted Portfolio,0.0072281834835942,0.0292255337977428,0.0396787659626089,False,False,Historical VaR
2025-08-14,Equal Weighted Portfolio,0.0072281834835942,0.0183913606169723,0.0250431504551483,False,False,EWMA-t
2025-08-14,Equal Weighted Portfolio,0.0072281834835942,0.0172282570711804,0.0252268756533765,False,False,GARCH-t
2025-08-15,Equal Weighted Portfolio,-0.0025189177029762,0.0292255337977428,0.0396787659626089,False,False,Historical VaR
2025-08-15,Equal Weighted Portfolio,-0.0025189177029762,0.0180562228364396,0.0245867999960452,False,False,EWMA-t
2025-08-15,Equal Weighted Portfolio,-0.0025189177029762,0.0164376233265108,0.0241113813329973,False,False,GARCH-t
2025-08-18,Equal Weighted Portfolio,-0.0002628256859384,0.0292255337977428,0.0396787659626089,False,False,Historical VaR
2025-08-18,Equal Weighted Portfolio,-0.0002628256859384,0.0175341595877809,0.0238759168397877,False,False,EWMA-t
2025-08-18,Equal Weighted Portfolio,-0.0002628256859384,0.0157115218144232,0.0230869346556157,False,False,GARCH-t
2025-08-19,Equal Weighted Portfolio,-0.0148892845508144,0.0292255337977428,0.0396787659626089,False,False,Historical VaR
2025-08-19,Equal Weighted Portfolio,-0.0148892845508144,0.0170003126329103,0.0231489880448345,False,False,EWMA-t
2025-08-19,Equal Weighted Portfolio,-0.0148892845508144,0.0149091337913251,0.0219548563848098,False,False,GARCH-t
2025-08-20,Equal Weighted Portfolio,-0.0117648959190323,0.0292255337977428,0.0396787659626089,False,False,Historical VaR
2025-08-20,Equal Weighted Portfolio,-0.0117648959190323,0.0174915087535258,0.0238178400459314,False,False,EWMA-t
2025-08-20,Equal Weighted Portfolio,-0.0117648959190323,0.0168384086494632,0.0246768438552573,False,False,GARCH-t
2025-08-21,Equal Weighted Portfolio,-0.0029512319185487,0.0292255337977428,0.0396787659626089,False,False,Historical VaR
2025-08-21,Equal Weighted Portfolio,-0.0029512319185487,0.0175784028257763,0.0239361619781881,False,False,EWMA-t
2025-08-21,Equal Weighted Portfolio,-0.0029512319185487,0.0175601126475277,0.0256950861403402,False,False,GARCH-t
2025-08-22,Equal Weighted Portfolio,0.0194595148505821,0.0292255337977428,0.0396787659626089,False,False,Historical VaR
2025-08-22,Equal Weighted Portfolio,0.0194595148505821,0.0170823632557923,0.0232607147482886,False,False,EWMA-t
2025-08-22,Equal Weighted Portfolio,0.0194595148505821,0.016751893417898,0.0245547807001138,False,False,GARCH-t
2025-08-25,Equal Weighted Portfolio,0.0019212103371563,0.0292255337977428,0.0396787659626089,False,False,Historical VaR
2025-08-25,Equal Weighted Portfolio,0.0019212103371563,0.0182443886782596,0.0248430216854219,False,False,EWMA-t
2025-08-25,Equal Weighted Portfolio,0.0019212103371563,0.0183172004495354,0.0268383812558566,False,False,GARCH-t
2025-08-26,Equal Weighted Portfolio,0.0027111137287153,0.0292255337977428,0.0396787659626089,False,False,Historical VaR
2025-08-26,Equal Weighted Portfolio,0.0027111137287153,0.017704718279315,0.0241081632223408,False,False,EWMA-t
2025-08-26,Equal Weighted Portfolio,0.0027111137287153,0.0172176423198364,0.0252829824996525,False,False,GARCH-t
2025-08-27,Equal Weighted Portfolio,0.0033230751148291,0.0292255337977428,0.0396787659626089,False,False,Historical VaR
2025-08-27,Equal Weighted Portfolio,0.0033230751148291,0.0171984380774404,0.0234187715273997,False,False,EWMA-t
2025-08-27,Equal Weighted Portfolio,0.0033230751148291,0.0162231647709646,0.0238762272760687,False,False,GARCH-t
2025-08-28,Equal Weighted Portfolio,0.0075266190986007,0.0292255337977428,0.0396787659626089,False,False,Historical VaR
2025-08-28,Equal Weighted Portfolio,0.0075266190986007,0.0167256327208631,0.0227749618644083,False,False,EWMA-t
2025-08-28,Equal Weighted Portfolio,0.0075266190986007,0.0153338734974013,0.022618265097041,False,False,GARCH-t
2025-08-29,Equal Weighted Portfolio,-0.0093209799812166,0.0292255337977428,0.0396787659626089,False,False,Historical VaR
2025-08-29,Equal Weighted Portfolio,-0.0093209799812166,0.0164840073023558,0.0224459453312932,False,False,EWMA-t
2025-08-29,Equal Weighted Portfolio,-0.0093209799812166,0.0147906401457668,0.0218498250695073,False,False,GARCH-t
2025-09-02,Equal Weighted Portfolio,-0.0112475849769851,0.0292255337977428,0.0396787659626089,False,False,Historical VaR
2025-09-02,Equal Weighted Portfolio,-0.0112475849769851,0.0163967867963056,0.0223271789006152,False,False,EWMA-t
2025-09-02,Equal Weighted Portfolio,-0.0112475849769851,0.0153155250421687,0.0225923099759099,False,False,GARCH-t
2025-09-03,Equal Weighted Portfolio,0.026127768489279,0.0292255337977428,0.0396787659626089,False,False,Historical VaR
2025-09-03,Equal Weighted Portfolio,0.026127768489279,0.0165011186993381,0.0224692455806902,False,False,EWMA-t
2025-09-03,Equal Weighted Portfolio,0.026127768489279,0.0161837385604318,0.0238204562557212,False,False,GARCH-t
2025-09-04,Equal Weighted Portfolio,0.0132803415197785,0.0292255337977428,0.0396787659626089,False,False,Historical VaR
2025-09-04,Equal Weighted Portfolio,0.0132803415197785,0.0190136321044686,0.0258904851798524,False,False,EWMA-t
2025-09-04,Equal Weighted Portfolio,0.0132803415197785,0.0199518748525262,0.0291507378876128,False,False,GARCH-t
2025-09-05,Equal Weighted Portfolio,-0.0112729232801461,0.0292255337977428,0.0396787659626089,False,False,Historical VaR
2025-09-05,Equal Weighted Portfolio,-0.0112729232801461,0.0191598818925102,0.0260896306113536,False,False,EWMA-t
2025-09-05,Equal Weighted Portfolio,-0.0112729232801461,0.019625767112504,0.0286894366071083,False,False,GARCH-t
2025-09-08,Equal Weighted Portfolio,0.0036679946405741,0.028311600131563,0.038889503244218,False,False,Historical VaR
2025-09-08,Equal Weighted Portfolio,0.0036679946405741,0.0190978226994318,0.0260051258407846,False,False,EWMA-t
2025-09-08,Equal Weighted Portfolio,0.0036679946405741,0.0197928364398798,0.0289257673812452,False,False,GARCH-t
2025-09-09,Equal Weighted Portfolio,0.0069997288536354,0.028311600131563,0.038889503244218,False,False,Historical VaR
2025-09-09,Equal Weighted Portfolio,0.0069997288536354,0.0185721246718433,0.025289293278254,False,False,EWMA-t
2025-09-09,Equal Weighted Portfolio,0.0069997288536354,0.0185724117317044,0.0271993947394854,False,False,GARCH-t
2025-09-10,Equal Weighted Portfolio,-0.0049274558324079,0.028311600131563,0.038889503244218,False,False,Historical VaR
2025-09-10,Equal Weighted Portfolio,-0.0049274558324079,0.0182155235015885,0.0248037165476813,False,False,EWMA-t
2025-09-10,Equal Weighted Portfolio,-0.0049274558324079,0.017634328094087,0.0258724124874739,False,False,GARCH-t
2025-09-11,Equal Weighted Portfolio,0.0036324943735709,0.0276964892101629,0.0388887512726897,False,False,Historical VaR
2025-09-11,Equal Weighted Portfolio,0.0036324943735709,0.0177665888202923,0.0241924111090907,False,False,EWMA-t
2025-09-11,Equal Weighted Portfolio,0.0036324943735709,0.0170353832477391,0.0250251648123559,False,False,GARCH-t
2025-09-12,Equal Weighted Portfolio,0.0067279784645758,0.0276964892101629,0.0388887512726897,False,False,Historical VaR
2025-09-12,Equal Weighted Portfolio,0.0067279784645758,0.0172844754569098,0.0235359269181124,False,False,EWMA-t
2025-09-12,Equal Weighted Portfolio,0.0067279784645758,0.016073665098826,0.023664749958211,False,False,GARCH-t
2025-09-15,Equal Weighted Portfolio,0.0157858612298297,0.0276964892101629,0.0388887512726897,False,False,Historical VaR
2025-09-15,Equal Weighted Portfolio,0.0157858612298297,0.0169654920443029,0.023101573540949,False,False,EWMA-t
2025-09-15,Equal Weighted Portfolio,0.0157858612298297,0.0153749686755418,0.0226763969840594,False,False,GARCH-t
2025-09-16,Equal Weighted Portfolio,-0.0024625782588524,0.0276964892101629,0.0388887512726897,False,False,Historical VaR
2025-09-16,Equal Weighted Portfolio,-0.0024625782588524,0.0175810754539445,0.0239398012428799,False,False,EWMA-t
2025-09-16,Equal Weighted Portfolio,-0.0024625782588524,0.0162475192548777,0.0239106783277805,False,False,GARCH-t
2025-09-17,Equal Weighted Portfolio,-0.007484279443778,0.0276964892101629,0.0388887512726897,False,False,Historical VaR
2025-09-17,Equal Weighted Portfolio,-0.007484279443778,0.0170729716322455,0.0232479263610454,False,False,EWMA-t
2025-09-17,Equal Weighted Portfolio,-0.007484279443778,0.0155476454403291,0.0229206598546809,False,False,GARCH-t
2025-09-18,Equal Weighted Portfolio,0.0070919986851333,0.0276964892101629,0.0388887512726897,False,False,Historical VaR
2025-09-18,Equal Weighted Portfolio,0.0070919986851333,0.0168124777696697,0.0228932170424152,False,False,EWMA-t
2025-09-18,Equal Weighted Portfolio,0.0070919986851333,0.0155960491856091,0.0229891302003322,False,False,GARCH-t
2025-09-19,Equal Weighted Portfolio,0.0131462282780745,0.0276964892101629,0.0388887512726897,False,False,Historical VaR
2025-09-19,Equal Weighted Portfolio,0.0131462282780745,0.0165371650441687,0.0225183291724782,False,False,EWMA-t
2025-09-19,Equal Weighted Portfolio,0.0131462282780745,0.0149814138062894,0.022119687213471,False,False,GARCH-t
2025-09-22,Equal Weighted Portfolio,0.0099561782413369,0.0276964892101629,0.0388887512726897,False,False,Historical VaR
2025-09-22,Equal Weighted Portfolio,0.0099561782413369,0.0168462174079952,0.022939159637772,False,False,EWMA-t
2025-09-22,Equal Weighted Portfolio,0.0099561782413369,0.0153403496486256,0.0226274260475057,False,False,GARCH-t
2025-09-23,Equal Weighted Portfolio,-0.0154675546373216,0.0276964892101629,0.0388887512726897,False,False,Historical VaR
2025-09-23,Equal Weighted Portfolio,-0.0154675546373216,0.0167957251027332,0.0228704052685963,False,False,EWMA-t
2025-09-23,Equal Weighted Portfolio,-0.0154675546373216,0.0150461942494316,0.022205638716464,True,False,GARCH-t
2025-09-24,Equal Weighted Portfolio,-0.0069692669003308,0.0276964892101629,0.0388887512726897,False,False,Historical VaR
2025-09-24,Equal Weighted Portfolio,-0.0069692669003308,0.0173829846455116,0.0236700649236003,False,False,EWMA-t
2025-09-24,Equal Weighted Portfolio,-0.0069692669003308,0.0170842165106083,0.025086929039693,False,False,GARCH-t
2025-09-25,Equal Weighted Portfolio,0.0003173637693214,0.0276964892101629,0.0388887512726897,False,False,Historical VaR
2025-09-25,Equal Weighted Portfolio,0.0003173637693214,0.0170748110478566,0.0232504310567478,False,False,EWMA-t
2025-09-25,Equal Weighted Portfolio,0.0003173637693214,0.0168340119006092,0.0247331978094946,False,False,GARCH-t
2025-09-26,Equal Weighted Portfolio,0.003201549838748,0.0276964892101629,0.0388887512726897,False,False,Historical VaR
2025-09-26,Equal Weighted Portfolio,0.003201549838748,0.0165551139400334,0.0225427698274686,False,False,EWMA-t
2025-09-26,Equal Weighted Portfolio,0.003201549838748,0.0159091902636376,0.0234257147245059,False,False,GARCH-t
2025-09-29,Equal Weighted Portfolio,0.0044225401204653,0.0276964892101629,0.0388887512726897,False,False,Historical VaR
2025-09-29,Equal Weighted Portfolio,0.0044225401204653,0.016100079699209,0.0219231587398206,False,False,EWMA-t
2025-09-29,Equal Weighted Portfolio,0.0044225401204653,0.0150489716767929,0.0222095653539359,False,False,GARCH-t
2025-09-30,Equal Weighted Portfolio,0.0036578534064077,0.0276964892101629,0.0388887512726897,False,False,Historical VaR
2025-09-30,Equal Weighted Portfolio,0.0036578534064077,0.0157061914389663,0.0213868089194234,False,False,EWMA-t
2025-09-30,Equal Weighted Portfolio,0.0036578534064077,0.0143115030097525,0.0211669558719368,False,False,GARCH-t
2025-10-01,Equal Weighted Portfolio,0.0046308555896194,0.0276964892101629,0.0388887512726897,False,False,Historical VaR
2025-10-01,Equal Weighted Portfolio,0.0046308555896194,0.0152955054354458,0.0208275859456486,False,False,EWMA-t
2025-10-01,Equal Weighted Portfolio,0.0046308555896194,0.0136232980818991,0.0201939938799134,False,False,GARCH-t
2025-10-02,Equal Weighted Portfolio,0.0038884356035364,0.0276964892101629,0.0388887512726897,False,False,Historical VaR
2025-10-02,Equal Weighted Portfolio,0.0038884356035364,0.0149409378897276,0.0203447783612147,False,False,EWMA-t
2025-10-02,Equal Weighted Portfolio,0.0038884356035364,0.0130462392292381,0.0193781666341669,False,False,GARCH-t
2025-10-03,Equal Weighted Portfolio,-0.0026196909135666,0.0276964892101629,0.0388887512726897,False,False,Historical VaR
2025-10-03,Equal Weighted Portfolio,-0.0026196909135666,0.0145662595114941,0.0198345862555946,False,False,EWMA-t
2025-10-03,Equal Weighted Portfolio,-0.0026196909135666,0.0125003114766627,0.0186063515364409,False,False,GARCH-t
2025-10-06,Equal Weighted Portfolio,0.006462124949934,0.0276964892101629,0.0388887512726897,False,False,Historical VaR
2025-10-06,Equal Weighted Portfolio,0.006462124949934,0.014160036752117,0.019281440792719,False,False,EWMA-t
2025-10-06,Equal Weighted Portfolio,0.006462124949934,0.0122511176215829,0.0182540492790382,False,False,GARCH-t
2025-10-07,Equal Weighted Portfolio,-0.0051255689872027,0.0276964892101629,0.0388887512726897,False,False,Historical VaR
2025-10-07,Equal Weighted Portfolio,-0.0051255689872027,0.0139618759639894,0.0190116091834791,False,False,EWMA-t
2025-10-07,Equal Weighted Portfolio,-0.0051255689872027,0.0119648004264576,0.0178492632374901,False,False,GARCH-t
2025-10-08,Equal Weighted Portfolio,0.0077138169143559,0.0276964892101629,0.0388887512726897,False,False,Historical VaR
2025-10-08,Equal Weighted Portfolio,0.0077138169143559,0.0136857821668528,0.0186356577438099,False,False,EWMA-t
2025-10-08,Equal Weighted Portfolio,0.0077138169143559,0.0121322497815229,0.0180859977499492,False,False,GARCH-t
2025-10-09,Equal Weighted Portfolio,-0.0008001294141021,0.0276964892101629,0.0388887512726897,False,False,Historical VaR
2025-10-09,Equal Weighted Portfolio,-0.0008001294141021,0.0136111829757824,0.0185340775070499,False,False,EWMA-t
2025-10-09,Equal Weighted Portfolio,-0.0008001294141021,0.0119979705212045,0.0178961580505819,False,False,GARCH-t
2025-10-10,Equal Weighted Portfolio,-0.0349398163920459,0.0276964892101629,0.0388887512726897,True,False,Historical VaR
2025-10-10,Equal Weighted Portfolio,-0.0349398163920459,0.0132002820916723,0.0179745619346444,True,True,EWMA-t
2025-10-10,Equal Weighted Portfolio,-0.0349398163920459,0.0116470062349806,0.0173999760309055,True,True,GARCH-t
2025-10-13,Equal Weighted Portfolio,0.0182341583607597,0.0292201572013159,0.0393989524491454,False,False,Historical VaR
2025-10-13,Equal Weighted Portfolio,0.0182341583607597,0.0187770900635279,0.0255683905810017,False,False,EWMA-t
2025-10-13,Equal Weighted Portfolio,0.0182341583607597,0.0227899994228142,0.0331535814038793,False,False,GARCH-t
2025-10-14,Equal Weighted Portfolio,-0.0109792838138018,0.0292201572013159,0.0393989524491454,False,False,Historical VaR
2025-10-14,Equal Weighted Portfolio,-0.0109792838138018,0.0195663155857747,0.026643063298714,False,False,EWMA-t
2025-10-14,Equal Weighted Portfolio,-0.0109792838138018,0.0229770394428545,0.0334180125683786,False,False,GARCH-t
2025-10-15,Equal Weighted Portfolio,0.0047170107928165,0.0292201572013159,0.0393989524491454,False,False,Historical VaR
2025-10-15,Equal Weighted Portfolio,0.0047170107928165,0.0194553753451782,0.0264919981766357,False,False,EWMA-t
2025-10-15,Equal Weighted Portfolio,0.0047170107928165,0.0226236571485569,0.032918412046659,False,False,GARCH-t
2025-10-16,Equal Weighted Portfolio,-0.0009083772402455,0.0292201572013159,0.0393989524491454,False,False,Historical VaR
2025-10-16,Equal Weighted Portfolio,-0.0009083772402455,0.0189536741553397,0.0258088416314338,False,False,EWMA-t
2025-10-16,Equal Weighted Portfolio,-0.0009083772402455,0.0211817164416719,0.030879842652908,False,False,GARCH-t
2025-10-17,Equal Weighted Portfolio,0.0064161722969867,0.0292201572013159,0.0393989524491454,False,False,Historical VaR
2025-10-17,Equal Weighted Portfolio,0.0064161722969867,0.0183797405187702,0.0250273275982297,False,False,EWMA-t
2025-10-17,Equal Weighted Portfolio,0.0064161722969867,0.0198973930219232,0.0290641075102104,False,False,GARCH-t
2025-10-20,Equal Weighted Portfolio,0.0142795102793184,0.0292201572013159,0.0393989524491454,False,False,Historical VaR
2025-10-20,Equal Weighted Portfolio,0.0142795102793184,0.0179975607109096,0.024506920944883,False,False,EWMA-t
2025-10-20,Equal Weighted Portfolio,0.0142795102793184,0.0187876075506147,0.0274951285052926,False,False,GARCH-t
2025-10-21,Equal Weighted Portfolio,-0.0001721144196768,0.0292201572013159,0.0393989524491454,False,False,Historical VaR
2025-10-21,Equal Weighted Portfolio,-0.0001721144196768,0.0183305703912447,0.0249603736122162,False,False,EWMA-t
2025-10-21,Equal Weighted Portfolio,-0.0001721144196768,0.018781949583549,0.0275786809752545,False,False,GARCH-t
2025-10-22,Equal Weighted Portfolio,-0.005875074865664,0.0292201572013159,0.0393989524491454,False,False,Historical VaR
2025-10-22,Equal Weighted Portfolio,-0.005875074865664,0.0177722762542643,0.0242001555749642,False,False,EWMA-t
2025-10-22,Equal Weighted Portfolio,-0.005875074865664,0.0176956806239421,0.026037862258997,False,False,GARCH-t
2025-10-23,Equal Weighted Portfolio,0.0067994914793764,0.0292201572013159,0.0393989524491454,False,False,Historical VaR
2025-10-23,Equal Weighted Portfolio,0.0067994914793764,0.017385059799079,0.0236728906189954,False,False,EWMA-t
2025-10-23,Equal Weighted Portfolio,0.0067994914793764,0.0172117832666861,0.0253514778251848,False,False,GARCH-t
2025-10-24,Equal Weighted Portfolio,0.0163363082014325,0.0292201572013159,0.0393989524491454,False,False,Historical VaR
2025-10-24,Equal Weighted Portfolio,0.0163363082014325,0.017066209300475,0.0232387182281897,False,False,EWMA-t
2025-10-24,Equal Weighted Portfolio,0.0163363082014325,0.0164034577736173,0.0242049081496605,False,False,GARCH-t
2025-10-27,Equal Weighted Portfolio,0.0228894033684511,0.0292201572013159,0.0393989524491454,False,False,Historical VaR
2025-10-27,Equal Weighted Portfolio,0.0228894033684511,0.0177496609426045,0.0241693607542719,False,False,EWMA-t
2025-10-27,Equal Weighted Portfolio,0.0228894033684511,0.0172015663986943,0.0253369857039802,False,False,GARCH-t
2025-10-28,Equal Weighted Portfolio,0.0149727368063819,0.0292201572013159,0.0393989524491454,False,False,Historical VaR
2025-10-28,Equal Weighted Portfolio,0.0149727368063819,0.0194208299300402,0.0264449583709979,False,False,EWMA-t
2025-10-28,Equal Weighted Portfolio,0.0149727368063819,0.019597790659198,0.0287359111324217,False,False,GARCH-t
2025-10-29,Equal Weighted Portfolio,0.0122456088758119,0.0292201572013159,0.0393989524491454,False,False,Historical VaR
2025-10-29,Equal Weighted Portfolio,0.0122456088758119,0.0197283243528709,0.0268636674189822,False,False,EWMA-t
2025-10-29,Equal Weighted Portfolio,0.0122456088758119,0.0196107473236821,0.0287542895192481,False,False,GARCH-t
2025-10-30,Equal Weighted Portfolio,-0.0101492375840308,0.0292201572013159,0.0393989524491454,False,False,Historical VaR
2025-10-30,Equal Weighted Portfolio,-0.0101492375840308,0.0197241939540576,0.0268580431369579,False,False,EWMA-t
2025-10-30,Equal Weighted Portfolio,-0.0101492375840308,0.0191637457470205,0.0281202399227596,False,False,GARCH-t
2025-10-31,Equal Weighted Portfolio,0.0149346989028057,0.0292201572013159,0.0393989524491454,False,False,Historical VaR
2025-10-31,Equal Weighted Portfolio,0.0149346989028057,0.0195353651801521,0.0266009187461277,False,False,EWMA-t
2025-10-31,Equal Weighted Portfolio,0.0149346989028057,0.0191740998280048,0.0281349266737979,False,False,GARCH-t
2025-11-03,Equal Weighted Portfolio,0.0126996982939385,0.0292201572013159,0.0393989524491454,False,False,Historical VaR
2025-11-03,Equal Weighted Portfolio,0.0126996982939385,0.0198299017575561,0.0270019833533687,False,False,EWMA-t
2025-11-03,Equal Weighted Portfolio,0.0126996982939385,0.0192400081691627,0.0282284143912876,False,False,GARCH-t
2025-11-04,Equal Weighted Portfolio,-0.0161769309149278,0.0292201572013159,0.0393989524491454,False,False,Historical VaR
2025-11-04,Equal Weighted Portfolio,-0.0161769309149278,0.0198638530172902,0.0270482141093943,False,False,EWMA-t
2025-11-04,Equal Weighted Portfolio,-0.0161769309149278,0.0189089836326758,0.0277588724819393,False,False,GARCH-t
2025-11-05,Equal Weighted Portfolio,-0.0006991462403841,0.0276964892101629,0.0388319642113617,False,False,Historical VaR
2025-11-05,Equal Weighted Portfolio,-0.0006991462403841,0.0202821905072344,0.0276178559602552,False,False,EWMA-t
2025-11-05,Equal Weighted Portfolio,-0.0006991462403841,0.0203121765867467,0.029749232187086,False,False,GARCH-t
2025-11-06,Equal Weighted Portfolio,-0.0168550974125359,0.0276964892101629,0.0388319642113617,False,False,Historical VaR
2025-11-06,Equal Weighted Portfolio,-0.0168550974125359,0.0196662351993073,0.0267791218518156,False,False,EWMA-t
2025-11-06,Equal Weighted Portfolio,-0.0168550974125359,0.0191061804089678,0.0280385863419454,False,False,GARCH-t
2025-11-07,Equal Weighted Portfolio,-0.0038278430795976,0.0276964892101629,0.0388319642113617,False,False,Historical VaR
2025-11-07,Equal Weighted Portfolio,-0.0038278430795976,0.0201863394336769,0.0274873374572264,False,False,EWMA-t
2025-11-07,Equal Weighted Portfolio,-0.0038278430795976,0.0206496739706375,0.0302279555098761,False,False,GARCH-t
2025-11-10,Equal Weighted Portfolio,0.0272436861078138,0.0276964892101629,0.0388319642113617,False,False,Historical VaR
2025-11-10,Equal Weighted Portfolio,0.0272436861078138,0.0196291845811777,0.0267286707610236,False,False,EWMA-t
2025-11-10,Equal Weighted Portfolio,0.0272436861078138,0.0196198544624899,0.0287672075445701,False,False,GARCH-t
2025-11-11,Equal Weighted Portfolio,0.000816479592921,0.0276964892101629,0.0388319642113617,False,False,Historical VaR
2025-11-11,Equal Weighted Portfolio,0.000816479592921,0.021839536066171,0.029738462475203,False,False,EWMA-t
2025-11-11,Equal Weighted Portfolio,0.000816479592921,0.0227860266865925,0.0332582660238232,False,False,GARCH-t
2025-11-12,Equal Weighted Portfolio,-0.0065523394423942,0.0276964892101629,0.0388319642113617,False,False,Historical VaR
2025-11-12,Equal Weighted Portfolio,-0.0065523394423942,0.0211766500269722,0.0288358237221488,False,False,EWMA-t
2025-11-12,Equal Weighted Portfolio,-0.0065523394423942,0.0213128976500848,0.031168705449677,False,False,GARCH-t
2025-11-13,Equal Weighted Portfolio,-0.0218179286445713,0.0276964892101629,0.0388319642113617,False,False,Historical VaR
2025-11-13,Equal Weighted Portfolio,-0.0218179286445713,0.0206925778753587,0.0281766722881426,True,False,EWMA-t
2025-11-13,Equal Weighted Portfolio,-0.0218179286445713,0.0205037253171121,0.030020934573693,True,False,GARCH-t
2025-11-14,Equal Weighted Portfolio,0.0019187902514699,0.0276964892101629,0.0388319642113617,False,False,Historical VaR
2025-11-14,Equal Weighted Portfolio,0.0019187902514699,0.0218198348305542,0.0297116356939778,False,False,EWMA-t
2025-11-14,Equal Weighted Portfolio,0.0019187902514699,0.0231641528227977,0.0337946192194276,False,False,GARCH-t
2025-11-17,Equal Weighted Portfolio,-0.0037699869804469,0.0276964892101629,0.0388319642113617,False,False,Historical VaR
2025-11-17,Equal Weighted Portfolio,-0.0037699869804469,0.0211685672069707,0.0288248175066972,False,False,EWMA-t
2025-11-17,Equal Weighted Portfolio,-0.0037699869804469,0.0216455303634903,0.031640528478331,False,False,GARCH-t
2025-11-18,Equal Weighted Portfolio,-0.020341825035322,0.0276964892101629,0.0388319642113617,False,False,Historical VaR
2025-11-18,Equal Weighted Portfolio,-0.020341825035322,0.0205771633347371,0.0280195146005906,False,False,EWMA-t
2025-11-18,Equal Weighted Portfolio,-0.020341825035322,0.0205223230234595,0.0299767206830247,False,False,GARCH-t
2025-11-19,Equal Weighted Portfolio,0.009587990388465,0.0276964892101629,0.0388319642113617,False,False,Historical VaR
2025-11-19,Equal Weighted Portfolio,0.009587990388465,0.0214942805163704,0.0292683348506512,False,False,EWMA-t
2025-11-19,Equal Weighted Portfolio,0.009587990388465,0.0227340509055421,0.0331072408543446,False,False,GARCH-t
2025-11-20,Equal Weighted Portfolio,-0.0182646455669045,0.0276365043093254,0.0388319642113617,False,False,Historical VaR
2025-11-20,Equal Weighted Portfolio,-0.0182646455669045,0.0211778208117725,0.0288374179565568,False,False,EWMA-t
2025-11-20,Equal Weighted Portfolio,-0.0182646455669045,0.0216217265514704,0.0315328365817028,False,False,GARCH-t
2025-11-21,Equal Weighted Portfolio,0.0092888819120829,0.0276365043093254,0.0388319642113617,False,False,Historical VaR
2025-11-21,Equal Weighted Portfolio,0.0092888819120829,0.0217526666859454,0.0296201741655862,False,False,EWMA-t
2025-11-21,Equal Weighted Portfolio,0.0092888819120829,0.0230442197315762,0.0335462594941513,False,False,GARCH-t
2025-11-24,Equal Weighted Portfolio,0.0257904795820048,0.0276365043093254,0.0388319642113617,False,False,Historical VaR
2025-11-24,Equal Weighted Portfolio,0.0257904795820048,0.0214039924627355,0.0291453914013561,False,False,EWMA-t
2025-11-24,Equal Weighted Portfolio,0.0257904795820048,0.0218725847488348,0.0318879058709006,False,False,GARCH-t
2025-11-25,Equal Weighted Portfolio,0.003083604283535,0.0276365043093254,0.0388319642113617,False,False,Historical VaR
2025-11-25,Equal Weighted Portfolio,0.003083604283535,0.0230976951809869,0.0314516727517593,False,False,EWMA-t
2025-11-25,Equal Weighted Portfolio,0.003083604283535,0.0240748576359411,0.0350050432690807,False,False,GARCH-t
2025-11-26,Equal Weighted Portfolio,0.0042109026062887,0.0276365043093254,0.0388319642113617,False,False,Historical VaR
2025-11-26,Equal Weighted Portfolio,0.0042109026062887,0.022426853329917,0.0305382007277021,False,False,EWMA-t
2025-11-26,Equal Weighted Portfolio,0.0042109026062887,0.0224894098636339,0.0327609714409007,False,False,GARCH-t
2025-11-28,Equal Weighted Portfolio,0.0034449711243468,0.0276365043093254,0.0388319642113617,False,False,Historical VaR
2025-11-28,Equal Weighted Portfolio,0.0034449711243468,0.0218066046241699,0.0296936203847283,False,False,EWMA-t
2025-11-28,Equal Weighted Portfolio,0.0034449711243468,0.0210614057307516,0.0307397482249113,False,False,GARCH-t
2025-12-01,Equal Weighted Portfolio,0.0016476281735875,0.0276365043093254,0.0388319642113617,False,False,Historical VaR
2025-12-01,Equal Weighted Portfolio,0.0016476281735875,0.0211856460569007,0.0288480734374196,False,False,EWMA-t
2025-12-01,Equal Weighted Portfolio,0.0016476281735875,0.0197415995491758,0.0288716703717871,False,False,GARCH-t
2025-12-02,Equal Weighted Portfolio,0.0062673278297135,0.0276365043093254,0.0388319642113617,False,False,Historical VaR
2025-12-02,Equal Weighted Portfolio,0.0062673278297135,0.0205504624871238,0.027983156586739,False,False,EWMA-t
2025-12-02,Equal Weighted Portfolio,0.0062673278297135,0.0185310378353908,0.027158219140136,False,False,GARCH-t
2025-12-03,Equal Weighted Portfolio,-0.0073240844578134,0.0276365043093254,0.0388319642113617,False,False,Historical VaR
2025-12-03,Equal Weighted Portfolio,-0.0073240844578134,0.0200762669411863,0.0273374539305085,False,False,EWMA-t
2025-12-03,Equal Weighted Portfolio,-0.0073240844578134,0.0175587085152986,0.0257819664038146,False,False,GARCH-t
2025-12-04,Equal Weighted Portfolio,-0.0010996107046689,0.0276365043093254,0.0388319642113617,False,False,Historical VaR
2025-12-04,Equal Weighted Portfolio,-0.0010996107046689,0.0196765974453359,0.0267932319164135,False,False,EWMA-t
2025-12-04,Equal Weighted Portfolio,-0.0010996107046689,0.0173047199090828,0.0254224662765679,False,False,GARCH-t
2025-12-05,Equal Weighted Portfolio,0.0012298696027454,0.0276365043093254,0.0388319642113617,False,False,Historical VaR
2025-12-05,Equal Weighted Portfolio,0.0012298696027454,0.0190820691535223,0.0259836745502233,False,False,EWMA-t
2025-12-05,Equal Weighted Portfolio,0.0012298696027454,0.0164104281317489,0.0241566693082025,False,False,GARCH-t
2025-12-08,Equal Weighted Portfolio,-0.000859087008021,0.0276365043093254,0.0388319642113617,False,False,Historical VaR
2025-12-08,Equal Weighted Portfolio,-0.000859087008021,0.0185070729962295,0.0252007137036545,False,False,EWMA-t
2025-12-08,Equal Weighted Portfolio,-0.000859087008021,0.0155150039626487,0.0228892695317815,False,False,GARCH-t
2025-12-09,Equal Weighted Portfolio,0.002277975654046,0.0276365043093254,0.0388319642113617,False,False,Historical VaR
2025-12-09,Equal Weighted Portfolio,0.002277975654046,0.0179464530462254,0.0244373286530046,False,False,EWMA-t
2025-12-09,Equal Weighted Portfolio,0.002277975654046,0.0147874269016587,0.0218594436277583,False,False,GARCH-t
2025-12-10,Equal Weighted Portfolio,-0.0001707246522558,0.0276365043093254,0.0388319642113617,False,False,Historical VaR
2025-12-10,Equal Weighted Portfolio,-0.0001707246522558,0.0174227763175883,0.0237242484531081,False,False,EWMA-t
2025-12-10,Equal Weighted Portfolio,-0.0001707246522558,0.0140424258939669,0.0208049555503024,False,False,GARCH-t
2025-12-11,Equal Weighted Portfolio,-0.0074302507686867,0.0276365043093254,0.0388319642113617,False,False,Historical VaR
2025-12-11,Equal Weighted Portfolio,-0.0074302507686867,0.0168921417794026,0.0230016939421482,False,False,EWMA-t
2025-12-11,Equal Weighted Portfolio,-0.0074302507686867,0.0134322539432624,0.0199413069906726,False,False,GARCH-t
2025-12-12,Equal Weighted Portfolio,-0.0139762411172533,0.0276365043093254,0.0388319642113617,False,False,Historical VaR
2025-12-12,Equal Weighted Portfolio,-0.0139762411172533,0.016636147498941,0.0226531116151103,False,False,EWMA-t
2025-12-12,Equal Weighted Portfolio,-0.0139762411172533,0.0137838646510733,0.0204389832293143,True,False,GARCH-t
2025-12-15,Equal Weighted Portfolio,-0.0070966256118077,0.0276365043093254,0.0388319642113617,False,False,Historical VaR
2025-12-15,Equal Weighted Portfolio,-0.0070966256118077,0.0170400387568903,0.0232030823188009,False,False,EWMA-t
2025-12-15,Equal Weighted Portfolio,-0.0070966256118077,0.0156568657312322,0.0230900632784659,False,False,GARCH-t
2025-12-16,Equal Weighted Portfolio,0.0016384048802466,0.0276365043093254,0.0388319642113617,False,False,Historical VaR
2025-12-16,Equal Weighted Portfolio,0.0016384048802466,0.016754977806954,0.0228149204852738,False,False,EWMA-t
2025-12-16,Equal Weighted Portfolio,0.0016384048802466,0.0156197589231019,0.0230375416223045,False,False,GARCH-t
2025-12-17,Equal Weighted Portfolio,-0.0172047094344424,0.0276365043093254,0.0388319642113617,False,False,Historical VaR
2025-12-17,Equal Weighted Portfolio,-0.0172047094344424,0.0162573258264918,0.0221372776680526,True,False,EWMA-t
2025-12-17,Equal Weighted Portfolio,-0.0172047094344424,0.0147721856071443,0.0218228786930298,True,False,GARCH-t
2025-12-18,Equal Weighted Portfolio,0.016083513214745,0.0276365043093254,0.0388319642113617,False,False,Historical VaR
2025-12-18,Equal Weighted Portfolio,0.016083513214745,0.0171527603784442,0.0233565731119463,False,False,EWMA-t
2025-12-18,Equal Weighted Portfolio,0.016083513214745,0.0173935115935217,0.0255331659636138,False,False,GARCH-t
2025-12-19,Equal Weighted Portfolio,0.0134767625673533,0.0276365043093254,0.0388319642113617,False,False,Historical VaR
2025-12-19,Equal Weighted Portfolio,0.0134767625673533,0.0177923316426115,0.024227464598928,False,False,EWMA-t
2025-12-19,Equal Weighted Portfolio,0.0134767625673533,0.0179821347769334,0.0263663172450389,False,False,GARCH-t
2025-12-22,Equal Weighted Portfolio,0.0033116140839336,0.0276365043093254,0.0388319642113617,False,False,Historical VaR
2025-12-22,Equal Weighted Portfolio,0.0033116140839336,0.0180460453232951,0.0245729414785464,False,False,EWMA-t
2025-12-22,Equal Weighted Portfolio,0.0033116140839336,0.0179595251009174,0.0263343149707892,False,False,GARCH-t
2025-12-23,Equal Weighted Portfolio,0.0138747971220917,0.0250423580847902,0.038582099592336,False,False,Historical VaR
2025-12-23,Equal Weighted Portfolio,0.0138747971220917,0.0175446886992108,0.0238902541216881,False,False,EWMA-t
2025-12-23,Equal Weighted Portfolio,0.0138747971220917,0.0169119261614035,0.0248515184662127,False,False,GARCH-t
2025-12-24,Equal Weighted Portfolio,0.0011116251473889,0.0250423580847902,0.038582099592336,False,False,Historical VaR
2025-12-24,Equal Weighted Portfolio,0.0011116251473889,0.0178638579651798,0.0243248605716831,False,False,EWMA-t
2025-12-24,Equal Weighted Portfolio,0.0011116251473889,0.0171188821008591,0.0251444488349362,False,False,GARCH-t
2025-12-26,Equal Weighted Portfolio,0.0012800556535944,0.0250423580847902,0.038582099592336,False,False,Historical VaR
2025-12-26,Equal Weighted Portfolio,0.0012800556535944,0.0173251686817473,0.0235913380741075,False,False,EWMA-t
2025-12-26,Equal Weighted Portfolio,0.0012800556535944,0.0161507025520428,0.0237740644286161,False,False,GARCH-t
2025-12-29,Equal Weighted Portfolio,-0.0031605510214289,0.0250423580847902,0.038582099592336,False,False,Historical VaR
2025-12-29,Equal Weighted Portfolio,-0.0031605510214289,0.0168049150687263,0.022882919062754,False,False,EWMA-t
2025-12-29,Equal Weighted Portfolio,-0.0031605510214289,0.0152733697393754,0.0225322666576323,False,False,GARCH-t
2025-12-30,Equal Weighted Portfolio,-0.0005651701325511,0.0250423580847902,0.038582099592336,False,False,Historical VaR
2025-12-30,Equal Weighted Portfolio,-0.0005651701325511,0.016340305995656,0.0222502701162162,False,False,EWMA-t
2025-12-30,Equal Weighted Portfolio,-0.0005651701325511,0.0147488978342663,0.0217899166243217,False,False,GARCH-t
2025-12-31,Equal Weighted Portfolio,-0.0055338847532772,0.0250423580847902,0.038582099592336,False,False,Historical VaR
2025-12-31,Equal Weighted Portfolio,-0.0055338847532772,0.0158440733277213,0.0215745599486727,False,False,EWMA-t
2025-12-31,Equal Weighted Portfolio,-0.0055338847532772,0.0140788785512582,0.0208415553637574,False,False,GARCH-t
2026-01-02,Equal Weighted Portfolio,-0.00529629705949,0.0250423580847902,0.038582099592336,False,False,Historical VaR
2026-01-02,Equal Weighted Portfolio,-0.00529629705949,0.0155147782085068,0.0211261653254372,False,False,EWMA-t
2026-01-02,Equal Weighted Portfolio,-0.00529629705949,0.0140049681776689,0.0207369408596027,False,False,GARCH-t
2026-01-05,Equal Weighted Portfolio,0.0034824690818362,0.0250423580847902,0.038582099592336,False,False,Historical VaR
2026-01-05,Equal Weighted Portfolio,0.0034824690818362,0.0151856409457315,0.0206779856521795,False,False,EWMA-t
2026-01-05,Equal Weighted Portfolio,0.0034824690818362,0.0139052609564685,0.0205958128825683,False,False,GARCH-t
2026-01-06,Equal Weighted Portfolio,0.0027993020771419,0.0250423580847902,0.038582099592336,False,False,Historical VaR
2026-01-06,Equal Weighted Portfolio,0.0027993020771419,0.0147865788528297,0.0201345907266152,False,False,EWMA-t
2026-01-06,Equal Weighted Portfolio,0.0027993020771419,0.0132638299710298,0.0196879161796785,False,False,GARCH-t
2026-01-07,Equal Weighted Portfolio,0.0080563403998415,0.0250423580847902,0.038582099592336,False,False,Historical VaR
2026-01-07,Equal Weighted Portfolio,0.0080563403998415,0.0143783216892054,0.0195786750558845,False,False,EWMA-t
2026-01-07,Equal Weighted Portfolio,0.0080563403998415,0.0126770935033898,0.0188574354007195,False,False,GARCH-t
2026-01-08,Equal Weighted Portfolio,-0.0013758782047443,0.0250423580847902,0.038582099592336,False,False,Historical VaR
2026-01-08,Equal Weighted Portfolio,-0.0013758782047443,0.0142957685772787,0.0194662641230788,False,False,EWMA-t
2026-01-08,Equal Weighted Portfolio,-0.0013758782047443,0.0125280490415667,0.0186464743175397,False,False,GARCH-t
2026-01-09,Equal Weighted Portfolio,0.0033550191460442,0.0250423580847902,0.038582099592336,False,False,Historical VaR
2026-01-09,Equal Weighted Portfolio,0.0033550191460442,0.0138708184477236,0.0188876179722027,False,False,EWMA-t
2026-01-09,Equal Weighted Portfolio,0.0033550191460442,0.012160819421616,0.018126688761922,False,False,GARCH-t
2026-01-12,Equal Weighted Portfolio,0.0013345009261374,0.0250412196344545,0.038582099592336,False,False,Historical VaR
2026-01-12,Equal Weighted Portfolio,0.0013345009261374,0.0135128202573924,0.0184001389471402,False,False,EWMA-t
2026-01-12,Equal Weighted Portfolio,0.0013345009261374,0.0117064180007429,0.017483518161866,False,False,GARCH-t
2026-01-13,Equal Weighted Portfolio,-0.0020891976617755,0.0250412196344545,0.038582099592336,False,False,Historical VaR
2026-01-13,Equal Weighted Portfolio,-0.0020891976617755,0.0131116717042004,0.0178539029300409,False,False,EWMA-t
2026-01-13,Equal Weighted Portfolio,-0.0020891976617755,0.0112970410922755,0.0169040763296593,False,False,GARCH-t
2026-01-14,Equal Weighted Portfolio,-0.0134829615039157,0.0250412196344545,0.038582099592336,False,False,Historical VaR
2026-01-14,Equal Weighted Portfolio,-0.0134829615039157,0.0127387580042876,0.0173461137518393,True,False,EWMA-t
2026-01-14,Equal Weighted Portfolio,-0.0134829615039157,0.0111488542465867,0.0166943291367941,True,False,GARCH-t
2026-01-15,Equal Weighted Portfolio,0.0011591889828829,0.0250412196344545,0.038582099592336,False,False,Historical VaR
2026-01-15,Equal Weighted Portfolio,0.0011591889828829,0.0134406827492176,0.0183019107350843,False,False,EWMA-t
2026-01-15,Equal Weighted Portfolio,0.0011591889828829,0.0135386177310115,0.0200768573236914,False,False,GARCH-t
2026-01-16,Equal Weighted Portfolio,-0.0024547022185567,0.0250412196344545,0.038582099592336,False,False,Historical VaR
2026-01-16,Equal Weighted Portfolio,-0.0024547022185567,0.0130391959910006,0.01775521419092,False,False,EWMA-t
2026-01-16,Equal Weighted Portfolio,-0.0024547022185567,0.0128555034076714,0.0191111180224403,False,False,GARCH-t
2026-01-20,Equal Weighted Portfolio,-0.0297409405443847,0.0250412196344545,0.038582099592336,True,False,Historical VaR
2026-01-20,Equal Weighted Portfolio,-0.0297409405443847,0.0126787698195328,0.0172644290321693,True,True,EWMA-t
2026-01-20,Equal Weighted Portfolio,-0.0297409405443847,0.0125335791573683,0.0186552231582393,True,True,GARCH-t
2026-01-21,Equal Weighted Portfolio,0.0062159432018184,0.0276365043093254,0.0387861909887334,False,False,Historical VaR
2026-01-21,Equal Weighted Portfolio,0.0062159432018184,0.0169673608806146,0.0231041182982351,False,False,EWMA-t
2026-01-21,Equal Weighted Portfolio,0.0062159432018184,0.0208059731280677,0.0303702210881525,False,False,GARCH-t
2026-01-22,Equal Weighted Portfolio,0.0095075814493323,0.0276365043093254,0.0387861909887334,False,False,Historical VaR
2026-01-22,Equal Weighted Portfolio,0.0095075814493323,0.0166310834327594,0.0226462159767754,False,False,EWMA-t
2026-01-22,Equal Weighted Portfolio,0.0095075814493323,0.0196045016224592,0.0286687503590131,False,False,GARCH-t
2026-01-23,Equal Weighted Portfolio,0.0120348572707535,0.0276365043093254,0.0387861909887334,False,False,Historical VaR
2026-01-23,Equal Weighted Portfolio,0.0120348572707535,0.0165522251698263,0.0225388362464557,False,False,EWMA-t
2026-01-23,Equal Weighted Portfolio,0.0120348572707535,0.0188047973442824,0.0275362445817779,False,False,GARCH-t
2026-01-26,Equal Weighted Portfolio,0.0090456980657291,0.0276365043093254,0.0387861909887334,False,False,Historical VaR
2026-01-26,Equal Weighted Portfolio,0.0090456980657291,0.0167312794147215,0.0227826508552782,False,False,EWMA-t
2026-01-26,Equal Weighted Portfolio,0.0090456980657291,0.0184335621879471,0.0270105177965953,False,False,GARCH-t
2026-01-27,Equal Weighted Portfolio,0.0149151701749747,0.0276365043093254,0.0387861909887334,False,False,Historical VaR
2026-01-27,Equal Weighted Portfolio,0.0149151701749747,0.016607021474753,0.0226134512864869,False,False,EWMA-t
2026-01-27,Equal Weighted Portfolio,0.0149151701749747,0.0177097442535592,0.0259854788981793,False,False,GARCH-t
2026-01-28,Equal Weighted Portfolio,0.0016017431021487,0.0276365043093254,0.0387861909887334,False,False,Historical VaR
2026-01-28,Equal Weighted Portfolio,0.0016017431021487,0.0171361538028944,0.0233339602678669,False,False,EWMA-t
2026-01-28,Equal Weighted Portfolio,0.0016017431021487,0.0180029884098382,0.0264007582835587,False,False,GARCH-t
2026-01-29,Equal Weighted Portfolio,-0.0171554080801855,0.0250412196344545,0.0378370125107211,False,False,Historical VaR
2026-01-29,Equal Weighted Portfolio,-0.0171554080801855,0.0166260533431099,0.0226393666036094,True,False,EWMA-t
2026-01-29,Equal Weighted Portfolio,-0.0171554080801855,0.0169372697001967,0.0248915346511325,True,False,GARCH-t
2026-01-30,Equal Weighted Portfolio,-0.0040726913612305,0.0250412196344545,0.0378370125107211,False,False,Historical VaR
2026-01-30,Equal Weighted Portfolio,-0.0040726913612305,0.0174743449081937,0.0237944683786583,False,False,EWMA-t
2026-01-30,Equal Weighted Portfolio,-0.0040726913612305,0.0190174114372004,0.0278373392427945,False,False,GARCH-t
2026-02-02,Equal Weighted Portfolio,0.0059458729586653,0.0250412196344545,0.0378370125107211,False,False,Historical VaR
2026-02-02,Equal Weighted Portfolio,0.0059458729586653,0.0170175379471775,0.0231724434131355,False,False,EWMA-t
2026-02-02,Equal Weighted Portfolio,0.0059458729586653,0.0181661133902408,0.0266317686554659,False,False,GARCH-t
2026-02-03,Equal Weighted Portfolio,-0.0178236529324815,0.0250412196344545,0.0378370125107211,False,False,Historical VaR
2026-02-03,Equal Weighted Portfolio,-0.0178236529324815,0.0166639716671528,0.0226909992323089,True,False,EWMA-t
2026-02-03,Equal Weighted Portfolio,-0.0178236529324815,0.0172005301064516,0.025264352377806,True,False,GARCH-t
2026-02-04,Equal Weighted Portfolio,-0.0092078157720029,0.0250412196344545,0.0378370125107211,False,False,Historical VaR
2026-02-04,Equal Weighted Portfolio,-0.0092078157720029,0.0176111897403023,0.0239808072684706,False,False,EWMA-t
2026-02-04,Equal Weighted Portfolio,-0.0092078157720029,0.0194180036094052,0.0284046401335333,False,False,GARCH-t
2026-02-05,Equal Weighted Portfolio,-0.023027852015273,0.0250412196344545,0.0378370125107211,False,False,Historical VaR
2026-02-05,Equal Weighted Portfolio,-0.023027852015273,0.0174543971431376,0.0237673059031923,True,False,EWMA-t
2026-02-05,Equal Weighted Portfolio,-0.023027852015273,0.0192152504577227,0.0281175101007208,True,False,GARCH-t
2026-02-06,Equal Weighted Portfolio,0.0050631045461348,0.0250412196344545,0.0378370125107211,False,False,Historical VaR
2026-02-06,Equal Weighted Portfolio,0.0050631045461348,0.0191932517491938,0.0261350696823935,False,False,EWMA-t
2026-02-06,Equal Weighted Portfolio,0.0050631045461348,0.0225699770177449,0.0328683252632103,False,False,GARCH-t
2026-02-09,Equal Weighted Portfolio,0.0081577544207545,0.0250412196344545,0.0378370125107211,False,False,Historical VaR
2026-02-09,Equal Weighted Portfolio,0.0081577544207545,0.0187147623700158,0.0254835201987252,False,False,EWMA-t
2026-02-09,Equal Weighted Portfolio,0.0081577544207545,0.0211513209386028,0.0308592873608479,False,False,GARCH-t
2026-02-10,Equal Weighted Portfolio,-0.0076665921983901,0.0250412196344545,0.0378370125107211,False,False,Historical VaR
2026-02-10,Equal Weighted Portfolio,-0.0076665921983901,0.0184260442918195,0.0250903785262859,False,False,EWMA-t
2026-02-10,Equal Weighted Portfolio,-0.0076665921983901,0.0200585504521777,0.0293117542003525,False,False,GARCH-t
2026-02-11,Equal Weighted Portfolio,-0.0087405938748051,0.0250412196344545,0.0378370125107211,False,False,Historical VaR
2026-02-11,Equal Weighted Portfolio,-0.0087405938748051,0.0181173217029861,0.02466999710905,False,False,EWMA-t
2026-02-11,Equal Weighted Portfolio,-0.0087405938748051,0.0195313195196828,0.0285651131065361,False,False,GARCH-t
2026-02-12,Equal Weighted Portfolio,-0.0201700649948401,0.0250412196344545,0.0378370125107211,False,False,Historical VaR
2026-02-12,Equal Weighted Portfolio,-0.0201700649948401,0.0178985335485263,0.024372077624785,True,False,EWMA-t
2026-02-12,Equal Weighted Portfolio,-0.0201700649948401,0.019235624475253,0.0281463628819153,True,False,GARCH-t
2026-02-13,Equal Weighted Portfolio,-0.0122013032347548,0.0250412196344545,0.0378370125107211,False,False,Historical VaR
2026-02-13,Equal Weighted Portfolio,-0.0122013032347548,0.0190800844162282,0.0259809719728717,False,False,EWMA-t
2026-02-13,Equal Weighted Portfolio,-0.0122013032347548,0.0216883071334714,0.0316197434251457,False,False,GARCH-t
2026-02-17,Equal Weighted Portfolio,0.0067569989173789,0.0250412196344545,0.0378370125107211,False,False,Historical VaR
2026-02-17,Equal Weighted Portfolio,0.0067569989173789,0.0191109548980091,0.0260230076947501,False,False,EWMA-t
2026-02-17,Equal Weighted Portfolio,0.0067569989173789,0.0217432958663033,0.0316726082305333,False,False,GARCH-t
2026-02-18,Equal Weighted Portfolio,0.009350580328163,0.0250412196344545,0.0378370125107211,False,False,Historical VaR
2026-02-18,Equal Weighted Portfolio,0.009350580328163,0.0187183175851888,0.025488361264611,False,False,EWMA-t
2026-02-18,Equal Weighted Portfolio,0.009350580328163,0.0205058088987611,0.0299206699653295,False,False,GARCH-t
2026-02-19,Equal Weighted Portfolio,-0.0032345223316171,0.0250412196344545,0.0378370125107211,False,False,Historical VaR
2026-02-19,Equal Weighted Portfolio,-0.0032345223316171,0.0185168525251529,0.0252140302939444,False,False,EWMA-t
2026-02-19,Equal Weighted Portfolio,-0.0032345223316171,0.0196113467281484,0.0286543596569585,False,False,GARCH-t
2026-02-20,Equal Weighted Portfolio,0.0170931796089118,0.0250412196344545,0.0378370125107211,False,False,Historical VaR
2026-02-20,Equal Weighted Portfolio,0.0170931796089118,0.0179977579622149,0.0245071895380675,False,False,EWMA-t
2026-02-20,Equal Weighted Portfolio,0.0170931796089118,0.0186358443434285,0.0272733188860949,False,False,GARCH-t
2026-02-23,Equal Weighted Portfolio,-0.0100381312859666,0.0250412196344545,0.0378370125107211,False,False,Historical VaR
2026-02-23,Equal Weighted Portfolio,-0.0100381312859666,0.0186993896382904,0.0254625874552744,False,False,EWMA-t
2026-02-23,Equal Weighted Portfolio,-0.0100381312859666,0.0192614863413573,0.0281590544010853,False,False,GARCH-t
2026-02-24,Equal Weighted Portfolio,0.0109035358305598,0.0250412196344545,0.0378370125107211,False,False,Historical VaR
2026-02-24,Equal Weighted Portfolio,0.0109035358305598,0.0185545030264654,0.0252652982337515,False,False,EWMA-t
2026-02-24,Equal Weighted Portfolio,0.0109035358305598,0.0192311654749864,0.0281161284653602,False,False,GARCH-t
2026-02-25,Equal Weighted Portfolio,0.0136623156749831,0.0250412196344545,0.0378370125107211,False,False,Historical VaR
2026-02-25,Equal Weighted Portfolio,0.0136623156749831,0.0184931998697425,0.0251818229428711,False,False,EWMA-t
2026-02-25,Equal Weighted Portfolio,0.0136623156749831,0.018663988616569,0.0273131633695961,False,False,GARCH-t
2026-02-26,Equal Weighted Portfolio,-0.0176260589866041,0.0250412196344545,0.0378370125107211,False,False,Historical VaR
2026-02-26,Equal Weighted Portfolio,-0.0176260589866041,0.0187174780992905,0.0254872181533376,False,False,EWMA-t
2026-02-26,Equal Weighted Portfolio,-0.0176260589866041,0.0185984126504133,0.0272203259923961,False,False,GARCH-t
2026-02-27,Equal Weighted Portfolio,-0.0144384498210283,0.0250412196344545,0.0378370125107211,False,False,Historical VaR
2026-02-27,Equal Weighted Portfolio,-0.0144384498210283,0.0194259480635013,0.0264519276316734,False,False,EWMA-t
2026-02-27,Equal Weighted Portfolio,-0.0144384498210283,0.0204425454130572,0.0298311064189636,False,False,GARCH-t
2026-03-02,Equal Weighted Portfolio,0.004549168074571,0.0250412196344545,0.0378370125107211,False,False,Historical VaR
2026-03-02,Equal Weighted Portfolio,0.004549168074571,0.0196713908029621,0.0267861421349096,False,False,EWMA-t
2026-03-02,Equal Weighted Portfolio,0.004549168074571,0.0211345905624074,0.0308108503760277,False,False,GARCH-t
2026-03-03,Equal Weighted Portfolio,-0.0021979516403138,0.0231803712925507,0.0370591195337559,False,False,Historical VaR
2026-03-03,Equal Weighted Portfolio,-0.0021979516403138,0.019155837784816,0.0260841238302322,False,False,EWMA-t
2026-03-03,Equal Weighted Portfolio,-0.0021979516403138,0.0198422519816198,0.0289812574423926,False,False,GARCH-t
2026-03-04,Equal Weighted Portfolio,0.0106966244464308,0.0231803712925507,0.0370591195337559,False,False,Historical VaR
2026-03-04,Equal Weighted Portfolio,0.0106966244464308,0.0185923756425687,0.0253168686228574,False,False,EWMA-t
2026-03-04,Equal Weighted Portfolio,0.0106966244464308,0.0187670617313993,0.0274590863075512,False,False,GARCH-t
2026-03-05,Equal Weighted Portfolio,0.0016151519027614,0.0225321592381173,0.0360770705583079,False,False,Historical VaR
2026-03-05,Equal Weighted Portfolio,0.0016151519027614,0.0185102601787818,0.0252050536268309,False,False,EWMA-t
2026-03-05,Equal Weighted Portfolio,0.0016151519027614,0.0182266433964195,0.026694003858118,False,False,GARCH-t
2026-03-06,Equal Weighted Portfolio,-0.0160027954473354,0.0225321592381173,0.0360770705583079,False,False,Historical VaR
2026-03-06,Equal Weighted Portfolio,-0.0160027954473354,0.0179575991459197,0.0244525060755697,False,False,EWMA-t
2026-03-06,Equal Weighted Portfolio,-0.0160027954473354,0.017157399577847,0.0251802512209406,False,False,GARCH-t
2026-03-09,Equal Weighted Portfolio,0.0131089326995234,0.0225321592381173,0.0360770705583079,False,False,Historical VaR
2026-03-09,Equal Weighted Portfolio,0.0131089326995234,0.0185129478530232,0.0252087133794616,False,False,EWMA-t
2026-03-09,Equal Weighted Portfolio,0.0131089326995234,0.0188546091780153,0.0275830292061597,False,False,GARCH-t
2026-03-10,Equal Weighted Portfolio,0.0026576621985296,0.0223623941613871,0.0360770705583079,False,False,Historical VaR
2026-03-10,Equal Weighted Portfolio,0.0026576621985296,0.0186745800590519,0.0254288047440037,False,False,EWMA-t
2026-03-10,Equal Weighted Portfolio,0.0026576621985296,0.018667767704671,0.0273185135100235,False,False,GARCH-t
2026-03-11,Equal Weighted Portfolio,0.0003288641305225,0.0223623941613871,0.0360770705583079,False,False,Historical VaR
2026-03-11,Equal Weighted Portfolio,0.0003288641305225,0.018135815728483,0.024695180056233,False,False,EWMA-t
2026-03-11,Equal Weighted Portfolio,0.0003288641305225,0.0175576321028696,0.0257468694512392,False,False,GARCH-t
2026-03-12,Equal Weighted Portfolio,-0.0147842631275711,0.0210060716594842,0.0346736413491759,False,False,Historical VaR
2026-03-12,Equal Weighted Portfolio,-0.0147842631275711,0.0175838013034362,0.0239435129779908,False,False,EWMA-t
2026-03-12,Equal Weighted Portfolio,-0.0147842631275711,0.016576623051695,0.0243580327682336,False,False,GARCH-t
2026-03-13,Equal Weighted Portfolio,-0.0136365753685493,0.0210060716594842,0.0346736413491759,False,False,Historical VaR
2026-03-13,Equal Weighted Portfolio,-0.0136365753685493,0.0180122077613276,0.0245268655425113,False,False,EWMA-t
2026-03-13,Equal Weighted Portfolio,-0.0136365753685493,0.0180634418672164,0.026462955765128,False,False,GARCH-t
2026-03-16,Equal Weighted Portfolio,0.0135626398641902,0.0210060716594842,0.0346736413491759,False,False,Historical VaR
2026-03-16,Equal Weighted Portfolio,0.0135626398641902,0.0182682795441345,0.0248755534029533,False,False,EWMA-t
2026-03-16,Equal Weighted Portfolio,0.0135626398641902,0.0189775515187619,0.0277570814562578,False,False,GARCH-t
2026-03-17,Equal Weighted Portfolio,0.0059837110756584,0.0210060716594842,0.0346736413491759,False,False,Historical VaR
2026-03-17,Equal Weighted Portfolio,0.0059837110756584,0.0184973521684279,0.0251874770455163,False,False,EWMA-t
2026-03-17,Equal Weighted Portfolio,0.0059837110756584,0.0188450795026675,0.027504805501211,False,False,GARCH-t
2026-03-18,Equal Weighted Portfolio,-0.0158362840833654,0.0210060716594842,0.0346736413491759,False,False,Historical VaR
2026-03-18,Equal Weighted Portfolio,-0.0158362840833654,0.0180875611815177,0.0246294727980826,False,False,EWMA-t
2026-03-18,Equal Weighted Portfolio,-0.0158362840833654,0.0178443381689004,0.0260908221623634,False,False,GARCH-t
2026-03-19,Equal Weighted Portfolio,-0.0056680972195732,0.0210060716594842,0.0346736413491759,False,False,Historical VaR
2026-03-19,Equal Weighted Portfolio,-0.0056680972195732,0.0186094820194595,0.0253401620364955,False,False,EWMA-t
2026-03-19,Equal Weighted Portfolio,-0.0056680972195732,0.0193394023153423,0.0282032519404155,False,False,GARCH-t
2026-03-20,Equal Weighted Portfolio,-0.0188064753191062,0.0210060716594842,0.0346736413491759,False,False,Historical VaR
2026-03-20,Equal Weighted Portfolio,-0.0188064753191062,0.018179722540342,0.0247549670898457,True,False,EWMA-t
2026-03-20,Equal Weighted Portfolio,-0.0188064753191062,0.0186428870970567,0.0272191205963025,True,False,GARCH-t
2026-03-23,Equal Weighted Portfolio,0.0116185229807933,0.0210060716594842,0.0346736413491759,False,False,Historical VaR
2026-03-23,Equal Weighted Portfolio,0.0116185229807933,0.0191145699445498,0.026027930231821,False,False,EWMA-t
2026-03-23,Equal Weighted Portfolio,0.0116185229807933,0.0207920218948349,0.030255710266839,False,False,GARCH-t
2026-03-24,Equal Weighted Portfolio,-0.0150676573916419,0.0210060716594842,0.0346736413491759,False,False,Historical VaR
2026-03-24,Equal Weighted Portfolio,-0.0150676573916419,0.0190871690242949,0.0259906189429586,False,False,EWMA-t
2026-03-24,Equal Weighted Portfolio,-0.0150676573916419,0.0201469418108058,0.0293442534695005,False,False,GARCH-t
2026-03-25,Equal Weighted Portfolio,0.0084228786270874,0.0210060716594842,0.0346736413491759,False,False,Historical VaR
2026-03-25,Equal Weighted Portfolio,0.0084228786270874,0.0194311616044941,0.0264590268068897,False,False,EWMA-t
2026-03-25,Equal Weighted Portfolio,0.0084228786270874,0.0210237342218295,0.0305831049278975,False,False,GARCH-t
2026-03-26,Equal Weighted Portfolio,-0.0208982540721979,0.0210060716594842,0.0346736413491759,False,False,Historical VaR
2026-03-26,Equal Weighted Portfolio,-0.0208982540721979,0.0191281717592118,0.0260464515526812,True,False,EWMA-t
2026-03-26,Equal Weighted Portfolio,-0.0208982540721979,0.0199948481638033,0.0291293548982617,True,False,GARCH-t
2026-03-27,Equal Weighted Portfolio,-0.0254818285953553,0.0213121076297659,0.0346736413491759,True,False,Historical VaR
2026-03-27,Equal Weighted Portfolio,-0.0254818285953553,0.0202847720360774,0.0276213711768052,True,False,EWMA-t
2026-03-27,Equal Weighted Portfolio,-0.0254818285953553,0.022453646137555,0.0326034787813932,True,False,GARCH-t
2026-03-30,Equal Weighted Portfolio,-0.0021599079641434,0.0213121076297659,0.0345501087494941,False,False,Historical VaR
2026-03-30,Equal Weighted Portfolio,-0.0021599079641434,0.0220725367832674,0.0300557349237144,False,False,EWMA-t
2026-03-30,Equal Weighted Portfolio,-0.0021599079641434,0.0257350500044686,0.0372398920475269,False,False,GARCH-t
2026-03-31,Equal Weighted Portfolio,0.0405599668995297,0.0213121076297659,0.0345501087494941,False,False,Historical VaR
2026-03-31,Equal Weighted Portfolio,0.0405599668995297,0.0214169677414911,0.0291630595807172,False,False,EWMA-t
2026-03-31,Equal Weighted Portfolio,0.0405599668995297,0.0241297487713914,0.0349717043342661,False,False,GARCH-t
2026-04-01,Equal Weighted Portfolio,0.0103801608897354,0.0205922181019161,0.0336296315392114,False,False,Historical VaR
2026-04-01,Equal Weighted Portfolio,0.0103801608897354,0.0261833895007866,0.0356534014176649,False,False,EWMA-t
2026-04-01,Equal Weighted Portfolio,0.0103801608897354,0.0306663913875133,0.0442075612328769,False,False,GARCH-t
2026-04-02,Equal Weighted Portfolio,0.0032494793679423,0.0205922181019161,0.0336296315392114,False,False,Historical VaR
2026-04-02,Equal Weighted Portfolio,0.0032494793679423,0.025711828125039,0.035011285658661,False,False,EWMA-t
2026-04-02,Equal Weighted Portfolio,0.0032494793679423,0.028896523862154,0.0417068519003212,False,False,GARCH-t
2026-04-06,Equal Weighted Portfolio,0.0073216566990209,0.0205922181019161,0.0336296315392114,False,False,Historical VaR
2026-04-06,Equal Weighted Portfolio,0.0073216566990209,0.0249612722143245,0.0339892685829,False,False,EWMA-t
2026-04-06,Equal Weighted Portfolio,0.0073216566990209,0.0269276307300457,0.0389249321465994,False,False,GARCH-t
2026-04-07,Equal Weighted Portfolio,0.0011941895067028,0.0205922181019161,0.0336296315392114,False,False,Historical VaR
2026-04-07,Equal Weighted Portfolio,0.0011941895067028,0.0243715220653867,0.0331862175189582,False,False,EWMA-t
2026-04-07,Equal Weighted Portfolio,0.0011941895067028,0.0252689130083633,0.0365812703599103,False,False,GARCH-t
2026-04-08,Equal Weighted Portfolio,0.0239373460483703,0.020247357013057,0.0302226952703017,False,False,Historical VaR
2026-04-08,Equal Weighted Portfolio,0.0239373460483703,0.0236337334515026,0.0321815854177017,False,False,EWMA-t
2026-04-08,Equal Weighted Portfolio,0.0239373460483703,0.0235971160502423,0.034219128450751,False,False,GARCH-t
2026-04-09,Equal Weighted Portfolio,0.0148099874415061,0.0194200906731864,0.0278419204840711,False,False,Historical VaR
2026-04-09,Equal Weighted Portfolio,0.0148099874415061,0.0247719589028352,0.033731484406866,False,False,EWMA-t
2026-04-09,Equal Weighted Portfolio,0.0148099874415061,0.0249895446757531,0.0361865408185357,False,False,GARCH-t
2026-04-10,Equal Weighted Portfolio,0.007583750361822,0.0194200906731864,0.0278419204840711,False,False,Historical VaR
2026-04-10,Equal Weighted Portfolio,0.007583750361822,0.0247133495011363,0.0336516771486974,False,False,EWMA-t
2026-04-10,Equal Weighted Portfolio,0.007583750361822,0.0243147446097789,0.0352330915923015,False,False,GARCH-t
2026-04-13,Equal Weighted Portfolio,0.0104960625768359,0.0185084689553952,0.0274911275284211,False,False,Historical VaR
2026-04-13,Equal Weighted Portfolio,0.0104960625768359,0.0241453655670778,0.032878264707227,False,False,EWMA-t
2026-04-13,Equal Weighted Portfolio,0.0104960625768359,0.0229063718886764,0.0332431512397529,False,False,GARCH-t
2026-04-14,Equal Weighted Portfolio,0.0266044141588726,0.0185084689553952,0.0274911275284211,False,False,Historical VaR
2026-04-14,Equal Weighted Portfolio,0.0266044141588726,0.023770892762083,0.0323683525266028,False,False,EWMA-t
2026-04-14,Equal Weighted Portfolio,0.0266044141588726,0.0218942426343287,0.0318130774992983,False,False,GARCH-t
2026-04-15,Equal Weighted Portfolio,0.0194240322080639,0.0180220996179719,0.0256352310540615,False,False,Historical VaR
2026-04-15,Equal Weighted Portfolio,0.0194240322080639,0.025310223322288,0.0344644283755993,False,False,EWMA-t
2026-04-15,Equal Weighted Portfolio,0.0194240322080639,0.0243740051172561,0.0352735283597368,False,False,GARCH-t
2026-04-16,Equal Weighted Portfolio,0.0015484419718741,0.0180220996179719,0.0256352310540615,False,False,Historical VaR
2026-04-16,Equal Weighted Portfolio,0.0015484419718741,0.02570051775671,0.0349958845547587,False,False,EWMA-t
2026-04-16,Equal Weighted Portfolio,0.0015484419718741,0.024604108183467,0.0355982454551822,False,False,GARCH-t
2026-04-17,Equal Weighted Portfolio,0.0144213162021115,0.0180220996179719,0.0256352310540615,False,False,Historical VaR
2026-04-17,Equal Weighted Portfolio,0.0144213162021115,0.0249250155264941,0.0339398985712269,False,False,EWMA-t
2026-04-17,Equal Weighted Portfolio,0.0144213162021115,0.0229860896122335,0.0333149282465973,False,False,GARCH-t
2026-04-20,Equal Weighted Portfolio,-0.0039458897434463,0.0180220996179719,0.0256352310540615,False,False,Historical VaR
2026-04-20,Equal Weighted Portfolio,-0.0039458897434463,0.0248222229852465,0.033799928009519,False,False,EWMA-t
2026-04-20,Equal Weighted Portfolio,-0.0039458897434463,0.0224929602956136,0.0326190334807929,False,False,GARCH-t
2026-04-21,Equal Weighted Portfolio,-0.005910430135328,0.017714976262249,0.0240280490334105,False,False,Historical VaR
2026-04-21,Equal Weighted Portfolio,-0.005910430135328,0.024116010952983,0.0328382931122679,False,False,EWMA-t
2026-04-21,Equal Weighted Portfolio,-0.005910430135328,0.0213036146040242,0.0309406513331195,False,False,GARCH-t
2026-04-22,Equal Weighted Portfolio,0.0207671896353048,0.017714976262249,0.0240280490334105,False,False,Historical VaR
2026-04-22,Equal Weighted Portfolio,0.0207671896353048,0.0234965791319047,0.0319948251049224,False,False,EWMA-t
2026-04-22,Equal Weighted Portfolio,0.0207671896353048,0.020425345813884,0.0297012550258438,False,False,GARCH-t
2026-04-23,Equal Weighted Portfolio,-0.0107740371403301,0.0173943167329152,0.0232064227171398,False,False,Historical VaR
2026-04-23,Equal Weighted Portfolio,-0.0107740371403301,0.0242003643288693,0.0329531554287499,False,False,EWMA-t
2026-04-23,Equal Weighted Portfolio,-0.0107740371403301,0.0216046445613296,0.0313654591159442,False,False,GARCH-t
2026-04-24,Equal Weighted Portfolio,0.020871213959562,0.0173943167329152,0.0232064227171398,False,False,Historical VaR
2026-04-24,Equal Weighted Portfolio,0.020871213959562,0.0238425899072386,0.0324659811050822,False,False,EWMA-t
2026-04-24,Equal Weighted Portfolio,0.020871213959562,0.0213898423577286,0.0310623343084519,False,False,GARCH-t
2026-04-27,Equal Weighted Portfolio,0.0070054891840445,0.0173943167329152,0.0232064227171398,False,False,Historical VaR
2026-04-27,Equal Weighted Portfolio,0.0070054891840445,0.024530073896776,0.0334021143985376,False,False,EWMA-t
2026-04-27,Equal Weighted Portfolio,0.0070054891840445,0.0224217794288753,0.0325185843877879,False,False,GARCH-t
2026-04-28,Equal Weighted Portfolio,-0.0004467588496201,0.0173943167329152,0.0232064227171398,False,False,Historical VaR
2026-04-28,Equal Weighted Portfolio,-0.0004467588496201,0.0239418136346828,0.0326010920839194,False,False,EWMA-t
2026-04-28,Equal Weighted Portfolio,-0.0004467588496201,0.0211495945205206,0.0307233011040282,False,False,GARCH-t
2026-04-29,Equal Weighted Portfolio,-0.0038457240128495,0.0173943167329152,0.0232064227171398,False,False,Historical VaR
2026-04-29,Equal Weighted Portfolio,-0.0038457240128495,0.0232131143840101,0.031608836788011,False,False,EWMA-t
2026-04-29,Equal Weighted Portfolio,-0.0038457240128495,0.0198744792368725,0.0289238825300722,False,False,GARCH-t
2026-04-30,Equal Weighted Portfolio,0.0052397859474515,0.0173943167329152,0.0232064227171398,False,False,Historical VaR
2026-04-30,Equal Weighted Portfolio,0.0052397859474515,0.0225567032794732,0.030715014824878,False,False,EWMA-t
2026-04-30,Equal Weighted Portfolio,0.0052397859474515,0.0189348599363105,0.027597909542719,False,False,GARCH-t
2026-05-01,Equal Weighted Portfolio,0.0117075876575145,0.0173943167329152,0.0232064227171398,False,False,Historical VaR
2026-05-01,Equal Weighted Portfolio,0.0117075876575145,0.0219663912487713,0.0299111986576985,False,False,EWMA-t
2026-05-01,Equal Weighted Portfolio,0.0117075876575145,0.0178865202092603,0.0261185123455706,False,False,GARCH-t
2026-05-06,Equal Weighted Portfolio,0.0276344390083686,0.0173943167329152,0.0232064227171398,False,False,Historical VaR
2026-05-06,Equal Weighted Portfolio,0.0276344390083686,0.0217891606889351,0.0296698673245978,False,False,EWMA-t
2026-05-06,Equal Weighted Portfolio,0.0276344390083686,0.0176069820881754,0.0257240334355777,False,False,GARCH-t
2026-05-07,Equal Weighted Portfolio,0.0040759079554998,0.0173943167329152,0.0232064227171398,False,False,Historical VaR
2026-05-07,Equal Weighted Portfolio,0.0040759079554998,0.0237566062592467,0.0323488988794551,False,False,EWMA-t
2026-05-07,Equal Weighted Portfolio,0.0040759079554998,0.0214633054361915,0.0311660040154826,False,False,GARCH-t
2026-05-08,Equal Weighted Portfolio,0.0069036378896258,0.0173943167329152,0.0232064227171398,False,False,Historical VaR
2026-05-08,Equal Weighted Portfolio,0.0069036378896258,0.0230885869080997,0.0314392701974812,False,False,EWMA-t
2026-05-08,Equal Weighted Portfolio,0.0069036378896258,0.0201395452174953,0.029297938629135,False,False,GARCH-t
2026-05-11,Equal Weighted Portfolio,-0.0055657228733922,0.0173943167329152,0.0232064227171398,False,False,Historical VaR
2026-05-11,Equal Weighted Portfolio,-0.0055657228733922,0.0225492391061805,0.030704851008362,False,False,EWMA-t
2026-05-11,Equal Weighted Portfolio,-0.0055657228733922,0.019076387606203,0.0277976307139724,False,False,GARCH-t
2026-05-12,Equal Weighted Portfolio,-0.0035824291421401,0.0173943167329152,0.0232064227171398,False,False,Historical VaR
2026-05-12,Equal Weighted Portfolio,-0.0035824291421401,0.0219715840428937,0.0299182695823135,False,False,EWMA-t
2026-05-12,Equal Weighted Portfolio,-0.0035824291421401,0.0184005540629565,0.0268439071987614,False,False,GARCH-t
2026-05-13,Equal Weighted Portfolio,0.0172538783545922,0.0173943167329152,0.0232064227171398,False,False,Historical VaR
2026-05-13,Equal Weighted Portfolio,0.0172538783545922,0.0213487734931148,0.0290702008272062,False,False,EWMA-t
2026-05-13,Equal Weighted Portfolio,0.0172538783545922,0.0175886672762141,0.0256981879192983,False,False,GARCH-t
2026-05-14,Equal Weighted Portfolio,0.0073259538792958,0.0173943167329152,0.0232064227171398,False,False,Historical VaR
2026-05-14,Equal Weighted Portfolio,0.0073259538792958,0.0217821145905223,0.0296602727923418,False,False,EWMA-t
2026-05-14,Equal Weighted Portfolio,0.0073259538792958,0.0184291334569814,0.0268842378991304,False,False,GARCH-t
2026-05-15,Equal Weighted Portfolio,-0.0056282335859957,0.0173943167329152,0.0232064227171398,False,False,Historical VaR
2026-05-15,Equal Weighted Portfolio,-0.0056282335859957,0.0213141385629274,0.0290230391307036,False,False,EWMA-t
2026-05-15,Equal Weighted Portfolio,-0.0056282335859957,0.0175000773706283,0.025576731346668,False,False,GARCH-t
2026-05-18,Equal Weighted Portfolio,-0.0001878110989241,0.0173943167329152,0.0232064227171398,False,False,Historical VaR
2026-05-18,Equal Weighted Portfolio,-0.0001878110989241,0.0207830116864255,0.0282998142124376,False,False,EWMA-t
2026-05-18,Equal Weighted Portfolio,-0.0001878110989241,0.0170141546790557,0.0248912924142816,False,False,GARCH-t
2026-05-19,Equal Weighted Portfolio,-0.0106062586166922,0.0173943167329152,0.0232064227171398,False,False,Historical VaR
2026-05-19,Equal Weighted Portfolio,-0.0106062586166922,0.0201500127788967,0.0274378721729477,False,False,EWMA-t
2026-05-19,Equal Weighted Portfolio,-0.0106062586166922,0.0161184329595788,0.0236277940229499,False,False,GARCH-t
2026-05-20,Equal Weighted Portfolio,-0.0036347169228688,0.0173943167329152,0.0232064227171398,False,False,Historical VaR
2026-05-20,Equal Weighted Portfolio,-0.0036347169228688,0.0199764317211894,0.027201510294408,False,False,EWMA-t
2026-05-20,Equal Weighted Portfolio,-0.0036347169228688,0.0166703725290128,0.0244063558719351,False,False,GARCH-t
2026-05-21,Equal Weighted Portfolio,0.0008665416026868,0.0173943167329152,0.0232064227171398,False,False,Historical VaR
2026-05-21,Equal Weighted Portfolio,0.0008665416026868,0.0194205398177315,0.0264445633308295,False,False,EWMA-t
2026-05-21,Equal Weighted Portfolio,0.0008665416026868,0.0160515787384687,0.0235334899561961,False,False,GARCH-t
2026-05-22,Equal Weighted Portfolio,0.0035503357385167,0.0173943167329152,0.0232064227171398,False,False,Historical VaR
2026-05-22,Equal Weighted Portfolio,0.0035503357385167,0.0188319952531042,0.0256431538870976,False,False,EWMA-t
2026-05-22,Equal Weighted Portfolio,0.0035503357385167,0.0152155156329952,0.0223541455617849,False,False,GARCH-t
2026-05-26,Equal Weighted Portfolio,0.0048114002564965,0.0173943167329152,0.0232064227171398,False,False,Historical VaR
2026-05-26,Equal Weighted Portfolio,0.0048114002564965,0.0183115989775815,0.0249345406150492,False,False,EWMA-t
2026-05-26,Equal Weighted Portfolio,0.0048114002564965,0.0144639384845274,0.0212939764295623,False,False,GARCH-t
2026-05-27,Equal Weighted Portfolio,-0.0026518202482955,0.0173943167329152,0.0232064227171398,False,False,Historical VaR
2026-05-27,Equal Weighted Portfolio,-0.0026518202482955,0.017854290591879,0.0243118328694908,False,False,EWMA-t
2026-05-27,Equal Weighted Portfolio,-0.0026518202482955,0.0138381769404149,0.0204112818524953,False,False,GARCH-t
2026-05-28,Equal Weighted Portfolio,0.0052806151105338,0.0173943167329152,0.0232064227171398,False,False,Historical VaR
2026-05-28,Equal Weighted Portfolio,0.0052806151105338,0.0173417594982807,0.0236139294594473,False,False,EWMA-t
2026-05-28,Equal Weighted Portfolio,0.0052806151105338,0.0134432946081985,0.019854263773474,False,False,GARCH-t
2026-05-29,Equal Weighted Portfolio,0.007554359148382,0.0173943167329152,0.0232064227171398,False,False,Historical VaR
2026-05-29,Equal Weighted Portfolio,0.007554359148382,0.0169412108101951,0.0230685102667485,False,False,EWMA-t
2026-05-29,Equal Weighted Portfolio,0.007554359148382,0.0129551072615881,0.0191656303355453,False,False,GARCH-t
2026-06-01,Equal Weighted Portfolio,0.0032686906656119,0.0173943167329152,0.0232064227171398,False,False,Historical VaR
2026-06-01,Equal Weighted Portfolio,0.0032686906656119,0.0166916013277918,0.022728621992409,False,False,EWMA-t
2026-06-01,Equal Weighted Portfolio,0.0032686906656119,0.0127262345456277,0.0188427841857339,False,False,GARCH-t
2026-06-02,Equal Weighted Portfolio,-0.0046674685486801,0.0173943167329152,0.0232064227171398,False,False,Historical VaR
2026-06-02,Equal Weighted Portfolio,-0.0046674685486801,0.0162340764353971,0.0221056194339881,False,False,EWMA-t
2026-06-02,Equal Weighted Portfolio,-0.0046674685486801,0.012227249058319,0.0181389189708983,False,False,GARCH-t
2026-06-03,Equal Weighted Portfolio,-0.0298887852430219,0.0173943167329152,0.0232064227171398,True,True,Historical VaR
2026-06-03,Equal Weighted Portfolio,-0.0298887852430219,0.0158461811678872,0.0215774301527597,True,True,EWMA-t
2026-06-03,Equal Weighted Portfolio,-0.0298887852430219,0.0122855980271471,0.0182212255920812,True,True,GARCH-t
2026-06-04,Equal Weighted Portfolio,0.0049820567261827,0.017714976262249,0.0241497093522489,False,False,Historical VaR
2026-06-04,Equal Weighted Portfolio,0.0049820567261827,0.0193438335145336,0.026340113881338,False,False,EWMA-t
2026-06-04,Equal Weighted Portfolio,0.0049820567261827,0.0205831921467311,0.0299257501046052,False,False,GARCH-t
2026-06-05,Equal Weighted Portfolio,-0.0210522767969608,0.017714976262249,0.0241497093522489,True,False,Historical VaR
2026-06-05,Equal Weighted Portfolio,-0.0210522767969608,0.0188565965461931,0.0256766529792554,True,False,EWMA-t
2026-06-05,Equal Weighted Portfolio,-0.0210522767969608,0.0193723136920345,0.0282176939680399,True,False,GARCH-t
2026-06-08,Equal Weighted Portfolio,0.0036173107677326,0.0180220996179719,0.0243980650341319,False,False,Historical VaR
2026-06-08,Equal Weighted Portfolio,0.0036173107677326,0.0200692400776268,0.02732788558997,False,False,EWMA-t
2026-06-08,Equal Weighted Portfolio,0.0036173107677326,0.0220031661113694,0.0319287548113584,False,False,GARCH-t
2026-06-09,Equal Weighted Portfolio,-0.0055652980933659,0.0180220996179719,0.0243980650341319,False,False,Historical VaR
2026-06-09,Equal Weighted Portfolio,-0.0055652980933659,0.0195097776734206,0.0265660767464413,False,False,EWMA-t
2026-06-09,Equal Weighted Portfolio,-0.0055652980933659,0.0206252426584597,0.0299850662435002,False,False,GARCH-t
2026-06-10,Equal Weighted Portfolio,-0.0208427516983765,0.0180220996179719,0.0243980650341319,True,False,Historical VaR
2026-06-10,Equal Weighted Portfolio,-0.0208427516983765,0.019041618112152,0.0259285931706451,True,False,EWMA-t
2026-06-10,Equal Weighted Portfolio,-0.0208427516983765,0.0197842689471169,0.0287987949849955,True,False,GARCH-t
2026-06-11,Equal Weighted Portfolio,-0.0289515466374678,0.0185084689553952,0.024596380890399,True,True,Historical VaR
2026-06-11,Equal Weighted Portfolio,-0.0289515466374678,0.0201992128872532,0.0275048669832634,True,True,EWMA-t
2026-06-11,Equal Weighted Portfolio,-0.0289515466374678,0.0222581700255015,0.0322884614348367,True,False,GARCH-t
2026-06-12,Equal Weighted Portfolio,0.0194314284270398,0.0194200906731864,0.0253767709918114,False,False,Historical VaR
2026-06-12,Equal Weighted Portfolio,0.0194314284270398,0.0226527720298399,0.0308458297340943,False,False,EWMA-t
2026-06-12,Equal Weighted Portfolio,0.0194314284270398,0.0266923204837638,0.0385432410713168,False,False,GARCH-t
2026-06-15,Equal Weighted Portfolio,0.0291371701406882,0.0194200906731864,0.0253767709918114,False,False,Historical VaR
2026-06-15,Equal Weighted Portfolio,0.0291371701406882,0.0232540166466855,0.031664532586678,False,False,EWMA-t
2026-06-15,Equal Weighted Portfolio,0.0291371701406882,0.0267220452074416,0.0386313758942655,False,False,GARCH-t
2026-06-16,Equal Weighted Portfolio,-0.0045568508447308,0.0194200906731864,0.0253767709918114,False,False,Historical VaR
2026-06-16,Equal Weighted Portfolio,-0.0045568508447308,0.0252901593623951,0.0344371076799321,False,False,EWMA-t
2026-06-16,Equal Weighted Portfolio,-0.0045568508447308,0.0289095595483902,0.041721665304642,False,False,GARCH-t
2026-06-17,Equal Weighted Portfolio,-0.0106480572346534,0.0194200906731864,0.0253767709918114,False,False,Historical VaR
2026-06-17,Equal Weighted Portfolio,-0.0106480572346534,0.0245851128073327,0.0334770597898364,False,False,EWMA-t
2026-06-17,Equal Weighted Portfolio,-0.0106480572346534,0.0271590450412219,0.0392487231424129,False,False,GARCH-t
2026-06-18,Equal Weighted Portfolio,0.0007915726720024,0.0194200906731864,0.0253767709918114,False,False,Historical VaR
2026-06-18,Equal Weighted Portfolio,0.0007915726720024,0.0242011503960801,0.0329542258008576,False,False,EWMA-t
2026-06-18,Equal Weighted Portfolio,0.0007915726720024,0.0262420464496023,0.0379532843039259,False,False,GARCH-t
2026-06-22,Equal Weighted Portfolio,-0.0256204029066091,0.0194200906731864,0.0253767709918114,True,True,Historical VaR
2026-06-22,Equal Weighted Portfolio,-0.0256204029066091,0.0234659505855168,0.0319531188216631,True,False,EWMA-t
2026-06-22,Equal Weighted Portfolio,-0.0256204029066091,0.0244793449328222,0.0354631256206242,True,False,GARCH-t
2026-06-23,Equal Weighted Portfolio,-0.0020803515252316,0.020247357013057,0.0257960277542551,False,False,Historical VaR
2026-06-23,Equal Weighted Portfolio,-0.0020803515252316,0.0248821242073136,0.0338814943138244,False,False,EWMA-t
2026-06-23,Equal Weighted Portfolio,-0.0020803515252316,0.0273624155687391,0.0395360235617998,False,False,GARCH-t
2026-06-24,Equal Weighted Portfolio,-0.0012666501669883,0.020247357013057,0.0257960277542551,False,False,Historical VaR
2026-06-24,Equal Weighted Portfolio,-0.0012666501669883,0.0241379819281259,0.0328682105527232,False,False,EWMA-t
2026-06-24,Equal Weighted Portfolio,-0.0012666501669883,0.025597549745743,0.0370428073750773,False,False,GARCH-t
2026-06-25,Equal Weighted Portfolio,-0.0432633998685055,0.020247357013057,0.0257960277542551,True,True,Historical VaR
2026-06-25,Equal Weighted Portfolio,-0.0432633998685055,0.0234079420410403,0.0318741297388397,True,True,EWMA-t
2026-06-25,Equal Weighted Portfolio,-0.0432633998685055,0.023949161605079,0.0347141385659507,True,True,GARCH-t
2026-06-26,Equal Weighted Portfolio,0.0150300118016803,0.0205672420336965,0.0275592258183462,False,False,Historical VaR
2026-06-26,Equal Weighted Portfolio,0.0150300118016803,0.028363782414374,0.0386223991402108,False,False,EWMA-t
2026-06-26,Equal Weighted Portfolio,0.0150300118016803,0.0333270123640009,0.0479621764644454,False,False,GARCH-t
2026-06-29,Equal Weighted Portfolio,0.0150545129509216,0.0205672420336965,0.0275592258183462,False,False,Historical VaR
2026-06-29,Equal Weighted Portfolio,0.0150545129509216,0.0281277071179857,0.0383009400981461,False,False,EWMA-t
2026-06-29,Equal Weighted Portfolio,0.0150545129509216,0.0317641908151342,0.0457543871062843,False,False,GARCH-t
2026-06-30,Equal Weighted Portfolio,0.0127440774651426,0.0205672420336965,0.0275592258183462,False,False,Historical VaR
2026-06-30,Equal Weighted Portfolio,0.0127440774651426,0.0279060177263082,0.0379990700567874,False,False,EWMA-t
2026-06-30,Equal Weighted Portfolio,0.0127440774651426,0.0303653199279532,0.0437782099410801,False,False,GARCH-t
2026-07-01,Equal Weighted Portfolio,0.0123987641436944,0.0205672420336965,0.0275592258183462,False,False,Historical VaR
2026-07-01,Equal Weighted Portfolio,0.0123987641436944,0.02751611977748,0.037468153764186,False,False,EWMA-t
2026-07-01,Equal Weighted Portfolio,0.0123987641436944,0.028835613207441,0.0416172017177783,False,False,GARCH-t
2026-07-02,Equal Weighted Portfolio,0.0099767312203947,0.0205672420336965,0.0275592258183462,False,False,Historical VaR
2026-07-02,Equal Weighted Portfolio,0.0099767312203947,0.0271197672415819,0.0369284483885752,False,False,EWMA-t
2026-07-02,Equal Weighted Portfolio,0.0099767312203947,0.0274201220087179,0.039617545130385,False,False,GARCH-t
2026-07-06,Equal Weighted Portfolio,0.0015599461313399,0.0205672420336965,0.0275592258183462,False,False,Historical VaR
2026-07-06,Equal Weighted Portfolio,0.0015599461313399,0.0265846810422585,0.0361998321390649,False,False,EWMA-t
2026-07-06,Equal Weighted Portfolio,0.0015599461313399,0.0258999006192912,0.0374699367818446,False,False,GARCH-t
2026-07-07,Equal Weighted Portfolio,0.0079967066222783,0.0205672420336965,0.0275592258183462,False,False,Historical VaR
2026-07-07,Equal Weighted Portfolio,0.0079967066222783,0.0257821035389878,0.035106978293995,False,False,EWMA-t
2026-07-07,Equal Weighted Portfolio,0.0079967066222783,0.0241571796411746,0.035008004495001,False,False,GARCH-t
2026-07-08,Equal Weighted Portfolio,0.0016112388931572,0.0205672420336965,0.0275592258183462,False,False,Historical VaR
2026-07-08,Equal Weighted Portfolio,0.0016112388931572,0.0251937064296286,0.0343057696371728,False,False,EWMA-t
2026-07-08,Equal Weighted Portfolio,0.0016112388931572,0.0227813125491861,0.0330643246640318,False,False,GARCH-t
2026-07-09,Equal Weighted Portfolio,0.0024557490858037,0.0205672420336965,0.0275592258183462,False,False,Historical VaR
2026-07-09,Equal Weighted Portfolio,0.0024557490858037,0.0244344212087251,0.0332718660331128,False,False,EWMA-t
2026-07-09,Equal Weighted Portfolio,0.0024557490858037,0.0213054695872458,0.0309794094745456,False,False,GARCH-t
2026-07-10,Equal Weighted Portfolio,0.0058281056202494,0.0205672420336965,0.0275592258183462,False,False,Historical VaR
2026-07-10,Equal Weighted Portfolio,0.0058281056202494,0.0237097256066558,0.0322850624259855,False,False,EWMA-t
2026-07-10,Equal Weighted Portfolio,0.0058281056202494,0.019958336837633,0.0290763224901217,False,False,GARCH-t
2026-07-13,Equal Weighted Portfolio,-0.0035730422304603,0.0205672420336965,0.0275592258183462,False,False,Historical VaR
2026-07-13,Equal Weighted Portfolio,-0.0035730422304603,0.0231014014003859,0.0314567194371005,False,False,EWMA-t
2026-07-13,Equal Weighted Portfolio,-0.0035730422304603,0.018835335233028,0.0274898643345872,False,False,GARCH-t
2026-07-14,Equal Weighted Portfolio,0.0074265093323011,0.0205672420336965,0.0275592258183462,False,False,Historical VaR
2026-07-14,Equal Weighted Portfolio,0.0074265093323011,0.0224416694895009,0.0305583755979226,False,False,EWMA-t
2026-07-14,Equal Weighted Portfolio,0.0074265093323011,0.0179714055803329,0.0262693956925959,False,False,GARCH-t
2026-07-15,Equal Weighted Portfolio,0.027495065670155,0.0205672420336965,0.0275592258183462,False,False,Historical VaR
2026-07-15,Equal Weighted Portfolio,0.027495065670155,0.0219531282220901,0.0298931386577026,False,False,EWMA-t
2026-07-15,Equal Weighted Portfolio,0.027495065670155,0.0170492717001291,0.0250123043770248,False,False,GARCH-t
2026-07-16,Equal Weighted Portfolio,-0.0113541653306499,0.0205672420336965,0.0275592258183462,False,False,Historical VaR
2026-07-16,Equal Weighted Portfolio,-0.0113541653306499,0.0238732089673072,0.0325076744710089,False,False,EWMA-t
2026-07-16,Equal Weighted Portfolio,-0.0113541653306499,0.0210696045862371,0.0307006189116794,False,False,GARCH-t
2026-07-17,Equal Weighted Portfolio,-0.0142440982149736,0.0205672420336965,0.0275592258183462,False,False,Historical VaR
2026-07-17,Equal Weighted Portfolio,-0.0142440982149736,0.023572662080964,0.0320984257454648,False,False,EWMA-t
2026-07-17,Equal Weighted Portfolio,-0.0142440982149736,0.0210275121236415,0.030641062856605,False,False,GARCH-t
2026-07-20,Equal Weighted Portfolio,0.0057465548981072,0.0205672420336965,0.0275592258183462,False,False,Historical VaR
2026-07-20,Equal Weighted Portfolio,0.0057465548981072,0.0235309651940186,0.0320416479227124,False,False,EWMA-t
2026-07-20,Equal Weighted Portfolio,0.0057465548981072,0.0215838340315648,0.0314281951872937,False,False,GARCH-t
2026-07-21,Equal Weighted Portfolio,-0.002508082250751,0.0205672420336965,0.0275592258183462,False,False,Historical VaR
2026-07-21,Equal Weighted Portfolio,-0.002508082250751,0.0229257649047607,0.031217558709574,False,False,EWMA-t
2026-07-21,Equal Weighted Portfolio,-0.002508082250751,0.0202881788168915,0.0295949901770833,False,False,GARCH-t
2026-07-22,Equal Weighted Portfolio,-0.0049066417593261,0.0205672420336965,0.0275592258183462,False,False,Historical VaR
2026-07-22,Equal Weighted Portfolio,-0.0049066417593261,0.0222492254164613,0.0302963283260702,False,False,EWMA-t
2026-07-22,Equal Weighted Portfolio,-0.0049066417593261,0.0191807873520592,0.0280281569959992,False,False,GARCH-t
2026-07-23,Equal Weighted Portfolio,-0.0331242538150567,0.0205672420336965,0.0275592258183462,True,True,Historical VaR
2026-07-23,Equal Weighted Portfolio,-0.0331242538150567,0.0216575482436088,0.0294906532719391,True,True,EWMA-t
2026-07-23,Equal Weighted Portfolio,-0.0331242538150567,0.0184048235362618,0.0269302563054821,True,True,GARCH-t
2026-07-24,Equal Weighted Portfolio,0.0044313060241574,0.0208677277665962,0.0285039567503985,False,False,Historical VaR
2026-07-24,Equal Weighted Portfolio,0.0044313060241574,0.0247099782131261,0.0336470865327757,False,False,EWMA-t
2026-07-24,Equal Weighted Portfolio,0.0044313060241574,0.0257536468313551,0.0373280068267218,False,False,GARCH-t
2026-07-27,Equal Weighted Portfolio,0.0002931362545896,0.0208677277665962,0.0285039567503985,False,False,Historical VaR
2026-07-27,Equal Weighted Portfolio,0.0002931362545896,0.024020505431883,0.0327082451411571,False,False,EWMA-t
2026-07-27,Equal Weighted Portfolio,0.0002931362545896,0.0240313225685901,0.0348911135607122,False,False,GARCH-t
2026-07-28,Equal Weighted Portfolio,0.0078100350889006,0.0208677277665962,0.0285039567503985,False,False,Historical VaR
2026-07-28,Equal Weighted Portfolio,0.0078100350889006,0.0232890293617314,0.0317122087053188,False,False,EWMA-t
2026-07-28,Equal Weighted Portfolio,0.0078100350889006,0.0224481781138024,0.0326511439194558,False,False,GARCH-t
2026-07-29,Equal Weighted Portfolio,-0.0113935394339578,0.0208677277665962,0.0285039567503985,False,False,Historical VaR
2026-07-29,Equal Weighted Portfolio,-0.0113935394339578,0.0227874712977305,0.031029247051727,False,False,EWMA-t
2026-07-29,Equal Weighted Portfolio,-0.0113935394339578,0.021204097023204,0.0308909104386928,False,False,GARCH-t
2026-07-30,Equal Weighted Portfolio,0.040063345220902,0.0208677277665962,0.0285039567503985,False,False,Historical VaR
2026-07-30,Equal Weighted Portfolio,0.040063345220902,0.0225430105314921,0.0306963696819233,False,False,EWMA-t
2026-07-30,Equal Weighted Portfolio,0.040063345220902,0.0211503428945378,0.030814854450283,False,False,GARCH-t
2026-07-31,Equal Weighted Portfolio,0.0415949181170369,0.0208677277665962,0.0285039567503985,False,False,Historical VaR
2026-07-31,Equal Weighted Portfolio,0.0415949181170369,0.0269426959674648,0.0366873339516745,False,False,EWMA-t
2026-07-31,Equal Weighted Portfolio,0.0415949181170369,0.0285770085671237,0.0413227430968587,False,False,GARCH-t
2026-08-03,Equal Weighted Portfolio,0.0302145259677516,0.0208677277665962,0.0285039567503985,False,False,Historical VaR
2026-08-03,Equal Weighted Portfolio,0.0302145259677516,0.0308205711883159,0.0419677596159097,False,False,EWMA-t
2026-08-03,Equal Weighted Portfolio,0.0302145259677516,0.0342643489940354,0.0493696840170294,False,False,GARCH-t
2026-08-04,Equal Weighted Portfolio,0.0080734055164634,0.0208677277665962,0.0285039567503985,False,False,Historical VaR
2026-08-04,Equal Weighted Portfolio,0.0080734055164634,0.0321572587217273,0.0437879004803029,False,False,EWMA-t
2026-08-04,Equal Weighted Portfolio,0.0080734055164634,0.0353481005415896,0.0509030693994212,False,False,GARCH-t
2026-08-05,Equal Weighted Portfolio,-0.0058027122988788,0.0208677277665962,0.0285039567503985,False,False,Historical VaR
2026-08-05,Equal Weighted Portfolio,-0.0058027122988788,0.0313388501741637,0.0426734898166622,False,False,EWMA-t
2026-08-05,Equal Weighted Portfolio,-0.0058027122988788,0.0329599177744811,0.0475240619564067,False,False,GARCH-t
2026-08-06,Equal Weighted Portfolio,0.0035491474060749,0.0208677277665962,0.0285039567503985,False,False,Historical VaR
2026-08-06,Equal Weighted Portfolio,0.0035491474060749,0.0304697090410959,0.0414899975990126,False,False,EWMA-t
2026-08-06,Equal Weighted Portfolio,0.0035491474060749,0.0309126716313498,0.0446274411237814,False,False,GARCH-t
2026-08-07,Equal Weighted Portfolio,0.0050442082911193,0.0205672420336965,0.0275884644022943,False,False,Historical VaR
2026-08-07,Equal Weighted Portfolio,0.0050442082911193,0.0295744303219949,0.0402709143496173,False,False,EWMA-t
2026-08-07,Equal Weighted Portfolio,0.0050442082911193,0.0287351770561306,0.0415465335491498,False,False,GARCH-t
2026-08-10,Equal Weighted Portfolio,-0.0025609723570299,0.0205672420336965,0.0275884644022943,False,False,Historical VaR
2026-08-10,Equal Weighted Portfolio,-0.0025609723570299,0.0287420049835353,0.0391374173002211,False,False,EWMA-t
2026-08-10,Equal Weighted Portfolio,-0.0025609723570299,0.0267750873198222,0.0387732291357772,False,False,GARCH-t
2026-08-11,Equal Weighted Portfolio,-0.0145111109136003,0.0205672420336965,0.0275884644022943,False,False,Historical VaR
2026-08-11,Equal Weighted Portfolio,-0.0145111109136003,0.0278845999894665,0.0379699059499381,False,False,EWMA-t
2026-08-11,Equal Weighted Portfolio,-0.0145111109136003,0.0250645313111754,0.0363529866130875,False,False,GARCH-t
2026-08-12,Equal Weighted Portfolio,-0.0042354126919028,0.0205672420336965,0.0275884644022943,False,False,Historical VaR
2026-08-12,Equal Weighted Portfolio,-0.0042354126919028,0.0276308045341924,0.0376243177194841,False,False,EWMA-t
2026-08-12,Equal Weighted Portfolio,-0.0042354126919028,0.0251430339554138,0.0365022727255952,False,False,GARCH-t
2026-08-13,Equal Weighted Portfolio,0.0041873784083397,0.0205672420336965,0.0275884644022943,False,False,Historical VaR
2026-08-13,Equal Weighted Portfolio,0.0041873784083397,0.0268407856025966,0.0365485646320202,False,False,EWMA-t
2026-08-13,Equal Weighted Portfolio,0.0041873784083397,0.0237268190577584,0.0344964111709336,False,False,GARCH-t
2026-08-14,Equal Weighted Portfolio,-0.0023844248238705,0.0205672420336965,0.0275884644022943,False,False,Historical VaR
2026-08-14,Equal Weighted Portfolio,-0.0023844248238705,0.026075153571151,0.035506018702108,False,False,EWMA-t
2026-08-14,Equal Weighted Portfolio,-0.0023844248238705,0.0222091898414225,0.0323469110461156,False,False,GARCH-t
2026-08-17,Equal Weighted Portfolio,-0.0086685185121477,0.0205672420336965,0.0275884644022943,False,False,Historical VaR
2026-08-17,Equal Weighted Portfolio,-0.0086685185121477,0.0252981824364214,0.034448032540476,False,False,EWMA-t
2026-08-17,Equal Weighted Portfolio,-0.0086685185121477,0.0209359591365633,0.030543565716731,False,False,GARCH-t
2026-08-18,Equal Weighted Portfolio,-0.0027685950091145,0.0205672420336965,0.0275884644022943,False,False,Historical VaR
2026-08-18,Equal Weighted Portfolio,-0.0027685950091145,0.0247632491788147,0.0337196245486635,False,False,EWMA-t
2026-08-18,Equal Weighted Portfolio,-0.0027685950091145,0.0204649601967225,0.0298764645110614,False,False,GARCH-t
2026-08-19,Equal Weighted Portfolio,0.0086873107595997,0.0205672420336965,0.0275884644022943,False,False,Historical VaR
2026-08-19,Equal Weighted Portfolio,0.0086873107595997,0.0240335339621264,0.0327259858320113,False,False,EWMA-t
2026-08-19,Equal Weighted Portfolio,0.0086873107595997,0.0193828872796335,0.0283438662681515,False,False,GARCH-t
2026-08-20,Equal Weighted Portfolio,-0.011807919467796,0.0205672420336965,0.0275884644022943,False,False,Historical VaR
2026-08-20,Equal Weighted Portfolio,-0.011807919467796,0.0235504756711506,0.0320682149518977,False,False,EWMA-t
2026-08-20,Equal Weighted Portfolio,-0.011807919467796,0.0185508100112788,0.0271653503481003,False,False,GARCH-t
2026-08-21,Equal Weighted Portfolio,-0.0013871676025648,0.0205672420336965,0.0275884644022943,False,False,Historical VaR
2026-08-21,Equal Weighted Portfolio,-0.0013871676025648,0.0233004031469912,0.031727696162796,False,False,EWMA-t
2026-08-21,Equal Weighted Portfolio,-0.0013871676025648,0.0189729859613116,0.0277633009196383,False,False,GARCH-t
2026-08-24,Equal Weighted Portfolio,0.0008344902626701,0.0205672420336965,0.0275884644022943,False,False,Historical VaR
2026-08-24,Equal Weighted Portfolio,0.0008344902626701,0.0225971641703825,0.0307701096163779,False,False,EWMA-t
2026-08-24,Equal Weighted Portfolio,0.0008344902626701,0.0179469074072453,0.0263100105135906,False,False,GARCH-t
2026-08-25,Equal Weighted Portfolio,0.0044100949382523,0.0205672420336965,0.0275884644022943,False,False,Historical VaR
2026-08-25,Equal Weighted Portfolio,0.0044100949382523,0.0219112210536097,0.0298360744987608,False,False,EWMA-t
2026-08-25,Equal Weighted Portfolio,0.0044100949382523,0.0169323370677551,0.0248730198126366,False,False,GARCH-t
2026-08-26,Equal Weighted Portfolio,-0.0020632618996859,0.0205672420336965,0.0275884644022943,False,False,Historical VaR
2026-08-26,Equal Weighted Portfolio,-0.0020632618996859,0.0213143883288905,0.0290233792320546,False,False,EWMA-t
2026-08-26,Equal Weighted Portfolio,-0.0020632618996859,0.0160448091090936,0.0236159660887182,False,False,GARCH-t
2026-08-27,Equal Weighted Portfolio,0.0177895201318519,0.0205672420336965,0.0275884644022943,False,False,Historical VaR
2026-08-27,Equal Weighted Portfolio,0.0177895201318519,0.0206809884423518,0.0281608911874112,False,False,EWMA-t
2026-08-27,Equal Weighted Portfolio,0.0177895201318519,0.0153587468614773,0.0226442591190509,False,False,GARCH-t
2026-08-28,Equal Weighted Portfolio,0.0084583448189382,0.0205672420336965,0.0275884644022943,False,False,Historical VaR
2026-08-28,Equal Weighted Portfolio,0.0084583448189382,0.021236299939806,0.0289170478236628,False,False,EWMA-t
2026-08-28,Equal Weighted Portfolio,0.0084583448189382,0.016750567117078,0.0246155692262464,False,False,GARCH-t
2026-08-31,Equal Weighted Portfolio,-0.0127782961123648,0.0205672420336965,0.0275884644022943,False,False,Historical VaR
2026-08-31,Equal Weighted Portfolio,-0.0127782961123648,0.0208563014858107,0.0283996114765474,False,False,EWMA-t
2026-08-31,Equal Weighted Portfolio,-0.0127782961123648,0.0161827846891793,0.0238113883456329,False,False,GARCH-t
2026-09-01,Equal Weighted Portfolio,-0.0021712426621194,0.0205672420336965,0.0275884644022943,False,False,Historical VaR
2026-09-01,Equal Weighted Portfolio,-0.0021712426621194,0.0208359549978753,0.0283719060680563,False,False,EWMA-t
2026-09-01,Equal Weighted Portfolio,-0.0021712426621194,0.0172293421460966,0.0252936841264852,False,False,GARCH-t
2026-09-02,Equal Weighted Portfolio,0.0045746065051609,0.0205672420336965,0.0275884644022943,False,False,Historical VaR
2026-09-02,Equal Weighted Portfolio,0.0045746065051609,0.0202192440807264,0.0275321430615477,False,False,EWMA-t
2026-09-02,Equal Weighted Portfolio,0.0045746065051609,0.0164271523817013,0.0241574994905183,False,False,GARCH-t
2026-09-03,Equal Weighted Portfolio,0.0137564875434332,0.0205672420336965,0.0275884644022943,False,False,Historical VaR
2026-09-03,Equal Weighted Portfolio,0.0137564875434332,0.019685654044323,0.0268055641073682,False,False,EWMA-t
2026-09-03,Equal Weighted Portfolio,0.0137564875434332,0.0155965272733137,0.0229810403429626,False,False,GARCH-t
2026-09-04,Equal Weighted Portfolio,-0.0069879737388116,0.0205672420336965,0.0275884644022943,False,False,Historical VaR
2026-09-04,Equal Weighted Portfolio,-0.0069879737388116,0.0198377979672935,0.0270127354653302,False,False,EWMA-t
2026-09-04,Equal Weighted Portfolio,-0.0069879737388116,0.0160083889571742,0.0235643822629366,False,False,GARCH-t
2026-09-08,Equal Weighted Portfolio,-0.0090589186777886,0.0205672420336965,0.0275884644022943,False,False,Historical VaR
2026-09-08,Equal Weighted Portfolio,-0.0090589186777886,0.0194287780763281,0.0264557812039287,False,False,EWMA-t
2026-09-08,Equal Weighted Portfolio,-0.0090589186777886,0.015909354269901,0.0234241140931071,False,False,GARCH-t
2026-09-09,Equal Weighted Portfolio,-0.0152058436084435,0.0205672420336965,0.0275884644022943,False,False,Historical VaR
2026-09-09,Equal Weighted Portfolio,-0.0152058436084435,0.0191707950001951,0.0261044907733273,False,False,EWMA-t
2026-09-09,Equal Weighted Portfolio,-0.0152058436084435,0.0161896776711384,0.0238211512478108,False,False,GARCH-t
2026-09-10,Equal Weighted Portfolio,0.0033176817371995,0.0205672420336965,0.0275884644022943,False,False,Historical VaR
2026-09-10,Equal Weighted Portfolio,0.0033176817371995,0.0195249678364747,0.0265867608897586,False,False,EWMA-t
2026-09-10,Equal Weighted Portfolio,0.0033176817371995,0.0178797941704065,0.0261749913536114,False,False,GARCH-t
2026-09-11,Equal Weighted Portfolio,0.0153926570177567,0.0205672420336965,0.0275884644022943,False,False,Historical VaR
2026-09-11,Equal Weighted Portfolio,0.0153926570177567,0.0189750642190911,0.0258379680563856,False,False,EWMA-t
2026-09-11,Equal Weighted Portfolio,0.0153926570177567,0.016862031230593,0.0247348769828351,False,False,GARCH-t
2026-09-14,Equal Weighted Portfolio,0.0043333764864347,0.0205672420336965,0.0275884644022943,False,False,Historical VaR
2026-09-14,Equal Weighted Portfolio,0.0043333764864347,0.0193672403846086,0.0263719865514019,False,False,EWMA-t
2026-09-14,Equal Weighted Portfolio,0.0043333764864347,0.0174259273285868,0.0255327787756576,False,False,GARCH-t
2026-09-15,Equal Weighted Portfolio,-0.0130946639858934,0.0205672420336965,0.0275884644022943,False,False,Historical VaR
2026-09-15,Equal Weighted Portfolio,-0.0130946639858934,0.0188544028332932,0.0256736658439721,False,False,EWMA-t
2026-09-15,Equal Weighted Portfolio,-0.0130946639858934,0.0164821086685109,0.0241972940938993,False,False,GARCH-t
2026-09-16,Equal Weighted Portfolio,0.0037418890622292,0.0205672420336965,0.0275884644022943,False,False,Historical VaR
2026-09-16,Equal Weighted Portfolio,0.0037418890622292,0.0189914673641817,0.0258603038932492,False,False,EWMA-t
2026-09-16,Equal Weighted Portfolio,0.0037418890622292,0.0175582975442003,0.0257200800049623,False,False,GARCH-t
2026-09-17,Equal Weighted Portfolio,0.0084932575466742,0.0205672420336965,0.0275884644022943,False,False,Historical VaR
2026-09-17,Equal Weighted Portfolio,0.0084932575466742,0.0184716147125855,0.025152430863104,False,False,EWMA-t
2026-09-17,Equal Weighted Portfolio,0.0084932575466742,0.0165819705101678,0.0243385966189143,False,False,GARCH-t
2026-09-18,Equal Weighted Portfolio,0.0050573169701906,0.0205672420336965,0.0275884644022943,False,False,Historical VaR
2026-09-18,Equal Weighted Portfolio,0.0050573169701906,0.0182176766209335,0.0248066484075272,False,False,EWMA-t
2026-09-18,Equal Weighted Portfolio,0.0050573169701906,0.0160395181016408,0.0235710372213151,False,False,GARCH-t
2026-09-21,Equal Weighted Portfolio,0.0139223413230345,0.0205672420336965,0.0275884644022943,False,False,Historical VaR
2026-09-21,Equal Weighted Portfolio,0.0139223413230345,0.0177743053802321,0.0242029185954911,False,False,EWMA-t
2026-09-21,Equal Weighted Portfolio,0.0139223413230345,0.0152699131307607,0.022482061453944,False,False,GARCH-t
2026-09-22,Equal Weighted Portfolio,0.0020821981137734,0.0205672420336965,0.0275884644022943,False,False,Historical VaR
2026-09-22,Equal Weighted Portfolio,0.0020821981137734,0.0180816215145537,0.0246213848715539,False,False,EWMA-t
2026-09-22,Equal Weighted Portfolio,0.0020821981137734,0.0157863771299023,0.0232128477677871,False,False,GARCH-t
2026-09-23,Equal Weighted Portfolio,-0.0174281642584781,0.0205672420336965,0.0275884644022943,False,False,Historical VaR
2026-09-23,Equal Weighted Portfolio,-0.0174281642584781,0.0175498944687072,0.0238973427146121,False,False,EWMA-t
2026-09-23,Equal Weighted Portfolio,-0.0174281642584781,0.0149625348655211,0.0220471273060009,True,False,GARCH-t
2026-09-24,Equal Weighted Portfolio,-0.0090308932268992,0.0205672420336965,0.0275884644022943,False,False,Historical VaR
2026-09-24,Equal Weighted Portfolio,-0.0090308932268992,0.0183436696111774,0.0249782105598163,False,False,EWMA-t
2026-09-24,Equal Weighted Portfolio,-0.0090308932268992,0.0175956244441104,0.0257728968278924,False,False,GARCH-t
2026-09-25,Equal Weighted Portfolio,0.0203386956685478,0.0205672420336965,0.0275884644022943,False,False,Historical VaR
2026-09-25,Equal Weighted Portfolio,0.0203386956685478,0.0181359590402796,0.0246953752010599,False,False,EWMA-t
2026-09-25,Equal Weighted Portfolio,0.0203386956685478,0.0176211518538821,0.0258090176063399,False,False,GARCH-t
2026-09-28,Equal Weighted Portfolio,-0.0023031084791915,0.0205672420336965,0.0275884644022943,False,False,Historical VaR
2026-09-28,Equal Weighted Portfolio,-0.0023031084791915,0.0193170434090913,0.0263036343268736,False,False,EWMA-t
2026-09-28,Equal Weighted Portfolio,-0.0023031084791915,0.0192551413440832,0.0281210803220125,False,False,GARCH-t
2026-09-29,Equal Weighted Portfolio,-0.0071483591733092,0.0205672420336965,0.0275884644022943,False,False,Historical VaR
2026-09-29,Equal Weighted Portfolio,-0.0071483591733092,0.0187504546420504,0.0255321216566197,False,False,EWMA-t
2026-09-29,Equal Weighted Portfolio,-0.0071483591733092,0.0182478003779047,0.026695712837192,False,False,GARCH-t
2026-09-30,Equal Weighted Portfolio,0.0174317470370527,0.0205672420336965,0.0275884644022943,False,False,Historical VaR
2026-09-30,Equal Weighted Portfolio,0.0174317470370527,0.0183952949176929,0.0250485077142948,False,False,EWMA-t
2026-09-30,Equal Weighted Portfolio,0.0174317470370527,0.0178773490361915,0.0261715315372005,False,False,GARCH-t
2026-10-01,Equal Weighted Portfolio,-0.0141140845711385,0.0205672420336965,0.0275884644022943,False,False,Historical VaR
2026-10-01,Equal Weighted Portfolio,-0.0141140845711385,0.0191069182094292,0.0260175110160893,False,False,EWMA-t
2026-10-01,Equal Weighted Portfolio,-0.0141140845711385,0.0187260231071672,0.0273723885127369,False,False,GARCH-t
2026-10-02,Equal Weighted Portfolio,0.0116825266792742,0.0205672420336965,0.0275884644022943,False,False,Historical VaR
2026-10-02,Equal Weighted Portfolio,0.0116825266792742,0.0193384552870108,0.0263327904557448,False,False,EWMA-t
2026-10-02,Equal Weighted Portfolio,0.0116825266792742,0.0196362682011012,0.0286603672643931,False,False,GARCH-t
2026-10-05,Equal Weighted Portfolio,0.008658041402572,0.0205672420336965,0.0275884644022943,False,False,Historical VaR
2026-10-05,Equal Weighted Portfolio,0.008658041402572,0.0193039678053476,0.026285829536969,False,False,EWMA-t
2026-10-05,Equal Weighted Portfolio,0.008658041402572,0.0191386862347066,0.0279562986523298,False,False,GARCH-t
2026-10-06,Equal Weighted Portfolio,0.0059219514486066,0.0205672420336965,0.0275884644022943,False,False,Historical VaR
2026-10-06,Equal Weighted Portfolio,0.0059219514486066,0.019023061461544,0.0259033249480922,False,False,EWMA-t
2026-10-06,Equal Weighted Portfolio,0.0059219514486066,0.018326216511643,0.0268066701109143,False,False,GARCH-t
2026-10-07,Equal Weighted Portfolio,0.0028259425779055,0.0205672420336965,0.0275884644022943,False,False,Historical VaR
2026-10-07,Equal Weighted Portfolio,0.0028259425779055,0.0185899839326696,0.0253136118789929,False,False,EWMA-t
2026-10-07,Equal Weighted Portfolio,0.0028259425779055,0.0173726736594259,0.0254574258901721,False,False,GARCH-t
2026-10-08,Equal Weighted Portfolio,-0.0118344251830788,0.0205672420336965,0.0275884644022943,False,False,Historical VaR
2026-10-08,Equal Weighted Portfolio,-0.0118344251830788,0.0180578853248535,0.0245890637734973,False,False,EWMA-t
2026-10-08,Equal Weighted Portfolio,-0.0118344251830788,0.016378871039176,0.0240250305710071,False,False,GARCH-t
2026-10-09,Equal Weighted Portfolio,0.0100034884388204,0.0205672420336965,0.0275884644022943,False,False,Historical VaR
2026-10-09,Equal Weighted Portfolio,0.0100034884388204,0.0181157465712326,0.0246678522834272,False,False,EWMA-t
2026-10-09,Equal Weighted Portfolio,0.0100034884388204,0.0171686724691184,0.0251412549221815,False,False,GARCH-t
2025-01-02,Long-only Global Minimum Variance Portfolio,-0.0097726157303381,0.0193004033500615,0.0280859592598588,False,False,Historical VaR
2025-01-02,Long-only Global Minimum Variance Portfolio,-0.0097726157303381,0.0191318876258853,0.0261303405702486,False,False,EWMA-t
2025-01-02,Long-only Global Minimum Variance Portfolio,-0.0097726157303381,0.0189577590584782,0.0274421050372924,False,False,GARCH-t
2025-01-03,Long-only Global Minimum Variance Portfolio,0.0083590821358139,0.0189142369414893,0.0280859592598588,False,False,Historical VaR
2025-01-03,Long-only Global Minimum Variance Portfolio,0.0083590821358139,0.0189419231492221,0.0258708870041122,False,False,EWMA-t
2025-01-03,Long-only Global Minimum Variance Portfolio,0.0083590821358139,0.0188320676104056,0.0272649142891669,False,False,GARCH-t
2025-01-06,Long-only Global Minimum Variance Portfolio,0.0136218093212557,0.0189142369414893,0.0280859592598588,False,False,Historical VaR
2025-01-06,Long-only Global Minimum Variance Portfolio,0.0136218093212557,0.0186559641772395,0.0254803241138664,False,False,EWMA-t
2025-01-06,Long-only Global Minimum Variance Portfolio,0.0136218093212557,0.0181235712740173,0.026266127197333,False,False,GARCH-t
2025-01-07,Long-only Global Minimum Variance Portfolio,-0.011586971599632,0.0189142369414893,0.0280859592598588,False,False,Historical VaR
2025-01-07,Long-only Global Minimum Variance Portfolio,-0.011586971599632,0.0188621116612751,0.0257618804386204,False,False,EWMA-t
2025-01-07,Long-only Global Minimum Variance Portfolio,-0.011586971599632,0.0181454135749493,0.0262969188995711,False,False,GARCH-t
2025-01-08,Long-only Global Minimum Variance Portfolio,0.0006921022301126,0.0189142369414893,0.0280859592598588,False,False,Historical VaR
2025-01-08,Long-only Global Minimum Variance Portfolio,0.0006921022301126,0.0188451156335962,0.0257386672565091,False,False,EWMA-t
2025-01-08,Long-only Global Minimum Variance Portfolio,0.0006921022301126,0.0184135431021344,0.0266749085897609,False,False,GARCH-t
2025-01-10,Long-only Global Minimum Variance Portfolio,-0.0160873364718372,0.0189142369414893,0.0280859592598588,False,False,Historical VaR
2025-01-10,Long-only Global Minimum Variance Portfolio,-0.0160873364718372,0.0182730390114719,0.0249573247533177,False,False,EWMA-t
2025-01-10,Long-only Global Minimum Variance Portfolio,-0.0160873364718372,0.0174422720389994,0.0253056806196118,False,False,GARCH-t
2025-01-13,Long-only Global Minimum Variance Portfolio,-0.0059764873858954,0.0189142369414893,0.0280859592598588,False,False,Historical VaR
2025-01-13,Long-only Global Minimum Variance Portfolio,-0.0059764873858954,0.0188091316106309,0.0256895202620485,False,False,EWMA-t
2025-01-13,Long-only Global Minimum Variance Portfolio,-0.0059764873858954,0.0187464632644333,0.0271442354495304,False,False,GARCH-t
2025-01-14,Long-only Global Minimum Variance Portfolio,-0.0046874475283536,0.0189142369414893,0.0280859592598588,False,False,Historical VaR
2025-01-14,Long-only Global Minimum Variance Portfolio,-0.0046874475283536,0.0183865462985999,0.0251123530562149,False,False,EWMA-t
2025-01-14,Long-only Global Minimum Variance Portfolio,-0.0046874475283536,0.0181539013153784,0.0263088843045338,False,False,GARCH-t
2025-01-15,Long-only Global Minimum Variance Portfolio,0.0252589029780475,0.0189142369414893,0.0280859592598588,False,False,Historical VaR
2025-01-15,Long-only Global Minimum Variance Portfolio,0.0252589029780475,0.0179212117209227,0.0244767988844787,False,False,EWMA-t
2025-01-15,Long-only Global Minimum Variance Portfolio,0.0252589029780475,0.0174857220706247,0.025366933343865,False,False,GARCH-t
2025-01-16,Long-only Global Minimum Variance Portfolio,-0.0179782431954367,0.0189142369414893,0.0280859592598588,False,False,Historical VaR
2025-01-16,Long-only Global Minimum Variance Portfolio,-0.0179782431954367,0.0200074201006668,0.0273261432110399,False,False,EWMA-t
2025-01-16,Long-only Global Minimum Variance Portfolio,-0.0179782431954367,0.0202714428592232,0.0292940418159976,False,False,GARCH-t
2025-01-17,Long-only Global Minimum Variance Portfolio,0.0121742704986156,0.0189142369414893,0.0280859592598588,False,False,Historical VaR
2025-01-17,Long-only Global Minimum Variance Portfolio,0.0121742704986156,0.0206428466704687,0.0281940091007517,False,False,EWMA-t
2025-01-17,Long-only Global Minimum Variance Portfolio,0.0121742704986156,0.0215448316698341,0.0310891736206408,False,False,GARCH-t
2025-01-21,Long-only Global Minimum Variance Portfolio,-0.0055448006565781,0.0189142369414893,0.0280859592598588,False,False,Historical VaR
2025-01-21,Long-only Global Minimum Variance Portfolio,-0.0055448006565781,0.0205771128109774,0.028104229766423,False,False,EWMA-t
2025-01-21,Long-only Global Minimum Variance Portfolio,-0.0055448006565781,0.0210101053912932,0.0303353550371975,False,False,GARCH-t
2025-01-22,Long-only Global Minimum Variance Portfolio,0.0183329728715576,0.0189142369414893,0.0280859592598588,False,False,Historical VaR
2025-01-22,Long-only Global Minimum Variance Portfolio,0.0183329728715576,0.0200687350436001,0.0274098871871817,False,False,EWMA-t
2025-01-22,Long-only Global Minimum Variance Portfolio,0.0183329728715576,0.0201864658033708,0.0291742472847794,False,False,GARCH-t
2025-01-23,Long-only Global Minimum Variance Portfolio,-0.0002731238977621,0.0189142369414893,0.0280859592598588,False,False,Historical VaR
2025-01-23,Long-only Global Minimum Variance Portfolio,-0.0002731238977621,0.020746649519273,0.0283357830774997,False,False,EWMA-t
2025-01-23,Long-only Global Minimum Variance Portfolio,-0.0002731238977621,0.0207998377405312,0.0300389348517639,False,False,GARCH-t
2025-01-24,Long-only Global Minimum Variance Portfolio,-0.0004255394839093,0.0189142369414893,0.0280859592598588,False,False,Historical VaR
2025-01-24,Long-only Global Minimum Variance Portfolio,-0.0004255394839093,0.0201149089718298,0.0274729515587536,False,False,EWMA-t
2025-01-24,Long-only Global Minimum Variance Portfolio,-0.0004255394839093,0.019685839760644,0.0284685007570551,False,False,GARCH-t
2025-01-27,Long-only Global Minimum Variance Portfolio,-0.0084827626082966,0.0189142369414893,0.0280859592598588,False,False,Historical VaR
2025-01-27,Long-only Global Minimum Variance Portfolio,-0.0084827626082966,0.0195028438122773,0.0266369926934793,False,False,EWMA-t
2025-01-27,Long-only Global Minimum Variance Portfolio,-0.0084827626082966,0.0186518145606521,0.0270108065258506,False,False,GARCH-t
2025-01-28,Long-only Global Minimum Variance Portfolio,0.0267399232830045,0.0189142369414893,0.0280859592598588,False,False,Historical VaR
2025-01-28,Long-only Global Minimum Variance Portfolio,0.0267399232830045,0.0191999178859585,0.0262232563295065,False,False,EWMA-t
2025-01-28,Long-only Global Minimum Variance Portfolio,0.0267399232830045,0.0183719462709705,0.0266162683740055,False,False,GARCH-t
2025-01-29,Long-only Global Minimum Variance Portfolio,-0.0027077888128148,0.0189142369414893,0.0280859592598588,False,False,Historical VaR
2025-01-29,Long-only Global Minimum Variance Portfolio,-0.0027077888128148,0.0213727139253693,0.0291908621198873,False,False,EWMA-t
2025-01-29,Long-only Global Minimum Variance Portfolio,-0.0027077888128148,0.0213858084145878,0.0308649940921326,False,False,GARCH-t
2025-01-30,Long-only Global Minimum Variance Portfolio,-0.0177599659420663,0.0189142369414893,0.0280859592598588,False,False,Historical VaR
2025-01-30,Long-only Global Minimum Variance Portfolio,-0.0177599659420663,0.0207488823878992,0.0283388327304557,False,False,EWMA-t
2025-01-30,Long-only Global Minimum Variance Portfolio,-0.0177599659420663,0.0203291008516614,0.0293753238998004,False,False,GARCH-t
2025-01-31,Long-only Global Minimum Variance Portfolio,0.0029560841598527,0.0189142369414893,0.0280859592598588,False,False,Historical VaR
2025-01-31,Long-only Global Minimum Variance Portfolio,0.0029560841598527,0.0212915509661198,0.0290800097142936,False,False,EWMA-t
2025-01-31,Long-only Global Minimum Variance Portfolio,0.0029560841598527,0.0215435492395951,0.0310873657428819,False,False,GARCH-t
2025-02-03,Long-only Global Minimum Variance Portfolio,-0.0175918954224851,0.0189142369414893,0.0280859592598588,False,False,Historical VaR
2025-02-03,Long-only Global Minimum Variance Portfolio,-0.0175918954224851,0.0206755414933265,0.0282386637042527,False,False,EWMA-t
2025-02-03,Long-only Global Minimum Variance Portfolio,-0.0175918954224851,0.0203845552443256,0.0293821470932219,False,False,GARCH-t
2025-02-04,Long-only Global Minimum Variance Portfolio,0.015726783191869,0.0185583134559625,0.0266916315431623,False,False,Historical VaR
2025-02-04,Long-only Global Minimum Variance Portfolio,0.015726783191869,0.0212027824189073,0.0289587695933004,False,False,EWMA-t
2025-02-04,Long-only Global Minimum Variance Portfolio,0.015726783191869,0.0215470858843228,0.0310175697189713,False,False,GARCH-t
2025-02-05,Long-only Global Minimum Variance Portfolio,-0.019865205668609,0.0185583134559625,0.0266916315431623,True,False,Historical VaR
2025-02-05,Long-only Global Minimum Variance Portfolio,-0.019865205668609,0.0214646023772792,0.0293163634080943,False,False,EWMA-t
2025-02-05,Long-only Global Minimum Variance Portfolio,-0.019865205668609,0.0215263900449308,0.0309884552656948,False,False,GARCH-t
2025-02-06,Long-only Global Minimum Variance Portfolio,0.0040682464102618,0.0189142369414893,0.0267921041910094,False,False,Historical VaR
2025-02-06,Long-only Global Minimum Variance Portfolio,0.0040682464102618,0.0222249079308182,0.030354789068955,False,False,EWMA-t
2025-02-06,Long-only Global Minimum Variance Portfolio,0.0040682464102618,0.0230244782396528,0.0330959329051852,False,False,GARCH-t
2025-02-07,Long-only Global Minimum Variance Portfolio,-0.024062958507821,0.0189142369414893,0.0267921041910094,True,False,Historical VaR
2025-02-07,Long-only Global Minimum Variance Portfolio,-0.024062958507821,0.0216069955313621,0.0295108440408376,True,False,EWMA-t
2025-02-07,Long-only Global Minimum Variance Portfolio,-0.024062958507821,0.021778423882,0.0313430109439852,True,False,GARCH-t
2025-02-10,Long-only Global Minimum Variance Portfolio,0.005396884666559,0.0195809298635936,0.0271547671094125,False,False,Historical VaR
2025-02-10,Long-only Global Minimum Variance Portfolio,0.005396884666559,0.0229815276108668,0.0313881805621746,False,False,EWMA-t
2025-02-10,Long-only Global Minimum Variance Portfolio,0.005396884666559,0.0242837961496529,0.0348675137411369,False,False,GARCH-t
2025-02-11,Long-only Global Minimum Variance Portfolio,0.0041672863836992,0.0195809298635936,0.0271547671094125,False,False,Historical VaR
2025-02-11,Long-only Global Minimum Variance Portfolio,0.0041672863836992,0.0223819922841479,0.030569334948119,False,False,EWMA-t
2025-02-11,Long-only Global Minimum Variance Portfolio,0.0041672863836992,0.0229984819497292,0.0330593618942683,False,False,GARCH-t
2025-02-12,Long-only Global Minimum Variance Portfolio,-0.0002268461362531,0.0195809298635936,0.0271547671094125,False,False,Historical VaR
2025-02-12,Long-only Global Minimum Variance Portfolio,-0.0002268461362531,0.021761770885789,0.0297222362882803,False,False,EWMA-t
2025-02-12,Long-only Global Minimum Variance Portfolio,-0.0002268461362531,0.0217568437040533,0.0313126524226116,False,False,GARCH-t
2025-02-13,Long-only Global Minimum Variance Portfolio,0.0111972313847702,0.0195809298635936,0.0271547671094125,False,False,Historical VaR
2025-02-13,Long-only Global Minimum Variance Portfolio,0.0111972313847702,0.0210990077499867,0.0288170341046499,False,False,EWMA-t
2025-02-13,Long-only Global Minimum Variance Portfolio,0.0111972313847702,0.0205853001959717,0.0296645506915715,False,False,GARCH-t
2025-02-14,Long-only Global Minimum Variance Portfolio,-2.0707492027644773e-05,0.0195809298635936,0.0271547671094125,False,False,Historical VaR
2025-02-14,Long-only Global Minimum Variance Portfolio,-2.0707492027644773e-05,0.0209235374608365,0.028577376706221,False,False,EWMA-t
2025-02-14,Long-only Global Minimum Variance Portfolio,-2.0707492027644773e-05,0.0200279439548188,0.0288804741468138,False,False,GARCH-t
2025-02-18,Long-only Global Minimum Variance Portfolio,-0.001329024266797,0.0195809298635936,0.0271547671094125,False,False,Historical VaR
2025-02-18,Long-only Global Minimum Variance Portfolio,-0.001329024266797,0.0202861238489293,0.027706796913524,False,False,EWMA-t
2025-02-18,Long-only Global Minimum Variance Portfolio,-0.001329024266797,0.0189673501511109,0.0273884540282577,False,False,GARCH-t
2025-02-19,Long-only Global Minimum Variance Portfolio,0.0068254138036233,0.0195809298635936,0.0271547671094125,False,False,Historical VaR
2025-02-19,Long-only Global Minimum Variance Portfolio,0.0068254138036233,0.0196750506848747,0.0268721929161388,False,False,EWMA-t
2025-02-19,Long-only Global Minimum Variance Portfolio,0.0068254138036233,0.0180218111358374,0.0260582904644734,False,False,GARCH-t
2025-02-20,Long-only Global Minimum Variance Portfolio,0.0010358390844792,0.0195809298635936,0.0271547671094125,False,False,Historical VaR
2025-02-20,Long-only Global Minimum Variance Portfolio,0.0010358390844792,0.0192630712780187,0.026309511260278,False,False,EWMA-t
2025-02-20,Long-only Global Minimum Variance Portfolio,0.0010358390844792,0.0172608274790139,0.0249877553341497,False,False,GARCH-t
2025-02-21,Long-only Global Minimum Variance Portfolio,-0.0165334574770961,0.0195809298635936,0.0271547671094125,False,False,Historical VaR
2025-02-21,Long-only Global Minimum Variance Portfolio,-0.0165334574770961,0.0186806701556724,0.0255140675501229,False,False,EWMA-t
2025-02-21,Long-only Global Minimum Variance Portfolio,-0.0165334574770961,0.016371534773424,0.0237367178461063,True,False,GARCH-t
2025-02-24,Long-only Global Minimum Variance Portfolio,-0.0037811261612534,0.0195809298635936,0.0271547671094125,False,False,Historical VaR
2025-02-24,Long-only Global Minimum Variance Portfolio,-0.0037811261612534,0.0192402575305157,0.0262783522338614,False,False,EWMA-t
2025-02-24,Long-only Global Minimum Variance Portfolio,-0.0037811261612534,0.0179669247069415,0.0259810774392209,False,False,GARCH-t
2025-02-25,Long-only Global Minimum Variance Portfolio,-0.0109642856198974,0.0195809298635936,0.0271547671094125,False,False,Historical VaR
2025-02-25,Long-only Global Minimum Variance Portfolio,-0.0109642856198974,0.0187131289817543,0.0255583998291231,False,False,EWMA-t
2025-02-25,Long-only Global Minimum Variance Portfolio,-0.0109642856198974,0.0172421454513063,0.0249614738670152,False,False,GARCH-t
2025-02-26,Long-only Global Minimum Variance Portfolio,-0.0098577025634125,0.0195809298635936,0.0271547671094125,False,False,Historical VaR
2025-02-26,Long-only Global Minimum Variance Portfolio,-0.0098577025634125,0.0186469978742649,0.0254680779333032,False,False,EWMA-t
2025-02-26,Long-only Global Minimum Variance Portfolio,-0.0098577025634125,0.0175118131596355,0.0253408364889214,False,False,GARCH-t
2025-02-27,Long-only Global Minimum Variance Portfolio,-0.0191098037732098,0.0195809298635936,0.0271547671094125,False,False,Historical VaR
2025-02-27,Long-only Global Minimum Variance Portfolio,-0.0191098037732098,0.0184887688201129,0.0252519686212504,True,False,EWMA-t
2025-02-27,Long-only Global Minimum Variance Portfolio,-0.0191098037732098,0.0175615454440854,0.025410798776728,True,False,GARCH-t
2025-02-28,Long-only Global Minimum Variance Portfolio,0.0142632743632394,0.0195809298635936,0.0271547671094125,False,False,Historical VaR
2025-02-28,Long-only Global Minimum Variance Portfolio,0.0142632743632394,0.0194330896520884,0.0265417224306819,False,False,EWMA-t
2025-02-28,Long-only Global Minimum Variance Portfolio,0.0142632743632394,0.0195895871238023,0.0282638033641856,False,False,GARCH-t
2025-03-03,Long-only Global Minimum Variance Portfolio,-0.0205492383416924,0.0195809298635936,0.0271547671094125,True,False,Historical VaR
2025-03-03,Long-only Global Minimum Variance Portfolio,-0.0205492383416924,0.019656090554511,0.0268462971617132,True,False,EWMA-t
2025-03-03,Long-only Global Minimum Variance Portfolio,-0.0205492383416924,0.0195535889518988,0.0282131619249055,True,False,GARCH-t
2025-03-04,Long-only Global Minimum Variance Portfolio,0.0031502176223277,0.0201730203714965,0.027207385007342,False,False,Historical VaR
2025-03-04,Long-only Global Minimum Variance Portfolio,0.0031502176223277,0.0206955265458802,0.0282659592978582,False,False,EWMA-t
2025-03-04,Long-only Global Minimum Variance Portfolio,0.0031502176223277,0.0215922817205804,0.0310023104387066,False,False,GARCH-t
2025-03-05,Long-only Global Minimum Variance Portfolio,0.0165569120821184,0.0201730203714965,0.027207385007342,False,False,Historical VaR
2025-03-05,Long-only Global Minimum Variance Portfolio,0.0165569120821184,0.0201031598420166,0.0274569045920649,False,False,EWMA-t
2025-03-05,Long-only Global Minimum Variance Portfolio,0.0165569120821184,0.0204255349001688,0.0293641696043993,False,False,GARCH-t
2025-03-06,Long-only Global Minimum Variance Portfolio,-0.0083244347140226,0.0201730203714965,0.027207385007342,False,False,Historical VaR
2025-03-06,Long-only Global Minimum Variance Portfolio,-0.0083244347140226,0.0205466938754263,0.0280626835708108,False,False,EWMA-t
2025-03-06,Long-only Global Minimum Variance Portfolio,-0.0083244347140226,0.0206895997701088,0.0297349230864633,False,False,GARCH-t
2025-03-07,Long-only Global Minimum Variance Portfolio,0.0033066920692241,0.0201730203714965,0.027207385007342,False,False,Historical VaR
2025-03-07,Long-only Global Minimum Variance Portfolio,0.0033066920692241,0.0201872191558125,0.0275717128399775,False,False,EWMA-t
2025-03-07,Long-only Global Minimum Variance Portfolio,0.0033066920692241,0.0201949389997444,0.0290404073672964,False,False,GARCH-t
2025-03-10,Long-only Global Minimum Variance Portfolio,-0.0399672660468565,0.0195809298635936,0.0270850940096368,True,True,Historical VaR
2025-03-10,Long-only Global Minimum Variance Portfolio,-0.0399672660468565,0.0196152673583692,0.0267905408223905,True,True,EWMA-t
2025-03-10,Long-only Global Minimum Variance Portfolio,-0.0399672660468565,0.0191243117339186,0.0275372207189253,True,True,GARCH-t
2025-03-11,Long-only Global Minimum Variance Portfolio,-0.0105131093306885,0.0201730203714965,0.028631406346425,False,False,Historical VaR
2025-03-11,Long-only Global Minimum Variance Portfolio,-0.0105131093306885,0.0246582432658349,0.0336782395443581,False,False,EWMA-t
2025-03-11,Long-only Global Minimum Variance Portfolio,-0.0105131093306885,0.0276075177579459,0.0394478477295901,False,False,GARCH-t
2025-03-12,Long-only Global Minimum Variance Portfolio,0.0031262180547599,0.0201730203714965,0.028631406346425,False,False,Historical VaR
2025-03-12,Long-only Global Minimum Variance Portfolio,0.0031262180547599,0.0242609352117434,0.0331355960285836,False,False,EWMA-t
2025-03-12,Long-only Global Minimum Variance Portfolio,0.0031262180547599,0.0267559401178537,0.0382522120686109,False,False,GARCH-t
2025-03-13,Long-only Global Minimum Variance Portfolio,-0.0229581224959694,0.0201730203714965,0.028631406346425,True,False,Historical VaR
2025-03-13,Long-only Global Minimum Variance Portfolio,-0.0229581224959694,0.0235538674815741,0.032169882610397,False,False,EWMA-t
2025-03-13,Long-only Global Minimum Variance Portfolio,-0.0229581224959694,0.0252550413109882,0.0361449137407507,False,False,GARCH-t
2025-03-14,Long-only Global Minimum Variance Portfolio,0.0209602447827278,0.0208974810201103,0.0288167051275233,False,False,Historical VaR
2025-03-14,Long-only Global Minimum Variance Portfolio,0.0209602447827278,0.0245516928540195,0.0335327129448359,False,False,EWMA-t
2025-03-14,Long-only Global Minimum Variance Portfolio,0.0209602447827278,0.0268591903237232,0.0383971778618974,False,False,GARCH-t
2025-03-17,Long-only Global Minimum Variance Portfolio,-0.0017045464181814,0.0208974810201103,0.0288167051275233,False,False,Historical VaR
2025-03-17,Long-only Global Minimum Variance Portfolio,-0.0017045464181814,0.0251867881440409,0.0344001263724773,False,False,EWMA-t
2025-03-17,Long-only Global Minimum Variance Portfolio,-0.0017045464181814,0.0271263145263528,0.0387722267212592,False,False,GARCH-t
2025-03-18,Long-only Global Minimum Variance Portfolio,-0.0139487803122082,0.0208974810201103,0.0288167051275233,False,False,Historical VaR
2025-03-18,Long-only Global Minimum Variance Portfolio,-0.0139487803122082,0.0244286703621013,0.0333646887710333,False,False,EWMA-t
2025-03-18,Long-only Global Minimum Variance Portfolio,-0.0139487803122082,0.0256488595044316,0.0366978440360698,False,False,GARCH-t
2025-03-19,Long-only Global Minimum Variance Portfolio,0.0145705303370281,0.0208974810201103,0.0288167051275233,False,False,Historical VaR
2025-03-19,Long-only Global Minimum Variance Portfolio,0.0145705303370281,0.0243097017336569,0.0332022013657538,False,False,EWMA-t
2025-03-19,Long-only Global Minimum Variance Portfolio,0.0145705303370281,0.0254480459097016,0.0364158968785063,False,False,GARCH-t
2025-03-20,Long-only Global Minimum Variance Portfolio,-0.0046804682617834,0.0208974810201103,0.0288167051275233,False,False,Historical VaR
2025-03-20,Long-only Global Minimum Variance Portfolio,-0.0046804682617834,0.0242537802216805,0.0331258237399952,False,False,EWMA-t
2025-03-20,Long-only Global Minimum Variance Portfolio,-0.0046804682617834,0.0248713708117277,0.035606231054188,False,False,GARCH-t
2025-03-21,Long-only Global Minimum Variance Portfolio,0.0123481273250232,0.0208974810201103,0.0288167051275233,False,False,Historical VaR
2025-03-21,Long-only Global Minimum Variance Portfolio,0.0123481273250232,0.023586641774335,0.0322146457539266,False,False,EWMA-t
2025-03-21,Long-only Global Minimum Variance Portfolio,0.0123481273250232,0.0236961153452352,0.0339561438744131,False,False,GARCH-t
2025-03-24,Long-only Global Minimum Variance Portfolio,0.0137648489005634,0.0208974810201103,0.0288167051275233,False,False,Historical VaR
2025-03-24,Long-only Global Minimum Variance Portfolio,0.0137648489005634,0.023376601323185,0.0319277724129683,False,False,EWMA-t
2025-03-24,Long-only Global Minimum Variance Portfolio,0.0137648489005634,0.023004748998292,0.0329854487548034,False,False,GARCH-t
2025-03-25,Long-only Global Minimum Variance Portfolio,0.0113943471738256,0.0208974810201103,0.0288167051275233,False,False,Historical VaR
2025-03-25,Long-only Global Minimum Variance Portfolio,0.0113943471738256,0.0233001861151648,0.0318234044881007,False,False,EWMA-t
2025-03-25,Long-only Global Minimum Variance Portfolio,0.0113943471738256,0.0225537539582583,0.0323522407800959,False,False,GARCH-t
2025-03-26,Long-only Global Minimum Variance Portfolio,-0.0180587193744824,0.0208974810201103,0.0288167051275233,False,False,Historical VaR
2025-03-26,Long-only Global Minimum Variance Portfolio,-0.0180587193744824,0.0230292839401822,0.0314534061778483,False,False,EWMA-t
2025-03-26,Long-only Global Minimum Variance Portfolio,-0.0180587193744824,0.0218540362962578,0.0313698202115917,False,False,GARCH-t
2025-03-27,Long-only Global Minimum Variance Portfolio,-0.0010294669333189,0.0208974810201103,0.0288167051275233,False,False,Historical VaR
2025-03-27,Long-only Global Minimum Variance Portfolio,-0.0010294669333189,0.023426958496411,0.0319965502624038,False,False,EWMA-t
2025-03-27,Long-only Global Minimum Variance Portfolio,-0.0010294669333189,0.0228917630355028,0.0328268137226692,False,False,GARCH-t
2025-03-28,Long-only Global Minimum Variance Portfolio,-0.0350434104496344,0.0208974810201103,0.0288167051275233,True,True,Historical VaR
2025-03-28,Long-only Global Minimum Variance Portfolio,-0.0350434104496344,0.0227168767433126,0.0310267202903691,True,True,EWMA-t
2025-03-28,Long-only Global Minimum Variance Portfolio,-0.0350434104496344,0.0216703819152661,0.031111965006299,True,True,GARCH-t
2025-03-31,Long-only Global Minimum Variance Portfolio,0.0018818306701704,0.0214588767165555,0.0298721127805414,False,False,Historical VaR
2025-03-31,Long-only Global Minimum Variance Portfolio,0.0018818306701704,0.0259708925753412,0.0354710565510969,False,False,EWMA-t
2025-03-31,Long-only Global Minimum Variance Portfolio,0.0018818306701704,0.0275403836097658,0.0393535897572637,False,False,GARCH-t
2025-04-01,Long-only Global Minimum Variance Portfolio,0.0131548724817453,0.0214588767165555,0.0298721127805414,False,False,Historical VaR
2025-04-01,Long-only Global Minimum Variance Portfolio,0.0131548724817453,0.0251905573433102,0.0344052743465042,False,False,EWMA-t
2025-04-01,Long-only Global Minimum Variance Portfolio,0.0131548724817453,0.0259926617539453,0.0372066877442298,False,False,GARCH-t
2025-04-02,Long-only Global Minimum Variance Portfolio,0.00247269274499,0.0214588767165555,0.0298721127805414,False,False,Historical VaR
2025-04-02,Long-only Global Minimum Variance Portfolio,0.00247269274499,0.0249635536608688,0.0340952326167551,False,False,EWMA-t
2025-04-02,Long-only Global Minimum Variance Portfolio,0.00247269274499,0.0252079110394694,0.0361040201194211,False,False,GARCH-t
2025-04-03,Long-only Global Minimum Variance Portfolio,-0.0537288559241625,0.0214588767165555,0.0298721127805414,True,True,Historical VaR
2025-04-03,Long-only Global Minimum Variance Portfolio,-0.0537288559241625,0.0242225356360342,0.0330831498711184,True,True,EWMA-t
2025-04-03,Long-only Global Minimum Variance Portfolio,-0.0537288559241625,0.0238169273981971,0.0341495234881002,True,True,GARCH-t
2025-04-04,Long-only Global Minimum Variance Portfolio,-0.0463208257369545,0.022093232144301,0.0323416545715733,True,True,Historical VaR
2025-04-04,Long-only Global Minimum Variance Portfolio,-0.0463208257369545,0.0315712146425514,0.0431199789042309,True,True,EWMA-t
2025-04-04,Long-only Global Minimum Variance Portfolio,-0.0463208257369545,0.0357671273300569,0.0509409686333976,True,False,GARCH-t
2025-04-07,Long-only Global Minimum Variance Portfolio,-0.0083021953008765,0.0227973148021632,0.034161276176657,False,False,Historical VaR
2025-04-07,Long-only Global Minimum Variance Portfolio,-0.0083021953008765,0.0356068036976604,0.0486317882182731,False,False,EWMA-t
2025-04-07,Long-only Global Minimum Variance Portfolio,-0.0083021953008765,0.0415274807205485,0.0590349468534685,False,False,GARCH-t
2025-04-08,Long-only Global Minimum Variance Portfolio,-0.0250457751456348,0.0227973148021632,0.034161276176657,True,False,Historical VaR
2025-04-08,Long-only Global Minimum Variance Portfolio,-0.0250457751456348,0.0346756969657493,0.0473600822325465,False,False,EWMA-t
2025-04-08,Long-only Global Minimum Variance Portfolio,-0.0250457751456348,0.0394662504357799,0.0561386743679979,False,False,GARCH-t
2025-04-09,Long-only Global Minimum Variance Portfolio,0.1177455442304895,0.0234552987013026,0.0343218648420159,False,False,Historical VaR
2025-04-09,Long-only Global Minimum Variance Portfolio,0.1177455442304895,0.0350286090021261,0.047842089647716,False,False,EWMA-t
2025-04-09,Long-only Global Minimum Variance Portfolio,0.1177455442304895,0.0395767573604185,0.0562939496750075,False,False,GARCH-t
2025-04-10,Long-only Global Minimum Variance Portfolio,-0.0345269424561582,0.0234552987013026,0.0343218648420159,True,True,Historical VaR
2025-04-10,Long-only Global Minimum Variance Portfolio,-0.0345269424561582,0.0573720849514727,0.0783588189687501,False,False,EWMA-t
2025-04-10,Long-only Global Minimum Variance Portfolio,-0.0345269424561582,0.0697637908896603,0.0987103042544933,False,False,GARCH-t
2025-04-11,Long-only Global Minimum Variance Portfolio,0.0272655209398182,0.0243417373418689,0.0351267866841956,False,False,Historical VaR
2025-04-11,Long-only Global Minimum Variance Portfolio,0.0272655209398182,0.0572530828873842,0.0781962858970533,False,False,EWMA-t
2025-04-11,Long-only Global Minimum Variance Portfolio,0.0272655209398182,0.0682647310898639,0.0966039478302219,False,False,GARCH-t
2025-04-14,Long-only Global Minimum Variance Portfolio,0.0082548561401888,0.0243417373418689,0.0351267866841956,False,False,Historical VaR
2025-04-14,Long-only Global Minimum Variance Portfolio,0.0082548561401888,0.0565322255245107,0.0772117385924281,False,False,EWMA-t
2025-04-14,Long-only Global Minimum Variance Portfolio,0.0082548561401888,0.0656178189702346,0.0928847230545188,False,False,GARCH-t
2025-04-15,Long-only Global Minimum Variance Portfolio,-0.0081425008096988,0.0243417373418689,0.0351267866841956,False,False,Historical VaR
2025-04-15,Long-only Global Minimum Variance Portfolio,-0.0081425008096988,0.0549058125268769,0.0749903830018513,False,False,EWMA-t
2025-04-15,Long-only Global Minimum Variance Portfolio,-0.0081425008096988,0.0619090803096571,0.0876735063273994,False,False,GARCH-t
2025-04-16,Long-only Global Minimum Variance Portfolio,-0.032351705600335,0.0243417373418689,0.0351267866841956,True,False,Historical VaR
2025-04-16,Long-only Global Minimum Variance Portfolio,-0.032351705600335,0.0533291149309525,0.072836928728889,False,False,EWMA-t
2025-04-16,Long-only Global Minimum Variance Portfolio,-0.032351705600335,0.0585399935119065,0.0829395406634985,False,False,GARCH-t
2025-04-17,Long-only Global Minimum Variance Portfolio,-0.0039000131817981,0.0248366254485366,0.0357167281128424,False,False,Historical VaR
2025-04-17,Long-only Global Minimum Variance Portfolio,-0.0039000131817981,0.0532425716738704,0.072718727910139,False,False,EWMA-t
2025-04-17,Long-only Global Minimum Variance Portfolio,-0.0039000131817981,0.0578044210764904,0.0819059743407499,False,False,GARCH-t
2025-04-21,Long-only Global Minimum Variance Portfolio,-0.0226813468688711,0.0248366254485366,0.0357167281128424,False,False,Historical VaR
2025-04-21,Long-only Global Minimum Variance Portfolio,-0.0226813468688711,0.0516433047476894,0.070534448435943,False,False,EWMA-t
2025-04-21,Long-only Global Minimum Variance Portfolio,-0.0226813468688711,0.0545349886861662,0.0773120349128392,False,False,GARCH-t
2025-04-22,Long-only Global Minimum Variance Portfolio,0.027778592935009,0.0248366254485366,0.0357167281128424,False,False,Historical VaR
2025-04-22,Long-only Global Minimum Variance Portfolio,0.027778592935009,0.0508561594036138,0.0694593649773117,False,False,EWMA-t
2025-04-22,Long-only Global Minimum Variance Portfolio,0.027778592935009,0.0528516384103723,0.0749467285600177,False,False,GARCH-t
2025-04-23,Long-only Global Minimum Variance Portfolio,0.0246384034235483,0.0248366254485366,0.0357167281128424,False,False,Historical VaR
2025-04-23,Long-only Global Minimum Variance Portfolio,0.0246384034235483,0.0504992625238749,0.0689719150613181,False,False,EWMA-t
2025-04-23,Long-only Global Minimum Variance Portfolio,0.0246384034235483,0.0515284698754461,0.0730875201786614,False,False,GARCH-t
2025-04-24,Long-only Global Minimum Variance Portfolio,0.0267146986732002,0.0248366254485366,0.0357167281128424,False,False,Historical VaR
2025-04-24,Long-only Global Minimum Variance Portfolio,0.0267146986732002,0.0499077871100179,0.0681640776798095,False,False,EWMA-t
2025-04-24,Long-only Global Minimum Variance Portfolio,0.0267146986732002,0.0499289185062552,0.0708399612067612,False,False,GARCH-t
2025-04-25,Long-only Global Minimum Variance Portfolio,0.0104321940538029,0.0248366254485366,0.0357167281128424,False,False,Historical VaR
2025-04-25,Long-only Global Minimum Variance Portfolio,0.0104321940538029,0.0495116783562892,0.0676230721690003,False,False,EWMA-t
2025-04-25,Long-only Global Minimum Variance Portfolio,0.0104321940538029,0.0487283094126157,0.0691529633446546,False,False,GARCH-t
2025-04-28,Long-only Global Minimum Variance Portfolio,-0.0022419859787533,0.0248366254485366,0.0357167281128424,False,False,Historical VaR
2025-04-28,Long-only Global Minimum Variance Portfolio,-0.0022419859787533,0.048177861003567,0.0658013438394871,False,False,EWMA-t
2025-04-28,Long-only Global Minimum Variance Portfolio,-0.0022419859787533,0.0461304396618318,0.0655026489010765,False,False,GARCH-t
2025-04-29,Long-only Global Minimum Variance Portfolio,0.0034314273568518,0.0248366254485366,0.0357167281128424,False,False,Historical VaR
2025-04-29,Long-only Global Minimum Variance Portfolio,0.0034314273568518,0.0467184666263305,0.0638081023544231,False,False,EWMA-t
2025-04-29,Long-only Global Minimum Variance Portfolio,0.0034314273568518,0.0435180136939136,0.0618318812497756,False,False,GARCH-t
2025-04-30,Long-only Global Minimum Variance Portfolio,-0.0002440455506608,0.0248366254485366,0.0357167281128424,False,False,Historical VaR
2025-04-30,Long-only Global Minimum Variance Portfolio,-0.0002440455506608,0.0453152751813161,0.0618916228590138,False,False,EWMA-t
2025-04-30,Long-only Global Minimum Variance Portfolio,-0.0002440455506608,0.0409465508292048,0.0585502599669988,False,False,GARCH-t
2025-05-01,Long-only Global Minimum Variance Portfolio,0.033928650412942,0.0248366254485366,0.0357167281128424,False,False,Historical VaR
2025-05-01,Long-only Global Minimum Variance Portfolio,0.033928650412942,0.0439348938797117,0.0600062974675492,False,False,EWMA-t
2025-05-01,Long-only Global Minimum Variance Portfolio,0.033928650412942,0.0385566183727286,0.0551737206421176,False,False,GARCH-t
2025-05-02,Long-only Global Minimum Variance Portfolio,0.0018420415422956,0.0248366254485366,0.0357167281128424,False,False,Historical VaR
2025-05-02,Long-only Global Minimum Variance Portfolio,0.0018420415422956,0.0446317672688291,0.0609580874502243,False,False,EWMA-t
2025-05-02,Long-only Global Minimum Variance Portfolio,0.0018420415422956,0.0398713343832836,0.0570311749390626,False,False,GARCH-t
2025-05-05,Long-only Global Minimum Variance Portfolio,-0.0098746275058251,0.0244958957624781,0.0357167281128424,False,False,Historical VaR
2025-05-05,Long-only Global Minimum Variance Portfolio,-0.0098746275058251,0.0432781500636361,0.0591093164734605,False,False,EWMA-t
2025-05-05,Long-only Global Minimum Variance Portfolio,-0.0098746275058251,0.0375341813206784,0.0537292032859437,False,False,GARCH-t
2025-05-06,Long-only Global Minimum Variance Portfolio,-0.0048346243599574,0.0244958957624781,0.0357167281128424,False,False,Historical VaR
2025-05-06,Long-only Global Minimum Variance Portfolio,-0.0048346243599574,0.0421385400469577,0.0575528366093,False,False,EWMA-t
2025-05-06,Long-only Global Minimum Variance Portfolio,-0.0048346243599574,0.0358309364122193,0.0513228284121551,False,False,GARCH-t
2025-05-07,Long-only Global Minimum Variance Portfolio,-0.0215415545508667,0.0244958957624781,0.0357167281128424,False,False,Historical VaR
2025-05-07,Long-only Global Minimum Variance Portfolio,-0.0215415545508667,0.0408989235619463,0.055859767866516,False,False,EWMA-t
2025-05-07,Long-only Global Minimum Variance Portfolio,-0.0215415545508667,0.0339053315229281,0.0486022993799405,False,False,GARCH-t
2025-05-08,Long-only Global Minimum Variance Portfolio,0.0123789179565301,0.0244958957624781,0.0357167281128424,False,False,Historical VaR
2025-05-08,Long-only Global Minimum Variance Portfolio,0.0123789179565301,0.0405453428691099,0.0553768472000587,False,False,EWMA-t
2025-05-08,Long-only Global Minimum Variance Portfolio,0.0123789179565301,0.034062857314819,0.0488248546364966,False,False,GARCH-t
2025-05-09,Long-only Global Minimum Variance Portfolio,0.0001301001189034,0.0244958957624781,0.0357167281128424,False,False,Historical VaR
2025-05-09,Long-only Global Minimum Variance Portfolio,0.0001301001189034,0.0396096245730518,0.054098842737983,False,False,EWMA-t
2025-05-09,Long-only Global Minimum Variance Portfolio,0.0001301001189034,0.0325409715188741,0.0466747071609638,False,False,GARCH-t
2025-05-12,Long-only Global Minimum Variance Portfolio,0.0428724380250509,0.0244958957624781,0.0357167281128424,False,False,Historical VaR
2025-05-12,Long-only Global Minimum Variance Portfolio,0.0428724380250509,0.0384029898276441,0.0524508204697183,False,False,EWMA-t
2025-05-12,Long-only Global Minimum Variance Portfolio,0.0428724380250509,0.030664792376505,0.0440240077081133,False,False,GARCH-t
2025-05-13,Long-only Global Minimum Variance Portfolio,0.0061693449413627,0.0244958957624781,0.0357167281128424,False,False,Historical VaR
2025-05-13,Long-only Global Minimum Variance Portfolio,0.0061693449413627,0.0408628716941682,0.0558105282095801,False,False,EWMA-t
2025-05-13,Long-only Global Minimum Variance Portfolio,0.0061693449413627,0.0357148652269367,0.0511588409653424,False,False,GARCH-t
2025-05-14,Long-only Global Minimum Variance Portfolio,0.0114285645426147,0.0244958957624781,0.0357167281128424,False,False,Historical VaR
2025-05-14,Long-only Global Minimum Variance Portfolio,0.0114285645426147,0.0396920362684682,0.0542114006679851,False,False,EWMA-t
2025-05-14,Long-only Global Minimum Variance Portfolio,0.0114285645426147,0.0337095462875797,0.0483256904972946,False,False,GARCH-t
2025-05-15,Long-only Global Minimum Variance Portfolio,-0.0046153730068735,0.0244958957624781,0.0357167281128424,False,False,Historical VaR
2025-05-15,Long-only Global Minimum Variance Portfolio,-0.0046153730068735,0.038743694776557,0.0529161554394375,False,False,EWMA-t
2025-05-15,Long-only Global Minimum Variance Portfolio,-0.0046153730068735,0.0321356557095567,0.0461020697353965,False,False,GARCH-t
2025-05-16,Long-only Global Minimum Variance Portfolio,0.0040229958380116,0.0244958957624781,0.0357167281128424,False,False,Historical VaR
2025-05-16,Long-only Global Minimum Variance Portfolio,0.0040229958380116,0.0376071096284681,0.0513638069421326,False,False,EWMA-t
2025-05-16,Long-only Global Minimum Variance Portfolio,0.0040229958380116,0.0304442543291055,0.0437124276098309,False,False,GARCH-t
2025-05-19,Long-only Global Minimum Variance Portfolio,0.0009951001305689,0.0244958957624781,0.0357167281128424,False,False,Historical VaR
2025-05-19,Long-only Global Minimum Variance Portfolio,0.0009951001305689,0.0364956581177467,0.0498457859778461,False,False,EWMA-t
2025-05-19,Long-only Global Minimum Variance Portfolio,0.0009951001305689,0.0287127335099069,0.0412661040235589,False,False,GARCH-t
2025-05-20,Long-only Global Minimum Variance Portfolio,-0.0081213164290735,0.0244958957624781,0.0357167281128424,False,False,Historical VaR
2025-05-20,Long-only Global Minimum Variance Portfolio,-0.0081213164290735,0.0353860112865818,0.048330229845695,False,False,EWMA-t
2025-05-20,Long-only Global Minimum Variance Portfolio,-0.0081213164290735,0.0270679055932744,0.038942261720768,False,False,GARCH-t
2025-05-21,Long-only Global Minimum Variance Portfolio,-0.0048848298515203,0.0244958957624781,0.0357167281128424,False,False,Historical VaR
2025-05-21,Long-only Global Minimum Variance Portfolio,-0.0048848298515203,0.0344559373073189,0.0470599343939915,False,False,EWMA-t
2025-05-21,Long-only Global Minimum Variance Portfolio,-0.0048848298515203,0.0260048327134693,0.037440333340261,False,False,GARCH-t
2025-05-22,Long-only Global Minimum Variance Portfolio,0.0044833832771356,0.0244958957624781,0.0357167281128424,False,False,Historical VaR
2025-05-22,Long-only Global Minimum Variance Portfolio,0.0044833832771356,0.0334613054208326,0.045701465724086,False,False,EWMA-t
2025-05-22,Long-only Global Minimum Variance Portfolio,0.0044833832771356,0.0247543769181988,0.0356736670249367,False,False,GARCH-t
2025-05-23,Long-only Global Minimum Variance Portfolio,-0.0172373037901214,0.0244958957624781,0.0357167281128424,False,False,Historical VaR
2025-05-23,Long-only Global Minimum Variance Portfolio,-0.0172373037901214,0.0324896822184798,0.0443744223251334,False,False,EWMA-t
2025-05-23,Long-only Global Minimum Variance Portfolio,-0.0172373037901214,0.023401632499061,0.0337624855121055,False,False,GARCH-t
2025-05-27,Long-only Global Minimum Variance Portfolio,0.0247365261974219,0.0244958957624781,0.0357167281128424,False,False,Historical VaR
2025-05-27,Long-only Global Minimum Variance Portfolio,0.0247365261974219,0.0322190725215165,0.044004823481489,False,False,EWMA-t
2025-05-27,Long-only Global Minimum Variance Portfolio,0.0247365261974219,0.024072616996839,0.0347104644129292,False,False,GARCH-t
2025-05-28,Long-only Global Minimum Variance Portfolio,-0.0036742452525565,0.0244958957624781,0.0357167281128424,False,False,Historical VaR
2025-05-28,Long-only Global Minimum Variance Portfolio,-0.0036742452525565,0.0327132073368018,0.0446797130304717,False,False,EWMA-t
2025-05-28,Long-only Global Minimum Variance Portfolio,-0.0036742452525565,0.0255329878352245,0.0367737024560616,False,False,GARCH-t
2025-05-29,Long-only Global Minimum Variance Portfolio,7.093308414553301e-05,0.0244958957624781,0.0357167281128424,False,False,Historical VaR
2025-05-29,Long-only Global Minimum Variance Portfolio,7.093308414553301e-05,0.0317494368979553,0.0433633949393846,False,False,EWMA-t
2025-05-29,Long-only Global Minimum Variance Portfolio,7.093308414553301e-05,0.0239444128857504,0.0345488539972408,False,False,GARCH-t
2025-05-30,Long-only Global Minimum Variance Portfolio,0.002216495691747,0.0244958957624781,0.0357167281128424,False,False,Historical VaR
2025-05-30,Long-only Global Minimum Variance Portfolio,0.002216495691747,0.0307822337512862,0.0420423884544372,False,False,EWMA-t
2025-05-30,Long-only Global Minimum Variance Portfolio,0.002216495691747,0.0225886532749098,0.0326324981478695,False,False,GARCH-t
2025-06-02,Long-only Global Minimum Variance Portfolio,-0.0006191696454983,0.0244958957624781,0.0357167281128424,False,False,Historical VaR
2025-06-02,Long-only Global Minimum Variance Portfolio,-0.0006191696454983,0.0298571740625749,0.0407789415229839,False,False,EWMA-t
2025-06-02,Long-only Global Minimum Variance Portfolio,-0.0006191696454983,0.0213104603207113,0.0308257821749068,False,False,GARCH-t
2025-06-03,Long-only Global Minimum Variance Portfolio,-0.0013720233632837,0.0244958957624781,0.0357167281128424,False,False,Historical VaR
2025-06-03,Long-only Global Minimum Variance Portfolio,-0.0013720233632837,0.0289486254889114,0.0395380454797561,False,False,EWMA-t
2025-06-03,Long-only Global Minimum Variance Portfolio,-0.0013720233632837,0.0201517605329858,0.0291879688796012,False,False,GARCH-t
2025-06-04,Long-only Global Minimum Variance Portfolio,0.0032611739367385,0.0244958957624781,0.0357167281128424,False,False,Historical VaR
2025-06-04,Long-only Global Minimum Variance Portfolio,0.0032611739367385,0.0280719052181741,0.0383406205467239,False,False,EWMA-t
2025-06-04,Long-only Global Minimum Variance Portfolio,0.0032611739367385,0.0191016895740433,0.027703701603652,False,False,GARCH-t
2025-06-05,Long-only Global Minimum Variance Portfolio,0.0005989856196654,0.0244958957624781,0.0357167281128424,False,False,Historical VaR
2025-06-05,Long-only Global Minimum Variance Portfolio,0.0005989856196654,0.0272468377910002,0.0372137430902462,False,False,EWMA-t
2025-06-05,Long-only Global Minimum Variance Portfolio,0.0005989856196654,0.0180789602798851,0.0262580815619337,False,False,GARCH-t
2025-06-06,Long-only Global Minimum Variance Portfolio,0.0170969661245373,0.0244958957624781,0.0357167281128424,False,False,Historical VaR
2025-06-06,Long-only Global Minimum Variance Portfolio,0.0170969661245373,0.026417836640086,0.0360814929521465,False,False,EWMA-t
2025-06-06,Long-only Global Minimum Variance Portfolio,0.0170969661245373,0.0171205309953717,0.0249033490924754,False,False,GARCH-t
2025-06-09,Long-only Global Minimum Variance Portfolio,0.0038460460710959,0.0244958957624781,0.0357167281128424,False,False,Historical VaR
2025-06-09,Long-only Global Minimum Variance Portfolio,0.0038460460710959,0.0264784592242198,0.0361642913043343,False,False,EWMA-t
2025-06-09,Long-only Global Minimum Variance Portfolio,0.0038460460710959,0.0179678993942402,0.0261010978487886,False,False,GARCH-t
2025-06-10,Long-only Global Minimum Variance Portfolio,0.0042034717776453,0.0244958957624781,0.0357167281128424,False,False,Historical VaR
2025-06-10,Long-only Global Minimum Variance Portfolio,0.0042034717776453,0.0257162123362296,0.0351232141680225,False,False,EWMA-t
2025-06-10,Long-only Global Minimum Variance Portfolio,0.0042034717776453,0.0170424501987618,0.0247929824831513,False,False,GARCH-t
2025-06-11,Long-only Global Minimum Variance Portfolio,-0.0078957029865113,0.0244958957624781,0.0357167281128424,False,False,Historical VaR
2025-06-11,Long-only Global Minimum Variance Portfolio,-0.0078957029865113,0.0249873805155349,0.0341277753453827,False,False,EWMA-t
2025-06-11,Long-only Global Minimum Variance Portfolio,-0.0078957029865113,0.0161981022037479,0.023599503044605,False,False,GARCH-t
2025-06-12,Long-only Global Minimum Variance Portfolio,0.0026738482189446,0.0244958957624781,0.0357167281128424,False,False,Historical VaR
2025-06-12,Long-only Global Minimum Variance Portfolio,0.0026738482189446,0.0244237942962102,0.0333580290380854,False,False,EWMA-t
2025-06-12,Long-only Global Minimum Variance Portfolio,0.0026738482189446,0.0160985013695485,0.0234587180266017,False,False,GARCH-t
2025-06-13,Long-only Global Minimum Variance Portfolio,-0.0091025552274789,0.0244958957624781,0.0357167281128424,False,False,Historical VaR
2025-06-13,Long-only Global Minimum Variance Portfolio,-0.0091025552274789,0.0237030176969606,0.0323735920404535,False,False,EWMA-t
2025-06-13,Long-only Global Minimum Variance Portfolio,-0.0091025552274789,0.0152824759450992,0.0223052723251109,False,False,GARCH-t
2025-06-16,Long-only Global Minimum Variance Portfolio,0.0107469487492139,0.0244958957624781,0.0357167281128424,False,False,Historical VaR
2025-06-16,Long-only Global Minimum Variance Portfolio,0.0107469487492139,0.0232572909734449,0.0317648182845922,False,False,EWMA-t
2025-06-16,Long-only Global Minimum Variance Portfolio,0.0107469487492139,0.015487047499838,0.022594432654423,False,False,GARCH-t
2025-06-17,Long-only Global Minimum Variance Portfolio,-0.0065509761800313,0.0244958957624781,0.0357167281128424,False,False,Historical VaR
2025-06-17,Long-only Global Minimum Variance Portfolio,-0.0065509761800313,0.0229403566038717,0.0313319491826349,False,False,EWMA-t
2025-06-17,Long-only Global Minimum Variance Portfolio,-0.0065509761800313,0.0153851402456226,0.0224503875293524,False,False,GARCH-t
2025-06-18,Long-only Global Minimum Variance Portfolio,-0.002613058405474,0.0244958957624781,0.0357167281128424,False,False,Historical VaR
2025-06-18,Long-only Global Minimum Variance Portfolio,-0.002613058405474,0.0223897958859328,0.0305799931108839,False,False,EWMA-t
2025-06-18,Long-only Global Minimum Variance Portfolio,-0.002613058405474,0.0151825467190475,0.0221640231277339,False,False,GARCH-t
2025-06-20,Long-only Global Minimum Variance Portfolio,-0.0058900198843083,0.0244958957624781,0.0357167281128424,False,False,Historical VaR
2025-06-20,Long-only Global Minimum Variance Portfolio,-0.0058900198843083,0.0217319543468904,0.0296815128462822,False,False,EWMA-t
2025-06-20,Long-only Global Minimum Variance Portfolio,-0.0058900198843083,0.0145861722032364,0.0213210523070573,False,False,GARCH-t
2025-06-23,Long-only Global Minimum Variance Portfolio,0.0039868641424511,0.0244958957624781,0.0357167281128424,False,False,Historical VaR
2025-06-23,Long-only Global Minimum Variance Portfolio,0.0039868641424511,0.0211964993154356,0.0289501881278035,False,False,EWMA-t
2025-06-23,Long-only Global Minimum Variance Portfolio,0.0039868641424511,0.0143801303852967,0.0210298137719463,False,False,GARCH-t
2025-06-24,Long-only Global Minimum Variance Portfolio,0.0056290835702501,0.0244958957624781,0.0357167281128424,False,False,Historical VaR
2025-06-24,Long-only Global Minimum Variance Portfolio,0.0056290835702501,0.0206103251458292,0.0281495911880339,False,False,EWMA-t
2025-06-24,Long-only Global Minimum Variance Portfolio,0.0056290835702501,0.0137327140188076,0.0201146956853919,False,False,GARCH-t
2025-06-25,Long-only Global Minimum Variance Portfolio,0.0090489967517499,0.0244958957624781,0.0357167281128424,False,False,Historical VaR
2025-06-25,Long-only Global Minimum Variance Portfolio,0.0090489967517499,0.020104358362294,0.0274585415315892,False,False,EWMA-t
2025-06-25,Long-only Global Minimum Variance Portfolio,0.0090489967517499,0.0132322903530747,0.019407350658056,False,False,GARCH-t
2025-06-26,Long-only Global Minimum Variance Portfolio,0.0093765147372887,0.0244958957624781,0.0357167281128424,False,False,Historical VaR
2025-06-26,Long-only Global Minimum Variance Portfolio,0.0093765147372887,0.0198131950349207,0.0270608705304519,False,False,EWMA-t
2025-06-26,Long-only Global Minimum Variance Portfolio,0.0093765147372887,0.0131400801299366,0.0192770122123097,False,False,GARCH-t
2025-06-27,Long-only Global Minimum Variance Portfolio,0.007132148041612,0.0244958957624781,0.0357167281128424,False,False,Historical VaR
2025-06-27,Long-only Global Minimum Variance Portfolio,0.007132148041612,0.0195593511911121,0.0267141704964519,False,False,EWMA-t
2025-06-27,Long-only Global Minimum Variance Portfolio,0.007132148041612,0.0128928889426072,0.0189434326736196,False,False,GARCH-t
2025-06-30,Long-only Global Minimum Variance Portfolio,0.0044485683457904,0.0244958957624781,0.0357167281128424,False,False,Historical VaR
2025-06-30,Long-only Global Minimum Variance Portfolio,0.0044485683457904,0.0191692241600119,0.0261813348250508,False,False,EWMA-t
2025-06-30,Long-only Global Minimum Variance Portfolio,0.0044485683457904,0.0125934141934624,0.0185198740583058,False,False,GARCH-t
2025-07-01,Long-only Global Minimum Variance Portfolio,-0.0002767892771045,0.0244958957624781,0.0357167281128424,False,False,Historical VaR
2025-07-01,Long-only Global Minimum Variance Portfolio,-0.0002767892771045,0.0186671817611478,0.0254956450949232,False,False,EWMA-t
2025-07-01,Long-only Global Minimum Variance Portfolio,-0.0002767892771045,0.0120976342236597,0.0178186734458678,False,False,GARCH-t
2025-07-02,Long-only Global Minimum Variance Portfolio,0.0100243875562542,0.0244958957624781,0.0357167281128424,False,False,Historical VaR
2025-07-02,Long-only Global Minimum Variance Portfolio,0.0100243875562542,0.0180988306229151,0.0247193908592766,False,False,EWMA-t
2025-07-02,Long-only Global Minimum Variance Portfolio,0.0100243875562542,0.0116093576232376,0.0171280851363172,False,False,GARCH-t
2025-07-03,Long-only Global Minimum Variance Portfolio,0.0096206739728116,0.0244958957624781,0.0357167281128424,False,False,Historical VaR
2025-07-03,Long-only Global Minimum Variance Portfolio,0.0096206739728116,0.0179836423433045,0.0245620666561042,False,False,EWMA-t
2025-07-03,Long-only Global Minimum Variance Portfolio,0.0096206739728116,0.0118802014628069,0.0175111499589171,False,False,GARCH-t
2025-07-07,Long-only Global Minimum Variance Portfolio,-0.0101992349431923,0.0244958957624781,0.0357167281128424,False,False,Historical VaR
2025-07-07,Long-only Global Minimum Variance Portfolio,-0.0101992349431923,0.0178404410851941,0.0243664823145231,False,False,EWMA-t
2025-07-07,Long-only Global Minimum Variance Portfolio,-0.0101992349431923,0.0120443667298039,0.0177433351877902,False,False,GARCH-t
2025-07-08,Long-only Global Minimum Variance Portfolio,-0.005743233906823,0.0244958957624781,0.0357167281128424,False,False,Historical VaR
2025-07-08,Long-only Global Minimum Variance Portfolio,-0.005743233906823,0.017754649695549,0.0242493083966506,False,False,EWMA-t
2025-07-08,Long-only Global Minimum Variance Portfolio,-0.005743233906823,0.0129901514460477,0.0190809947598953,False,False,GARCH-t
2025-07-09,Long-only Global Minimum Variance Portfolio,0.0114796369123522,0.0244958957624781,0.0357167281128424,False,False,Historical VaR
2025-07-09,Long-only Global Minimum Variance Portfolio,0.0114796369123522,0.0173609040869851,0.0237115304705513,False,False,EWMA-t
2025-07-09,Long-only Global Minimum Variance Portfolio,0.0114796369123522,0.0129415443941782,0.0190122479435339,False,False,GARCH-t
2025-07-10,Long-only Global Minimum Variance Portfolio,0.0018112391938746,0.0244958957624781,0.0357167281128424,False,False,Historical VaR
2025-07-10,Long-only Global Minimum Variance Portfolio,0.0018112391938746,0.0174252970376475,0.0237994783910092,False,False,EWMA-t
2025-07-10,Long-only Global Minimum Variance Portfolio,0.0018112391938746,0.0132894588590429,0.0195043167052795,False,False,GARCH-t
2025-07-11,Long-only Global Minimum Variance Portfolio,0.0043869827787554,0.0244958957624781,0.0357167281128424,False,False,Historical VaR
2025-07-11,Long-only Global Minimum Variance Portfolio,0.0043869827787554,0.0169094194388375,0.0230948925386844,False,False,EWMA-t
2025-07-11,Long-only Global Minimum Variance Portfolio,0.0043869827787554,0.012655110719817,0.0186071338200956,False,False,GARCH-t
2025-07-14,Long-only Global Minimum Variance Portfolio,-0.0014038049859865,0.0244958957624781,0.0357167281128424,False,False,Historical VaR
2025-07-14,Long-only Global Minimum Variance Portfolio,-0.0014038049859865,0.0164845657184667,0.0225146271397382,False,False,EWMA-t
2025-07-14,Long-only Global Minimum Variance Portfolio,-0.0014038049859865,0.0121501717544215,0.0178929792891652,False,False,GARCH-t
2025-07-15,Long-only Global Minimum Variance Portfolio,0.0033392840234922,0.0244958957624781,0.0357167281128424,False,False,Historical VaR
2025-07-15,Long-only Global Minimum Variance Portfolio,0.0033392840234922,0.0159918847608707,0.0218417232702297,False,False,EWMA-t
2025-07-15,Long-only Global Minimum Variance Portfolio,0.0033392840234922,0.0117192962525766,0.0172835755532733,False,False,GARCH-t
2025-07-16,Long-only Global Minimum Variance Portfolio,0.0012048665935158,0.0234552987013026,0.0356427217445249,False,False,Historical VaR
2025-07-16,Long-only Global Minimum Variance Portfolio,0.0012048665935158,0.0155600670542193,0.0212519464557455,False,False,EWMA-t
2025-07-16,Long-only Global Minimum Variance Portfolio,0.0012048665935158,0.0112514196052836,0.0166218396792771,False,False,GARCH-t
2025-07-17,Long-only Global Minimum Variance Portfolio,0.0056609540959732,0.0234552987013026,0.0356427217445249,False,False,Historical VaR
2025-07-17,Long-only Global Minimum Variance Portfolio,0.0056609540959732,0.0150934632879824,0.020614658825714,False,False,EWMA-t
2025-07-17,Long-only Global Minimum Variance Portfolio,0.0056609540959732,0.010799204323576,0.015982254274862,False,False,GARCH-t
2025-07-18,Long-only Global Minimum Variance Portfolio,0.0030888773566094,0.0234552987013026,0.0356427217445249,False,False,Historical VaR
2025-07-18,Long-only Global Minimum Variance Portfolio,0.0030888773566094,0.0148015614621719,0.020215979183085,False,False,EWMA-t
2025-07-18,Long-only Global Minimum Variance Portfolio,0.0030888773566094,0.0105715441785508,0.015660265806504,False,False,GARCH-t
2025-07-21,Long-only Global Minimum Variance Portfolio,0.010364737564101,0.0234552987013026,0.0356427217445249,False,False,Historical VaR
2025-07-21,Long-only Global Minimum Variance Portfolio,0.010364737564101,0.0144018238845671,0.0196700174230228,False,False,EWMA-t
2025-07-21,Long-only Global Minimum Variance Portfolio,0.010364737564101,0.010202808890266,0.0151387493562213,False,False,GARCH-t
2025-07-22,Long-only Global Minimum Variance Portfolio,5.015161458868465e-05,0.0234552987013026,0.0356427217445249,False,False,Historical VaR
2025-07-22,Long-only Global Minimum Variance Portfolio,5.015161458868465e-05,0.0145442701511343,0.0198645705968208,False,False,EWMA-t
2025-07-22,Long-only Global Minimum Variance Portfolio,5.015161458868465e-05,0.0107503805511042,0.0159132009422468,False,False,GARCH-t
2025-07-23,Long-only Global Minimum Variance Portfolio,-0.0004594629135011,0.0234552987013026,0.0356427217445249,False,False,Historical VaR
2025-07-23,Long-only Global Minimum Variance Portfolio,-0.0004594629135011,0.0141012068447676,0.0192594345372781,False,False,EWMA-t
2025-07-23,Long-only Global Minimum Variance Portfolio,-0.0004594629135011,0.0103747361566941,0.0153819126783743,False,False,GARCH-t
2025-07-24,Long-only Global Minimum Variance Portfolio,0.0066929997737315,0.0234552987013026,0.0356427217445249,False,False,Historical VaR
2025-07-24,Long-only Global Minimum Variance Portfolio,0.0066929997737315,0.0136728179315713,0.0186743407704093,False,False,EWMA-t
2025-07-24,Long-only Global Minimum Variance Portfolio,0.0066929997737315,0.0100596717942075,0.0149363050754272,False,False,GARCH-t
2025-07-25,Long-only Global Minimum Variance Portfolio,0.0030650680330626,0.0234552987013026,0.0356427217445249,False,False,Historical VaR
2025-07-25,Long-only Global Minimum Variance Portfolio,0.0030650680330626,0.0135143582730485,0.0184579164988051,False,False,EWMA-t
2025-07-25,Long-only Global Minimum Variance Portfolio,0.0030650680330626,0.0100276353748713,0.0148909947397399,False,False,GARCH-t
2025-07-28,Long-only Global Minimum Variance Portfolio,-0.0010250377828121,0.0234552987013026,0.0356427217445249,False,False,Historical VaR
2025-07-28,Long-only Global Minimum Variance Portfolio,-0.0010250377828121,0.0131578300776082,0.0179709701319894,False,False,EWMA-t
2025-07-28,Long-only Global Minimum Variance Portfolio,-0.0010250377828121,0.0094572267913423,0.0141141946197415,False,False,GARCH-t
2025-07-29,Long-only Global Minimum Variance Portfolio,-0.0003677356669061,0.0228058959010653,0.0345592331125993,False,False,Historical VaR
2025-07-29,Long-only Global Minimum Variance Portfolio,-0.0003677356669061,0.0127633391811115,0.0174321742913023,False,False,EWMA-t
2025-07-29,Long-only Global Minimum Variance Portfolio,-0.0003677356669061,0.0092444567823575,0.0138130366671129,False,False,GARCH-t
2025-07-30,Long-only Global Minimum Variance Portfolio,-0.0016209757431318,0.0228058959010653,0.0345592331125993,False,False,Historical VaR
2025-07-30,Long-only Global Minimum Variance Portfolio,-0.0016209757431318,0.0123753591122635,0.0169022709418937,False,False,EWMA-t
2025-07-30,Long-only Global Minimum Variance Portfolio,-0.0016209757431318,0.0090107542533701,0.0134822505027949,False,False,GARCH-t
2025-07-31,Long-only Global Minimum Variance Portfolio,0.0071845538108666,0.0228058959010653,0.0345592331125993,False,False,Historical VaR
2025-07-31,Long-only Global Minimum Variance Portfolio,0.0071845538108666,0.0120152310552834,0.0164104078825967,False,False,EWMA-t
2025-07-31,Long-only Global Minimum Variance Portfolio,0.0071845538108666,0.0088970484329443,0.0133213095306871,False,False,GARCH-t
2025-08-01,Long-only Global Minimum Variance Portfolio,-0.024409067254913,0.0228058959010653,0.0345592331125993,True,False,Historical VaR
2025-08-01,Long-only Global Minimum Variance Portfolio,-0.024409067254913,0.0119860156448032,0.016370505462058,True,True,EWMA-t
2025-08-01,Long-only Global Minimum Variance Portfolio,-0.024409067254913,0.0090454906648567,0.0135314169554115,True,True,GARCH-t
2025-08-04,Long-only Global Minimum Variance Portfolio,0.0161450771701059,0.0234552987013026,0.0346708442479027,False,False,Historical VaR
2025-08-04,Long-only Global Minimum Variance Portfolio,0.0161450771701059,0.0150642673895811,0.0205747830547813,False,False,EWMA-t
2025-08-04,Long-only Global Minimum Variance Portfolio,0.0161450771701059,0.0159006596620889,0.0232343288929534,False,False,GARCH-t
2025-08-05,Long-only Global Minimum Variance Portfolio,-0.0056548127355858,0.0234552987013026,0.0346708442479027,False,False,Historical VaR
2025-08-05,Long-only Global Minimum Variance Portfolio,-0.0056548127355858,0.0159222161874925,0.0217465699019363,False,False,EWMA-t
2025-08-05,Long-only Global Minimum Variance Portfolio,-0.0056548127355858,0.0167522885601859,0.024439737571432,False,False,GARCH-t
2025-08-06,Long-only Global Minimum Variance Portfolio,0.0187721629900602,0.0234552987013026,0.0346708442479027,False,False,Historical VaR
2025-08-06,Long-only Global Minimum Variance Portfolio,0.0187721629900602,0.0155960757319185,0.0213011271236527,False,False,EWMA-t
2025-08-06,Long-only Global Minimum Variance Portfolio,0.0187721629900602,0.0162675022200627,0.0237535635079424,False,False,GARCH-t
2025-08-07,Long-only Global Minimum Variance Portfolio,0.0075433537871259,0.0234552987013026,0.0346708442479027,False,False,Historical VaR
2025-08-07,Long-only Global Minimum Variance Portfolio,0.0075433537871259,0.0168223419486313,0.0229759620640975,False,False,EWMA-t
2025-08-07,Long-only Global Minimum Variance Portfolio,0.0075433537871259,0.01769270469891,0.0257708170798099,False,False,GARCH-t
2025-08-08,Long-only Global Minimum Variance Portfolio,0.0197971440867308,0.0228058959010653,0.0332430948019846,False,False,Historical VaR
2025-08-08,Long-only Global Minimum Variance Portfolio,0.0197971440867308,0.0165767137382814,0.0226404829459042,False,False,EWMA-t
2025-08-08,Long-only Global Minimum Variance Portfolio,0.0197971440867308,0.0169484514438019,0.0247173895426539,False,False,GARCH-t
2025-08-11,Long-only Global Minimum Variance Portfolio,-0.0037894124704129,0.0228058959010653,0.0332430948019846,False,False,Historical VaR
2025-08-11,Long-only Global Minimum Variance Portfolio,-0.0037894124704129,0.0178534308166001,0.0243842236954151,False,False,EWMA-t
2025-08-11,Long-only Global Minimum Variance Portfolio,-0.0037894124704129,0.0185101747035351,0.026927876733578,False,False,GARCH-t
2025-08-12,Long-only Global Minimum Variance Portfolio,0.0117245587815564,0.0228058959010653,0.0332430948019846,False,False,Historical VaR
2025-08-12,Long-only Global Minimum Variance Portfolio,0.0117245587815564,0.0173733964509048,0.0237285925467109,False,False,EWMA-t
2025-08-12,Long-only Global Minimum Variance Portfolio,0.0117245587815564,0.0176728718473064,0.0257427453557345,False,False,GARCH-t
2025-08-13,Long-only Global Minimum Variance Portfolio,-0.0013452645366776,0.0228058959010653,0.0332430948019846,False,False,Historical VaR
2025-08-13,Long-only Global Minimum Variance Portfolio,-0.0013452645366776,0.0174621117717716,0.0238497599711374,False,False,EWMA-t
2025-08-13,Long-only Global Minimum Variance Portfolio,-0.0013452645366776,0.0174411003928441,0.0254146924640856,False,False,GARCH-t
2025-08-14,Long-only Global Minimum Variance Portfolio,0.003920706720997,0.0228058959010653,0.0332430948019846,False,False,Historical VaR
2025-08-14,Long-only Global Minimum Variance Portfolio,0.003920706720997,0.0169383863671673,0.0231344555821923,False,False,EWMA-t
2025-08-14,Long-only Global Minimum Variance Portfolio,0.003920706720997,0.0165281985948161,0.0241225571779293,False,False,GARCH-t
2025-08-15,Long-only Global Minimum Variance Portfolio,-0.0016817950674517,0.0228058959010653,0.0332430948019846,False,False,Historical VaR
2025-08-15,Long-only Global Minimum Variance Portfolio,-0.0016817950674517,0.0164943969078147,0.0225280545824924,False,False,EWMA-t
2025-08-15,Long-only Global Minimum Variance Portfolio,-0.0016817950674517,0.0156477338929198,0.0228763338579698,False,False,GARCH-t
2025-08-18,Long-only Global Minimum Variance Portfolio,-0.0036438039941553,0.0228058959010653,0.0332430948019846,False,False,Historical VaR
2025-08-18,Long-only Global Minimum Variance Portfolio,-0.0036438039941553,0.0160055439144735,0.0218603789482539,False,False,EWMA-t
2025-08-18,Long-only Global Minimum Variance Portfolio,-0.0036438039941553,0.0149005531255433,0.0218187626747931,False,False,GARCH-t
2025-08-19,Long-only Global Minimum Variance Portfolio,-0.0090054856732992,0.0228058959010653,0.0332430948019846,False,False,Historical VaR
2025-08-19,Long-only Global Minimum Variance Portfolio,-0.0090054856732992,0.0155837889565868,0.0212843458404774,False,False,EWMA-t
2025-08-19,Long-only Global Minimum Variance Portfolio,-0.0090054856732992,0.0143755853881608,0.0210757152418371,False,False,GARCH-t
2025-08-20,Long-only Global Minimum Variance Portfolio,-0.0132273810930257,0.0228058959010653,0.0332430948019846,False,False,Historical VaR
2025-08-20,Long-only Global Minimum Variance Portfolio,-0.0132273810930257,0.0155174302355348,0.021193713069953,False,False,EWMA-t
2025-08-20,Long-only Global Minimum Variance Portfolio,-0.0132273810930257,0.0146932068363774,0.0215252815388554,False,False,GARCH-t
2025-08-21,Long-only Global Minimum Variance Portfolio,-0.0020366458784739,0.0228058959010653,0.0332430948019846,False,False,Historical VaR
2025-08-21,Long-only Global Minimum Variance Portfolio,-0.0020366458784739,0.0159162466727753,0.0217384167360987,False,False,EWMA-t
2025-08-21,Long-only Global Minimum Variance Portfolio,-0.0020366458784739,0.0158947147602331,0.0232259143871685,False,False,GARCH-t
2025-08-22,Long-only Global Minimum Variance Portfolio,0.0164380664476782,0.0228058959010653,0.0332430948019846,False,False,Historical VaR
2025-08-22,Long-only Global Minimum Variance Portfolio,0.0164380664476782,0.01545208744004,0.0211044678510034,False,False,EWMA-t
2025-08-22,Long-only Global Minimum Variance Portfolio,0.0164380664476782,0.015149026234758,0.0221704553461963,False,False,GARCH-t
2025-08-25,Long-only Global Minimum Variance Portfolio,-8.259111451803784e-05,0.0228058959010653,0.0332430948019846,False,False,Historical VaR
2025-08-25,Long-only Global Minimum Variance Portfolio,-8.259111451803784e-05,0.0163130021447504,0.0222803055349747,False,False,EWMA-t
2025-08-25,Long-only Global Minimum Variance Portfolio,-8.259111451803784e-05,0.016259461672082,0.0237509615003463,False,False,GARCH-t
2025-08-26,Long-only Global Minimum Variance Portfolio,2.3155292000714425e-05,0.0228058959010653,0.0332430948019846,False,False,Historical VaR
2025-08-26,Long-only Global Minimum Variance Portfolio,2.3155292000714425e-05,0.0158160756399212,0.0216016030951797,False,False,EWMA-t
2025-08-26,Long-only Global Minimum Variance Portfolio,2.3155292000714425e-05,0.0153920393254346,0.0225226733432339,False,False,GARCH-t
2025-08-27,Long-only Global Minimum Variance Portfolio,0.005349707370829,0.0228058959010653,0.0332430948019846,False,False,Historical VaR
2025-08-27,Long-only Global Minimum Variance Portfolio,0.005349707370829,0.0153342569568633,0.0209435349250333,False,False,EWMA-t
2025-08-27,Long-only Global Minimum Variance Portfolio,0.005349707370829,0.0145920126443326,0.0213898188559481,False,False,GARCH-t
2025-08-28,Long-only Global Minimum Variance Portfolio,0.0108670326987229,0.0228058959010653,0.0332430948019846,False,False,Historical VaR
2025-08-28,Long-only Global Minimum Variance Portfolio,0.0108670326987229,0.0150148221112133,0.0205072506717459,False,False,EWMA-t
2025-08-28,Long-only Global Minimum Variance Portfolio,0.0108670326987229,0.0139525551410122,0.0204843336775446,False,False,GARCH-t
2025-08-29,Long-only Global Minimum Variance Portfolio,-0.0020682170829523,0.0228058959010653,0.0332430948019846,False,False,Historical VaR
2025-08-29,Long-only Global Minimum Variance Portfolio,-0.0020682170829523,0.0151700676230173,0.0207192850603419,False,False,EWMA-t
2025-08-29,Long-only Global Minimum Variance Portfolio,-0.0020682170829523,0.0140401031677036,0.0206083035115928,False,False,GARCH-t
2025-09-02,Long-only Global Minimum Variance Portfolio,-0.0074197819959941,0.0228058959010653,0.0332430948019846,False,False,Historical VaR
2025-09-02,Long-only Global Minimum Variance Portfolio,-0.0074197819959941,0.0147303358413581,0.0201186991987162,False,False,EWMA-t
2025-09-02,Long-only Global Minimum Variance Portfolio,-0.0074197819959941,0.0134658997884456,0.0197952195355546,False,False,GARCH-t
2025-09-03,Long-only Global Minimum Variance Portfolio,0.0355705481908382,0.0228058959010653,0.0332430948019846,False,False,Historical VaR
2025-09-03,Long-only Global Minimum Variance Portfolio,0.0355705481908382,0.0145758149915683,0.0199076545538194,False,False,EWMA-t
2025-09-03,Long-only Global Minimum Variance Portfolio,0.0355705481908382,0.0136261540995284,0.0200221429866162,False,False,GARCH-t
2025-09-04,Long-only Global Minimum Variance Portfolio,0.0087283544677682,0.0228058959010653,0.0332430948019846,False,False,Historical VaR
2025-09-04,Long-only Global Minimum Variance Portfolio,0.0087283544677682,0.0198706323453465,0.0271393184344023,False,False,EWMA-t
2025-09-04,Long-only Global Minimum Variance Portfolio,0.0087283544677682,0.021767936602155,0.031551077034042,False,False,GARCH-t
2025-09-05,Long-only Global Minimum Variance Portfolio,-0.0075026829494883,0.0228058959010653,0.0332430948019846,False,False,Historical VaR
2025-09-05,Long-only Global Minimum Variance Portfolio,-0.0075026829494883,0.0195678559615143,0.0267257863156238,False,False,EWMA-t
2025-09-05,Long-only Global Minimum Variance Portfolio,-0.0075026829494883,0.0207746917424133,0.0301446215708541,False,False,GARCH-t
2025-09-08,Long-only Global Minimum Variance Portfolio,0.0003548132509911,0.022672765769969,0.0329786344757832,False,False,Historical VaR
2025-09-08,Long-only Global Minimum Variance Portfolio,0.0003548132509911,0.0191991737659495,0.0262222400100696,False,False,EWMA-t
2025-09-08,Long-only Global Minimum Variance Portfolio,0.0003548132509911,0.0201180383883478,0.0292147867086971,False,False,GARCH-t
2025-09-09,Long-only Global Minimum Variance Portfolio,0.0030171011996634,0.022672765769969,0.0329786344757832,False,False,Historical VaR
2025-09-09,Long-only Global Minimum Variance Portfolio,0.0030171011996634,0.0186148111088507,0.0254241172348831,False,False,EWMA-t
2025-09-09,Long-only Global Minimum Variance Portfolio,0.0030171011996634,0.0189395622741823,0.0275460399210867,False,False,GARCH-t
2025-09-10,Long-only Global Minimum Variance Portfolio,-0.0113778601157362,0.022672765769969,0.0329786344757832,False,False,Historical VaR
2025-09-10,Long-only Global Minimum Variance Portfolio,-0.0113778601157362,0.0180865810140052,0.0247026603380166,False,False,EWMA-t
2025-09-10,Long-only Global Minimum Variance Portfolio,-0.0113778601157362,0.0178479759720131,0.026000330921771,False,False,GARCH-t
2025-09-11,Long-only Global Minimum Variance Portfolio,0.0059518625295851,0.022672765769969,0.0329786344757832,False,False,Historical VaR
2025-09-11,Long-only Global Minimum Variance Portfolio,0.0059518625295851,0.0180959169715424,0.0247154113929448,False,False,EWMA-t
2025-09-11,Long-only Global Minimum Variance Portfolio,0.0059518625295851,0.0181474054117619,0.0264243292613984,False,False,GARCH-t
2025-09-12,Long-only Global Minimum Variance Portfolio,0.0116111121189548,0.022672765769969,0.0329786344757832,False,False,Historical VaR
2025-09-12,Long-only Global Minimum Variance Portfolio,0.0116111121189548,0.0176996563843738,0.0241741985079563,False,False,EWMA-t
2025-09-12,Long-only Global Minimum Variance Portfolio,0.0116111121189548,0.0172416988768016,0.0251418298941515,False,False,GARCH-t
2025-09-15,Long-only Global Minimum Variance Portfolio,0.0196678310959575,0.022672765769969,0.0329786344757832,False,False,Historical VaR
2025-09-15,Long-only Global Minimum Variance Portfolio,0.0196678310959575,0.0177559403074271,0.0242510711149239,False,False,EWMA-t
2025-09-15,Long-only Global Minimum Variance Portfolio,0.0196678310959575,0.0170470848402212,0.024866252354256,False,False,GARCH-t
2025-09-16,Long-only Global Minimum Variance Portfolio,-0.0019677859116238,0.022672765769969,0.0329786344757832,False,False,Historical VaR
2025-09-16,Long-only Global Minimum Variance Portfolio,-0.0019677859116238,0.0188683531629936,0.0257704050844245,False,False,EWMA-t
2025-09-16,Long-only Global Minimum Variance Portfolio,-0.0019677859116238,0.0185691023647139,0.027021460953017,False,False,GARCH-t
2025-09-17,Long-only Global Minimum Variance Portfolio,-0.000737881393975,0.022672765769969,0.0329786344757832,False,False,Historical VaR
2025-09-17,Long-only Global Minimum Variance Portfolio,-0.000737881393975,0.0183098621492599,0.0250076178111739,False,False,EWMA-t
2025-09-17,Long-only Global Minimum Variance Portfolio,-0.000737881393975,0.0175989929302075,0.025647765735096,False,False,GARCH-t
2025-09-18,Long-only Global Minimum Variance Portfolio,-1.0961755933240624e-05,0.022672765769969,0.0329786344757832,False,False,Historical VaR
2025-09-18,Long-only Global Minimum Variance Portfolio,-1.0961755933240624e-05,0.0177544349207465,0.0242490150571306,False,False,EWMA-t
2025-09-18,Long-only Global Minimum Variance Portfolio,-1.0961755933240624e-05,0.0166474607943555,0.024300376360017,False,False,GARCH-t
2025-09-19,Long-only Global Minimum Variance Portfolio,0.0193744527146438,0.022672765769969,0.0329786344757832,False,False,Historical VaR
2025-09-19,Long-only Global Minimum Variance Portfolio,0.0193744527146438,0.0172135638473087,0.0235102931061191,False,False,EWMA-t
2025-09-19,Long-only Global Minimum Variance Portfolio,0.0193744527146438,0.0157466484330432,0.02302480724486,False,False,GARCH-t
2025-09-22,Long-only Global Minimum Variance Portfolio,0.0067693188533657,0.022672765769969,0.0329786344757832,False,False,Historical VaR
2025-09-22,Long-only Global Minimum Variance Portfolio,0.0067693188533657,0.0183417447091514,0.0250511630255566,False,False,EWMA-t
2025-09-22,Long-only Global Minimum Variance Portfolio,0.0067693188533657,0.0174463245929784,0.0254315841814281,False,False,GARCH-t
2025-09-23,Long-only Global Minimum Variance Portfolio,-0.0085578564757557,0.022672765769969,0.0329786344757832,False,False,Historical VaR
2025-09-23,Long-only Global Minimum Variance Portfolio,-0.0085578564757557,0.0179805885531746,0.024557895788196,False,False,EWMA-t
2025-09-23,Long-only Global Minimum Variance Portfolio,-0.0085578564757557,0.0166210881605098,0.0243174088609531,False,False,GARCH-t
2025-09-24,Long-only Global Minimum Variance Portfolio,-0.0067481736886496,0.022672765769969,0.0329786344757832,False,False,Historical VaR
2025-09-24,Long-only Global Minimum Variance Portfolio,-0.0067481736886496,0.0177538280065579,0.0242481861334637,False,False,EWMA-t
2025-09-24,Long-only Global Minimum Variance Portfolio,-0.0067481736886496,0.0165714390941867,0.0242469825574443,False,False,GARCH-t
2025-09-25,Long-only Global Minimum Variance Portfolio,0.0011556378655157,0.022672765769969,0.0329786344757832,False,False,Historical VaR
2025-09-25,Long-only Global Minimum Variance Portfolio,0.0011556378655157,0.0174157849107441,0.0237864867238829,False,False,EWMA-t
2025-09-25,Long-only Global Minimum Variance Portfolio,0.0011556378655157,0.0162558194848492,0.0237992818442856,False,False,GARCH-t
2025-09-26,Long-only Global Minimum Variance Portfolio,0.0027151818235056,0.022672765769969,0.0329786344757832,False,False,Historical VaR
2025-09-26,Long-only Global Minimum Variance Portfolio,0.0027151818235056,0.0168913278664042,0.0230701830610637,False,False,EWMA-t
2025-09-26,Long-only Global Minimum Variance Portfolio,0.0027151818235056,0.0153752230963979,0.0225501717780821,False,False,GARCH-t
2025-09-29,Long-only Global Minimum Variance Portfolio,-0.0011539472924383,0.022672765769969,0.0329786344757832,False,False,Historical VaR
2025-09-29,Long-only Global Minimum Variance Portfolio,-0.0011539472924383,0.016411426406506,0.0224147334351557,False,False,EWMA-t
2025-09-29,Long-only Global Minimum Variance Portfolio,-0.0011539472924383,0.0145688216947054,0.0214063059600242,False,False,GARCH-t
2025-09-30,Long-only Global Minimum Variance Portfolio,0.0007360381983718,0.022672765769969,0.0329786344757832,False,False,Historical VaR
2025-09-30,Long-only Global Minimum Variance Portfolio,0.0007360381983718,0.0159179202912061,0.0217407025648908,False,False,EWMA-t
2025-09-30,Long-only Global Minimum Variance Portfolio,0.0007360381983718,0.0138985650555709,0.0204555590277606,False,False,GARCH-t
2025-10-01,Long-only Global Minimum Variance Portfolio,0.004716986402084,0.022672765769969,0.0329786344757832,False,False,Historical VaR
2025-10-01,Long-only Global Minimum Variance Portfolio,0.004716986402084,0.0154357029892843,0.0210820899609241,False,False,EWMA-t
2025-10-01,Long-only Global Minimum Variance Portfolio,0.004716986402084,0.0132143329324069,0.0194849881239132,False,False,GARCH-t
2025-10-02,Long-only Global Minimum Variance Portfolio,0.0008609774759893,0.022672765769969,0.0329786344757832,False,False,Historical VaR
2025-10-02,Long-only Global Minimum Variance Portfolio,0.0008609774759893,0.0150796805028043,0.0205958342916297,False,False,EWMA-t
2025-10-02,Long-only Global Minimum Variance Portfolio,0.0008609774759893,0.0126643295434688,0.0187048182542901,False,False,GARCH-t
2025-10-03,Long-only Global Minimum Variance Portfolio,0.0011199639579452,0.022672765769969,0.0329786344757832,False,False,Historical VaR
2025-10-03,Long-only Global Minimum Variance Portfolio,0.0011199639579452,0.014624201934779,0.0199737414622297,False,False,EWMA-t
2025-10-03,Long-only Global Minimum Variance Portfolio,0.0011199639579452,0.0120823974525196,0.0178793580977594,False,False,GARCH-t
2025-10-06,Long-only Global Minimum Variance Portfolio,0.012087898052436,0.022672765769969,0.0329786344757832,False,False,Historical VaR
2025-10-06,Long-only Global Minimum Variance Portfolio,0.012087898052436,0.0141855099405461,0.0193745757427302,False,False,EWMA-t
2025-10-06,Long-only Global Minimum Variance Portfolio,0.012087898052436,0.0115469632205816,0.0171198543141022,False,False,GARCH-t
2025-10-07,Long-only Global Minimum Variance Portfolio,-0.0076010824843494,0.022672765769969,0.0329786344757832,False,False,Historical VaR
2025-10-07,Long-only Global Minimum Variance Portfolio,-0.0076010824843494,0.0145495656379811,0.0198718031750952,False,False,EWMA-t
2025-10-07,Long-only Global Minimum Variance Portfolio,-0.0076010824843494,0.0122051586420359,0.0180534926270113,False,False,GARCH-t
2025-10-08,Long-only Global Minimum Variance Portfolio,0.001910611509044,0.022672765769969,0.0329786344757832,False,False,Historical VaR
2025-10-08,Long-only Global Minimum Variance Portfolio,0.001910611509044,0.0144187039454231,0.0196930722175962,False,False,EWMA-t
2025-10-08,Long-only Global Minimum Variance Portfolio,0.001910611509044,0.0125705782106677,0.0185718336826321,False,False,GARCH-t
2025-10-09,Long-only Global Minimum Variance Portfolio,-0.0089221850897837,0.022672765769969,0.0329786344757832,False,False,Historical VaR
2025-10-09,Long-only Global Minimum Variance Portfolio,-0.0089221850897837,0.0139995739008642,0.0191206242176022,False,False,EWMA-t
2025-10-09,Long-only Global Minimum Variance Portfolio,-0.0089221850897837,0.0119882841790805,0.0177458601198459,False,False,GARCH-t
2025-10-10,Long-only Global Minimum Variance Portfolio,-0.0273123560694167,0.022672765769969,0.0329786344757832,True,False,Historical VaR
2025-10-10,Long-only Global Minimum Variance Portfolio,-0.0273123560694167,0.0140180562107551,0.0191458673646151,True,True,EWMA-t
2025-10-10,Long-only Global Minimum Variance Portfolio,-0.0273123560694167,0.0126541967154523,0.018690445020831,True,True,GARCH-t
2025-10-13,Long-only Global Minimum Variance Portfolio,0.0143848315685494,0.0228058959010653,0.0333348659527482,False,False,Historical VaR
2025-10-13,Long-only Global Minimum Variance Portfolio,0.0143848315685494,0.0173136282107813,0.0236469610579497,False,False,EWMA-t
2025-10-13,Long-only Global Minimum Variance Portfolio,0.0143848315685494,0.0191200826727656,0.0278621874241898,False,False,GARCH-t
2025-10-14,Long-only Global Minimum Variance Portfolio,0.0001217546500863,0.0228058959010653,0.0333348659527482,False,False,Historical VaR
2025-10-14,Long-only Global Minimum Variance Portfolio,0.0001217546500863,0.0177112593810404,0.0241900458859286,False,False,EWMA-t
2025-10-14,Long-only Global Minimum Variance Portfolio,0.0001217546500863,0.0191503900415759,0.0279051778792468,False,False,GARCH-t
2025-10-15,Long-only Global Minimum Variance Portfolio,0.0074048658033335,0.0228058959010653,0.0333348659527482,False,False,Historical VaR
2025-10-15,Long-only Global Minimum Variance Portfolio,0.0074048658033335,0.0171717696405271,0.0234532105600357,False,False,EWMA-t
2025-10-15,Long-only Global Minimum Variance Portfolio,0.0074048658033335,0.0180659004342763,0.0263668489660958,False,False,GARCH-t
2025-10-16,Long-only Global Minimum Variance Portfolio,-0.0037701593374382,0.0228058959010653,0.0333348659527482,False,False,Historical VaR
2025-10-16,Long-only Global Minimum Variance Portfolio,-0.0037701593374382,0.0169007084246632,0.0230829950316774,False,False,EWMA-t
2025-10-16,Long-only Global Minimum Variance Portfolio,-0.0037701593374382,0.0172858719130892,0.0252603926025236,False,False,GARCH-t
2025-10-17,Long-only Global Minimum Variance Portfolio,0.0087011063286749,0.0228058959010653,0.0333348659527482,False,False,Historical VaR
2025-10-17,Long-only Global Minimum Variance Portfolio,0.0087011063286749,0.0164526008179482,0.0224709694644908,False,False,EWMA-t
2025-10-17,Long-only Global Minimum Variance Portfolio,0.0087011063286749,0.0165664346386647,0.024239883827708,False,False,GARCH-t
2025-10-20,Long-only Global Minimum Variance Portfolio,0.0187162213174589,0.0228058959010653,0.0333348659527482,False,False,Historical VaR
2025-10-20,Long-only Global Minimum Variance Portfolio,0.0187162213174589,0.0163132775287617,0.0222806816545788,False,False,EWMA-t
2025-10-20,Long-only Global Minimum Variance Portfolio,0.0187162213174589,0.0160532167081023,0.0235118934661428,False,False,GARCH-t
2025-10-21,Long-only Global Minimum Variance Portfolio,-0.0025479140660438,0.0228058959010653,0.0333348659527482,False,False,Historical VaR
2025-10-21,Long-only Global Minimum Variance Portfolio,-0.0025479140660438,0.0174407589610497,0.0238205962928216,False,False,EWMA-t
2025-10-21,Long-only Global Minimum Variance Portfolio,-0.0025479140660438,0.0174906509138629,0.0255749377698399,False,False,GARCH-t
2025-10-22,Long-only Global Minimum Variance Portfolio,-0.0031896050198824,0.0228058959010653,0.0333348659527482,False,False,Historical VaR
2025-10-22,Long-only Global Minimum Variance Portfolio,-0.0031896050198824,0.0169390222465471,0.0231353240665302,False,False,EWMA-t
2025-10-22,Long-only Global Minimum Variance Portfolio,-0.0031896050198824,0.0166588734803398,0.0243938726233148,False,False,GARCH-t
2025-10-23,Long-only Global Minimum Variance Portfolio,0.0037390005859856,0.0228058959010653,0.0333348659527482,False,False,Historical VaR
2025-10-23,Long-only Global Minimum Variance Portfolio,0.0037390005859856,0.0164706910376701,0.0224956770945777,False,False,EWMA-t
2025-10-23,Long-only Global Minimum Variance Portfolio,0.0037390005859856,0.0159463306870295,0.0233821122356571,False,False,GARCH-t
2025-10-24,Long-only Global Minimum Variance Portfolio,0.014006954754486,0.0228058959010653,0.0333348659527482,False,False,Historical VaR
2025-10-24,Long-only Global Minimum Variance Portfolio,0.014006954754486,0.0160362939521016,0.0219023773632291,False,False,EWMA-t
2025-10-24,Long-only Global Minimum Variance Portfolio,0.014006954754486,0.0151218095336754,0.0222113504939319,False,False,GARCH-t
2025-10-27,Long-only Global Minimum Variance Portfolio,0.0227329283882561,0.0228058959010653,0.0333348659527482,False,False,Historical VaR
2025-10-27,Long-only Global Minimum Variance Portfolio,0.0227329283882561,0.0164921507442803,0.0225249867713449,False,False,EWMA-t
2025-10-27,Long-only Global Minimum Variance Portfolio,0.0227329283882561,0.0156257552894545,0.0229269178367112,False,False,GARCH-t
2025-10-28,Long-only Global Minimum Variance Portfolio,0.0066211929792823,0.0228058959010653,0.0333348659527482,False,False,Historical VaR
2025-10-28,Long-only Global Minimum Variance Portfolio,0.0066211929792823,0.0183131846108464,0.0250121556306763,False,False,EWMA-t
2025-10-28,Long-only Global Minimum Variance Portfolio,0.0066211929792823,0.0182718599840181,0.0266841994157124,False,False,GARCH-t
2025-10-29,Long-only Global Minimum Variance Portfolio,0.0074221022698079,0.0228058959010653,0.0333348659527482,False,False,Historical VaR
2025-10-29,Long-only Global Minimum Variance Portfolio,0.0074221022698079,0.0179446818497329,0.0245088543967748,False,False,EWMA-t
2025-10-29,Long-only Global Minimum Variance Portfolio,0.0074221022698079,0.0174132392148476,0.0254650186304698,False,False,GARCH-t
2025-10-30,Long-only Global Minimum Variance Portfolio,-0.0046456864231091,0.0228058959010653,0.0333348659527482,False,False,Historical VaR
2025-10-30,Long-only Global Minimum Variance Portfolio,-0.0046456864231091,0.0176404868886143,0.024093384784512,False,False,EWMA-t
2025-10-30,Long-only Global Minimum Variance Portfolio,-0.0046456864231091,0.0166939903302662,0.0244437360673471,False,False,GARCH-t
2025-10-31,Long-only Global Minimum Variance Portfolio,0.0011322240449909,0.0228058959010653,0.0333348659527482,False,False,Historical VaR
2025-10-31,Long-only Global Minimum Variance Portfolio,0.0011322240449909,0.0172001194744483,0.0234919307757277,False,False,EWMA-t
2025-10-31,Long-only Global Minimum Variance Portfolio,0.0011322240449909,0.016112721637192,0.0236183756205648,False,False,GARCH-t
2025-11-03,Long-only Global Minimum Variance Portfolio,0.0033763405496057,0.0228058959010653,0.0333348659527482,False,False,Historical VaR
2025-11-03,Long-only Global Minimum Variance Portfolio,0.0033763405496057,0.0166820612866621,0.022784366674016,False,False,EWMA-t
2025-11-03,Long-only Global Minimum Variance Portfolio,0.0033763405496057,0.0152448795369793,0.0223861011972171,False,False,GARCH-t
2025-11-04,Long-only Global Minimum Variance Portfolio,-0.0078565661240167,0.0228058959010653,0.0333348659527482,False,False,Historical VaR
2025-11-04,Long-only Global Minimum Variance Portfolio,-0.0078565661240167,0.016228117878074,0.0221643705660535,False,False,EWMA-t
2025-11-04,Long-only Global Minimum Variance Portfolio,-0.0078565661240167,0.0144658904048966,0.0212799917064514,False,False,GARCH-t
2025-11-05,Long-only Global Minimum Variance Portfolio,0.0017719381584601,0.022672765769969,0.0324018806370023,False,False,Historical VaR
2025-11-05,Long-only Global Minimum Variance Portfolio,0.0017719381584601,0.0160334125040383,0.0218984418801916,False,False,EWMA-t
2025-11-05,Long-only Global Minimum Variance Portfolio,0.0017719381584601,0.014567964630399,0.0214249298897209,False,False,GARCH-t
2025-11-06,Long-only Global Minimum Variance Portfolio,-0.009230698854154,0.022672765769969,0.0324018806370023,False,False,Historical VaR
2025-11-06,Long-only Global Minimum Variance Portfolio,-0.009230698854154,0.015560537482241,0.0212525889665454,False,False,EWMA-t
2025-11-06,Long-only Global Minimum Variance Portfolio,-0.009230698854154,0.0138204261970621,0.0203634781675186,False,False,GARCH-t
2025-11-07,Long-only Global Minimum Variance Portfolio,-0.0063984422350467,0.022672765769969,0.0324018806370023,False,False,Historical VaR
2025-11-07,Long-only Global Minimum Variance Portfolio,-0.0063984422350467,0.0155159061584742,0.0211916314848304,False,False,EWMA-t
2025-11-07,Long-only Global Minimum Variance Portfolio,-0.0063984422350467,0.0142651257929596,0.0209949201521414,False,False,GARCH-t
2025-11-10,Long-only Global Minimum Variance Portfolio,0.0195108530184905,0.022672765769969,0.0324018806370023,False,False,Historical VaR
2025-11-10,Long-only Global Minimum Variance Portfolio,0.0195108530184905,0.0152516461763236,0.0208307050844819,False,False,EWMA-t
2025-11-10,Long-only Global Minimum Variance Portfolio,0.0195108530184905,0.0141593984307566,0.0208447947730444,False,False,GARCH-t
2025-11-11,Long-only Global Minimum Variance Portfolio,0.0096382001471365,0.022672765769969,0.0324018806370023,False,False,Historical VaR
2025-11-11,Long-only Global Minimum Variance Portfolio,0.0096382001471365,0.0166542840297743,0.0227464284842891,False,False,EWMA-t
2025-11-11,Long-only Global Minimum Variance Portfolio,0.0096382001471365,0.0161946888135847,0.0237347632157253,False,False,GARCH-t
2025-11-12,Long-only Global Minimum Variance Portfolio,-0.0056971227780353,0.022672765769969,0.0324018806370023,False,False,Historical VaR
2025-11-12,Long-only Global Minimum Variance Portfolio,-0.0056971227780353,0.0165846299862239,0.0226512949608409,False,False,EWMA-t
2025-11-12,Long-only Global Minimum Variance Portfolio,-0.0056971227780353,0.0158349154494884,0.0232239104757292,False,False,GARCH-t
2025-11-13,Long-only Global Minimum Variance Portfolio,-0.0158355969129687,0.022672765769969,0.0324018806370023,False,False,Historical VaR
2025-11-13,Long-only Global Minimum Variance Portfolio,-0.0158355969129687,0.016234304941442,0.0221728208599344,False,False,EWMA-t
2025-11-13,Long-only Global Minimum Variance Portfolio,-0.0158355969129687,0.0154595058208108,0.0226908553455569,True,False,GARCH-t
2025-11-14,Long-only Global Minimum Variance Portfolio,0.0012774779046846,0.022672765769969,0.0324018806370023,False,False,Historical VaR
2025-11-14,Long-only Global Minimum Variance Portfolio,0.0012774779046846,0.0169237649968367,0.0231144857081363,False,False,EWMA-t
2025-11-14,Long-only Global Minimum Variance Portfolio,0.0012774779046846,0.0171756937925112,0.0251277209259027,False,False,GARCH-t
2025-11-17,Long-only Global Minimum Variance Portfolio,0.0002407963976868,0.022672765769969,0.0324018806370023,False,False,Historical VaR
2025-11-17,Long-only Global Minimum Variance Portfolio,0.0002407963976868,0.0164158666932533,0.0224207979807565,False,False,EWMA-t
2025-11-17,Long-only Global Minimum Variance Portfolio,0.0002407963976868,0.016223593174531,0.0237758053646468,False,False,GARCH-t
2025-11-18,Long-only Global Minimum Variance Portfolio,-0.013791125677035,0.022672765769969,0.0324018806370023,False,False,Historical VaR
2025-11-18,Long-only Global Minimum Variance Portfolio,-0.013791125677035,0.0159160541883899,0.0217381538408402,False,False,EWMA-t
2025-11-18,Long-only Global Minimum Variance Portfolio,-0.013791125677035,0.015353625451489,0.0225231535964528,False,False,GARCH-t
2025-11-19,Long-only Global Minimum Variance Portfolio,0.0039230142272024,0.022672765769969,0.0324018806370023,False,False,Historical VaR
2025-11-19,Long-only Global Minimum Variance Portfolio,0.0039230142272024,0.0163540306454788,0.0223363422793924,False,False,EWMA-t
2025-11-19,Long-only Global Minimum Variance Portfolio,0.0039230142272024,0.0165480383135157,0.024218058718533,False,False,GARCH-t
2025-11-20,Long-only Global Minimum Variance Portfolio,-0.012990589240634,0.0220544610939687,0.0324018806370023,False,False,Historical VaR
2025-11-20,Long-only Global Minimum Variance Portfolio,-0.012990589240634,0.015930492246756,0.0217578733473341,False,False,EWMA-t
2025-11-20,Long-only Global Minimum Variance Portfolio,-0.012990589240634,0.0156899358492961,0.0230003874190064,False,False,GARCH-t
2025-11-21,Long-only Global Minimum Variance Portfolio,0.0113153752442386,0.0220544610939687,0.0324018806370023,False,False,Historical VaR
2025-11-21,Long-only Global Minimum Variance Portfolio,0.0113153752442386,0.0162659151556046,0.0222159941044003,False,False,EWMA-t
2025-11-21,Long-only Global Minimum Variance Portfolio,0.0113153752442386,0.0166369007523938,0.024344156994601,False,False,GARCH-t
2025-11-24,Long-only Global Minimum Variance Portfolio,0.024898880303994,0.0220544610939687,0.0324018806370023,False,False,Historical VaR
2025-11-24,Long-only Global Minimum Variance Portfolio,0.024898880303994,0.016384497887582,0.0223779544521146,False,False,EWMA-t
2025-11-24,Long-only Global Minimum Variance Portfolio,0.024898880303994,0.0164652435193776,0.0241005705993678,False,False,GARCH-t
2025-11-25,Long-only Global Minimum Variance Portfolio,0.0088702759932775,0.0220544610939687,0.0324018806370023,False,False,Historical VaR
2025-11-25,Long-only Global Minimum Variance Portfolio,0.0088702759932775,0.0186536029847634,0.0254770991961395,False,False,EWMA-t
2025-11-25,Long-only Global Minimum Variance Portfolio,0.0088702759932775,0.0195406031184064,0.0284645915358033,False,False,GARCH-t
2025-11-26,Long-only Global Minimum Variance Portfolio,0.0040636518436739,0.0220544610939687,0.0324018806370023,False,False,Historical VaR
2025-11-26,Long-only Global Minimum Variance Portfolio,0.0040636518436739,0.0184177676249439,0.0251549951575264,False,False,EWMA-t
2025-11-26,Long-only Global Minimum Variance Portfolio,0.0040636518436739,0.0187738969272374,0.0273766140936164,False,False,GARCH-t
2025-11-28,Long-only Global Minimum Variance Portfolio,0.0074739367692846,0.0220544610939687,0.0324018806370023,False,False,Historical VaR
2025-11-28,Long-only Global Minimum Variance Portfolio,0.0074739367692846,0.017927857304025,0.0244858754248153,False,False,EWMA-t
2025-11-28,Long-only Global Minimum Variance Portfolio,0.0074739367692846,0.0177474918194548,0.0259201166547342,False,False,GARCH-t
2025-12-01,Long-only Global Minimum Variance Portfolio,-0.0031219167873858,0.0220544610939687,0.0324018806370023,False,False,Historical VaR
2025-12-01,Long-only Global Minimum Variance Portfolio,-0.0031219167873858,0.0176277772887903,0.0240760260074583,False,False,EWMA-t
2025-12-01,Long-only Global Minimum Variance Portfolio,-0.0031219167873858,0.0170098959219984,0.0248734475302047,False,False,GARCH-t
2025-12-02,Long-only Global Minimum Variance Portfolio,0.0065978906154104,0.0220544610939687,0.0324018806370023,False,False,Historical VaR
2025-12-02,Long-only Global Minimum Variance Portfolio,0.0065978906154104,0.0171346826662833,0.0234025571542317,False,False,EWMA-t
2025-12-02,Long-only Global Minimum Variance Portfolio,0.0065978906154104,0.0162675084939609,0.0238199790903106,False,False,GARCH-t
2025-12-03,Long-only Global Minimum Variance Portfolio,-0.0079177815614465,0.0220544610939687,0.0324018806370023,False,False,Historical VaR
2025-12-03,Long-only Global Minimum Variance Portfolio,-0.0079177815614465,0.0168135434179509,0.0229639450270078,False,False,EWMA-t
2025-12-03,Long-only Global Minimum Variance Portfolio,-0.0079177815614465,0.0155870186012654,0.0228543449772483,False,False,GARCH-t
2025-12-04,Long-only Global Minimum Variance Portfolio,-0.0042943961054291,0.0220544610939687,0.0324018806370023,False,False,Historical VaR
2025-12-04,Long-only Global Minimum Variance Portfolio,-0.0042943961054291,0.0165952423154251,0.0226657892847514,False,False,EWMA-t
2025-12-04,Long-only Global Minimum Variance Portfolio,-0.0042943961054291,0.0155565856133346,0.0228111597196509,False,False,GARCH-t
2025-12-05,Long-only Global Minimum Variance Portfolio,0.002872115984999,0.0220544610939687,0.0324018806370023,False,False,Historical VaR
2025-12-05,Long-only Global Minimum Variance Portfolio,0.002872115984999,0.0161778283420545,0.0220956850955445,False,False,EWMA-t
2025-12-05,Long-only Global Minimum Variance Portfolio,0.002872115984999,0.0150518651291969,0.0220949472934618,False,False,GARCH-t
2025-12-08,Long-only Global Minimum Variance Portfolio,-0.0021764681414621,0.0220544610939687,0.0324018806370023,False,False,Historical VaR
2025-12-08,Long-only Global Minimum Variance Portfolio,-0.0021764681414621,0.0157254891542851,0.0214778800330847,False,False,EWMA-t
2025-12-08,Long-only Global Minimum Variance Portfolio,-0.0021764681414621,0.0142839088106865,0.0210051958857546,False,False,GARCH-t
2025-12-09,Long-only Global Minimum Variance Portfolio,0.0030877409191319,0.0220544610939687,0.0324018806370023,False,False,Historical VaR
2025-12-09,Long-only Global Minimum Variance Portfolio,0.0030877409191319,0.0152703671520543,0.0208562742014043,False,False,EWMA-t
2025-12-09,Long-only Global Minimum Variance Portfolio,0.0030877409191319,0.0137104779402308,0.0201914815074239,False,False,GARCH-t
2025-12-10,Long-only Global Minimum Variance Portfolio,-0.0039424299185711,0.0220544610939687,0.0324018806370023,False,False,Historical VaR
2025-12-10,Long-only Global Minimum Variance Portfolio,-0.0039424299185711,0.0148547455855791,0.0202886180823268,False,False,EWMA-t
2025-12-10,Long-only Global Minimum Variance Portfolio,-0.0039424299185711,0.0130576019878854,0.0192650323449161,False,False,GARCH-t
2025-12-11,Long-only Global Minimum Variance Portfolio,-0.0036680486493443,0.0220544610939687,0.0324018806370023,False,False,Historical VaR
2025-12-11,Long-only Global Minimum Variance Portfolio,-0.0036680486493443,0.0144851901788469,0.0197838791445743,False,False,EWMA-t
2025-12-11,Long-only Global Minimum Variance Portfolio,-0.0036680486493443,0.0127656251822457,0.0188507091245787,False,False,GARCH-t
2025-12-12,Long-only Global Minimum Variance Portfolio,-0.0074676176955986,0.0220544610939687,0.0324018806370023,False,False,Historical VaR
2025-12-12,Long-only Global Minimum Variance Portfolio,-0.0074676176955986,0.0141175960692753,0.01928181894735,False,False,EWMA-t
2025-12-12,Long-only Global Minimum Variance Portfolio,-0.0074676176955986,0.0124738697658827,0.0184367000617918,False,False,GARCH-t
2025-12-15,Long-only Global Minimum Variance Portfolio,-0.009575599694146,0.0220544610939687,0.0324018806370023,False,False,Historical VaR
2025-12-15,Long-only Global Minimum Variance Portfolio,-0.009575599694146,0.0139981611267948,0.0191186946501541,False,False,EWMA-t
2025-12-15,Long-only Global Minimum Variance Portfolio,-0.009575599694146,0.0127714615358908,0.0188589910729751,False,False,GARCH-t
2025-12-16,Long-only Global Minimum Variance Portfolio,0.0003775495536832,0.0220544610939687,0.0324018806370023,False,False,Historical VaR
2025-12-16,Long-only Global Minimum Variance Portfolio,0.0003775495536832,0.0140830674774191,0.0192346597813411,False,False,EWMA-t
2025-12-16,Long-only Global Minimum Variance Portfolio,0.0003775495536832,0.0134410187052196,0.0198091113470446,False,False,GARCH-t
2025-12-17,Long-only Global Minimum Variance Portfolio,-0.0119730937824335,0.0220544610939687,0.0324018806370023,False,False,Historical VaR
2025-12-17,Long-only Global Minimum Variance Portfolio,-0.0119730937824335,0.0136548455117303,0.0186497940314518,False,False,EWMA-t
2025-12-17,Long-only Global Minimum Variance Portfolio,-0.0119730937824335,0.0128087005590137,0.0188838441278698,False,False,GARCH-t
2025-12-18,Long-only Global Minimum Variance Portfolio,0.0132888949154677,0.0220544610939687,0.0324018806370023,False,False,Historical VaR
2025-12-18,Long-only Global Minimum Variance Portfolio,0.0132888949154677,0.0140490708442632,0.01918822716476,False,False,EWMA-t
2025-12-18,Long-only Global Minimum Variance Portfolio,0.0132888949154677,0.0140210316541685,0.0206028082881754,False,False,GARCH-t
2025-12-19,Long-only Global Minimum Variance Portfolio,0.0074822414492514,0.0220544610939687,0.0324018806370023,False,False,Historical VaR
2025-12-19,Long-only Global Minimum Variance Portfolio,0.0074822414492514,0.0145866059161718,0.0199223928034094,False,False,EWMA-t
2025-12-19,Long-only Global Minimum Variance Portfolio,0.0074822414492514,0.014544749961445,0.0213453884330733,False,False,GARCH-t
2025-12-22,Long-only Global Minimum Variance Portfolio,-0.0009894960321607,0.0220544610939687,0.0324018806370023,False,False,Historical VaR
2025-12-22,Long-only Global Minimum Variance Portfolio,-0.0009894960321607,0.0144442733350224,0.0197279949012053,False,False,EWMA-t
2025-12-22,Long-only Global Minimum Variance Portfolio,-0.0009894960321607,0.0141090368245562,0.0207275908120442,False,False,GARCH-t
2025-12-23,Long-only Global Minimum Variance Portfolio,0.0079453311488911,0.0209957806358208,0.0315346297775072,False,False,Historical VaR
2025-12-23,Long-only Global Minimum Variance Portfolio,0.0079453311488911,0.0140096328286157,0.0191343627055684,False,False,EWMA-t
2025-12-23,Long-only Global Minimum Variance Portfolio,0.0079453311488911,0.0134770371806674,0.019831478568852,False,False,GARCH-t
2025-12-24,Long-only Global Minimum Variance Portfolio,0.0025282062328296,0.0209957806358208,0.0315346297775072,False,False,Historical VaR
2025-12-24,Long-only Global Minimum Variance Portfolio,0.0025282062328296,0.0139366266598734,0.0190346508480522,False,False,EWMA-t
2025-12-24,Long-only Global Minimum Variance Portfolio,0.0025282062328296,0.0132019835426326,0.0194414800380603,False,False,GARCH-t
2025-12-26,Long-only Global Minimum Variance Portfolio,-0.0012193725444404,0.0209957806358208,0.0315346297775072,False,False,Historical VaR
2025-12-26,Long-only Global Minimum Variance Portfolio,-0.0012193725444404,0.0135484894465728,0.0185045328706809,False,False,EWMA-t
2025-12-26,Long-only Global Minimum Variance Portfolio,-0.0012193725444404,0.0125821085648642,0.018562559357965,False,False,GARCH-t
2025-12-29,Long-only Global Minimum Variance Portfolio,-0.0006823474638494,0.0209957806358208,0.0315346297775072,False,False,Historical VaR
2025-12-29,Long-only Global Minimum Variance Portfolio,-0.0006823474638494,0.0131444735251403,0.017952727746729,False,False,EWMA-t
2025-12-29,Long-only Global Minimum Variance Portfolio,-0.0006823474638494,0.0120985789774209,0.0178769627956197,False,False,GARCH-t
2025-12-30,Long-only Global Minimum Variance Portfolio,-0.0001742550250168,0.0209957806358208,0.0315346297775072,False,False,Historical VaR
2025-12-30,Long-only Global Minimum Variance Portfolio,-0.0001742550250168,0.012746856863806,0.017409662735046,False,False,EWMA-t
2025-12-30,Long-only Global Minimum Variance Portfolio,-0.0001742550250168,0.0116292107147527,0.0172114455745106,False,False,GARCH-t
2025-12-31,Long-only Global Minimum Variance Portfolio,-0.0053794536775425,0.0209957806358208,0.0315346297775072,False,False,Historical VaR
2025-12-31,Long-only Global Minimum Variance Portfolio,-0.0053794536775425,0.0123587257156806,0.0168795530414935,False,False,EWMA-t
2025-12-31,Long-only Global Minimum Variance Portfolio,-0.0053794536775425,0.0111791229237338,0.0165732661325704,False,False,GARCH-t
2026-01-02,Long-only Global Minimum Variance Portfolio,-0.0090295505274244,0.0209957806358208,0.0315346297775072,False,False,Historical VaR
2026-01-02,Long-only Global Minimum Variance Portfolio,-0.0090295505274244,0.0121670394627323,0.0166177478725463,False,False,EWMA-t
2026-01-02,Long-only Global Minimum Variance Portfolio,-0.0090295505274244,0.0112955759903096,0.0167383849261092,False,False,GARCH-t
2026-01-05,Long-only Global Minimum Variance Portfolio,-0.0002158340483604,0.0209957806358208,0.0315346297775072,False,False,Historical VaR
2026-01-05,Long-only Global Minimum Variance Portfolio,-0.0002158340483604,0.0123178328055616,0.0168237014867901,False,False,EWMA-t
2026-01-05,Long-only Global Minimum Variance Portfolio,-0.0002158340483604,0.0120880494311898,0.017862032952883,False,False,GARCH-t
2026-01-06,Long-only Global Minimum Variance Portfolio,-0.0008210322350934,0.0209957806358208,0.0315346297775072,False,False,Historical VaR
2026-01-06,Long-only Global Minimum Variance Portfolio,-0.0008210322350934,0.0119428827834088,0.0163115945809133,False,False,EWMA-t
2026-01-06,Long-only Global Minimum Variance Portfolio,-0.0008210322350934,0.0115978973688316,0.0171670463838994,False,False,GARCH-t
2026-01-07,Long-only Global Minimum Variance Portfolio,0.0081746064383954,0.0209957806358208,0.0315346297775072,False,False,Historical VaR
2026-01-07,Long-only Global Minimum Variance Portfolio,0.0081746064383954,0.0115835428148363,0.0158208078931115,False,False,EWMA-t
2026-01-07,Long-only Global Minimum Variance Portfolio,0.0081746064383954,0.011182574656447,0.0165781603441012,False,False,GARCH-t
2026-01-08,Long-only Global Minimum Variance Portfolio,-0.0009294766781588,0.0209957806358208,0.0315346297775072,False,False,Historical VaR
2026-01-08,Long-only Global Minimum Variance Portfolio,-0.0009294766781588,0.0116804835157698,0.0159532095452666,False,False,EWMA-t
2026-01-08,Long-only Global Minimum Variance Portfolio,-0.0009294766781588,0.0111998562171186,0.0166026638675589,False,False,GARCH-t
2026-01-09,Long-only Global Minimum Variance Portfolio,0.0041386612932861,0.0209957806358208,0.0315346297775072,False,False,Historical VaR
2026-01-09,Long-only Global Minimum Variance Portfolio,0.0041386612932861,0.0113305300976929,0.0154752430122779,False,False,EWMA-t
2026-01-09,Long-only Global Minimum Variance Portfolio,0.0041386612932861,0.0108288657186238,0.0160766364701959,False,False,GARCH-t
2026-01-12,Long-only Global Minimum Variance Portfolio,0.0020354412936602,0.0209957806358208,0.0315346297775072,False,False,Historical VaR
2026-01-12,Long-only Global Minimum Variance Portfolio,0.0020354412936602,0.0111049402305542,0.0151671322720938,False,False,EWMA-t
2026-01-12,Long-only Global Minimum Variance Portfolio,0.0020354412936602,0.0104793788749946,0.0155810991033018,False,False,GARCH-t
2026-01-13,Long-only Global Minimum Variance Portfolio,-0.0022687803646418,0.0209957806358208,0.0315346297775072,False,False,Historical VaR
2026-01-13,Long-only Global Minimum Variance Portfolio,-0.0022687803646418,0.0107962711974436,0.014745551970328,False,False,EWMA-t
2026-01-13,Long-only Global Minimum Variance Portfolio,-0.0022687803646418,0.010095473403263,0.0150367595664464,False,False,GARCH-t
2026-01-14,Long-only Global Minimum Variance Portfolio,-0.0118598640070132,0.0209957806358208,0.0315346297775072,False,False,Historical VaR
2026-01-14,Long-only Global Minimum Variance Portfolio,-0.0118598640070132,0.0105052250828563,0.0143480410584657,True,False,EWMA-t
2026-01-14,Long-only Global Minimum Variance Portfolio,-0.0118598640070132,0.0099439825416752,0.0148219606862362,True,False,GARCH-t
2026-01-15,Long-only Global Minimum Variance Portfolio,-0.0060732862919792,0.0209957806358208,0.0315346297775072,False,False,Historical VaR
2026-01-15,Long-only Global Minimum Variance Portfolio,-0.0060732862919792,0.0111995916007061,0.0152964071552561,False,False,EWMA-t
2026-01-15,Long-only Global Minimum Variance Portfolio,-0.0060732862919792,0.0117356801623447,0.0173624085955118,False,False,GARCH-t
2026-01-16,Long-only Global Minimum Variance Portfolio,-0.0025332821094343,0.0209957806358208,0.0315346297775072,False,False,Historical VaR
2026-01-16,Long-only Global Minimum Variance Portfolio,-0.0025332821094343,0.011117263515704,0.0151839634203947,False,False,EWMA-t
2026-01-16,Long-only Global Minimum Variance Portfolio,-0.0025332821094343,0.0118503763161676,0.0175008729348509,False,False,GARCH-t
2026-01-20,Long-only Global Minimum Variance Portfolio,-0.0237640848054183,0.0209957806358208,0.0315346297775072,True,False,Historical VaR
2026-01-20,Long-only Global Minimum Variance Portfolio,-0.0237640848054183,0.0108244018237137,0.0147839727921135,True,True,EWMA-t
2026-01-20,Long-only Global Minimum Variance Portfolio,-0.0237640848054183,0.0115313158156451,0.0170486528261316,True,True,GARCH-t
2026-01-21,Long-only Global Minimum Variance Portfolio,-0.0018005096262833,0.0220544610939687,0.031705593643242,False,False,Historical VaR
2026-01-21,Long-only Global Minimum Variance Portfolio,-0.0018005096262833,0.0140439730778684,0.0191812646331662,False,False,EWMA-t
2026-01-21,Long-only Global Minimum Variance Portfolio,-0.0018005096262833,0.0169397568079713,0.024714301722018,False,False,GARCH-t
2026-01-22,Long-only Global Minimum Variance Portfolio,0.0095101086701694,0.0220544610939687,0.031705593643242,False,False,Historical VaR
2026-01-22,Long-only Global Minimum Variance Portfolio,0.0095101086701694,0.0136344842201821,0.0186219845704615,False,False,EWMA-t
2026-01-22,Long-only Global Minimum Variance Portfolio,0.0095101086701694,0.0161120454922408,0.0235411458453902,False,False,GARCH-t
2026-01-23,Long-only Global Minimum Variance Portfolio,0.011046154944716,0.0220544610939687,0.031705593643242,False,False,Historical VaR
2026-01-23,Long-only Global Minimum Variance Portfolio,0.011046154944716,0.0137365797746643,0.0187614267238703,False,False,EWMA-t
2026-01-23,Long-only Global Minimum Variance Portfolio,0.011046154944716,0.0157577323629701,0.0230389604555439,False,False,GARCH-t
2026-01-26,Long-only Global Minimum Variance Portfolio,0.0161142343856555,0.0220544610939687,0.031705593643242,False,False,Historical VaR
2026-01-26,Long-only Global Minimum Variance Portfolio,0.0161142343856555,0.0140067884057858,0.0191304777916108,False,False,EWMA-t
2026-01-26,Long-only Global Minimum Variance Portfolio,0.0161142343856555,0.0156590326939924,0.0228990685699531,False,False,GARCH-t
2026-01-27,Long-only Global Minimum Variance Portfolio,0.0143844526368809,0.0220544610939687,0.031705593643242,False,False,Historical VaR
2026-01-27,Long-only Global Minimum Variance Portfolio,0.0143844526368809,0.0149821897983885,0.0204626814444756,False,False,EWMA-t
2026-01-27,Long-only Global Minimum Variance Portfolio,0.0143844526368809,0.0165408929649207,0.0241489724187257,False,False,GARCH-t
2026-01-28,Long-only Global Minimum Variance Portfolio,-0.0008932537372674,0.0220544610939687,0.031705593643242,False,False,Historical VaR
2026-01-28,Long-only Global Minimum Variance Portfolio,-0.0008932537372674,0.0155855400786001,0.0212867375236967,False,False,EWMA-t
2026-01-28,Long-only Global Minimum Variance Portfolio,-0.0008932537372674,0.0169251167612837,0.0246935516652298,False,False,GARCH-t
2026-01-29,Long-only Global Minimum Variance Portfolio,-0.03196560273998,0.0220544610939687,0.031705593643242,True,True,Historical VaR
2026-01-29,Long-only Global Minimum Variance Portfolio,-0.03196560273998,0.0151148130051445,0.0206438182788445,True,True,EWMA-t
2026-01-29,Long-only Global Minimum Variance Portfolio,-0.03196560273998,0.0160543687121113,0.0234593977138038,True,True,GARCH-t
2026-01-30,Long-only Global Minimum Variance Portfolio,-0.0021517131752163,0.0228058959010653,0.0324197671717888,False,False,Historical VaR
2026-01-30,Long-only Global Minimum Variance Portfolio,-0.0021517131752163,0.0192960319945348,0.0263545290214549,False,False,EWMA-t
2026-01-30,Long-only Global Minimum Variance Portfolio,-0.0021517131752163,0.0229742350274725,0.0332672639094955,False,False,GARCH-t
2026-02-02,Long-only Global Minimum Variance Portfolio,0.012647738181643,0.0228058959010653,0.0324197671717888,False,False,Historical VaR
2026-02-02,Long-only Global Minimum Variance Portfolio,0.012647738181643,0.0187272710187572,0.0255777150295085,False,False,EWMA-t
2026-02-02,Long-only Global Minimum Variance Portfolio,0.012647738181643,0.0216976759227,0.0314579340294216,False,False,GARCH-t
2026-02-03,Long-only Global Minimum Variance Portfolio,-0.0154566911716773,0.0228058959010653,0.0324197671717888,False,False,Historical VaR
2026-02-03,Long-only Global Minimum Variance Portfolio,-0.0154566911716773,0.0188238846170311,0.0257096699247065,False,False,EWMA-t
2026-02-03,Long-only Global Minimum Variance Portfolio,-0.0154566911716773,0.0211834842737353,0.0307291449658536,False,False,GARCH-t
2026-02-04,Long-only Global Minimum Variance Portfolio,0.002795345464507,0.0228058959010653,0.0324197671717888,False,False,Historical VaR
2026-02-04,Long-only Global Minimum Variance Portfolio,0.002795345464507,0.0192334090309097,0.0262689985500743,False,False,EWMA-t
2026-02-04,Long-only Global Minimum Variance Portfolio,0.002795345464507,0.0218030017499829,0.0316072174944284,False,False,GARCH-t
2026-02-05,Long-only Global Minimum Variance Portfolio,-0.0234104572085284,0.0228058959010653,0.0324197671717888,True,False,Historical VaR
2026-02-05,Long-only Global Minimum Variance Portfolio,-0.0234104572085284,0.0186797667656077,0.0255128336995736,True,False,EWMA-t
2026-02-05,Long-only Global Minimum Variance Portfolio,-0.0234104572085284,0.0205274014554518,0.0297992465831734,True,False,GARCH-t
2026-02-06,Long-only Global Minimum Variance Portfolio,-0.0018638570641417,0.0231616731166209,0.032454562149678,False,False,Historical VaR
2026-02-06,Long-only Global Minimum Variance Portfolio,-0.0018638570641417,0.0203105987305314,0.027740224717627,False,False,EWMA-t
2026-02-06,Long-only Global Minimum Variance Portfolio,-0.0018638570641417,0.0232463135799777,0.033652894197145,False,False,GARCH-t
2026-02-09,Long-only Global Minimum Variance Portfolio,0.0079988981788701,0.0231616731166209,0.032454562149678,False,False,Historical VaR
2026-02-09,Long-only Global Minimum Variance Portfolio,0.0079988981788701,0.0197054552440244,0.0269137194764556,False,False,EWMA-t
2026-02-09,Long-only Global Minimum Variance Portfolio,0.0079988981788701,0.0219367346478185,0.0317967636949124,False,False,GARCH-t
2026-02-10,Long-only Global Minimum Variance Portfolio,-0.0066757951233444,0.0231616731166209,0.032454562149678,False,False,Historical VaR
2026-02-10,Long-only Global Minimum Variance Portfolio,-0.0066757951233444,0.0193616716415766,0.0264441796803786,False,False,EWMA-t
2026-02-10,Long-only Global Minimum Variance Portfolio,-0.0066757951233444,0.0208966378014917,0.0303225833806643,False,False,GARCH-t
2026-02-11,Long-only Global Minimum Variance Portfolio,-0.0128228500152983,0.0228058959010653,0.0323695747641509,False,False,Historical VaR
2026-02-11,Long-only Global Minimum Variance Portfolio,-0.0128228500152983,0.0189540255056996,0.0258874164079349,False,False,EWMA-t
2026-02-11,Long-only Global Minimum Variance Portfolio,-0.0128228500152983,0.0201403326550645,0.0292506349728164,False,False,GARCH-t
2026-02-12,Long-only Global Minimum Variance Portfolio,-0.0206574050428059,0.0228058959010653,0.0323695747641509,False,False,Historical VaR
2026-02-12,Long-only Global Minimum Variance Portfolio,-0.0206574050428059,0.0190540873319108,0.0260240808943729,True,False,EWMA-t
2026-02-12,Long-only Global Minimum Variance Portfolio,-0.0206574050428059,0.0203825288207831,0.0295939114868735,True,False,GARCH-t
2026-02-13,Long-only Global Minimum Variance Portfolio,-0.0104635014421606,0.0228058959010653,0.0323695747641509,False,False,Historical VaR
2026-02-13,Long-only Global Minimum Variance Portfolio,-0.0104635014421606,0.0201763920075189,0.0275569251160556,False,False,EWMA-t
2026-02-13,Long-only Global Minimum Variance Portfolio,-0.0104635014421606,0.0223707467314324,0.0324119103248335,False,False,GARCH-t
2026-02-17,Long-only Global Minimum Variance Portfolio,0.0037543624632549,0.0228058959010653,0.0323695747641509,False,False,Historical VaR
2026-02-17,Long-only Global Minimum Variance Portfolio,0.0037543624632549,0.019988668134755,0.0273005317677145,False,False,EWMA-t
2026-02-17,Long-only Global Minimum Variance Portfolio,0.0037543624632549,0.0220126360947203,0.0319040182104249,False,False,GARCH-t
2026-02-18,Long-only Global Minimum Variance Portfolio,0.0054244111591764,0.0228058959010653,0.0323695747641509,False,False,Historical VaR
2026-02-18,Long-only Global Minimum Variance Portfolio,0.0054244111591764,0.0194357370829649,0.0265453382929424,False,False,EWMA-t
2026-02-18,Long-only Global Minimum Variance Portfolio,0.0054244111591764,0.0207384401590382,0.0300976681933407,False,False,GARCH-t
2026-02-19,Long-only Global Minimum Variance Portfolio,-0.0047880262310433,0.0228058959010653,0.0323695747641509,False,False,Historical VaR
2026-02-19,Long-only Global Minimum Variance Portfolio,-0.0047880262310433,0.0189636743965902,0.0259005948673753,False,False,EWMA-t
2026-02-19,Long-only Global Minimum Variance Portfolio,-0.0047880262310433,0.0196244334429771,0.0285184086821166,False,False,GARCH-t
2026-02-20,Long-only Global Minimum Variance Portfolio,0.0154142992913039,0.0228058959010653,0.0323695747641509,False,False,Historical VaR
2026-02-20,Long-only Global Minimum Variance Portfolio,0.0154142992913039,0.018481864639085,0.0252425388877528,False,False,EWMA-t
2026-02-20,Long-only Global Minimum Variance Portfolio,0.0154142992913039,0.0187925052798063,0.027339034765065,False,False,GARCH-t
2026-02-23,Long-only Global Minimum Variance Portfolio,-0.0141568217355464,0.0228058959010653,0.0323695747641509,False,False,Historical VaR
2026-02-23,Long-only Global Minimum Variance Portfolio,-0.0141568217355464,0.0189137103568603,0.0258323539598425,False,False,EWMA-t
2026-02-23,Long-only Global Minimum Variance Portfolio,-0.0141568217355464,0.0190794821362882,0.0277458643860772,False,False,GARCH-t
2026-02-24,Long-only Global Minimum Variance Portfolio,0.0115552978982949,0.0228058959010653,0.0323695747641509,False,False,Historical VaR
2026-02-24,Long-only Global Minimum Variance Portfolio,0.0115552978982949,0.0191617787164425,0.026171165834935,False,False,EWMA-t
2026-02-24,Long-only Global Minimum Variance Portfolio,0.0115552978982949,0.0197456222918793,0.0286902107363805,False,False,GARCH-t
2026-02-25,Long-only Global Minimum Variance Portfolio,0.0155075489177706,0.0228058959010653,0.0323695747641509,False,False,Historical VaR
2026-02-25,Long-only Global Minimum Variance Portfolio,0.0155075489177706,0.0191242300021079,0.026119881784311,False,False,EWMA-t
2026-02-25,Long-only Global Minimum Variance Portfolio,0.0155075489177706,0.0192902918459669,0.0280447164793983,False,False,GARCH-t
2026-02-26,Long-only Global Minimum Variance Portfolio,-0.0063945927592017,0.0228058959010653,0.0323695747641509,False,False,Historical VaR
2026-02-26,Long-only Global Minimum Variance Portfolio,-0.0063945927592017,0.0195161620252291,0.0266551827146116,False,False,EWMA-t
2026-02-26,Long-only Global Minimum Variance Portfolio,-0.0063945927592017,0.0195280357104225,0.0283817514844512,False,False,GARCH-t
2026-02-27,Long-only Global Minimum Variance Portfolio,-0.0131224372629502,0.0228058959010653,0.0323695747641509,False,False,Historical VaR
2026-02-27,Long-only Global Minimum Variance Portfolio,-0.0131224372629502,0.0190875382950627,0.0260697682346214,False,False,EWMA-t
2026-02-27,Long-only Global Minimum Variance Portfolio,-0.0131224372629502,0.0188684692422494,0.0274467242506569,False,False,GARCH-t
2026-03-02,Long-only Global Minimum Variance Portfolio,0.0009717180150717,0.0228058959010653,0.0323695747641509,False,False,Historical VaR
2026-03-02,Long-only Global Minimum Variance Portfolio,0.0009717180150717,0.0192101875750535,0.0262372826754088,False,False,EWMA-t
2026-03-02,Long-only Global Minimum Variance Portfolio,0.0009717180150717,0.0193511622111011,0.02813100869084,False,False,GARCH-t
2026-03-03,Long-only Global Minimum Variance Portfolio,0.0014278810305534,0.0228058959010653,0.0323695747641509,False,False,Historical VaR
2026-03-03,Long-only Global Minimum Variance Portfolio,0.0014278810305534,0.0186288768513017,0.0254433282321357,False,False,EWMA-t
2026-03-03,Long-only Global Minimum Variance Portfolio,0.0014278810305534,0.0182480302060608,0.0265671655954812,False,False,GARCH-t
2026-03-04,Long-only Global Minimum Variance Portfolio,0.0027480563402783,0.0228058959010653,0.0323695747641509,False,False,Historical VaR
2026-03-04,Long-only Global Minimum Variance Portfolio,0.0027480563402783,0.018070068889211,0.0246801080706791,False,False,EWMA-t
2026-03-04,Long-only Global Minimum Variance Portfolio,0.0027480563402783,0.017224782398538,0.0251165694643525,False,False,GARCH-t
2026-03-05,Long-only Global Minimum Variance Portfolio,0.0008461191994747,0.0228058959010653,0.0323695747641509,False,False,Historical VaR
2026-03-05,Long-only Global Minimum Variance Portfolio,0.0008461191994747,0.017552789586453,0.0239736077704829,False,False,EWMA-t
2026-03-05,Long-only Global Minimum Variance Portfolio,0.0008461191994747,0.0162886155986673,0.0237894227771085,False,False,GARCH-t
2026-03-06,Long-only Global Minimum Variance Portfolio,-0.0091482756694532,0.0228058959010653,0.0323695747641509,False,False,Historical VaR
2026-03-06,Long-only Global Minimum Variance Portfolio,-0.0091482756694532,0.0170213045652478,0.0232477052937567,False,False,EWMA-t
2026-03-06,Long-only Global Minimum Variance Portfolio,-0.0091482756694532,0.0154217713492197,0.0225605504499017,False,False,GARCH-t
2026-03-09,Long-only Global Minimum Variance Portfolio,0.0103166572651699,0.0228058959010653,0.0323695747641509,False,False,Historical VaR
2026-03-09,Long-only Global Minimum Variance Portfolio,0.0103166572651699,0.016889302221864,0.023067416434856,False,False,EWMA-t
2026-03-09,Long-only Global Minimum Variance Portfolio,0.0103166572651699,0.0156197383566941,0.0228411962260492,False,False,GARCH-t
2026-03-10,Long-only Global Minimum Variance Portfolio,-0.0009660057734046,0.0228058959010653,0.0323695747641509,False,False,Historical VaR
2026-03-10,Long-only Global Minimum Variance Portfolio,-0.0009660057734046,0.0168685588194106,0.0230390850866224,False,False,EWMA-t
2026-03-10,Long-only Global Minimum Variance Portfolio,-0.0009660057734046,0.0154396502705612,0.0225858963083888,False,False,GARCH-t
2026-03-11,Long-only Global Minimum Variance Portfolio,-0.000148087317359,0.0228058959010653,0.0323695747641509,False,False,Historical VaR
2026-03-11,Long-only Global Minimum Variance Portfolio,-0.000148087317359,0.0163590738565426,0.0223432302992909,False,False,EWMA-t
2026-03-11,Long-only Global Minimum Variance Portfolio,-0.000148087317359,0.0146955662361497,0.0215310536655642,False,False,GARCH-t
2026-03-12,Long-only Global Minimum Variance Portfolio,-0.0140982694521739,0.0220544610939687,0.0310398886735366,False,False,Historical VaR
2026-03-12,Long-only Global Minimum Variance Portfolio,-0.0140982694521739,0.0158608171832874,0.0216627111148722,False,False,EWMA-t
2026-03-12,Long-only Global Minimum Variance Portfolio,-0.0140982694521739,0.0139808118437904,0.0205177898709672,True,False,GARCH-t
2026-03-13,Long-only Global Minimum Variance Portfolio,-0.0144424339132338,0.0220544610939687,0.0310398886735366,False,False,Historical VaR
2026-03-13,Long-only Global Minimum Variance Portfolio,-0.0144424339132338,0.0163439735556174,0.0223226063016172,False,False,EWMA-t
2026-03-13,Long-only Global Minimum Variance Portfolio,-0.0144424339132338,0.0155169836422865,0.0226955271221634,False,False,GARCH-t
2026-03-16,Long-only Global Minimum Variance Portfolio,0.0113645819437573,0.0220544610939687,0.0310398886735366,False,False,Historical VaR
2026-03-16,Long-only Global Minimum Variance Portfolio,0.0113645819437573,0.016830529596516,0.0229871447571949,False,False,EWMA-t
2026-03-16,Long-only Global Minimum Variance Portfolio,0.0113645819437573,0.0168440228379052,0.0245767898122647,False,False,GARCH-t
2026-03-17,Long-only Global Minimum Variance Portfolio,0.006828201083404,0.0210552723214332,0.0309309219085287,False,False,Historical VaR
2026-03-17,Long-only Global Minimum Variance Portfolio,0.006828201083404,0.0169171337251245,0.0231054287143027,False,False,EWMA-t
2026-03-17,Long-only Global Minimum Variance Portfolio,0.006828201083404,0.0166706296474588,0.0242889205542205,False,False,GARCH-t
2026-03-18,Long-only Global Minimum Variance Portfolio,-0.0164978667658357,0.0210552723214332,0.0309309219085287,False,False,Historical VaR
2026-03-18,Long-only Global Minimum Variance Portfolio,-0.0164978667658357,0.0166195267888354,0.022698957029262,False,False,EWMA-t
2026-03-18,Long-only Global Minimum Variance Portfolio,-0.0164978667658357,0.015991038954511,0.0233267911755362,True,False,GARCH-t
2026-03-19,Long-only Global Minimum Variance Portfolio,-0.0046092428791553,0.0210552723214332,0.0309309219085287,False,False,Historical VaR
2026-03-19,Long-only Global Minimum Variance Portfolio,-0.0046092428791553,0.017367007838391,0.0237198669769175,False,False,EWMA-t
2026-03-19,Long-only Global Minimum Variance Portfolio,-0.0046092428791553,0.0177453198588454,0.0258104114105394,False,False,GARCH-t
2026-03-20,Long-only Global Minimum Variance Portfolio,-0.0149972634089244,0.0210552723214332,0.0309309219085287,False,False,Historical VaR
2026-03-20,Long-only Global Minimum Variance Portfolio,-0.0149972634089244,0.0169349551295553,0.0231297691963463,False,False,EWMA-t
2026-03-20,Long-only Global Minimum Variance Portfolio,-0.0149972634089244,0.0170664046701266,0.0248492383758294,False,False,GARCH-t
2026-03-23,Long-only Global Minimum Variance Portfolio,0.0073646541923426,0.0210552723214332,0.0309309219085287,False,False,Historical VaR
2026-03-23,Long-only Global Minimum Variance Portfolio,0.0073646541923426,0.0174434237993987,0.0238242359302158,False,False,EWMA-t
2026-03-23,Long-only Global Minimum Variance Portfolio,0.0073646541923426,0.018238628576033,0.0265088123958568,False,False,GARCH-t
2026-03-24,Long-only Global Minimum Variance Portfolio,-0.0191152295955265,0.0210552723214332,0.0309309219085287,False,False,Historical VaR
2026-03-24,Long-only Global Minimum Variance Portfolio,-0.0191152295955265,0.017157549645861,0.0234337888850396,True,False,EWMA-t
2026-03-24,Long-only Global Minimum Variance Portfolio,-0.0191152295955265,0.0174657400875613,0.0254145968203315,True,False,GARCH-t
2026-03-25,Long-only Global Minimum Variance Portfolio,0.0016401591697887,0.0210552723214332,0.0309309219085287,False,False,Historical VaR
2026-03-25,Long-only Global Minimum Variance Portfolio,0.0016401591697887,0.018250235096926,0.0249261791567582,False,False,EWMA-t
2026-03-25,Long-only Global Minimum Variance Portfolio,0.0016401591697887,0.0196289054180952,0.0284770944929091,False,False,GARCH-t
2026-03-26,Long-only Global Minimum Variance Portfolio,-0.0141781524425585,0.0210552723214332,0.0309309219085287,False,False,Historical VaR
2026-03-26,Long-only Global Minimum Variance Portfolio,-0.0141781524425585,0.0177059791998937,0.0241828342121863,False,False,EWMA-t
2026-03-26,Long-only Global Minimum Variance Portfolio,-0.0141781524425585,0.0185066800319776,0.0268883057930438,False,False,GARCH-t
2026-03-27,Long-only Global Minimum Variance Portfolio,-0.0235334312892799,0.0210552723214332,0.0309309219085287,True,False,Historical VaR
2026-03-27,Long-only Global Minimum Variance Portfolio,-0.0235334312892799,0.0180469898352046,0.0246485866885229,True,False,EWMA-t
2026-03-27,Long-only Global Minimum Variance Portfolio,-0.0235334312892799,0.0192559969108861,0.0279491499020392,True,False,GARCH-t
2026-03-30,Long-only Global Minimum Variance Portfolio,-0.0003791697102504,0.0220544610939687,0.031084143196099,False,False,Historical VaR
2026-03-30,Long-only Global Minimum Variance Portfolio,-0.0003791697102504,0.0197880086898163,0.0270264710091832,False,False,EWMA-t
2026-03-30,Long-only Global Minimum Variance Portfolio,-0.0003791697102504,0.0222996051759236,0.0322581331759227,False,False,GARCH-t
2026-03-31,Long-only Global Minimum Variance Portfolio,0.0359929859235684,0.0220544610939687,0.031084143196099,False,False,Historical VaR
2026-03-31,Long-only Global Minimum Variance Portfolio,0.0359929859235684,0.0191857640833995,0.0262039250597195,False,False,EWMA-t
2026-03-31,Long-only Global Minimum Variance Portfolio,0.0359929859235684,0.0210082536431356,0.0304299044188232,False,False,GARCH-t
2026-04-01,Long-only Global Minimum Variance Portfolio,0.0096794061065616,0.0210552723214332,0.0300455388961938,False,False,Historical VaR
2026-04-01,Long-only Global Minimum Variance Portfolio,0.0096794061065616,0.0233624747867778,0.0319084783833034,False,False,EWMA-t
2026-04-01,Long-only Global Minimum Variance Portfolio,0.0096794061065616,0.0265642596854166,0.0382958106133872,False,False,GARCH-t
2026-04-02,Long-only Global Minimum Variance Portfolio,0.0035813569396268,0.0210552723214332,0.0300455388961938,False,False,Historical VaR
2026-04-02,Long-only Global Minimum Variance Portfolio,0.0035813569396268,0.0229675066826472,0.031369030772219,False,False,EWMA-t
2026-04-02,Long-only Global Minimum Variance Portfolio,0.0035813569396268,0.0252885489313383,0.036489725262397,False,False,GARCH-t
2026-04-06,Long-only Global Minimum Variance Portfolio,0.0069185894932159,0.0210552723214332,0.0300455388961938,False,False,Historical VaR
2026-04-06,Long-only Global Minimum Variance Portfolio,0.0069185894932159,0.0223121958846905,0.0304740069949101,False,False,EWMA-t
2026-04-06,Long-only Global Minimum Variance Portfolio,0.0069185894932159,0.0237794989315254,0.0343532902673477,False,False,GARCH-t
2026-04-07,Long-only Global Minimum Variance Portfolio,-0.0008593264981373,0.0210552723214332,0.0300455388961938,False,False,Historical VaR
2026-04-07,Long-only Global Minimum Variance Portfolio,-0.0008593264981373,0.0218024378007216,0.0297777791786584,False,False,EWMA-t
2026-04-07,Long-only Global Minimum Variance Portfolio,-0.0008593264981373,0.0225204673883902,0.0325708184811521,False,False,GARCH-t
2026-04-08,Long-only Global Minimum Variance Portfolio,0.0205325640447312,0.0198092085468022,0.0275015811360894,False,False,Historical VaR
2026-04-08,Long-only Global Minimum Variance Portfolio,0.0205325640447312,0.021140941379021,0.0288743070737077,False,False,EWMA-t
2026-04-08,Long-only Global Minimum Variance Portfolio,0.0205325640447312,0.0212266121402521,0.0307390450932634,False,False,GARCH-t
2026-04-09,Long-only Global Minimum Variance Portfolio,0.00652795092602,0.0180823704025537,0.0254088429713642,False,False,Historical VaR
2026-04-09,Long-only Global Minimum Variance Portfolio,0.00652795092602,0.0220259399267243,0.0300830384810768,False,False,EWMA-t
2026-04-09,Long-only Global Minimum Variance Portfolio,0.00652795092602,0.0222224851672279,0.0321489506535303,False,False,GARCH-t
2026-04-10,Long-only Global Minimum Variance Portfolio,-0.001019000260162,0.0180823704025537,0.0254088429713642,False,False,Historical VaR
2026-04-10,Long-only Global Minimum Variance Portfolio,-0.001019000260162,0.0215082695761344,0.029376004087579,False,False,EWMA-t
2026-04-10,Long-only Global Minimum Variance Portfolio,-0.001019000260162,0.021060453959831,0.0305038069292467,False,False,GARCH-t
2026-04-13,Long-only Global Minimum Variance Portfolio,0.0148996010548462,0.0168306134267643,0.0248081913286324,False,False,Historical VaR
2026-04-13,Long-only Global Minimum Variance Portfolio,0.0148996010548462,0.0208568804358845,0.0284863365120983,False,False,EWMA-t
2026-04-13,Long-only Global Minimum Variance Portfolio,0.0148996010548462,0.0198802836018541,0.0288329827330873,False,False,GARCH-t
2026-04-14,Long-only Global Minimum Variance Portfolio,0.0201120407416403,0.0168306134267643,0.0248081913286324,False,False,Historical VaR
2026-04-14,Long-only Global Minimum Variance Portfolio,0.0201120407416403,0.0210510446256417,0.0287515260482336,False,False,EWMA-t
2026-04-14,Long-only Global Minimum Variance Portfolio,0.0201120407416403,0.0199326767717437,0.0289071582750955,False,False,GARCH-t
2026-04-15,Long-only Global Minimum Variance Portfolio,0.0281375288705802,0.0161336183467588,0.0234213393524537,False,False,Historical VaR
2026-04-15,Long-only Global Minimum Variance Portfolio,0.0281375288705802,0.0218847132450296,0.0298901510168364,False,False,EWMA-t
2026-04-15,Long-only Global Minimum Variance Portfolio,0.0281375288705802,0.0210605952066978,0.0304766420389747,False,False,GARCH-t
2026-04-16,Long-only Global Minimum Variance Portfolio,0.0034592338460514,0.0161336183467588,0.0234213393524537,False,False,Historical VaR
2026-04-16,Long-only Global Minimum Variance Portfolio,0.0034592338460514,0.0239229403042745,0.0326739624346656,False,False,EWMA-t
2026-04-16,Long-only Global Minimum Variance Portfolio,0.0034592338460514,0.0240718144213266,0.034735933714172,False,False,GARCH-t
2026-04-17,Long-only Global Minimum Variance Portfolio,0.0154508330732177,0.0161336183467588,0.0234213393524537,False,False,Historical VaR
2026-04-17,Long-only Global Minimum Variance Portfolio,0.0154508330732177,0.023233900812062,0.0317328719918437,False,False,EWMA-t
2026-04-17,Long-only Global Minimum Variance Portfolio,0.0154508330732177,0.0226511860296807,0.0327264916075693,False,False,GARCH-t
2026-04-20,Long-only Global Minimum Variance Portfolio,-0.0046776535612221,0.0161336183467588,0.0234213393524537,False,False,Historical VaR
2026-04-20,Long-only Global Minimum Variance Portfolio,-0.0046776535612221,0.0233290180486284,0.0318627831555607,False,False,EWMA-t
2026-04-20,Long-only Global Minimum Variance Portfolio,-0.0046776535612221,0.0224649541155039,0.0324630713830118,False,False,GARCH-t
2026-04-21,Long-only Global Minimum Variance Portfolio,-0.0057220906688983,0.0156271987552584,0.0221508694534256,False,False,Historical VaR
2026-04-21,Long-only Global Minimum Variance Portfolio,-0.0057220906688983,0.0226927962634041,0.0309938311602735,False,False,EWMA-t
2026-04-21,Long-only Global Minimum Variance Portfolio,-0.0057220906688983,0.0213895464357681,0.0309419350421272,False,False,GARCH-t
2026-04-22,Long-only Global Minimum Variance Portfolio,0.0227872665828692,0.0156271987552584,0.0221508694534256,False,False,Historical VaR
2026-04-22,Long-only Global Minimum Variance Portfolio,0.0227872665828692,0.0221159421218923,0.0302059635189924,False,False,EWMA-t
2026-04-22,Long-only Global Minimum Variance Portfolio,0.0227872665828692,0.0204955027522105,0.0296773333817299,False,False,GARCH-t
2026-04-23,Long-only Global Minimum Variance Portfolio,-0.0138997983465891,0.0152040059021632,0.0215951267074876,False,False,Historical VaR
2026-04-23,Long-only Global Minimum Variance Portfolio,-0.0138997983465891,0.0232346859504948,0.0317339443342621,False,False,EWMA-t
2026-04-23,Long-only Global Minimum Variance Portfolio,-0.0138997983465891,0.0221565432787603,0.0320268322334006,False,False,GARCH-t
2026-04-24,Long-only Global Minimum Variance Portfolio,0.0113695097206017,0.0152040059021632,0.0215951267074876,False,False,Historical VaR
2026-04-24,Long-only Global Minimum Variance Portfolio,0.0113695097206017,0.0231787937068007,0.0316576066831362,False,False,EWMA-t
2026-04-24,Long-only Global Minimum Variance Portfolio,0.0113695097206017,0.0223378727261782,0.0322833180455604,False,False,GARCH-t
2026-04-27,Long-only Global Minimum Variance Portfolio,0.0002408002871729,0.0152040059021632,0.0215951267074876,False,False,Historical VaR
2026-04-27,Long-only Global Minimum Variance Portfolio,0.0002408002871729,0.0229119413661997,0.0312931396384711,False,False,EWMA-t
2026-04-27,Long-only Global Minimum Variance Portfolio,0.0002408002871729,0.021607439954348,0.0312501397869887,False,False,GARCH-t
2026-04-28,Long-only Global Minimum Variance Portfolio,0.0059786144463031,0.0152040059021632,0.0215951267074876,False,False,Historical VaR
2026-04-28,Long-only Global Minimum Variance Portfolio,0.0059786144463031,0.0222141526154277,0.030340099454444,False,False,EWMA-t
2026-04-28,Long-only Global Minimum Variance Portfolio,0.0059786144463031,0.0203572298173416,0.0294817498926465,False,False,GARCH-t
2026-04-29,Long-only Global Minimum Variance Portfolio,-0.0036767012299768,0.0152040059021632,0.0215951267074876,False,False,Historical VaR
2026-04-29,Long-only Global Minimum Variance Portfolio,-0.0036767012299768,0.0216650188647786,0.0295900923352475,False,False,EWMA-t
2026-04-29,Long-only Global Minimum Variance Portfolio,-0.0036767012299768,0.0193126006776628,0.0280041490003943,False,False,GARCH-t
2026-04-30,Long-only Global Minimum Variance Portfolio,0.014208181179583,0.0152040059021632,0.0215951267074876,False,False,Historical VaR
2026-04-30,Long-only Global Minimum Variance Portfolio,0.014208181179583,0.0210545835706583,0.0287563595409005,False,False,EWMA-t
2026-04-30,Long-only Global Minimum Variance Portfolio,0.014208181179583,0.0184210110264975,0.0267430185053272,False,False,GARCH-t
2026-05-01,Long-only Global Minimum Variance Portfolio,0.0173912323405764,0.0152040059021632,0.0215951267074876,False,False,Historical VaR
2026-05-01,Long-only Global Minimum Variance Portfolio,0.0173912323405764,0.021162028887169,0.0289031084016509,False,False,EWMA-t
2026-05-01,Long-only Global Minimum Variance Portfolio,0.0173912323405764,0.018537869197973,0.0269083113656166,False,False,GARCH-t
2026-05-06,Long-only Global Minimum Variance Portfolio,0.0200296624780608,0.0152040059021632,0.0215951267074876,False,False,Historical VaR
2026-05-06,Long-only Global Minimum Variance Portfolio,0.0200296624780608,0.021624236311713,0.0295343915062563,False,False,EWMA-t
2026-05-06,Long-only Global Minimum Variance Portfolio,0.0200296624780608,0.019262773288298,0.0279336694472328,False,False,GARCH-t
2026-05-07,Long-only Global Minimum Variance Portfolio,0.0047673981183805,0.0152040059021632,0.0215951267074876,False,False,Historical VaR
2026-05-07,Long-only Global Minimum Variance Portfolio,0.0047673981183805,0.0223925016990861,0.0305836887116838,False,False,EWMA-t
2026-05-07,Long-only Global Minimum Variance Portfolio,0.0047673981183805,0.0204663744566322,0.0296361321612187,False,False,GARCH-t
2026-05-08,Long-only Global Minimum Variance Portfolio,0.0029773656217755,0.0152040059021632,0.0215951267074876,False,False,Historical VaR
2026-05-08,Long-only Global Minimum Variance Portfolio,0.0029773656217755,0.0217909136071783,0.0297620394300264,False,False,EWMA-t
2026-05-08,Long-only Global Minimum Variance Portfolio,0.0029773656217755,0.0193521155516799,0.0280600417673938,False,False,GARCH-t
2026-05-11,Long-only Global Minimum Variance Portfolio,-0.010673639605198,0.0152040059021632,0.0215951267074876,False,False,Historical VaR
2026-05-11,Long-only Global Minimum Variance Portfolio,-0.010673639605198,0.0211594054091802,0.028899525254255,False,False,EWMA-t
2026-05-11,Long-only Global Minimum Variance Portfolio,-0.010673639605198,0.018266950563929,0.0265251039667551,False,False,GARCH-t
2026-05-12,Long-only Global Minimum Variance Portfolio,-0.0050012086739302,0.0152040059021632,0.0215951267074876,False,False,Historical VaR
2026-05-12,Long-only Global Minimum Variance Portfolio,-0.0050012086739302,0.0209386604363941,0.0285980316729176,False,False,EWMA-t
2026-05-12,Long-only Global Minimum Variance Portfolio,-0.0050012086739302,0.0183647014035709,0.0266633700004958,False,False,GARCH-t
2026-05-13,Long-only Global Minimum Variance Portfolio,0.0136613563666015,0.0146921071862946,0.0210917196965689,False,False,Historical VaR
2026-05-13,Long-only Global Minimum Variance Portfolio,0.0136613563666015,0.0203955713801754,0.0278562804000443,False,False,EWMA-t
2026-05-13,Long-only Global Minimum Variance Portfolio,0.0136613563666015,0.0176710488348781,0.0256822163877135,False,False,GARCH-t
2026-05-14,Long-only Global Minimum Variance Portfolio,0.0009401726830761,0.0146921071862946,0.0210917196965689,False,False,Historical VaR
2026-05-14,Long-only Global Minimum Variance Portfolio,0.0009401726830761,0.0204891174160478,0.0279840456171594,False,False,EWMA-t
2026-05-14,Long-only Global Minimum Variance Portfolio,0.0009401726830761,0.0177872854732111,0.0258466301054526,False,False,GARCH-t
2026-05-15,Long-only Global Minimum Variance Portfolio,0.0094060174322417,0.0146921071862946,0.0210917196965689,False,False,Historical VaR
2026-05-15,Long-only Global Minimum Variance Portfolio,0.0094060174322417,0.0198683673091786,0.0271362248470037,False,False,EWMA-t
2026-05-15,Long-only Global Minimum Variance Portfolio,0.0094060174322417,0.0167757646252899,0.0243927820376384,False,False,GARCH-t
2026-05-18,Long-only Global Minimum Variance Portfolio,0.0018063888589352,0.0146921071862946,0.0210917196965689,False,False,Historical VaR
2026-05-18,Long-only Global Minimum Variance Portfolio,0.0018063888589352,0.0196140674790599,0.0267889020266999,False,False,EWMA-t
2026-05-18,Long-only Global Minimum Variance Portfolio,0.0018063888589352,0.0163510790411377,0.023792828545753,False,False,GARCH-t
2026-05-19,Long-only Global Minimum Variance Portfolio,-0.0045406077820309,0.0146921071862946,0.0210917196965689,False,False,Historical VaR
2026-05-19,Long-only Global Minimum Variance Portfolio,-0.0045406077820309,0.0190297710409974,0.0259908696935024,False,False,EWMA-t
2026-05-19,Long-only Global Minimum Variance Portfolio,-0.0045406077820309,0.0154837737297004,0.0225675859909197,False,False,GARCH-t
2026-05-20,Long-only Global Minimum Variance Portfolio,-0.0124849646345772,0.0146921071862946,0.0210917196965689,False,False,Historical VaR
2026-05-20,Long-only Global Minimum Variance Portfolio,-0.0124849646345772,0.0185360169169646,0.0253165000928005,False,False,EWMA-t
2026-05-20,Long-only Global Minimum Variance Portfolio,-0.0124849646345772,0.0150168292344377,0.0219079333186757,False,False,GARCH-t
2026-05-21,Long-only Global Minimum Variance Portfolio,0.0040748485590225,0.0146921071862946,0.0210917196965689,False,False,Historical VaR
2026-05-21,Long-only Global Minimum Variance Portfolio,0.0040748485590225,0.0186281656922014,0.0254423569307223,False,False,EWMA-t
2026-05-21,Long-only Global Minimum Variance Portfolio,0.0040748485590225,0.0159511493390902,0.0232278476982607,False,False,GARCH-t
2026-05-22,Long-only Global Minimum Variance Portfolio,0.0085095921127859,0.0146921071862946,0.0210917196965689,False,False,Historical VaR
2026-05-22,Long-only Global Minimum Variance Portfolio,0.0085095921127859,0.0181314326615098,0.0247639187379901,False,False,EWMA-t
2026-05-22,Long-only Global Minimum Variance Portfolio,0.0085095921127859,0.0151634147839084,0.0221150147821081,False,False,GARCH-t
2026-05-26,Long-only Global Minimum Variance Portfolio,0.0044631895693085,0.0146921071862946,0.0210917196965689,False,False,Historical VaR
2026-05-26,Long-only Global Minimum Variance Portfolio,0.0044631895693085,0.0178939044058717,0.02443950254152,False,False,EWMA-t
2026-05-26,Long-only Global Minimum Variance Portfolio,0.0044631895693085,0.0147964226880058,0.0215965649037806,False,False,GARCH-t
2026-05-27,Long-only Global Minimum Variance Portfolio,0.0023998891657389,0.0146921071862946,0.0210917196965689,False,False,Historical VaR
2026-05-27,Long-only Global Minimum Variance Portfolio,0.0023998891657389,0.0174371004152896,0.0238155994494065,False,False,EWMA-t
2026-05-27,Long-only Global Minimum Variance Portfolio,0.0023998891657389,0.0141221621911446,0.0206440368344803,False,False,GARCH-t
2026-05-28,Long-only Global Minimum Variance Portfolio,0.0063237738993251,0.0146921071862946,0.0210917196965689,False,False,Historical VaR
2026-05-28,Long-only Global Minimum Variance Portfolio,0.0063237738993251,0.0169321461931226,0.0231259327497256,False,False,EWMA-t
2026-05-28,Long-only Global Minimum Variance Portfolio,0.0063237738993251,0.0134381793202601,0.0196777739635704,False,False,GARCH-t
2026-05-29,Long-only Global Minimum Variance Portfolio,0.0159842716786654,0.0146921071862946,0.0210917196965689,False,False,Historical VaR
2026-05-29,Long-only Global Minimum Variance Portfolio,0.0159842716786654,0.0166031076250183,0.0226765317280681,False,False,EWMA-t
2026-05-29,Long-only Global Minimum Variance Portfolio,0.0159842716786654,0.0130158817803571,0.0190811940627358,False,False,GARCH-t
2026-06-01,Long-only Global Minimum Variance Portfolio,-0.0019874910704484,0.0142970791043624,0.0208767297060391,False,False,Historical VaR
2026-06-01,Long-only Global Minimum Variance Portfolio,-0.0019874910704484,0.0172779432759252,0.0235982225581607,False,False,EWMA-t
2026-06-01,Long-only Global Minimum Variance Portfolio,-0.0019874910704484,0.0143464120661821,0.0209608347212091,False,False,GARCH-t
2026-06-02,Long-only Global Minimum Variance Portfolio,-0.0135806816673798,0.0142970791043624,0.0208767297060391,False,False,Historical VaR
2026-06-02,Long-only Global Minimum Variance Portfolio,-0.0135806816673798,0.0167697611937143,0.0229041472458061,False,False,EWMA-t
2026-06-02,Long-only Global Minimum Variance Portfolio,-0.0135806816673798,0.0137632417088598,0.0201369897278876,False,False,GARCH-t
2026-06-03,Long-only Global Minimum Variance Portfolio,-0.0241475230585743,0.0142970791043624,0.0208767297060391,True,True,Historical VaR
2026-06-03,Long-only Global Minimum Variance Portfolio,-0.0241475230585743,0.0171112773139881,0.0233705901137284,True,True,EWMA-t
2026-06-03,Long-only Global Minimum Variance Portfolio,-0.0241475230585743,0.0151915017826518,0.0221546932962877,True,True,GARCH-t
2026-06-04,Long-only Global Minimum Variance Portfolio,0.0108136226314704,0.0146921071862946,0.0216232750249115,False,False,Historical VaR
2026-06-04,Long-only Global Minimum Variance Portfolio,0.0108136226314704,0.0191090792986348,0.0260991889468151,False,False,EWMA-t
2026-06-04,Long-only Global Minimum Variance Portfolio,0.0108136226314704,0.0194938000598007,0.0282325517657733,False,False,GARCH-t
2026-06-05,Long-only Global Minimum Variance Portfolio,-0.0170735024240025,0.0146921071862946,0.0216232750249115,True,False,Historical VaR
2026-06-05,Long-only Global Minimum Variance Portfolio,-0.0170735024240025,0.0190074109696148,0.0259603302981314,False,False,EWMA-t
2026-06-05,Long-only Global Minimum Variance Portfolio,-0.0170735024240025,0.0189689192924076,0.0274910524990874,False,False,GARCH-t
2026-06-08,Long-only Global Minimum Variance Portfolio,0.0002191707474685,0.0152040059021632,0.021782985718379,False,False,Historical VaR
2026-06-08,Long-only Global Minimum Variance Portfolio,0.0002191707474685,0.0196102512765507,0.0267836898556271,False,False,EWMA-t
2026-06-08,Long-only Global Minimum Variance Portfolio,0.0002191707474685,0.0203025938576895,0.029375135082387,False,False,GARCH-t
2026-06-09,Long-only Global Minimum Variance Portfolio,-0.012989931836182,0.0152040059021632,0.021782985718379,False,False,Historical VaR
2026-06-09,Long-only Global Minimum Variance Portfolio,-0.012989931836182,0.0190130388452176,0.0259680168531156,False,False,EWMA-t
2026-06-09,Long-only Global Minimum Variance Portfolio,-0.012989931836182,0.0191515054619038,0.0277489920525993,False,False,GARCH-t
2026-06-10,Long-only Global Minimum Variance Portfolio,-0.019289472627552,0.0152040059021632,0.021782985718379,True,False,Historical VaR
2026-06-10,Long-only Global Minimum Variance Portfolio,-0.019289472627552,0.0191266704072629,0.0261232148907496,True,False,EWMA-t
2026-06-10,Long-only Global Minimum Variance Portfolio,-0.019289472627552,0.0195604714396303,0.0283267384503001,False,False,GARCH-t
2026-06-11,Long-only Global Minimum Variance Portfolio,-0.0300942106296673,0.0156271987552584,0.0220778150611386,True,True,Historical VaR
2026-06-11,Long-only Global Minimum Variance Portfolio,-0.0300942106296673,0.0200315811825197,0.0273591424273068,True,True,EWMA-t
2026-06-11,Long-only Global Minimum Variance Portfolio,-0.0300942106296673,0.0213407293749835,0.0308417095362717,True,False,GARCH-t
2026-06-12,Long-only Global Minimum Variance Portfolio,0.0169204818918905,0.0161336183467588,0.0231746315008847,False,False,Historical VaR
2026-06-12,Long-only Global Minimum Variance Portfolio,0.0169204818918905,0.0227346374522745,0.0310509778745145,False,False,EWMA-t
2026-06-12,Long-only Global Minimum Variance Portfolio,0.0169204818918905,0.0259023193010006,0.037285869420169,False,False,GARCH-t
2026-06-15,Long-only Global Minimum Variance Portfolio,0.0266128404342853,0.0161336183467588,0.0231746315008847,False,False,Historical VaR
2026-06-15,Long-only Global Minimum Variance Portfolio,0.0266128404342853,0.0230218777884892,0.0314432908525945,False,False,EWMA-t
2026-06-15,Long-only Global Minimum Variance Portfolio,0.0266128404342853,0.0257166347333755,0.0369712088451488,False,False,GARCH-t
2026-06-16,Long-only Global Minimum Variance Portfolio,-0.0053268266347099,0.0161336183467588,0.0231746315008847,False,False,Historical VaR
2026-06-16,Long-only Global Minimum Variance Portfolio,-0.0053268266347099,0.0246461971228606,0.0336617869169629,False,False,EWMA-t
2026-06-16,Long-only Global Minimum Variance Portfolio,-0.0053268266347099,0.0274172745901573,0.0393708123780342,False,False,GARCH-t
2026-06-17,Long-only Global Minimum Variance Portfolio,-0.0083496433954851,0.0161336183467588,0.0231746315008847,False,False,Historical VaR
2026-06-17,Long-only Global Minimum Variance Portfolio,-0.0083496433954851,0.0239867686107,0.0327611391637754,False,False,EWMA-t
2026-06-17,Long-only Global Minimum Variance Portfolio,-0.0083496433954851,0.0259800947136436,0.03734295098497,False,False,GARCH-t
2026-06-18,Long-only Global Minimum Variance Portfolio,-0.0070720121269328,0.0161336183467588,0.0231746315008847,False,False,Historical VaR
2026-06-18,Long-only Global Minimum Variance Portfolio,-0.0070720121269328,0.0234860634325702,0.0320772758103175,False,False,EWMA-t
2026-06-18,Long-only Global Minimum Variance Portfolio,-0.0070720121269328,0.024937969507982,0.0358725118939171,False,False,GARCH-t
2026-06-22,Long-only Global Minimum Variance Portfolio,-0.0262991796137264,0.0161336183467588,0.0231746315008847,True,True,Historical VaR
2026-06-22,Long-only Global Minimum Variance Portfolio,-0.0262991796137264,0.0229393277667394,0.0313305439964252,True,False,EWMA-t
2026-06-22,Long-only Global Minimum Variance Portfolio,-0.0262991796137264,0.0238555477315701,0.0343452143250683,True,False,GARCH-t
2026-06-23,Long-only Global Minimum Variance Portfolio,0.0058311636298407,0.0167569028120107,0.0239285786430301,False,False,Historical VaR
2026-06-23,Long-only Global Minimum Variance Portfolio,0.0058311636298407,0.0245216027494197,0.0334916158666823,False,False,EWMA-t
2026-06-23,Long-only Global Minimum Variance Portfolio,0.0058311636298407,0.0267202133028021,0.038387258616722,False,False,GARCH-t
2026-06-24,Long-only Global Minimum Variance Portfolio,-0.0006738729778116,0.0167569028120107,0.0239285786430301,False,False,Historical VaR
2026-06-24,Long-only Global Minimum Variance Portfolio,-0.0006738729778116,0.0238846076165609,0.0326216076328543,False,False,EWMA-t
2026-06-24,Long-only Global Minimum Variance Portfolio,-0.0006738729778116,0.0251689371894144,0.0361984073868032,False,False,GARCH-t
2026-06-25,Long-only Global Minimum Variance Portfolio,-0.0510201883069636,0.0167569028120107,0.0239285786430301,True,True,Historical VaR
2026-06-25,Long-only Global Minimum Variance Portfolio,-0.0510201883069636,0.0231584983602069,0.0316298872897936,True,True,EWMA-t
2026-06-25,Long-only Global Minimum Variance Portfolio,-0.0510201883069636,0.0236654544033004,0.0340769925611981,True,True,GARCH-t
2026-06-26,Long-only Global Minimum Variance Portfolio,0.0259707463480447,0.0179922796511883,0.0265398621724886,False,False,Historical VaR
2026-06-26,Long-only Global Minimum Variance Portfolio,0.0259707463480447,0.0300930739460835,0.0411011336880801,False,False,EWMA-t
2026-06-26,Long-only Global Minimum Variance Portfolio,0.0259707463480447,0.0353903727572332,0.0506208571499843,False,False,GARCH-t
2026-06-29,Long-only Global Minimum Variance Portfolio,0.0092805683215921,0.0179922796511883,0.0265398621724886,False,False,Historical VaR
2026-06-29,Long-only Global Minimum Variance Portfolio,0.0092805683215921,0.0309075867543062,0.0422135956413321,False,False,EWMA-t
2026-06-29,Long-only Global Minimum Variance Portfolio,0.0092805683215921,0.0355161023505148,0.0507982616574841,False,False,GARCH-t
2026-06-30,Long-only Global Minimum Variance Portfolio,0.013347487582427,0.0179922796511883,0.0265398621724886,False,False,Historical VaR
2026-06-30,Long-only Global Minimum Variance Portfolio,0.013347487582427,0.0301868413828281,0.0412292012946042,False,False,EWMA-t
2026-06-30,Long-only Global Minimum Variance Portfolio,0.013347487582427,0.0335024592682632,0.047957010445552,False,False,GARCH-t
2026-07-01,Long-only Global Minimum Variance Portfolio,0.0204844023280747,0.0179922796511883,0.0265398621724886,False,False,Historical VaR
2026-07-01,Long-only Global Minimum Variance Portfolio,0.0204844023280747,0.0297329216712523,0.0406092375520316,False,False,EWMA-t
2026-07-01,Long-only Global Minimum Variance Portfolio,0.0204844023280747,0.031978067466116,0.0458060929897797,False,False,GARCH-t
2026-07-02,Long-only Global Minimum Variance Portfolio,0.0193458490053294,0.0179922796511883,0.0265398621724886,False,False,Historical VaR
2026-07-02,Long-only Global Minimum Variance Portfolio,0.0193458490053294,0.0299285509489689,0.040876428105949,False,False,EWMA-t
2026-07-02,Long-only Global Minimum Variance Portfolio,0.0193458490053294,0.0315446067125522,0.0451944796893674,False,False,GARCH-t
2026-07-06,Long-only Global Minimum Variance Portfolio,-0.0015376668758741,0.0179922796511883,0.0265398621724886,False,False,Historical VaR
2026-07-06,Long-only Global Minimum Variance Portfolio,-0.0015376668758741,0.0299949243541438,0.0409670809320549,False,False,EWMA-t
2026-07-06,Long-only Global Minimum Variance Portfolio,-0.0015376668758741,0.0309770624473581,0.0443936744992517,False,False,GARCH-t
2026-07-07,Long-only Global Minimum Variance Portfolio,0.0086770837010763,0.0179922796511883,0.0265398621724886,False,False,Historical VaR
2026-07-07,Long-only Global Minimum Variance Portfolio,0.0086770837010763,0.0290874270020657,0.0397276206477327,False,False,EWMA-t
2026-07-07,Long-only Global Minimum Variance Portfolio,0.0086770837010763,0.0290836112362564,0.0417220140666284,False,False,GARCH-t
2026-07-08,Long-only Global Minimum Variance Portfolio,-0.0067251182729126,0.0179922796511883,0.0265398621724886,False,False,Historical VaR
2026-07-08,Long-only Global Minimum Variance Portfolio,-0.0067251182729126,0.0284064351047338,0.0387975216135535,False,False,EWMA-t
2026-07-08,Long-only Global Minimum Variance Portfolio,-0.0067251182729126,0.0275174016191291,0.0395120916568303,False,False,GARCH-t
2026-07-09,Long-only Global Minimum Variance Portfolio,0.002975601765406,0.0179922796511883,0.0265398621724886,False,False,Historical VaR
2026-07-09,Long-only Global Minimum Variance Portfolio,0.002975601765406,0.0276674027434803,0.0377881508881128,False,False,EWMA-t
2026-07-09,Long-only Global Minimum Variance Portfolio,0.002975601765406,0.0261841030458162,0.0376308068250335,False,False,GARCH-t
2026-07-10,Long-only Global Minimum Variance Portfolio,-0.0016185713009271,0.0179922796511883,0.0265398621724886,False,False,Historical VaR
2026-07-10,Long-only Global Minimum Variance Portfolio,-0.0016185713009271,0.0268499832605848,0.0366717189973088,False,False,EWMA-t
2026-07-10,Long-only Global Minimum Variance Portfolio,-0.0016185713009271,0.0245866595828566,0.0353768134460024,False,False,GARCH-t
2026-07-13,Long-only Global Minimum Variance Portfolio,0.0047496356612737,0.0179922796511883,0.0265398621724886,False,False,Historical VaR
2026-07-13,Long-only Global Minimum Variance Portfolio,0.0047496356612737,0.0260397837677096,0.0355651481720638,False,False,EWMA-t
2026-07-13,Long-only Global Minimum Variance Portfolio,0.0047496356612737,0.0231564103578405,0.0333587312050334,False,False,GARCH-t
2026-07-14,Long-only Global Minimum Variance Portfolio,-0.0027720064697376,0.0179922796511883,0.0265398621724886,False,False,Historical VaR
2026-07-14,Long-only Global Minimum Variance Portfolio,-0.0027720064697376,0.025315317077459,0.0345756712465127,False,False,EWMA-t
2026-07-14,Long-only Global Minimum Variance Portfolio,-0.0027720064697376,0.0218248263586631,0.0314798656380424,False,False,GARCH-t
2026-07-15,Long-only Global Minimum Variance Portfolio,0.0338683422623364,0.0179922796511883,0.0265398621724886,False,False,Historical VaR
2026-07-15,Long-only Global Minimum Variance Portfolio,0.0338683422623364,0.0245682402189136,0.0335553133431175,False,False,EWMA-t
2026-07-15,Long-only Global Minimum Variance Portfolio,0.0338683422623364,0.0205793168418816,0.0297753080453829,False,False,GARCH-t
2026-07-16,Long-only Global Minimum Variance Portfolio,-0.0030713371430691,0.0179922796511883,0.0265398621724886,False,False,Historical VaR
2026-07-16,Long-only Global Minimum Variance Portfolio,-0.0030713371430691,0.0272816455696121,0.0372612835696495,False,False,EWMA-t
2026-07-16,Long-only Global Minimum Variance Portfolio,-0.0030713371430691,0.0255953781824775,0.036864481060716,False,False,GARCH-t
2026-07-17,Long-only Global Minimum Variance Portfolio,-0.0126086478608502,0.0179922796511883,0.0265398621724886,False,False,Historical VaR
2026-07-17,Long-only Global Minimum Variance Portfolio,-0.0126086478608502,0.0264780231979235,0.0361636957794262,False,False,EWMA-t
2026-07-17,Long-only Global Minimum Variance Portfolio,-0.0126086478608502,0.0241454703963746,0.0348153340399698,False,False,GARCH-t
2026-07-20,Long-only Global Minimum Variance Portfolio,0.0061170177038601,0.0179922796511883,0.0265398621724886,False,False,Historical VaR
2026-07-20,Long-only Global Minimum Variance Portfolio,0.0061170177038601,0.0261445768717952,0.0357082746399125,False,False,EWMA-t
2026-07-20,Long-only Global Minimum Variance Portfolio,0.0061170177038601,0.0238595318162717,0.03441121855404,False,False,GARCH-t
2026-07-21,Long-only Global Minimum Variance Portfolio,-0.0076283598000988,0.0179922796511883,0.0265398621724886,False,False,Historical VaR
2026-07-21,Long-only Global Minimum Variance Portfolio,-0.0076283598000988,0.025461683566556,0.0347755786619735,False,False,EWMA-t
2026-07-21,Long-only Global Minimum Variance Portfolio,-0.0076283598000988,0.0225272602399844,0.0325283261676824,False,False,GARCH-t
2026-07-22,Long-only Global Minimum Variance Portfolio,-0.0124589000918057,0.0179922796511883,0.0265398621724886,False,False,Historical VaR
2026-07-22,Long-only Global Minimum Variance Portfolio,-0.0124589000918057,0.0248671291632142,0.0339635359952665,False,False,EWMA-t
2026-07-22,Long-only Global Minimum Variance Portfolio,-0.0124589000918057,0.0217163998900857,0.0313823415153052,False,False,GARCH-t
2026-07-23,Long-only Global Minimum Variance Portfolio,-0.0337223507432792,0.0179922796511883,0.0265398621724886,True,True,Historical VaR
2026-07-23,Long-only Global Minimum Variance Portfolio,-0.0337223507432792,0.0246010379072267,0.0336001084403026,True,True,EWMA-t
2026-07-23,Long-only Global Minimum Variance Portfolio,-0.0337223507432792,0.021696846390421,0.0313547066574424,True,True,GARCH-t
2026-07-24,Long-only Global Minimum Variance Portfolio,0.010798835490761,0.019193638959938,0.0276634868761619,False,False,Historical VaR
2026-07-24,Long-only Global Minimum Variance Portfolio,0.010798835490761,0.0272815363839712,0.0372611344438528,False,False,EWMA-t
2026-07-24,Long-only Global Minimum Variance Portfolio,0.010798835490761,0.0274957569044273,0.0395502762772791,False,False,GARCH-t
2026-07-27,Long-only Global Minimum Variance Portfolio,0.0163287633067143,0.019193638959938,0.0276634868761619,False,False,Historical VaR
2026-07-27,Long-only Global Minimum Variance Portfolio,0.0163287633067143,0.0267882470596642,0.0365873996668218,False,False,EWMA-t
2026-07-27,Long-only Global Minimum Variance Portfolio,0.0163287633067143,0.0262201436150884,0.0377474587487942,False,False,GARCH-t
2026-07-28,Long-only Global Minimum Variance Portfolio,0.0113894701638893,0.019193638959938,0.0276634868761619,False,False,Historical VaR
2026-07-28,Long-only Global Minimum Variance Portfolio,0.0113894701638893,0.0267520889734628,0.0365380149367164,False,False,EWMA-t
2026-07-28,Long-only Global Minimum Variance Portfolio,0.0113894701638893,0.025759265390174,0.0370961019862732,False,False,GARCH-t
2026-07-29,Long-only Global Minimum Variance Portfolio,-0.0031780077840092,0.019193638959938,0.0276634868761619,False,False,Historical VaR
2026-07-29,Long-only Global Minimum Variance Portfolio,-0.0031780077840092,0.026319951325671,0.0359478011464812,False,False,EWMA-t
2026-07-29,Long-only Global Minimum Variance Portfolio,-0.0031780077840092,0.0246956505312392,0.0355929007204425,False,False,GARCH-t
2026-07-30,Long-only Global Minimum Variance Portfolio,0.0524691723718642,0.019193638959938,0.0276634868761619,False,False,Historical VaR
2026-07-30,Long-only Global Minimum Variance Portfolio,0.0524691723718642,0.025548641365125,0.0348943456616694,False,False,EWMA-t
2026-07-30,Long-only Global Minimum Variance Portfolio,0.0524691723718642,0.0233207723503628,0.0336497926447184,False,False,GARCH-t
2026-07-31,Long-only Global Minimum Variance Portfolio,0.0191506162439983,0.019193638959938,0.0276634868761619,False,False,Historical VaR
2026-07-31,Long-only Global Minimum Variance Portfolio,0.0191506162439983,0.0322203628252074,0.0440065857788399,False,False,EWMA-t
2026-07-31,Long-only Global Minimum Variance Portfolio,0.0191506162439983,0.0344468347348677,0.0493741978837052,False,False,GARCH-t
2026-08-03,Long-only Global Minimum Variance Portfolio,0.0275979620310431,0.019193638959938,0.0276634868761619,False,False,Historical VaR
2026-08-03,Long-only Global Minimum Variance Portfolio,0.0275979620310431,0.0321313549546354,0.0438850187898967,False,False,EWMA-t
2026-08-03,Long-only Global Minimum Variance Portfolio,0.0275979620310431,0.0335314197816981,0.0480804467624177,False,False,GARCH-t
2026-08-04,Long-only Global Minimum Variance Portfolio,0.0098245476472061,0.019193638959938,0.0276634868761619,False,False,Historical VaR
2026-08-04,Long-only Global Minimum Variance Portfolio,0.0098245476472061,0.0329839865737137,0.0450495434318528,False,False,EWMA-t
2026-08-04,Long-only Global Minimum Variance Portfolio,0.0098245476472061,0.0342243020484018,0.049059693612564,False,False,GARCH-t
2026-08-05,Long-only Global Minimum Variance Portfolio,-0.0143569381963555,0.019193638959938,0.0276634868761619,False,False,Historical VaR
2026-08-05,Long-only Global Minimum Variance Portfolio,-0.0143569381963555,0.0322110664407677,0.0439938887728658,False,False,EWMA-t
2026-08-05,Long-only Global Minimum Variance Portfolio,-0.0143569381963555,0.0323268946341371,0.046378097729468,False,False,GARCH-t
2026-08-06,Long-only Global Minimum Variance Portfolio,0.0077302416591476,0.019193638959938,0.0276634868761619,False,False,Historical VaR
2026-08-06,Long-only Global Minimum Variance Portfolio,0.0077302416591476,0.0317346605599372,0.0433432134103927,False,False,EWMA-t
2026-08-06,Long-only Global Minimum Variance Portfolio,0.0077302416591476,0.0314215935334372,0.0450986404624901,False,False,GARCH-t
2026-08-07,Long-only Global Minimum Variance Portfolio,-0.0006925421994464,0.0179922796511883,0.0272562685946706,False,False,Historical VaR
2026-08-07,Long-only Global Minimum Variance Portfolio,-0.0006925421994464,0.0309172978706579,0.0422268590883347,False,False,EWMA-t
2026-08-07,Long-only Global Minimum Variance Portfolio,-0.0006925421994464,0.0296042211640482,0.0425301576858512,False,False,GARCH-t
2026-08-10,Long-only Global Minimum Variance Portfolio,0.0022889922752088,0.0179922796511883,0.0272562685946706,False,False,Historical VaR
2026-08-10,Long-only Global Minimum Variance Portfolio,0.0022889922752088,0.0299766662186645,0.0409421439625524,False,False,EWMA-t
2026-08-10,Long-only Global Minimum Variance Portfolio,0.0022889922752088,0.0277707047069545,0.039938858555276,False,False,GARCH-t
2026-08-11,Long-only Global Minimum Variance Portfolio,-0.0160349947239772,0.0179922796511883,0.0272562685946706,False,False,Historical VaR
2026-08-11,Long-only Global Minimum Variance Portfolio,-0.0160349947239772,0.029077354495985,0.0397138636144785,False,False,EWMA-t
2026-08-11,Long-only Global Minimum Variance Portfolio,-0.0160349947239772,0.0260409477727819,0.0374942022107495,False,False,GARCH-t
2026-08-12,Long-only Global Minimum Variance Portfolio,-0.0126174298392532,0.0179922796511883,0.0272562685946706,False,False,Historical VaR
2026-08-12,Long-only Global Minimum Variance Portfolio,-0.0126174298392532,0.0288862839835815,0.0394528994242394,False,False,EWMA-t
2026-08-12,Long-only Global Minimum Variance Portfolio,-0.0126174298392532,0.026221335105619,0.037798313094255,False,False,GARCH-t
2026-08-13,Long-only Global Minimum Variance Portfolio,0.0067642217285472,0.0179922796511883,0.0272562685946706,False,False,Historical VaR
2026-08-13,Long-only Global Minimum Variance Portfolio,0.0067642217285472,0.0284412526880162,0.0388450754841799,False,False,EWMA-t
2026-08-13,Long-only Global Minimum Variance Portfolio,0.0067642217285472,0.0257193588667245,0.0370880243112197,False,False,GARCH-t
2026-08-14,Long-only Global Minimum Variance Portfolio,-0.0014614499425404,0.0179922796511883,0.0272562685946706,False,False,Historical VaR
2026-08-14,Long-only Global Minimum Variance Portfolio,-0.0014614499425404,0.0277024740073588,0.0378360512358095,False,False,EWMA-t
2026-08-14,Long-only Global Minimum Variance Portfolio,-0.0014614499425404,0.0243116410883583,0.0350961249538818,False,False,GARCH-t
2026-08-17,Long-only Global Minimum Variance Portfolio,-0.0131571795509435,0.0179922796511883,0.0272562685946706,False,False,Historical VaR
2026-08-17,Long-only Global Minimum Variance Portfolio,-0.0131571795509435,0.0268646764498982,0.0366917869617632,False,False,EWMA-t
2026-08-17,Long-only Global Minimum Variance Portfolio,-0.0131571795509435,0.0229176910015218,0.0331237066717506,False,False,GARCH-t
2026-08-18,Long-only Global Minimum Variance Portfolio,0.0046045429136568,0.0179922796511883,0.0272562685946706,False,False,Historical VaR
2026-08-18,Long-only Global Minimum Variance Portfolio,0.0046045429136568,0.0265538365437611,0.0362672416806591,False,False,EWMA-t
2026-08-18,Long-only Global Minimum Variance Portfolio,0.0046045429136568,0.0228763857176352,0.0330652603200082,False,False,GARCH-t
2026-08-19,Long-only Global Minimum Variance Portfolio,0.0108734662803262,0.0179922796511883,0.0272562685946706,False,False,Historical VaR
2026-08-19,Long-only Global Minimum Variance Portfolio,0.0108734662803262,0.0258083262556785,0.0352490233998937,False,False,EWMA-t
2026-08-19,Long-only Global Minimum Variance Portfolio,0.0108734662803262,0.0215799616348276,0.0312308398579899,False,False,GARCH-t
2026-08-20,Long-only Global Minimum Variance Portfolio,-0.0119963942196591,0.0179922796511883,0.0272562685946706,False,False,Historical VaR
2026-08-20,Long-only Global Minimum Variance Portfolio,-0.0119963942196591,0.0253838502753774,0.0346692739185018,False,False,EWMA-t
2026-08-20,Long-only Global Minimum Variance Portfolio,-0.0119963942196591,0.0208650008789134,0.03021918120587,False,False,GARCH-t
2026-08-21,Long-only Global Minimum Variance Portfolio,0.0019712515185595,0.0179922796511883,0.0272562685946706,False,False,Historical VaR
2026-08-21,Long-only Global Minimum Variance Portfolio,0.0019712515185595,0.0250574234892499,0.0342234400698217,False,False,EWMA-t
2026-08-21,Long-only Global Minimum Variance Portfolio,0.0019712515185595,0.0208739996761678,0.0302319143678313,False,False,GARCH-t
2026-08-24,Long-only Global Minimum Variance Portfolio,0.0072185383005913,0.0179922796511883,0.0272562685946706,False,False,Historical VaR
2026-08-24,Long-only Global Minimum Variance Portfolio,0.0072185383005913,0.0243064043999903,0.0331976978659755,False,False,EWMA-t
2026-08-24,Long-only Global Minimum Variance Portfolio,0.0072185383005913,0.0196702732692222,0.0285286597146236,False,False,GARCH-t
2026-08-25,Long-only Global Minimum Variance Portfolio,0.0015211718789541,0.0179922796511883,0.0272562685946706,False,False,Historical VaR
2026-08-25,Long-only Global Minimum Variance Portfolio,0.0015211718789541,0.0237358262482927,0.0324184019743549,False,False,EWMA-t
2026-08-25,Long-only Global Minimum Variance Portfolio,0.0015211718789541,0.0187695415319848,0.0272541379346833,False,False,GARCH-t
2026-08-26,Long-only Global Minimum Variance Portfolio,0.0033174953944468,0.0179922796511883,0.0272562685946706,False,False,Historical VaR
2026-08-26,Long-only Global Minimum Variance Portfolio,0.0033174953944468,0.0230204898112453,0.0314413951526617,False,False,EWMA-t
2026-08-26,Long-only Global Minimum Variance Portfolio,0.0033174953944468,0.0177211848144377,0.0257707290412,False,False,GARCH-t
2026-08-27,Long-only Global Minimum Variance Portfolio,0.0049869647733391,0.0179922796511883,0.0272562685946706,False,False,Historical VaR
2026-08-27,Long-only Global Minimum Variance Portfolio,0.0049869647733391,0.0223571853378253,0.030535453609874,False,False,EWMA-t
2026-08-27,Long-only Global Minimum Variance Portfolio,0.0049869647733391,0.0167728506727408,0.0244288505791832,False,False,GARCH-t
2026-08-28,Long-only Global Minimum Variance Portfolio,0.0180844105790653,0.0179922796511883,0.0272562685946706,False,False,Historical VaR
2026-08-28,Long-only Global Minimum Variance Portfolio,0.0180844105790653,0.0217643895281405,0.0297258128311607,False,False,EWMA-t
2026-08-28,Long-only Global Minimum Variance Portfolio,0.0180844105790653,0.0159654657019377,0.0232864130613922,False,False,GARCH-t
2026-08-31,Long-only Global Minimum Variance Portfolio,-0.0149498253447322,0.0179922796511883,0.0272562685946706,False,False,Historical VaR
2026-08-31,Long-only Global Minimum Variance Portfolio,-0.0149498253447322,0.0222644532856621,0.0304088001320686,False,False,EWMA-t
2026-08-31,Long-only Global Minimum Variance Portfolio,-0.0149498253447322,0.0172761245953757,0.025140975565077,False,False,GARCH-t
2026-09-01,Long-only Global Minimum Variance Portfolio,3.618204676004706e-05,0.0179922796511883,0.0272562685946706,False,False,Historical VaR
2026-09-01,Long-only Global Minimum Variance Portfolio,3.618204676004706e-05,0.0223703446940491,0.0305534266644172,False,False,EWMA-t
2026-09-01,Long-only Global Minimum Variance Portfolio,3.618204676004706e-05,0.0184066424422652,0.0267406412134655,False,False,GARCH-t
2026-09-02,Long-only Global Minimum Variance Portfolio,-0.0036548486642133,0.0179922796511883,0.0272562685946706,False,False,Historical VaR
2026-09-02,Long-only Global Minimum Variance Portfolio,-0.0036548486642133,0.0216888585298651,0.029622652560353,False,False,EWMA-t
2026-09-02,Long-only Global Minimum Variance Portfolio,-0.0036548486642133,0.0174055133911676,0.0253240587534443,False,False,GARCH-t
2026-09-03,Long-only Global Minimum Variance Portfolio,0.0192580730637316,0.0179922796511883,0.0272562685946706,False,False,Historical VaR
2026-09-03,Long-only Global Minimum Variance Portfolio,0.0192580730637316,0.0210770564811953,0.0287870530520385,False,False,EWMA-t
2026-09-03,Long-only Global Minimum Variance Portfolio,0.0192580730637316,0.0166822510856363,0.0243006535342201,False,False,GARCH-t
2026-09-04,Long-only Global Minimum Variance Portfolio,-0.0176751595766142,0.0179922796511883,0.0272562685946706,False,False,Historical VaR
2026-09-04,Long-only Global Minimum Variance Portfolio,-0.0176751595766142,0.0217895754091747,0.029760211718602,False,False,EWMA-t
2026-09-04,Long-only Global Minimum Variance Portfolio,-0.0176751595766142,0.0181528330115107,0.0263815047091351,False,False,GARCH-t
2026-09-08,Long-only Global Minimum Variance Portfolio,-0.0092511970404679,0.0183231910851247,0.0272562685946706,False,False,Historical VaR
2026-09-08,Long-only Global Minimum Variance Portfolio,-0.0092511970404679,0.0222369059413089,0.030371175956983,False,False,EWMA-t
2026-09-08,Long-only Global Minimum Variance Portfolio,-0.0092511970404679,0.0197963142712115,0.0287070058254129,False,False,GARCH-t
2026-09-09,Long-only Global Minimum Variance Portfolio,-0.0127606017311942,0.0183231910851247,0.0272562685946706,False,False,Historical VaR
2026-09-09,Long-only Global Minimum Variance Portfolio,-0.0127606017311942,0.0218634501114951,0.0298611098196627,False,False,EWMA-t
2026-09-09,Long-only Global Minimum Variance Portfolio,-0.0127606017311942,0.0194901049733674,0.0282737243019712,False,False,GARCH-t
2026-09-10,Long-only Global Minimum Variance Portfolio,0.011821558711272,0.0183231910851247,0.0272562685946706,False,False,Historical VaR
2026-09-10,Long-only Global Minimum Variance Portfolio,0.011821558711272,0.0217817052383087,0.0297494626357569,False,False,EWMA-t
2026-09-10,Long-only Global Minimum Variance Portfolio,0.011821558711272,0.0198046961875768,0.02867793977761,False,False,GARCH-t
2026-09-11,Long-only Global Minimum Variance Portfolio,0.0187305671716848,0.0183231910851247,0.0272562685946706,False,False,Historical VaR
2026-09-11,Long-only Global Minimum Variance Portfolio,0.0187305671716848,0.02162241671138,0.0295319062953178,False,False,EWMA-t
2026-09-11,Long-only Global Minimum Variance Portfolio,0.0187305671716848,0.019386409767457,0.0280867410812252,False,False,GARCH-t
2026-09-14,Long-only Global Minimum Variance Portfolio,0.0172578255022467,0.0183231910851247,0.0272562685946706,False,False,Historical VaR
2026-09-14,Long-only Global Minimum Variance Portfolio,0.0172578255022467,0.0222167605975832,0.030343661437624,False,False,EWMA-t
2026-09-14,Long-only Global Minimum Variance Portfolio,0.0172578255022467,0.0202741233495548,0.0293414199023761,False,False,GARCH-t
2026-09-15,Long-only Global Minimum Variance Portfolio,-0.0154445599709731,0.0183231910851247,0.0272562685946706,False,False,Historical VaR
2026-09-15,Long-only Global Minimum Variance Portfolio,-0.0154445599709731,0.0225810210220979,0.0308411684863248,False,False,EWMA-t
2026-09-15,Long-only Global Minimum Variance Portfolio,-0.0154445599709731,0.0207185698984345,0.0299695928663351,False,False,GARCH-t
2026-09-16,Long-only Global Minimum Variance Portfolio,0.0005821655623303,0.0183231910851247,0.0272562685946706,False,False,Historical VaR
2026-09-16,Long-only Global Minimum Variance Portfolio,0.0005821655623303,0.0227177519680998,0.0310279156727701,False,False,EWMA-t
2026-09-16,Long-only Global Minimum Variance Portfolio,0.0005821655623303,0.0214081217008279,0.0309441933005256,False,False,GARCH-t
2026-09-17,Long-only Global Minimum Variance Portfolio,0.0048342349947664,0.0183231910851247,0.0272562685946706,False,False,Historical VaR
2026-09-17,Long-only Global Minimum Variance Portfolio,0.0048342349947664,0.0220268642466083,0.0300843009175826,False,False,EWMA-t
2026-09-17,Long-only Global Minimum Variance Portfolio,0.0048342349947664,0.0201658464358263,0.029188383209895,False,False,GARCH-t
2026-09-18,Long-only Global Minimum Variance Portfolio,0.0012880989125873,0.0183231910851247,0.0272562685946706,False,False,Historical VaR
2026-09-18,Long-only Global Minimum Variance Portfolio,0.0012880989125873,0.021440055682953,0.0292828375221409,False,False,EWMA-t
2026-09-18,Long-only Global Minimum Variance Portfolio,0.0012880989125873,0.0190773829961963,0.027649968057934,False,False,GARCH-t
2026-09-21,Long-only Global Minimum Variance Portfolio,0.0107279002309095,0.0183231910851247,0.0272562685946706,False,False,Historical VaR
2026-09-21,Long-only Global Minimum Variance Portfolio,0.0107279002309095,0.0207930593665128,0.0283991696673598,False,False,EWMA-t
2026-09-21,Long-only Global Minimum Variance Portfolio,0.0107279002309095,0.0180021952116777,0.0261303164842725,False,False,GARCH-t
2026-09-22,Long-only Global Minimum Variance Portfolio,0.00286353776713,0.0183231910851247,0.0272562685946706,False,False,Historical VaR
2026-09-22,Long-only Global Minimum Variance Portfolio,0.00286353776713,0.0205951359227184,0.0281288457403999,False,False,EWMA-t
2026-09-22,Long-only Global Minimum Variance Portfolio,0.00286353776713,0.0176268060957574,0.0255997480859353,False,False,GARCH-t
2026-09-23,Long-only Global Minimum Variance Portfolio,-0.0160378848106389,0.0183231910851247,0.0272562685946706,False,False,Historical VaR
2026-09-23,Long-only Global Minimum Variance Portfolio,-0.0160378848106389,0.0199993666201971,0.027315143763857,False,False,EWMA-t
2026-09-23,Long-only Global Minimum Variance Portfolio,-0.0160378848106389,0.0166729595421081,0.0242515980816699,False,False,GARCH-t
2026-09-24,Long-only Global Minimum Variance Portfolio,-0.0058750353786867,0.0183231910851247,0.0272562685946706,False,False,Historical VaR
2026-09-24,Long-only Global Minimum Variance Portfolio,-0.0058750353786867,0.0203873708817494,0.0278450801556719,False,False,EWMA-t
2026-09-24,Long-only Global Minimum Variance Portfolio,-0.0058750353786867,0.0181818925357686,0.0263842975332292,False,False,GARCH-t
2026-09-25,Long-only Global Minimum Variance Portfolio,0.0254750836938854,0.0183231910851247,0.0272562685946706,False,False,Historical VaR
2026-09-25,Long-only Global Minimum Variance Portfolio,0.0254750836938854,0.0199004880102708,0.0271800953147436,False,False,EWMA-t
2026-09-25,Long-only Global Minimum Variance Portfolio,0.0254750836938854,0.0175996838723275,0.0255614140106138,False,False,GARCH-t
2026-09-28,Long-only Global Minimum Variance Portfolio,-0.007387493452244,0.0183231910851247,0.0272562685946706,False,False,Historical VaR
2026-09-28,Long-only Global Minimum Variance Portfolio,-0.007387493452244,0.0217337610271933,0.0296839804110379,False,False,EWMA-t
2026-09-28,Long-only Global Minimum Variance Portfolio,-0.007387493452244,0.0206280011648345,0.0298415846053396,False,False,GARCH-t
2026-09-29,Long-only Global Minimum Variance Portfolio,-0.0107971361667214,0.0183231910851247,0.0272562685946706,False,False,Historical VaR
2026-09-29,Long-only Global Minimum Variance Portfolio,-0.0107971361667214,0.0212704444464724,0.0290511824204361,False,False,EWMA-t
2026-09-29,Long-only Global Minimum Variance Portfolio,-0.0107971361667214,0.019982766722705,0.0289296215515538,False,False,GARCH-t
2026-09-30,Long-only Global Minimum Variance Portfolio,0.0212718101793935,0.0183231910851247,0.0272562685946706,False,False,Historical VaR
2026-09-30,Long-only Global Minimum Variance Portfolio,0.0212718101793935,0.0210538624821876,0.0287553746779488,False,False,EWMA-t
2026-09-30,Long-only Global Minimum Variance Portfolio,0.0212718101793935,0.0198925412308121,0.0288020984223724,False,False,GARCH-t
2026-10-01,Long-only Global Minimum Variance Portfolio,-0.0186994300863626,0.0183231910851247,0.0272562685946706,True,False,Historical VaR
2026-10-01,Long-only Global Minimum Variance Portfolio,-0.0186994300863626,0.0220557095942944,0.0301236979061936,False,False,EWMA-t
2026-10-01,Long-only Global Minimum Variance Portfolio,-0.0186994300863626,0.0212883088686223,0.0307748519430179,False,False,GARCH-t
2026-10-02,Long-only Global Minimum Variance Portfolio,0.0107294832169118,0.0188865398654864,0.0272562685946706,False,False,Historical VaR
2026-10-02,Long-only Global Minimum Variance Portfolio,0.0107294832169118,0.0226096131014663,0.0308802195609557,False,False,EWMA-t
2026-10-02,Long-only Global Minimum Variance Portfolio,0.0107294832169118,0.0226216446866858,0.0326593654236531,False,False,GARCH-t
2026-10-05,Long-only Global Minimum Variance Portfolio,0.0071946421495334,0.0188865398654864,0.0272562685946706,False,False,Historical VaR
2026-10-05,Long-only Global Minimum Variance Portfolio,0.0071946421495334,0.0223221314339867,0.0304875769725275,False,False,EWMA-t
2026-10-05,Long-only Global Minimum Variance Portfolio,0.0071946421495334,0.0217895680698639,0.0314833229142728,False,False,GARCH-t
2026-10-06,Long-only Global Minimum Variance Portfolio,0.0051542945268895,0.0188865398654864,0.0272562685946706,False,False,Historical VaR
2026-10-06,Long-only Global Minimum Variance Portfolio,0.0051542945268895,0.021825764847656,0.0298096392696652,False,False,EWMA-t
2026-10-06,Long-only Global Minimum Variance Portfolio,0.0051542945268895,0.0207081379493431,0.0299548485322927,False,False,GARCH-t
2026-10-07,Long-only Global Minimum Variance Portfolio,0.0046273037188477,0.0188865398654864,0.0272562685946706,False,False,Historical VaR
2026-10-07,Long-only Global Minimum Variance Portfolio,0.0046273037188477,0.0212574556131564,0.0290334422661558,False,False,EWMA-t
2026-10-07,Long-only Global Minimum Variance Portfolio,0.0046273037188477,0.0195920800472189,0.0283774318505921,False,False,GARCH-t
2026-10-08,Long-only Global Minimum Variance Portfolio,-0.0070933044250079,0.0188865398654864,0.0272562685946706,False,False,Historical VaR
2026-10-08,Long-only Global Minimum Variance Portfolio,-0.0070933044250079,0.0206898260838626,0.0282581736043166,False,False,EWMA-t
2026-10-08,Long-only Global Minimum Variance Portfolio,-0.0070933044250079,0.0185295198256625,0.0268360638836113,False,False,GARCH-t
2026-10-09,Long-only Global Minimum Variance Portfolio,0.0118333108799202,0.0188865398654864,0.0272562685946706,False,False,Historical VaR
2026-10-09,Long-only Global Minimum Variance Portfolio,0.0118333108799202,0.0202520265301073,0.0276602267804156,False,False,EWMA-t
2026-10-09,Long-only Global Minimum Variance Portfolio,0.0118333108799202,0.0180595281990829,0.0261728140753538,False,False,GARCH-t
2025-01-02,Long-only Tangency Portfolio,0.0068029492540121,0.0293570787014178,0.0446198512194404,False,False,Historical VaR
2025-01-02,Long-only Tangency Portfolio,0.0068029492540121,0.0227210628391543,0.0313025507715648,False,False,EWMA-t
2025-01-02,Long-only Tangency Portfolio,0.0068029492540121,0.0240054785009451,0.0355013461259188,False,False,GARCH-t
2025-01-03,Long-only Tangency Portfolio,0.0252711678153112,0.0284575061901154,0.044515909884683,False,False,Historical VaR
2025-01-03,Long-only Tangency Portfolio,0.0252711678153112,0.0221889959452153,0.0305695282417959,False,False,EWMA-t
2025-01-03,Long-only Tangency Portfolio,0.0252711678153112,0.0230840105532567,0.0341831730826163,False,False,GARCH-t
2025-01-06,Long-only Tangency Portfolio,0.0227586640674925,0.0284575061901154,0.044515909884683,False,False,Historical VaR
2025-01-06,Long-only Tangency Portfolio,0.0227586640674925,0.0236749743484779,0.0326167438471073,False,False,EWMA-t
2025-01-06,Long-only Tangency Portfolio,0.0227586640674925,0.0246411292368158,0.0364106535707215,False,False,GARCH-t
2025-01-07,Long-only Tangency Portfolio,-0.0406541639531355,0.0284575061901154,0.044515909884683,True,False,Historical VaR
2025-01-07,Long-only Tangency Portfolio,-0.0406541639531355,0.0246192601865859,0.0339176757445056,True,True,EWMA-t
2025-01-07,Long-only Tangency Portfolio,-0.0406541639531355,0.0254533133552979,0.0375724945374823,True,True,GARCH-t
2025-01-08,Long-only Tangency Portfolio,0.0008549348519886,0.0296981413126998,0.0454316900431483,False,False,Historical VaR
2025-01-08,Long-only Tangency Portfolio,0.0008549348519886,0.0286804926201749,0.0395127896415752,False,False,EWMA-t
2025-01-08,Long-only Tangency Portfolio,0.0008549348519886,0.0320348463161928,0.0469874713192814,False,False,GARCH-t
2025-01-10,Long-only Tangency Portfolio,-0.0270727721446616,0.0296981413126998,0.0454316900431483,False,False,Historical VaR
2025-01-10,Long-only Tangency Portfolio,-0.0270727721446616,0.0278087796956642,0.038311840624758,False,False,EWMA-t
2025-01-10,Long-only Tangency Portfolio,-0.0270727721446616,0.0303486146098229,0.0445752928103331,False,False,GARCH-t
2025-01-13,Long-only Tangency Portfolio,-0.0155063207141162,0.0296981413126998,0.0454316900431483,False,False,Historical VaR
2025-01-13,Long-only Tangency Portfolio,-0.0155063207141162,0.0289663321205473,0.0399065874817672,False,False,EWMA-t
2025-01-13,Long-only Tangency Portfolio,-0.0155063207141162,0.0321753689266629,0.0471884909180215,False,False,GARCH-t
2025-01-14,Long-only Tangency Portfolio,-0.0083340937810705,0.0296981413126998,0.0454316900431483,False,False,Historical VaR
2025-01-14,Long-only Tangency Portfolio,-0.0083340937810705,0.0287312970814952,0.03958278237216,False,False,EWMA-t
2025-01-14,Long-only Tangency Portfolio,-0.0083340937810705,0.031708253295896,0.0465202753451122,False,False,GARCH-t
2025-01-15,Long-only Tangency Portfolio,0.0281394143560039,0.0296981413126998,0.0454316900431483,False,False,Historical VaR
2025-01-15,Long-only Tangency Portfolio,0.0281394143560039,0.0280460925368178,0.0386387838365057,False,False,EWMA-t
2025-01-15,Long-only Tangency Portfolio,0.0281394143560039,0.0305037775564241,0.0447972556187434,False,False,GARCH-t
2025-01-16,Long-only Tangency Portfolio,-0.0270676592428346,0.0296981413126998,0.0454316900431483,False,False,Historical VaR
2025-01-16,Long-only Tangency Portfolio,-0.0270676592428346,0.029334570909197,0.0404139058875728,False,False,EWMA-t
2025-01-16,Long-only Tangency Portfolio,-0.0270676592428346,0.0314273002533082,0.0461183680100801,False,False,GARCH-t
2025-01-17,Long-only Tangency Portfolio,0.0211415036813044,0.0296981413126998,0.0454316900431483,False,False,Historical VaR
2025-01-17,Long-only Tangency Portfolio,0.0211415036813044,0.0303473811727516,0.0418092431093089,False,False,EWMA-t
2025-01-17,Long-only Tangency Portfolio,0.0211415036813044,0.0330699963719576,0.0484682682397877,False,False,GARCH-t
2025-01-21,Long-only Tangency Portfolio,0.0006305450992068,0.0296981413126998,0.0454316900431483,False,False,Historical VaR
2025-01-21,Long-only Tangency Portfolio,0.0006305450992068,0.0305627124783328,0.0421059026086193,False,False,EWMA-t
2025-01-21,Long-only Tangency Portfolio,0.0006305450992068,0.0325329161007153,0.0476999672506787,False,False,GARCH-t
2025-01-22,Long-only Tangency Portfolio,0.0291107969460429,0.0296981413126998,0.0454316900431483,False,False,Historical VaR
2025-01-22,Long-only Tangency Portfolio,0.0291107969460429,0.0296326753906939,0.0408246010532587,False,False,EWMA-t
2025-01-22,Long-only Tangency Portfolio,0.0291107969460429,0.0308091925064615,0.0452341560613154,False,False,GARCH-t
2025-01-23,Long-only Tangency Portfolio,0.000335579649648,0.0296981413126998,0.0454316900431483,False,False,Historical VaR
2025-01-23,Long-only Tangency Portfolio,0.000335579649648,0.0309038124537522,0.0425758321790065,False,False,EWMA-t
2025-01-23,Long-only Tangency Portfolio,0.000335579649648,0.031872243643821,0.0467548658770333,False,False,GARCH-t
2025-01-24,Long-only Tangency Portfolio,-0.0197208319211817,0.0296981413126998,0.0454316900431483,False,False,Historical VaR
2025-01-24,Long-only Tangency Portfolio,-0.0197208319211817,0.0299626453050064,0.041279196864598,False,False,EWMA-t
2025-01-24,Long-only Tangency Portfolio,-0.0197208319211817,0.0302077987790912,0.0443738537558262,False,False,GARCH-t
2025-01-27,Long-only Tangency Portfolio,-0.0861117994590588,0.0296981413126998,0.0454316900431483,True,True,Historical VaR
2025-01-27,Long-only Tangency Portfolio,-0.0861117994590588,0.0300564092785853,0.0414083744283534,True,True,EWMA-t
2025-01-27,Long-only Tangency Portfolio,-0.0861117994590588,0.0306298354431648,0.0449775832238588,True,True,GARCH-t
2025-01-28,Long-only Tangency Portfolio,0.066588732773214,0.0318912890808786,0.0496819687585456,False,False,Historical VaR
2025-01-28,Long-only Tangency Portfolio,0.066588732773214,0.0445367526385134,0.0613577793669611,False,False,EWMA-t
2025-01-28,Long-only Tangency Portfolio,0.066588732773214,0.0521449750361257,0.0757552973109048,False,False,GARCH-t
2025-01-29,Long-only Tangency Portfolio,-0.0222140065711116,0.0318912890808786,0.0496819687585456,False,False,Historical VaR
2025-01-29,Long-only Tangency Portfolio,-0.0222140065711116,0.0504262428589489,0.0694716632969911,False,False,EWMA-t
2025-01-29,Long-only Tangency Portfolio,-0.0222140065711116,0.0581253703009613,0.0843103380436572,False,False,GARCH-t
2025-01-30,Long-only Tangency Portfolio,-0.0007676495468717,0.0318912890808786,0.0496819687585456,False,False,Historical VaR
2025-01-30,Long-only Tangency Portfolio,-0.0007676495468717,0.0496560609497505,0.0684105924093002,False,False,EWMA-t
2025-01-30,Long-only Tangency Portfolio,-0.0007676495468717,0.0558319093422325,0.0810295094274835,False,False,GARCH-t
2025-01-31,Long-only Tangency Portfolio,-0.0237214619681935,0.0318912890808786,0.0496819687585456,False,False,Historical VaR
2025-01-31,Long-only Tangency Portfolio,-0.0237214619681935,0.0481442735016726,0.0663278199754455,False,False,EWMA-t
2025-01-31,Long-only Tangency Portfolio,-0.0237214619681935,0.0523691015630718,0.0760759135047187,False,False,GARCH-t
2025-02-03,Long-only Tangency Portfolio,-0.0298199333585653,0.0318912890808786,0.0496819687585456,False,False,Historical VaR
2025-02-03,Long-only Tangency Portfolio,-0.0298199333585653,0.047590738168058,0.0655652206196412,False,False,EWMA-t
2025-02-03,Long-only Tangency Portfolio,-0.0298199333585653,0.0512699480507543,0.0745360632896793,False,False,GARCH-t
2025-02-04,Long-only Tangency Portfolio,0.0180788500558497,0.0318912890808786,0.0496819687585456,False,False,Historical VaR
2025-02-04,Long-only Tangency Portfolio,0.0180788500558497,0.0475921666113064,0.0655671885697157,False,False,EWMA-t
2025-02-04,Long-only Tangency Portfolio,0.0180788500558497,0.0506803593465123,0.0736922738071727,False,False,GARCH-t
2025-02-05,Long-only Tangency Portfolio,0.0294982453921919,0.0318912890808786,0.0496819687585456,False,False,Historical VaR
2025-02-05,Long-only Tangency Portfolio,0.0294982453921919,0.0466809614556612,0.0643118315536371,False,False,EWMA-t
2025-02-05,Long-only Tangency Portfolio,0.0294982453921919,0.0480736867858111,0.0699617361031203,False,False,GARCH-t
2025-02-06,Long-only Tangency Portfolio,0.0192212391218395,0.0318912890808786,0.0496819687585456,False,False,Historical VaR
2025-02-06,Long-only Tangency Portfolio,0.0192212391218395,0.0467062636034827,0.064346690035937,False,False,EWMA-t
2025-02-06,Long-only Tangency Portfolio,0.0192212391218395,0.0469917978218881,0.0684133914309274,False,False,GARCH-t
2025-02-07,Long-only Tangency Portfolio,-0.0046424318457574,0.0318912890808786,0.0496819687585456,False,False,Historical VaR
2025-02-07,Long-only Tangency Portfolio,-0.0046424318457574,0.0459031987472425,0.0632403166847749,False,False,EWMA-t
2025-02-07,Long-only Tangency Portfolio,-0.0046424318457574,0.0448112462547115,0.0652926965037538,False,False,GARCH-t
2025-02-10,Long-only Tangency Portfolio,0.0172123061249338,0.0318912890808786,0.0496819687585456,False,False,Historical VaR
2025-02-10,Long-only Tangency Portfolio,0.0172123061249338,0.0445418270181527,0.0613647702822813,False,False,EWMA-t
2025-02-10,Long-only Tangency Portfolio,0.0172123061249338,0.0421920205593961,0.0615441933894353,False,False,GARCH-t
2025-02-11,Long-only Tangency Portfolio,0.0050649432495602,0.0318912890808786,0.0496819687585456,False,False,Historical VaR
2025-02-11,Long-only Tangency Portfolio,0.0050649432495602,0.0437064806186752,0.0602139230148539,False,False,EWMA-t
2025-02-11,Long-only Tangency Portfolio,0.0050649432495602,0.0402707044029839,0.0587945030482085,False,False,GARCH-t
2025-02-12,Long-only Tangency Portfolio,-0.0003365329894671,0.0318912890808786,0.0496819687585456,False,False,Historical VaR
2025-02-12,Long-only Tangency Portfolio,-0.0003365329894671,0.0424212847273903,0.0584433232007894,False,False,EWMA-t
2025-02-12,Long-only Tangency Portfolio,-0.0003365329894671,0.0378669783303,0.0553544120756971,False,False,GARCH-t
2025-02-13,Long-only Tangency Portfolio,0.0259589189586264,0.0318912890808786,0.0496819687585456,False,False,Historical VaR
2025-02-13,Long-only Tangency Portfolio,0.0259589189586264,0.0411291721167926,0.0566631943009163,False,False,EWMA-t
2025-02-13,Long-only Tangency Portfolio,0.0259589189586264,0.0356689921124089,0.0522087655597324,False,False,GARCH-t
2025-02-14,Long-only Tangency Portfolio,0.0198653500548041,0.0318912890808786,0.0496819687585456,False,False,Historical VaR
2025-02-14,Long-only Tangency Portfolio,0.0198653500548041,0.0411484634411215,0.0566897717398122,False,False,EWMA-t
2025-02-14,Long-only Tangency Portfolio,0.0198653500548041,0.0355348538563998,0.0520167936837316,False,False,GARCH-t
2025-02-18,Long-only Tangency Portfolio,0.0021842522156619,0.0318912890808786,0.0496819687585456,False,False,Historical VaR
2025-02-18,Long-only Tangency Portfolio,0.0021842522156619,0.0406444665846827,0.0559954209825845,False,False,EWMA-t
2025-02-18,Long-only Tangency Portfolio,0.0021842522156619,0.0345550807128307,0.050614592000019,False,False,GARCH-t
2025-02-19,Long-only Tangency Portfolio,0.0004025215395675,0.0318912890808786,0.0496819687585456,False,False,Historical VaR
2025-02-19,Long-only Tangency Portfolio,0.0004025215395675,0.0394155316559938,0.0543023312590729,False,False,EWMA-t
2025-02-19,Long-only Tangency Portfolio,0.0004025215395675,0.0325976757946984,0.0478132532514245,False,False,GARCH-t
2025-02-20,Long-only Tangency Portfolio,0.0053525080647039,0.0318912890808786,0.0496819687585456,False,False,Historical VaR
2025-02-20,Long-only Tangency Portfolio,0.0053525080647039,0.0382151000646064,0.0526485102603279,False,False,EWMA-t
2025-02-20,Long-only Tangency Portfolio,0.0053525080647039,0.0308242115776007,0.0452751611149534,False,False,GARCH-t
2025-02-21,Long-only Tangency Portfolio,-0.024477142803237,0.0318912890808786,0.0496819687585456,False,False,Historical VaR
2025-02-21,Long-only Tangency Portfolio,-0.024477142803237,0.0371100099678277,0.0511260401581831,False,False,EWMA-t
2025-02-21,Long-only Tangency Portfolio,-0.024477142803237,0.0292112245176334,0.04296673575533,False,False,GARCH-t
2025-02-24,Long-only Tangency Portfolio,-0.015702691570969,0.0318912890808786,0.0496819687585456,False,False,Historical VaR
2025-02-24,Long-only Tangency Portfolio,-0.015702691570969,0.0372313705215524,0.0512932372176484,False,False,EWMA-t
2025-02-24,Long-only Tangency Portfolio,-0.015702691570969,0.0307606970227098,0.0451842623019037,False,False,GARCH-t
2025-02-25,Long-only Tangency Portfolio,-0.0167783567945528,0.0318912890808786,0.0496819687585456,False,False,Historical VaR
2025-02-25,Long-only Tangency Portfolio,-0.0167783567945528,0.0366158968118611,0.0504453060630821,False,False,EWMA-t
2025-02-25,Long-only Tangency Portfolio,-0.0167783567945528,0.0304976266879618,0.0448077693670447,False,False,GARCH-t
2025-02-26,Long-only Tangency Portfolio,0.0108284653608985,0.0318912890808786,0.0496819687585456,False,False,Historical VaR
2025-02-26,Long-only Tangency Portfolio,0.0108284653608985,0.0361018645269311,0.0497371296097554,False,False,EWMA-t
2025-02-26,Long-only Tangency Portfolio,0.0108284653608985,0.0304300466715276,0.0447110522714075,False,False,GARCH-t
2025-02-27,Long-only Tangency Portfolio,-0.0543769613514686,0.0318912890808786,0.0496819687585456,True,True,Historical VaR
2025-02-27,Long-only Tangency Portfolio,-0.0543769613514686,0.0352573537148862,0.0485736566349959,True,True,EWMA-t
2025-02-27,Long-only Tangency Portfolio,-0.0543769613514686,0.0290978796873457,0.0428045223767407,True,True,GARCH-t
2025-02-28,Long-only Tangency Portfolio,0.0306721676900282,0.0346551196728429,0.0513145055815667,False,False,Historical VaR
2025-02-28,Long-only Tangency Portfolio,0.0306721676900282,0.0402593760246284,0.055464886082299,False,False,EWMA-t
2025-02-28,Long-only Tangency Portfolio,0.0306721676900282,0.0394679214719571,0.0576456007896296,False,False,GARCH-t
2025-03-03,Long-only Tangency Portfolio,-0.0569149475783971,0.0346551196728429,0.0513145055815667,True,True,Historical VaR
2025-03-03,Long-only Tangency Portfolio,-0.0569149475783971,0.0408348296014467,0.0562576819533615,True,True,EWMA-t
2025-03-03,Long-only Tangency Portfolio,-0.0569149475783971,0.0396253251732263,0.0578708689921628,True,False,GARCH-t
2025-03-04,Long-only Tangency Portfolio,0.0063299387697261,0.0369059010814767,0.0528856674954372,False,False,Historical VaR
2025-03-04,Long-only Tangency Portfolio,0.0063299387697261,0.045419864731027,0.0625744328883472,False,False,EWMA-t
2025-03-04,Long-only Tangency Portfolio,0.0063299387697261,0.0477312641872976,0.0694787321426631,False,False,GARCH-t
2025-03-05,Long-only Tangency Portfolio,0.0073853988125595,0.0369059010814767,0.0528856674954372,False,False,Historical VaR
2025-03-05,Long-only Tangency Portfolio,0.0073853988125595,0.0441057325002251,0.0607639678072709,False,False,EWMA-t
2025-03-05,Long-only Tangency Portfolio,0.0073853988125595,0.0447355927901554,0.0651909589884128,False,False,GARCH-t
2025-03-06,Long-only Tangency Portfolio,-0.0340657322766857,0.0369059010814767,0.0528856674954372,False,False,Historical VaR
2025-03-06,Long-only Tangency Portfolio,-0.0340657322766857,0.042859544123663,0.059047108204161,False,False,EWMA-t
2025-03-06,Long-only Tangency Portfolio,-0.0340657322766857,0.0420017412010056,0.0612779345282387,False,False,GARCH-t
2025-03-07,Long-only Tangency Portfolio,0.0168437961154378,0.0369059010814767,0.0528856674954372,False,False,Historical VaR
2025-03-07,Long-only Tangency Portfolio,0.0168437961154378,0.0436376700131139,0.0601191234234152,False,False,EWMA-t
2025-03-07,Long-only Tangency Portfolio,0.0168437961154378,0.0434906137639738,0.0634089919638724,False,False,GARCH-t
2025-03-10,Long-only Tangency Portfolio,-0.0491742890638594,0.0369059010814767,0.0528856674954372,True,False,Historical VaR
2025-03-10,Long-only Tangency Portfolio,-0.0491742890638594,0.0428181293509649,0.0589900515411759,True,False,EWMA-t
2025-03-10,Long-only Tangency Portfolio,-0.0491742890638594,0.0413979823417698,0.0604137606302799,True,False,GARCH-t
2025-03-11,Long-only Tangency Portfolio,-0.0017006200138604,0.0385156284400625,0.0537902730477799,False,False,Historical VaR
2025-03-11,Long-only Tangency Portfolio,-0.0017006200138604,0.0457525550045844,0.0630327765077878,False,False,EWMA-t
2025-03-11,Long-only Tangency Portfolio,-0.0017006200138604,0.0467317985428714,0.0680481740504591,False,False,GARCH-t
2025-03-12,Long-only Tangency Portfolio,0.0304871879937721,0.0385156284400625,0.0537902730477799,False,False,Historical VaR
2025-03-12,Long-only Tangency Portfolio,0.0304871879937721,0.0443637343890453,0.0611194140855162,False,False,EWMA-t
2025-03-12,Long-only Tangency Portfolio,0.0304871879937721,0.0438315506211106,0.0638969827043523,False,False,GARCH-t
2025-03-13,Long-only Tangency Portfolio,-0.0142619165542739,0.0385156284400625,0.0537902730477799,False,False,Historical VaR
2025-03-13,Long-only Tangency Portfolio,-0.0142619165542739,0.0446344803490122,0.0614924177261495,False,False,EWMA-t
2025-03-13,Long-only Tangency Portfolio,-0.0142619165542739,0.0433913964735962,0.0632669799813417,False,False,GARCH-t
2025-03-14,Long-only Tangency Portfolio,0.038317284484966,0.0385156284400625,0.0537902730477799,False,False,Historical VaR
2025-03-14,Long-only Tangency Portfolio,0.038317284484966,0.0436327611572201,0.0601123605482832,False,False,EWMA-t
2025-03-14,Long-only Tangency Portfolio,0.038317284484966,0.0415701710015305,0.060660218206866,False,False,GARCH-t
2025-03-17,Long-only Tangency Portfolio,-0.0091796713659463,0.0385156284400625,0.0537902730477799,False,False,Historical VaR
2025-03-17,Long-only Tangency Portfolio,-0.0091796713659463,0.0448796960453681,0.0618302486119448,False,False,EWMA-t
2025-03-17,Long-only Tangency Portfolio,-0.0091796713659463,0.0428912978820248,0.0625511774011709,False,False,GARCH-t
2025-03-18,Long-only Tangency Portfolio,-0.0226029641202753,0.0385156284400625,0.0537902730477799,False,False,Historical VaR
2025-03-18,Long-only Tangency Portfolio,-0.0226029641202753,0.0436603531555395,0.0601503737316628,False,False,EWMA-t
2025-03-18,Long-only Tangency Portfolio,-0.0226029641202753,0.0406716115398676,0.0593740894475864,False,False,GARCH-t
2025-03-19,Long-only Tangency Portfolio,0.0154789320558051,0.0385156284400625,0.0537902730477799,False,False,Historical VaR
2025-03-19,Long-only Tangency Portfolio,0.0154789320558051,0.0432435689302463,0.0595761748279677,False,False,EWMA-t
2025-03-19,Long-only Tangency Portfolio,0.0154789320558051,0.0402261133764999,0.0587364377121598,False,False,GARCH-t
2025-03-20,Long-only Tangency Portfolio,0.0027984972396089,0.0385156284400625,0.0537902730477799,False,False,Historical VaR
2025-03-20,Long-only Tangency Portfolio,0.0027984972396089,0.0423610433944524,0.058360329399127,False,False,EWMA-t
2025-03-20,Long-only Tangency Portfolio,0.0027984972396089,0.0383190932218071,0.0560068760413749,False,False,GARCH-t
2025-03-21,Long-only Tangency Portfolio,0.0039417463559318,0.0385156284400625,0.0537902730477799,False,False,Historical VaR
2025-03-21,Long-only Tangency Portfolio,0.0039417463559318,0.0410851377669772,0.0566025286762249,False,False,EWMA-t
2025-03-21,Long-only Tangency Portfolio,0.0039417463559318,0.0360324363834578,0.0527339316811188,False,False,GARCH-t
2025-03-24,Long-only Tangency Portfolio,0.0226710782291847,0.0385156284400625,0.0537902730477799,False,False,Historical VaR
2025-03-24,Long-only Tangency Portfolio,0.0226710782291847,0.0398633420891157,0.0549192746176678,False,False,EWMA-t
2025-03-24,Long-only Tangency Portfolio,0.0226710782291847,0.0339398164381965,0.0497387167747375,False,False,GARCH-t
2025-03-25,Long-only Tangency Portfolio,0.0020844420402761,0.0385156284400625,0.0537902730477799,False,False,Historical VaR
2025-03-25,Long-only Tangency Portfolio,0.0020844420402761,0.0396530707914792,0.0546295862339568,False,False,EWMA-t
2025-03-25,Long-only Tangency Portfolio,0.0020844420402761,0.0335157798920299,0.0491317835440738,False,False,GARCH-t
2025-03-26,Long-only Tangency Portfolio,-0.0373665346292147,0.0385156284400625,0.0537902730477799,False,False,Historical VaR
2025-03-26,Long-only Tangency Portfolio,-0.0373665346292147,0.0384537217642374,0.0529772566715664,False,False,EWMA-t
2025-03-26,Long-only Tangency Portfolio,-0.0373665346292147,0.0316306272259757,0.0464335213111461,True,False,GARCH-t
2025-03-27,Long-only Tangency Portfolio,-0.007669020764408,0.0385156284400625,0.0537902730477799,False,False,Historical VaR
2025-03-27,Long-only Tangency Portfolio,-0.007669020764408,0.0400444539750836,0.0551687904103918,False,False,EWMA-t
2025-03-27,Long-only Tangency Portfolio,-0.007669020764408,0.0359046230430554,0.052550989516549,False,False,GARCH-t
2025-03-28,Long-only Tangency Portfolio,-0.0205102435403771,0.0385156284400625,0.0537902730477799,False,False,Historical VaR
2025-03-28,Long-only Tangency Portfolio,-0.0205102435403771,0.0389402334360154,0.0536475182880498,False,False,EWMA-t
2025-03-28,Long-only Tangency Portfolio,-0.0205102435403771,0.0342059633974616,0.0501196590196416,False,False,GARCH-t
2025-03-31,Long-only Tangency Portfolio,0.0004108193820234,0.0385156284400625,0.0537902730477799,False,False,Historical VaR
2025-03-31,Long-only Tangency Portfolio,0.0004108193820234,0.0385967975604116,0.0531743705744517,False,False,EWMA-t
2025-03-31,Long-only Tangency Portfolio,0.0004108193820234,0.0342532580086565,0.0501873528809961,False,False,GARCH-t
2025-04-01,Long-only Tangency Portfolio,0.011923153771155,0.0385156284400625,0.0537902730477799,False,False,Historical VaR
2025-04-01,Long-only Tangency Portfolio,0.011923153771155,0.0374213285812699,0.0515549402836919,False,False,EWMA-t
2025-04-01,Long-only Tangency Portfolio,0.011923153771155,0.0323493025643678,0.0474191980967084,False,False,GARCH-t
2025-04-02,Long-only Tangency Portfolio,0.0026193575770922,0.0385156284400625,0.0537902730477799,False,False,Historical VaR
2025-04-02,Long-only Tangency Portfolio,0.0026193575770922,0.0365797961247637,0.0503955705556037,False,False,EWMA-t
2025-04-02,Long-only Tangency Portfolio,0.0026193575770922,0.0309255751607779,0.0453826088268115,False,False,GARCH-t
2025-04-03,Long-only Tangency Portfolio,-0.0815912869892024,0.0385156284400625,0.0537902730477799,True,True,Historical VaR
2025-04-03,Long-only Tangency Portfolio,-0.0815912869892024,0.0354802220120362,0.0488806997621725,True,True,EWMA-t
2025-04-03,Long-only Tangency Portfolio,-0.0815912869892024,0.0292883248298963,0.0430405829252231,True,True,GARCH-t
2025-04-04,Long-only Tangency Portfolio,-0.0718808659293831,0.0402182283006988,0.0570002525334125,True,True,Historical VaR
2025-04-04,Long-only Tangency Portfolio,-0.0718808659293831,0.046922097150138,0.0646440414670832,True,True,EWMA-t
2025-04-04,Long-only Tangency Portfolio,-0.0718808659293831,0.0500995839843983,0.0728103176231952,True,False,GARCH-t
2025-04-07,Long-only Tangency Portfolio,0.0058832933632504,0.0412346545123314,0.0594023065315854,False,False,Historical VaR
2025-04-07,Long-only Tangency Portfolio,0.0058832933632504,0.053478746488982,0.0736770629535089,False,False,EWMA-t
2025-04-07,Long-only Tangency Portfolio,0.0058832933632504,0.0598866919867466,0.0868104127893389,False,False,GARCH-t
2025-04-08,Long-only Tangency Portfolio,-0.0275287948430689,0.0412346545123314,0.0594023065315854,False,False,Historical VaR
2025-04-08,Long-only Tangency Portfolio,-0.0275287948430689,0.0519006035675781,0.0715028733360715,False,False,EWMA-t
2025-04-08,Long-only Tangency Portfolio,-0.0275287948430689,0.0560123630890125,0.0812683289316556,False,False,GARCH-t
2025-04-09,Long-only Tangency Portfolio,0.1708600497444572,0.0412346545123314,0.0594023065315854,False,False,Historical VaR
2025-04-09,Long-only Tangency Portfolio,0.1708600497444572,0.0514585380033855,0.0708938446182929,False,False,EWMA-t
2025-04-09,Long-only Tangency Portfolio,0.1708600497444572,0.054523638461786,0.079138763542947,False,False,GARCH-t
2025-04-10,Long-only Tangency Portfolio,-0.0513063081010524,0.0412346545123314,0.0594023065315854,True,False,Historical VaR
2025-04-10,Long-only Tangency Portfolio,-0.0513063081010524,0.0833959879823541,0.1148937075013879,False,False,EWMA-t
2025-04-10,Long-only Tangency Portfolio,-0.0513063081010524,0.0987289628772965,0.1423728413235245,False,False,GARCH-t
2025-04-11,Long-only Tangency Portfolio,0.0343846616137274,0.0433147781252538,0.0601224730798532,False,False,Historical VaR
2025-04-11,Long-only Tangency Portfolio,0.0343846616137274,0.0833083191244805,0.1147729271094625,False,False,EWMA-t
2025-04-11,Long-only Tangency Portfolio,0.0343846616137274,0.0960006959628694,0.1384701566457366,False,False,GARCH-t
2025-04-14,Long-only Tangency Portfolio,0.0073356205882502,0.0433147781252538,0.0601224730798532,False,False,Historical VaR
2025-04-14,Long-only Tangency Portfolio,0.0073356205882502,0.0818823617939434,0.1128084018558154,False,False,EWMA-t
2025-04-14,Long-only Tangency Portfolio,0.0073356205882502,0.090942191130339,0.1312341530135265,False,False,GARCH-t
2025-04-15,Long-only Tangency Portfolio,0.0068142002348349,0.0433147781252538,0.0601224730798532,False,False,Historical VaR
2025-04-15,Long-only Tangency Portfolio,0.0068142002348349,0.0794397232305411,0.1094432063898832,False,False,EWMA-t
2025-04-15,Long-only Tangency Portfolio,0.0068142002348349,0.084854941692254,0.1225265683610636,False,False,GARCH-t
2025-04-16,Long-only Tangency Portfolio,-0.0559790944889312,0.0433147781252538,0.0601224730798532,True,False,Historical VaR
2025-04-16,Long-only Tangency Portfolio,-0.0559790944889312,0.0770657675767073,0.1061726345900676,False,False,EWMA-t
2025-04-16,Long-only Tangency Portfolio,-0.0559790944889312,0.0791918297169701,0.1144256966253599,False,False,GARCH-t
2025-04-17,Long-only Tangency Portfolio,-0.011502977646673,0.0465246015594409,0.0609677881277556,False,False,Historical VaR
2025-04-17,Long-only Tangency Portfolio,-0.011502977646673,0.0778598250474821,0.1072665985683563,False,False,EWMA-t
2025-04-17,Long-only Tangency Portfolio,-0.011502977646673,0.0795650056609622,0.1149595109787268,False,False,GARCH-t
2025-04-21,Long-only Tangency Portfolio,-0.0343530725930508,0.0465246015594409,0.0609677881277556,False,False,Historical VaR
2025-04-21,Long-only Tangency Portfolio,-0.0343530725930508,0.0756218518684693,0.1041833682829875,False,False,EWMA-t
2025-04-21,Long-only Tangency Portfolio,-0.0343530725930508,0.0745894672767872,0.1078421877751269,False,False,GARCH-t
2025-04-22,Long-only Tangency Portfolio,0.0257475442465389,0.0465246015594409,0.0609677881277556,False,False,Historical VaR
2025-04-22,Long-only Tangency Portfolio,0.0257475442465389,0.0745390780065837,0.1026916430047408,False,False,EWMA-t
2025-04-22,Long-only Tangency Portfolio,0.0257475442465389,0.0720649879808523,0.1042310137307035,False,False,GARCH-t
2025-04-23,Long-only Tangency Portfolio,0.0324174216858685,0.0465246015594409,0.0609677881277556,False,False,Historical VaR
2025-04-23,Long-only Tangency Portfolio,0.0324174216858685,0.0729665783466115,0.1005252280446218,False,False,EWMA-t
2025-04-23,Long-only Tangency Portfolio,0.0324174216858685,0.0682741133037323,0.0988083080417636,False,False,GARCH-t
2025-04-24,Long-only Tangency Portfolio,0.0292648189405832,0.0433147781252538,0.059600879598846,False,False,Historical VaR
2025-04-24,Long-only Tangency Portfolio,0.0292648189405832,0.0718709454305198,0.0990157869931294,False,False,EWMA-t
2025-04-24,Long-only Tangency Portfolio,0.0292648189405832,0.0654872429104227,0.0948217932600036,False,False,GARCH-t
2025-04-25,Long-only Tangency Portfolio,0.0268876697954483,0.0433147781252538,0.059600879598846,False,False,Historical VaR
2025-04-25,Long-only Tangency Portfolio,0.0268876697954483,0.0706152826018735,0.0972858745447586,False,False,EWMA-t
2025-04-25,Long-only Tangency Portfolio,0.0268876697954483,0.0626148401944027,0.0907129276614916,False,False,GARCH-t
2025-04-28,Long-only Tangency Portfolio,-0.0102903980776131,0.0433147781252538,0.059600879598846,False,False,Historical VaR
2025-04-28,Long-only Tangency Portfolio,-0.0102903980776131,0.0692670121848097,0.0954283776713637,False,False,EWMA-t
2025-04-28,Long-only Tangency Portfolio,-0.0102903980776131,0.0597596858385295,0.0866287352027323,False,False,GARCH-t
2025-04-29,Long-only Tangency Portfolio,0.0037823670239459,0.0433147781252538,0.059600879598846,False,False,Historical VaR
2025-04-29,Long-only Tangency Portfolio,0.0037823670239459,0.0672773556733707,0.0926872504446933,False,False,EWMA-t
2025-04-29,Long-only Tangency Portfolio,0.0037823670239459,0.0562449075251393,0.0816009751265633,False,False,GARCH-t
2025-04-30,Long-only Tangency Portfolio,0.0019532627440825,0.0433147781252538,0.059600879598846,False,False,Historical VaR
2025-04-30,Long-only Tangency Portfolio,0.0019532627440825,0.0652445899715657,0.08988673217502,False,False,EWMA-t
2025-04-30,Long-only Tangency Portfolio,0.0019532627440825,0.0524756924198821,0.0767373459139033,False,False,GARCH-t
2025-05-01,Long-only Tangency Portfolio,0.0185668242796696,0.0433147781252538,0.059600879598846,False,False,Historical VaR
2025-05-01,Long-only Tangency Portfolio,0.0185668242796696,0.0632615899296856,0.0871547754910221,False,False,EWMA-t
2025-05-01,Long-only Tangency Portfolio,0.0185668242796696,0.0490798603996112,0.0718474266049821,False,False,GARCH-t
2025-05-02,Long-only Tangency Portfolio,0.0013036635183934,0.0433147781252538,0.059600879598846,False,False,Historical VaR
2025-05-02,Long-only Tangency Portfolio,0.0013036635183934,0.0617627819459797,0.085089884718134,False,False,EWMA-t
2025-05-02,Long-only Tangency Portfolio,0.0013036635183934,0.0466314449707874,0.0683217652029464,False,False,GARCH-t
2025-05-05,Long-only Tangency Portfolio,-0.0155189449091877,0.0433147781252538,0.059600879598846,False,False,Historical VaR
2025-05-05,Long-only Tangency Portfolio,-0.0155189449091877,0.0598834095938387,0.082500694727858,False,False,EWMA-t
2025-05-05,Long-only Tangency Portfolio,-0.0155189449091877,0.0436905226232439,0.0640869052665755,False,False,GARCH-t
2025-05-06,Long-only Tangency Portfolio,-0.0024012280850744,0.0433147781252538,0.059600879598846,False,False,Historical VaR
2025-05-06,Long-only Tangency Portfolio,-0.0024012280850744,0.0583755362653646,0.0804233147322219,False,False,EWMA-t
2025-05-06,Long-only Tangency Portfolio,-0.0024012280850744,0.04197396417361,0.0616151009318349,False,False,GARCH-t
2025-05-07,Long-only Tangency Portfolio,0.0134302274732527,0.0433147781252538,0.059600879598846,False,False,Historical VaR
2025-05-07,Long-only Tangency Portfolio,0.0134302274732527,0.0566049739101701,0.0779840310415758,False,False,EWMA-t
2025-05-07,Long-only Tangency Portfolio,0.0134302274732527,0.0394771234899539,0.0580197082865484,False,False,GARCH-t
2025-05-08,Long-only Tangency Portfolio,0.0043876030776182,0.0433147781252538,0.059600879598846,False,False,Historical VaR
2025-05-08,Long-only Tangency Portfolio,0.0043876030776182,0.0551313679193517,0.0759538607686699,False,False,EWMA-t
2025-05-08,Long-only Tangency Portfolio,0.0043876030776182,0.0374867639037907,0.05515363666876,False,False,GARCH-t
2025-05-09,Long-only Tangency Portfolio,-0.0014421067968905,0.0433147781252538,0.059600879598846,False,False,Historical VaR
2025-05-09,Long-only Tangency Portfolio,-0.0014421067968905,0.05347938456222,0.0736779420197775,False,False,EWMA-t
2025-05-09,Long-only Tangency Portfolio,-0.0014421067968905,0.0352837595790428,0.0519813615618298,False,False,GARCH-t
2025-05-12,Long-only Tangency Portfolio,0.0566647367687318,0.0433147781252538,0.059600879598846,False,False,Historical VaR
2025-05-12,Long-only Tangency Portfolio,0.0566647367687318,0.0518532548074576,0.0714376414858656,False,False,EWMA-t
2025-05-12,Long-only Tangency Portfolio,0.0566647367687318,0.0333166930840726,0.0491488314548432,False,False,GARCH-t
2025-05-13,Long-only Tangency Portfolio,0.0363317289569978,0.0433147781252538,0.059600879598846,False,False,Historical VaR
2025-05-13,Long-only Tangency Portfolio,0.0363317289569978,0.0549419411017403,0.0756928895888553,False,False,EWMA-t
2025-05-13,Long-only Tangency Portfolio,0.0363317289569978,0.0413926400934947,0.0607780077460919,False,False,GARCH-t
2025-05-14,Long-only Tangency Portfolio,0.0231796341438197,0.0433147781252538,0.059600879598846,False,False,Historical VaR
2025-05-14,Long-only Tangency Portfolio,0.0231796341438197,0.0551309756653004,0.075953320364709,False,False,EWMA-t
2025-05-14,Long-only Tangency Portfolio,0.0231796341438197,0.0423506426390934,0.0621575091813086,False,False,GARCH-t
2025-05-15,Long-only Tangency Portfolio,-0.0036874569075785,0.0433147781252538,0.059600879598846,False,False,Historical VaR
2025-05-15,Long-only Tangency Portfolio,-0.0036874569075785,0.0542148608999717,0.0746911994350109,False,False,EWMA-t
2025-05-15,Long-only Tangency Portfolio,-0.0036874569075785,0.0410443124946864,0.0602764240867484,False,False,GARCH-t
2025-05-16,Long-only Tangency Portfolio,0.0021786401606833,0.0433147781252538,0.059600879598846,False,False,Historical VaR
2025-05-16,Long-only Tangency Portfolio,0.0021786401606833,0.0525830401422288,0.0724430584707899,False,False,EWMA-t
2025-05-16,Long-only Tangency Portfolio,0.0021786401606833,0.0386711949972161,0.0568591899585737,False,False,GARCH-t
2025-05-19,Long-only Tangency Portfolio,-0.0034421364331185,0.0433147781252538,0.059600879598846,False,False,Historical VaR
2025-05-19,Long-only Tangency Portfolio,-0.0034421364331185,0.0509882695336851,0.0702459610772247,False,False,EWMA-t
2025-05-19,Long-only Tangency Portfolio,-0.0034421364331185,0.0363611965731777,0.0535328458314628,False,False,GARCH-t
2025-05-20,Long-only Tangency Portfolio,-0.0086673474651827,0.0433147781252538,0.059600879598846,False,False,Historical VaR
2025-05-20,Long-only Tangency Portfolio,-0.0086673474651827,0.0494532900056872,0.0681312371777042,False,False,EWMA-t
2025-05-20,Long-only Tangency Portfolio,-0.0086673474651827,0.0343757448710844,0.0506738414528476,False,False,GARCH-t
2025-05-21,Long-only Tangency Portfolio,-0.0204313496511396,0.0433147781252538,0.059600879598846,False,False,Historical VaR
2025-05-21,Long-only Tangency Portfolio,-0.0204313496511396,0.0480664337903544,0.0662205810873339,False,False,EWMA-t
2025-05-21,Long-only Tangency Portfolio,-0.0204313496511396,0.0329073916578483,0.0485594468989182,False,False,GARCH-t
2025-05-22,Long-only Tangency Portfolio,0.0032873046444687,0.0433147781252538,0.059600879598846,False,False,Historical VaR
2025-05-22,Long-only Tangency Portfolio,0.0032873046444687,0.0472823067413124,0.0651402981385233,False,False,EWMA-t
2025-05-22,Long-only Tangency Portfolio,0.0032873046444687,0.0331248651298022,0.0488726036520607,False,False,GARCH-t
2025-05-23,Long-only Tangency Portfolio,-0.0187655109401386,0.0433147781252538,0.059600879598846,False,False,Historical VaR
2025-05-23,Long-only Tangency Portfolio,-0.0187655109401386,0.045859924017171,0.0631806975795958,False,False,EWMA-t
2025-05-23,Long-only Tangency Portfolio,-0.0187655109401386,0.0312804828678962,0.0462167359937993,False,False,GARCH-t
2025-05-27,Long-only Tangency Portfolio,0.0291183831947395,0.0433147781252538,0.059600879598846,False,False,Historical VaR
2025-05-27,Long-only Tangency Portfolio,0.0291183831947395,0.0450645486557844,0.0620849179583472,False,False,EWMA-t
2025-05-27,Long-only Tangency Portfolio,0.0291183831947395,0.0314394393776675,0.0464456296792848,False,False,GARCH-t
2025-05-28,Long-only Tangency Portfolio,-0.0027948373404618,0.0433147781252538,0.059600879598846,False,False,Historical VaR
2025-05-28,Long-only Tangency Portfolio,-0.0027948373404618,0.0451516135707709,0.0622048663050015,False,False,EWMA-t
2025-05-28,Long-only Tangency Portfolio,-0.0027948373404618,0.0324991649225646,0.0479716098730094,False,False,GARCH-t
2025-05-29,Long-only Tangency Portfolio,0.0178909953251351,0.0433147781252538,0.059600879598846,False,False,Historical VaR
2025-05-29,Long-only Tangency Portfolio,0.0178909953251351,0.0437897592108157,0.0603286549874345,False,False,EWMA-t
2025-05-29,Long-only Tangency Portfolio,0.0178909953251351,0.0303594469184298,0.0449133341226167,False,False,GARCH-t
2025-05-30,Long-only Tangency Portfolio,-0.0148994656168221,0.0433147781252538,0.059600879598846,False,False,Historical VaR
2025-05-30,Long-only Tangency Portfolio,-0.0148994656168221,0.043028542501948,0.0592799353546348,False,False,EWMA-t
2025-05-30,Long-only Tangency Portfolio,-0.0148994656168221,0.0296921650419256,0.0439521235007845,False,False,GARCH-t
2025-06-02,Long-only Tangency Portfolio,0.0113483323312917,0.0433147781252538,0.059600879598846,False,False,Historical VaR
2025-06-02,Long-only Tangency Portfolio,0.0113483323312917,0.0421227660818288,0.0580320574459656,False,False,EWMA-t
2025-06-02,Long-only Tangency Portfolio,0.0113483323312917,0.0294447853063405,0.0435957762990348,False,False,GARCH-t
2025-06-03,Long-only Tangency Portfolio,0.0191744692003444,0.0433147781252538,0.059600879598846,False,False,Historical VaR
2025-06-03,Long-only Tangency Portfolio,0.0191744692003444,0.0410800250219236,0.0565954849053082,False,False,EWMA-t
2025-06-03,Long-only Tangency Portfolio,0.0191744692003444,0.0281986130751553,0.0418006818608001,False,False,GARCH-t
2025-06-04,Long-only Tangency Portfolio,0.0020674919224525,0.0433147781252538,0.059600879598846,False,False,Historical VaR
2025-06-04,Long-only Tangency Portfolio,0.0020674919224525,0.0405284682977484,0.0558356114573047,False,False,EWMA-t
2025-06-04,Long-only Tangency Portfolio,0.0020674919224525,0.0279892715385885,0.041499128176182,False,False,GARCH-t
2025-06-05,Long-only Tangency Portfolio,-0.0116948746044548,0.0433147781252538,0.059600879598846,False,False,Historical VaR
2025-06-05,Long-only Tangency Portfolio,-0.0116948746044548,0.0393021275260875,0.0541460956745305,False,False,EWMA-t
2025-06-05,Long-only Tangency Portfolio,-0.0116948746044548,0.0265481263447614,0.0394231777919663,False,False,GARCH-t
2025-06-06,Long-only Tangency Portfolio,0.0136747638427725,0.0433147781252538,0.059600879598846,False,False,Historical VaR
2025-06-06,Long-only Tangency Portfolio,0.0136747638427725,0.0383783798145411,0.0528734589213339,False,False,EWMA-t
2025-06-06,Long-only Tangency Portfolio,0.0136747638427725,0.0262559798785043,0.0390023447131957,False,False,GARCH-t
2025-06-09,Long-only Tangency Portfolio,-0.0008063694241985,0.0433147781252538,0.059600879598846,False,False,Historical VaR
2025-06-09,Long-only Tangency Portfolio,-0.0008063694241985,0.0375916481530961,0.0517895876275342,False,False,EWMA-t
2025-06-09,Long-only Tangency Portfolio,-0.0008063694241985,0.0255852966191643,0.0380362344448635,False,False,GARCH-t
2025-06-10,Long-only Tangency Portfolio,0.0075634508252874,0.0433147781252538,0.059600879598846,False,False,Historical VaR
2025-06-10,Long-only Tangency Portfolio,0.0075634508252874,0.036447819669087,0.0502137480883311,False,False,EWMA-t
2025-06-10,Long-only Tangency Portfolio,0.0075634508252874,0.024446831082261,0.0363962900597495,False,False,GARCH-t
2025-06-11,Long-only Tangency Portfolio,-0.0117711415327847,0.0433147781252538,0.059600879598846,False,False,Historical VaR
2025-06-11,Long-only Tangency Portfolio,-0.0117711415327847,0.0354610763065689,0.048854322940732,False,False,EWMA-t
2025-06-11,Long-only Tangency Portfolio,-0.0117711415327847,0.0234913006878869,0.0350198613016845,False,False,GARCH-t
2025-06-12,Long-only Tangency Portfolio,0.0100549176203269,0.0433147781252538,0.059600879598846,False,False,Historical VaR
2025-06-12,Long-only Tangency Portfolio,0.0100549176203269,0.0346876732280266,0.047788814284542,False,False,EWMA-t
2025-06-12,Long-only Tangency Portfolio,0.0100549176203269,0.0236344856781477,0.0352261173658334,False,False,GARCH-t
2025-06-13,Long-only Tangency Portfolio,-0.0176727275032206,0.0433147781252538,0.059600879598846,False,False,Historical VaR
2025-06-13,Long-only Tangency Portfolio,-0.0176727275032206,0.0338601012341463,0.046648677727597,False,False,EWMA-t
2025-06-13,Long-only Tangency Portfolio,-0.0176727275032206,0.0229346410761072,0.0342180005732157,False,False,GARCH-t
2025-06-16,Long-only Tangency Portfolio,0.0152346478939139,0.0433147781252538,0.059600879598846,False,False,Historical VaR
2025-06-16,Long-only Tangency Portfolio,0.0152346478939139,0.0335483779133347,0.046219220041332,False,False,EWMA-t
2025-06-16,Long-only Tangency Portfolio,0.0152346478939139,0.0242383157583768,0.0360959265234546,False,False,GARCH-t
2025-06-17,Long-only Tangency Portfolio,-0.0077768941061663,0.0433147781252538,0.059600879598846,False,False,Historical VaR
2025-06-17,Long-only Tangency Portfolio,-0.0077768941061663,0.0330676340492599,0.0455569046681538,False,False,EWMA-t
2025-06-17,Long-only Tangency Portfolio,-0.0077768941061663,0.0240091530468834,0.0357658207013553,False,False,GARCH-t
2025-06-18,Long-only Tangency Portfolio,0.0074616462023367,0.0433147781252538,0.059600879598846,False,False,Historical VaR
2025-06-18,Long-only Tangency Portfolio,0.0074616462023367,0.0322042262009785,0.0443673974607346,False,False,EWMA-t
2025-06-18,Long-only Tangency Portfolio,0.0074616462023367,0.023557385486082,0.0351150555699591,False,False,GARCH-t
2025-06-20,Long-only Tangency Portfolio,0.0020374267973467,0.0433147781252538,0.059600879598846,False,False,Historical VaR
2025-06-20,Long-only Tangency Portfolio,0.0020374267973467,0.0313592482264556,0.0432032808815235,False,False,EWMA-t
2025-06-20,Long-only Tangency Portfolio,0.0020374267973467,0.0226951503834934,0.0338730174323932,False,False,GARCH-t
2025-06-23,Long-only Tangency Portfolio,0.0029197340233093,0.0433147781252538,0.059600879598846,False,False,Historical VaR
2025-06-23,Long-only Tangency Portfolio,0.0029197340233093,0.0304143603120361,0.0419015195104145,False,False,EWMA-t
2025-06-23,Long-only Tangency Portfolio,0.0029197340233093,0.0218038740143967,0.0325891457386916,False,False,GARCH-t
2025-06-24,Long-only Tangency Portfolio,0.0128954338866416,0.0433147781252538,0.059600879598846,False,False,Historical VaR
2025-06-24,Long-only Tangency Portfolio,0.0128954338866416,0.029509920242757,0.0406554826771524,False,False,EWMA-t
2025-06-24,Long-only Tangency Portfolio,0.0128954338866416,0.0210095382423366,0.0314449156789671,False,False,GARCH-t
2025-06-25,Long-only Tangency Portfolio,0.0275331688897211,0.0433147781252538,0.059600879598846,False,False,Historical VaR
2025-06-25,Long-only Tangency Portfolio,0.0275331688897211,0.0290520846717645,0.0400247277997299,False,False,EWMA-t
2025-06-25,Long-only Tangency Portfolio,0.0275331688897211,0.0209254058659559,0.0313237241156044,False,False,GARCH-t
2025-06-26,Long-only Tangency Portfolio,0.0019665916383117,0.0433147781252538,0.059600879598846,False,False,Historical VaR
2025-06-26,Long-only Tangency Portfolio,0.0019665916383117,0.0301553957181905,0.0415447469243662,False,False,EWMA-t
2025-06-26,Long-only Tangency Portfolio,0.0019665916383117,0.0237016207853053,0.0353228245901263,False,False,GARCH-t
2025-06-27,Long-only Tangency Portfolio,0.010170766790539,0.0433147781252538,0.059600879598846,False,False,Historical VaR
2025-06-27,Long-only Tangency Portfolio,0.010170766790539,0.029246856943019,0.0402930633504477,False,False,EWMA-t
2025-06-27,Long-only Tangency Portfolio,0.010170766790539,0.0225990876651575,0.0337236120106711,False,False,GARCH-t
2025-06-30,Long-only Tangency Portfolio,0.0088615003007543,0.0433147781252538,0.059600879598846,False,False,Historical VaR
2025-06-30,Long-only Tangency Portfolio,0.0088615003007543,0.028633550635208,0.0394481182008884,False,False,EWMA-t
2025-06-30,Long-only Tangency Portfolio,0.0088615003007543,0.0220117670582866,0.032878131558937,False,False,GARCH-t
2025-07-01,Long-only Tangency Portfolio,-0.0124813130498335,0.0433147781252538,0.059600879598846,False,False,Historical VaR
2025-07-01,Long-only Tangency Portfolio,-0.0124813130498335,0.0279767735662444,0.0385432838763513,False,False,EWMA-t
2025-07-01,Long-only Tangency Portfolio,-0.0124813130498335,0.0213937082113589,0.0319884017129459,False,False,GARCH-t
2025-07-02,Long-only Tangency Portfolio,0.0233559648563148,0.0433147781252538,0.059600879598846,False,False,Historical VaR
2025-07-02,Long-only Tangency Portfolio,0.0233559648563148,0.0275602723922883,0.0379694749292754,False,False,EWMA-t
2025-07-02,Long-only Tangency Portfolio,0.0233559648563148,0.0219758134897613,0.0328263744113031,False,False,GARCH-t
2025-07-03,Long-only Tangency Portfolio,0.0102616960532774,0.0433147781252538,0.059600879598846,False,False,Historical VaR
2025-07-03,Long-only Tangency Portfolio,0.0102616960532774,0.0282390134591038,0.0389045688047312,False,False,EWMA-t
2025-07-03,Long-only Tangency Portfolio,0.0102616960532774,0.0235328801907684,0.0350678579253268,False,False,GARCH-t
2025-07-07,Long-only Tangency Portfolio,-0.010582335350995,0.0433147781252538,0.059600879598846,False,False,Historical VaR
2025-07-07,Long-only Tangency Portfolio,-0.010582335350995,0.0276713548469552,0.0381225119681524,False,False,EWMA-t
2025-07-07,Long-only Tangency Portfolio,-0.010582335350995,0.0228394993156387,0.0340696978596487,False,False,GARCH-t
2025-07-08,Long-only Tangency Portfolio,0.0064258612759173,0.0433147781252538,0.059600879598846,False,False,Historical VaR
2025-07-08,Long-only Tangency Portfolio,0.0064258612759173,0.0271457647653506,0.0373984124693337,False,False,EWMA-t
2025-07-08,Long-only Tangency Portfolio,0.0064258612759173,0.0228958908801466,0.0341508766313048,False,False,GARCH-t
2025-07-09,Long-only Tangency Portfolio,0.0129593076901435,0.0433147781252538,0.059600879598846,False,False,Historical VaR
2025-07-09,Long-only Tangency Portfolio,0.0129593076901435,0.0264385237835666,0.0364240545840205,False,False,EWMA-t
2025-07-09,Long-only Tangency Portfolio,0.0129593076901435,0.022035455496296,0.0329122323737812,False,False,GARCH-t
2025-07-10,Long-only Tangency Portfolio,0.0064861676629134,0.0433147781252538,0.059600879598846,False,False,Historical VaR
2025-07-10,Long-only Tangency Portfolio,0.0064861676629134,0.0261294238216336,0.0359982110695516,False,False,EWMA-t
2025-07-10,Long-only Tangency Portfolio,0.0064861676629134,0.0218030844886891,0.0325777214743116,False,False,GARCH-t
2025-07-11,Long-only Tangency Portfolio,0.0007339764313173,0.0433147781252538,0.059600879598846,False,False,Historical VaR
2025-07-11,Long-only Tangency Portfolio,0.0007339764313173,0.0254601187556512,0.0350761170655036,False,False,EWMA-t
2025-07-11,Long-only Tangency Portfolio,0.0007339764313173,0.0210714626483539,0.0315245114271438,False,False,GARCH-t
2025-07-14,Long-only Tangency Portfolio,-0.0076442841014245,0.0433147781252538,0.059600879598846,False,False,Historical VaR
2025-07-14,Long-only Tangency Portfolio,-0.0076442841014245,0.0246861701869076,0.0340098568936455,False,False,EWMA-t
2025-07-14,Long-only Tangency Portfolio,-0.0076442841014245,0.0203634562789906,0.0305052971547399,False,False,GARCH-t
2025-07-15,Long-only Tangency Portfolio,0.0243646616608221,0.0433147781252538,0.059600879598846,False,False,Historical VaR
2025-07-15,Long-only Tangency Portfolio,0.0243646616608221,0.0241201495773765,0.033230056714709,False,False,EWMA-t
2025-07-15,Long-only Tangency Portfolio,0.0243646616608221,0.020377224161251,0.0305251167816637,False,False,GARCH-t
2025-07-16,Long-only Tangency Portfolio,0.0041871081457047,0.0426052896640144,0.059600879598846,False,False,Historical VaR
2025-07-16,Long-only Tangency Portfolio,0.0041871081457047,0.0252524374150096,0.0347899968361921,False,False,EWMA-t
2025-07-16,Long-only Tangency Portfolio,0.0041871081457047,0.0224948075300246,0.0335734949966797,False,False,GARCH-t
2025-07-17,Long-only Tangency Portfolio,0.005665700268763,0.0426052896640144,0.059600879598846,False,False,Historical VaR
2025-07-17,Long-only Tangency Portfolio,0.005665700268763,0.0245378560071157,0.0338055261290178,False,False,EWMA-t
2025-07-17,Long-only Tangency Portfolio,0.005665700268763,0.0216131282285447,0.0323042689464117,False,False,GARCH-t
2025-07-18,Long-only Tangency Portfolio,5.524111232893487e-05,0.0426052896640144,0.059600879598846,False,False,Historical VaR
2025-07-18,Long-only Tangency Portfolio,5.524111232893487e-05,0.023893314518017,0.0329175486241925,False,False,EWMA-t
2025-07-18,Long-only Tangency Portfolio,5.524111232893487e-05,0.0208709208510601,0.0312358204338705,False,False,GARCH-t
2025-07-21,Long-only Tangency Portfolio,-0.0010526457626356,0.0426052896640144,0.059600879598846,False,False,Historical VaR
2025-07-21,Long-only Tangency Portfolio,-0.0010526457626356,0.0231654379787946,0.0319147613652631,False,False,EWMA-t
2025-07-21,Long-only Tangency Portfolio,-0.0010526457626356,0.0202057926244854,0.0302783316162015,False,False,GARCH-t
2025-07-22,Long-only Tangency Portfolio,-0.0114560038021345,0.0402182283006988,0.0590050285895947,False,False,Historical VaR
2025-07-22,Long-only Tangency Portfolio,-0.0114560038021345,0.0224634986229813,0.0309477074699654,False,False,EWMA-t
2025-07-22,Long-only Tangency Portfolio,-0.0114560038021345,0.0196651290213205,0.0295000164982025,False,False,GARCH-t
2025-07-23,Long-only Tangency Portfolio,0.0125084646365309,0.0402182283006988,0.0590050285895947,False,False,Historical VaR
2025-07-23,Long-only Tangency Portfolio,0.0125084646365309,0.022235299215887,0.030633319733037,False,False,EWMA-t
2025-07-23,Long-only Tangency Portfolio,0.0125084646365309,0.0203576993529406,0.0304970097417316,False,False,GARCH-t
2025-07-24,Long-only Tangency Portfolio,0.0096377473726248,0.0402182283006988,0.0590050285895947,False,False,Historical VaR
2025-07-24,Long-only Tangency Portfolio,0.0096377473726248,0.022106075197662,0.0304552892676477,False,False,EWMA-t
2025-07-24,Long-only Tangency Portfolio,0.0096377473726248,0.0203040906773723,0.0304198370924051,False,False,GARCH-t
2025-07-25,Long-only Tangency Portfolio,-0.0003690753652858,0.0402182283006988,0.0590050285895947,False,False,Historical VaR
2025-07-25,Long-only Tangency Portfolio,-0.0003690753652858,0.0217615945991378,0.0299807022511222,False,False,EWMA-t
2025-07-25,Long-only Tangency Portfolio,-0.0003690753652858,0.0199622362823396,0.029927718809889,False,False,GARCH-t
2025-07-28,Long-only Tangency Portfolio,0.010994961443331,0.0402182283006988,0.0590050285895947,False,False,Historical VaR
2025-07-28,Long-only Tangency Portfolio,0.010994961443331,0.0210991425679876,0.0290680495954959,False,False,EWMA-t
2025-07-28,Long-only Tangency Portfolio,0.010994961443331,0.0191574295687692,0.0287879950648854,False,False,GARCH-t
2025-07-29,Long-only Tangency Portfolio,-0.0090590040565591,0.0384892932002581,0.0581008453353314,False,False,Historical VaR
2025-07-29,Long-only Tangency Portfolio,-0.0090590040565591,0.0209034989113301,0.028798513546984,False,False,EWMA-t
2025-07-29,Long-only Tangency Portfolio,-0.0090590040565591,0.019057283097855,0.0286438201348233,False,False,GARCH-t
2025-07-30,Long-only Tangency Portfolio,0.00830506856981,0.0384892932002581,0.0581008453353314,False,False,Historical VaR
2025-07-30,Long-only Tangency Portfolio,0.00830506856981,0.0205740800938823,0.0283446769755495,False,False,EWMA-t
2025-07-30,Long-only Tangency Portfolio,0.00830506856981,0.0194254919166636,0.0291739085165245,False,False,GARCH-t
2025-07-31,Long-only Tangency Portfolio,-0.0057500587849846,0.0384892932002581,0.0581008453353314,False,False,Historical VaR
2025-07-31,Long-only Tangency Portfolio,-0.0057500587849846,0.0202100580509975,0.0278431679325952,False,False,EWMA-t
2025-07-31,Long-only Tangency Portfolio,-0.0057500587849846,0.0190519979623056,0.0286362114388678,False,False,GARCH-t
2025-08-01,Long-only Tangency Portfolio,-0.0237635255729662,0.0384892932002581,0.0581008453353314,False,False,Historical VaR
2025-08-01,Long-only Tangency Portfolio,-0.0237635255729662,0.019723018527173,0.0271721791003297,True,False,EWMA-t
2025-08-01,Long-only Tangency Portfolio,-0.0237635255729662,0.0189934295425312,0.0285518939611999,True,False,GARCH-t
2025-08-04,Long-only Tangency Portfolio,0.0234782397284419,0.0368843540670913,0.0579089207932728,False,False,Historical VaR
2025-08-04,Long-only Tangency Portfolio,0.0234782397284419,0.0212612961317358,0.029291446722556,False,False,EWMA-t
2025-08-04,Long-only Tangency Portfolio,0.0234782397284419,0.0226829998441437,0.0338635493329615,False,False,GARCH-t
2025-08-05,Long-only Tangency Portfolio,-0.0069331905320337,0.0368843540670913,0.0579089207932728,False,False,Historical VaR
2025-08-05,Long-only Tangency Portfolio,-0.0069331905320337,0.0225664255260125,0.0310895086977822,False,False,EWMA-t
2025-08-05,Long-only Tangency Portfolio,-0.0069331905320337,0.0240821180591977,0.0358777767836412,False,False,GARCH-t
2025-08-06,Long-only Tangency Portfolio,0.0232522627938716,0.0353146191403145,0.0572550626264944,False,False,Historical VaR
2025-08-06,Long-only Tangency Portfolio,0.0232522627938716,0.0220463662702233,0.0303730289550076,False,False,EWMA-t
2025-08-06,Long-only Tangency Portfolio,0.0232522627938716,0.023495873678374,0.0350337955446319,False,False,GARCH-t
2025-08-07,Long-only Tangency Portfolio,0.0163441211356615,0.0353146191403145,0.0572550626264944,False,False,Historical VaR
2025-08-07,Long-only Tangency Portfolio,0.0163441211356615,0.0232290278422547,0.0320023683994765,False,False,EWMA-t
2025-08-07,Long-only Tangency Portfolio,0.0163441211356615,0.0246986628724128,0.0367653797567069,False,False,GARCH-t
2025-08-08,Long-only Tangency Portfolio,0.0226275460166932,0.03419503541905,0.0555553401795463,False,False,Historical VaR
2025-08-08,Long-only Tangency Portfolio,0.0226275460166932,0.0234110318214863,0.0322531132189796,False,False,EWMA-t
2025-08-08,Long-only Tangency Portfolio,0.0226275460166932,0.0245089221329275,0.0364922212759785,False,False,GARCH-t
2025-08-11,Long-only Tangency Portfolio,-0.0052624568077561,0.03419503541905,0.0555553401795463,False,False,Historical VaR
2025-08-11,Long-only Tangency Portfolio,-0.0052624568077561,0.0243621697085315,0.0335634851065432,False,False,EWMA-t
2025-08-11,Long-only Tangency Portfolio,-0.0052624568077561,0.0254088364816801,0.0377877745501872,False,False,GARCH-t
2025-08-12,Long-only Tangency Portfolio,0.0082230183441435,0.03419503541905,0.0555553401795463,False,False,Historical VaR
2025-08-12,Long-only Tangency Portfolio,0.0082230183441435,0.0237095079470589,0.0326643203944968,False,False,EWMA-t
2025-08-12,Long-only Tangency Portfolio,0.0082230183441435,0.0245122572341011,0.0364970226231859,False,False,GARCH-t
2025-08-13,Long-only Tangency Portfolio,0.0006580426141154,0.03419503541905,0.0555553401795463,False,False,Historical VaR
2025-08-13,Long-only Tangency Portfolio,0.0006580426141154,0.0232111203780621,0.0319776974890069,False,False,EWMA-t
2025-08-13,Long-only Tangency Portfolio,0.0006580426141154,0.0235370309369045,0.0350930472068824,False,False,GARCH-t
2025-08-14,Long-only Tangency Portfolio,0.0005868357540225,0.03419503541905,0.0555553401795463,False,False,Historical VaR
2025-08-14,Long-only Tangency Portfolio,0.0005868357540225,0.0225054878504477,0.0310055555527743,False,False,EWMA-t
2025-08-14,Long-only Tangency Portfolio,0.0005868357540225,0.0225286525022949,0.0336413446260638,False,False,GARCH-t
2025-08-15,Long-only Tangency Portfolio,-0.007107322171678,0.03419503541905,0.0555553401795463,False,False,Historical VaR
2025-08-15,Long-only Tangency Portfolio,-0.007107322171678,0.0218210871618489,0.0300626644805292,False,False,EWMA-t
2025-08-15,Long-only Tangency Portfolio,-0.007107322171678,0.02163127504681,0.0323494435665174,False,False,GARCH-t
2025-08-18,Long-only Tangency Portfolio,0.0035811692522339,0.03419503541905,0.0555553401795463,False,False,Historical VaR
2025-08-18,Long-only Tangency Portfolio,0.0035811692522339,0.0213381718497382,0.0293973575280014,False,False,EWMA-t
2025-08-18,Long-only Tangency Portfolio,0.0035811692522339,0.0213751198506071,0.0319806721344292,False,False,GARCH-t
2025-08-19,Long-only Tangency Portfolio,-0.0212191347164094,0.03419503541905,0.0555553401795463,False,False,Historical VaR
2025-08-19,Long-only Tangency Portfolio,-0.0212191347164094,0.0207354859529417,0.0285670439983337,True,False,EWMA-t
2025-08-19,Long-only Tangency Portfolio,-0.0212191347164094,0.0205824041039792,0.0308394463250129,True,False,GARCH-t
2025-08-20,Long-only Tangency Portfolio,-0.0087249452254186,0.03419503541905,0.0555553401795463,False,False,Historical VaR
2025-08-20,Long-only Tangency Portfolio,-0.0087249452254186,0.0217494706164828,0.0299639991776217,False,False,EWMA-t
2025-08-20,Long-only Tangency Portfolio,-0.0087249452254186,0.0231814966688278,0.0345812056235821,False,False,GARCH-t
2025-08-21,Long-only Tangency Portfolio,-0.0033273871707798,0.03419503541905,0.0555553401795463,False,False,Historical VaR
2025-08-21,Long-only Tangency Portfolio,-0.0033273871707798,0.0213612308834674,0.0294291256974379,False,False,EWMA-t
2025-08-21,Long-only Tangency Portfolio,-0.0033273871707798,0.0229138938790436,0.0341959537704776,False,False,GARCH-t
2025-08-22,Long-only Tangency Portfolio,0.015041977552451,0.03419503541905,0.0555553401795463,False,False,Historical VaR
2025-08-22,Long-only Tangency Portfolio,0.015041977552451,0.0207513301786983,0.0285888724085931,False,False,EWMA-t
2025-08-22,Long-only Tangency Portfolio,0.015041977552451,0.0221559895085542,0.0331048438330867,False,False,GARCH-t
2025-08-25,Long-only Tangency Portfolio,0.0046422907218906,0.03419503541905,0.0555553401795463,False,False,Historical VaR
2025-08-25,Long-only Tangency Portfolio,0.0046422907218906,0.02096169515877,0.0288786898575334,False,False,EWMA-t
2025-08-25,Long-only Tangency Portfolio,0.0046422907218906,0.0221568509709888,0.0330452670825394,False,False,GARCH-t
2025-08-26,Long-only Tangency Portfolio,0.0097694781583717,0.03419503541905,0.0555553401795463,False,False,Historical VaR
2025-08-26,Long-only Tangency Portfolio,0.0097694781583717,0.0204040638563107,0.0281104475318721,False,False,EWMA-t
2025-08-26,Long-only Tangency Portfolio,0.0097694781583717,0.0212997740328474,0.0318133074295915,False,False,GARCH-t
2025-08-27,Long-only Tangency Portfolio,0.0018060948247305,0.03419503541905,0.0555553401795463,False,False,Historical VaR
2025-08-27,Long-only Tangency Portfolio,0.0018060948247305,0.0201481142303204,0.027757828632869,False,False,EWMA-t
2025-08-27,Long-only Tangency Portfolio,0.0018060948247305,0.0208116452642008,0.0311116726968686,False,False,GARCH-t
2025-08-28,Long-only Tangency Portfolio,-0.0008378925145086,0.03419503541905,0.0555553401795463,False,False,Historical VaR
2025-08-28,Long-only Tangency Portfolio,-0.0008378925145086,0.0195470896533174,0.0269298038846528,False,False,EWMA-t
2025-08-28,Long-only Tangency Portfolio,-0.0008378925145086,0.0200896828767974,0.0300739262675274,False,False,GARCH-t
2025-08-29,Long-only Tangency Portfolio,-0.0200422133275747,0.03419503541905,0.0555553401795463,False,False,Historical VaR
2025-08-29,Long-only Tangency Portfolio,-0.0200422133275747,0.0189544398088706,0.0261133169105669,True,False,EWMA-t
2025-08-29,Long-only Tangency Portfolio,-0.0200422133275747,0.0195258972621093,0.0292635426259906,True,False,GARCH-t
2025-09-02,Long-only Tangency Portfolio,-0.015381557203625,0.03419503541905,0.0555553401795463,False,False,Historical VaR
2025-09-02,Long-only Tangency Portfolio,-0.015381557203625,0.0199790550635604,0.0275249177348021,False,False,EWMA-t
2025-09-02,Long-only Tangency Portfolio,-0.015381557203625,0.0220594279941356,0.0329052316068289,False,False,GARCH-t
2025-09-03,Long-only Tangency Portfolio,0.0142249355379677,0.03419503541905,0.0555553401795463,False,False,Historical VaR
2025-09-03,Long-only Tangency Portfolio,0.0142249355379677,0.0202831287002823,0.0279438365379919,False,False,EWMA-t
2025-09-03,Long-only Tangency Portfolio,0.0142249355379677,0.0230328851811173,0.0343044758576825,False,False,GARCH-t
2025-09-04,Long-only Tangency Portfolio,0.0058281543277961,0.03419503541905,0.0555553401795463,False,False,Historical VaR
2025-09-04,Long-only Tangency Portfolio,0.0058281543277961,0.0204371000358044,0.0281559611019556,False,False,EWMA-t
2025-09-04,Long-only Tangency Portfolio,0.0058281543277961,0.0227901338680564,0.033955545895759,False,False,GARCH-t
2025-09-05,Long-only Tangency Portfolio,-0.0166543623578981,0.03419503541905,0.0555553401795463,False,False,Historical VaR
2025-09-05,Long-only Tangency Portfolio,-0.0166543623578981,0.0199451917653075,0.0274782646525779,False,False,EWMA-t
2025-09-05,Long-only Tangency Portfolio,-0.0166543623578981,0.0218968725216936,0.0326715748900249,False,False,GARCH-t
2025-09-08,Long-only Tangency Portfolio,0.0017625086800531,0.033564269983215,0.0530972999316555,False,False,Historical VaR
2025-09-08,Long-only Tangency Portfolio,0.0017625086800531,0.0204051964578528,0.0281120079041807,False,False,EWMA-t
2025-09-08,Long-only Tangency Portfolio,0.0017625086800531,0.0231569165559953,0.0344827581597133,False,False,GARCH-t
2025-09-09,Long-only Tangency Portfolio,0.0026443628001567,0.033564269983215,0.0530972999316555,False,False,Historical VaR
2025-09-09,Long-only Tangency Portfolio,0.0026443628001567,0.0197955783808185,0.0272721439883631,False,False,EWMA-t
2025-09-09,Long-only Tangency Portfolio,0.0026443628001567,0.0221752249188978,0.0330716777365681,False,False,GARCH-t
2025-09-10,Long-only Tangency Portfolio,0.0097917140110349,0.033564269983215,0.0530972999316555,False,False,Historical VaR
2025-09-10,Long-only Tangency Portfolio,0.0097917140110349,0.0192203725531405,0.0264796894384834,False,False,EWMA-t
2025-09-10,Long-only Tangency Portfolio,0.0097917140110349,0.0212951156162332,0.0318066114364316,False,False,GARCH-t
2025-09-11,Long-only Tangency Portfolio,0.0050924875512187,0.033564269983215,0.0530972999316555,False,False,Historical VaR
2025-09-11,Long-only Tangency Portfolio,0.0050924875512187,0.0190243036606214,0.0262095675473443,False,False,EWMA-t
2025-09-11,Long-only Tangency Portfolio,0.0050924875512187,0.020809417424933,0.0311084704078219,False,False,GARCH-t
2025-09-12,Long-only Tangency Portfolio,0.0095769059990086,0.033564269983215,0.0530972999316555,False,False,Historical VaR
2025-09-12,Long-only Tangency Portfolio,0.0095769059990086,0.018551976111292,0.0255588472356071,False,False,EWMA-t
2025-09-12,Long-only Tangency Portfolio,0.0095769059990086,0.0201162812381626,0.0301121586671851,False,False,GARCH-t
2025-09-15,Long-only Tangency Portfolio,0.0045260056087103,0.033564269983215,0.0530972999316555,False,False,Historical VaR
2025-09-15,Long-only Tangency Portfolio,0.0045260056087103,0.0183726859129199,0.0253118411612384,False,False,EWMA-t
2025-09-15,Long-only Tangency Portfolio,0.0045260056087103,0.019760941022275,0.0296013937760044,False,False,GARCH-t
2025-09-16,Long-only Tangency Portfolio,-0.0073774464238112,0.033564269983215,0.0530972999316555,False,False,Historical VaR
2025-09-16,Long-only Tangency Portfolio,-0.0073774464238112,0.0179007228682338,0.0246616230234174,False,False,EWMA-t
2025-09-16,Long-only Tangency Portfolio,-0.0073774464238112,0.0191759409297548,0.0287605165118016,False,False,GARCH-t
2025-09-17,Long-only Tangency Portfolio,-0.0136608929460225,0.033564269983215,0.0530972999316555,False,False,Historical VaR
2025-09-17,Long-only Tangency Portfolio,-0.0136608929460225,0.0175936235271321,0.0242385357415943,False,False,EWMA-t
2025-09-17,Long-only Tangency Portfolio,-0.0136608929460225,0.019296900719029,0.0289343837264976,False,False,GARCH-t
2025-09-18,Long-only Tangency Portfolio,0.0181862166003337,0.033564269983215,0.0530972999316555,False,False,Historical VaR
2025-09-18,Long-only Tangency Portfolio,0.0181862166003337,0.0178748825534948,0.0246260231146544,False,False,EWMA-t
2025-09-18,Long-only Tangency Portfolio,0.0181862166003337,0.0204250889878961,0.0305560379401642,False,False,GARCH-t
2025-09-19,Long-only Tangency Portfolio,0.0145058812104492,0.033564269983215,0.0530972999316555,False,False,Historical VaR
2025-09-19,Long-only Tangency Portfolio,0.0145058812104492,0.0187332609814645,0.0258086013467094,False,False,EWMA-t
2025-09-19,Long-only Tangency Portfolio,0.0145058812104492,0.0211760821455665,0.0316355131059482,False,False,GARCH-t
2025-09-22,Long-only Tangency Portfolio,0.039030104844738,0.033564269983215,0.0530972999316555,False,False,Historical VaR
2025-09-22,Long-only Tangency Portfolio,0.039030104844738,0.0190280793409779,0.026214769259381,False,False,EWMA-t
2025-09-22,Long-only Tangency Portfolio,0.039030104844738,0.0212268406022505,0.0317084731494378,False,False,GARCH-t
2025-09-23,Long-only Tangency Portfolio,-0.0191052632774959,0.033564269983215,0.0530972999316555,False,False,Historical VaR
2025-09-23,Long-only Tangency Portfolio,-0.0191052632774959,0.0239452762914539,0.0329891357705643,False,False,EWMA-t
2025-09-23,Long-only Tangency Portfolio,-0.0191052632774959,0.0273172735335284,0.0404556121895758,False,False,GARCH-t
2025-09-24,Long-only Tangency Portfolio,-0.0078651395145286,0.033564269983215,0.0530972999316555,False,False,Historical VaR
2025-09-24,Long-only Tangency Portfolio,-0.0078651395145286,0.0243887437061646,0.0336000958019144,False,False,EWMA-t
2025-09-24,Long-only Tangency Portfolio,-0.0078651395145286,0.0281320679598281,0.0416266042125445,False,False,GARCH-t
2025-09-25,Long-only Tangency Portfolio,0.0091077345861982,0.033564269983215,0.0530972999316555,False,False,Historical VaR
2025-09-25,Long-only Tangency Portfolio,0.0091077345861982,0.02384502452907,0.0328510200536994,False,False,EWMA-t
2025-09-25,Long-only Tangency Portfolio,0.0091077345861982,0.027161713673752,0.0402320473872003,False,False,GARCH-t
2025-09-26,Long-only Tangency Portfolio,-0.0001780769137908,0.033564269983215,0.0530972999316555,False,False,Historical VaR
2025-09-26,Long-only Tangency Portfolio,-0.0001780769137908,0.0233914383470796,0.032226119511346,False,False,EWMA-t
2025-09-26,Long-only Tangency Portfolio,-0.0001780769137908,0.0259563696923351,0.0384997721756692,False,False,GARCH-t
2025-09-29,Long-only Tangency Portfolio,0.0104855038521622,0.033564269983215,0.0530972999316555,False,False,Historical VaR
2025-09-29,Long-only Tangency Portfolio,0.0104855038521622,0.0226789478521471,0.0312445294312618,False,False,EWMA-t
2025-09-29,Long-only Tangency Portfolio,0.0104855038521622,0.0247172632064893,0.036718974757695,False,False,GARCH-t
2025-09-30,Long-only Tangency Portfolio,0.0155118852388123,0.033564269983215,0.0530972999316555,False,False,Historical VaR
2025-09-30,Long-only Tangency Portfolio,0.0155118852388123,0.0223672399341606,0.0308150929652943,False,False,EWMA-t
2025-09-30,Long-only Tangency Portfolio,0.0155118852388123,0.0238781994851143,0.0355131038131001,False,False,GARCH-t
2025-10-01,Long-only Tangency Portfolio,0.0034094770095901,0.033564269983215,0.0530972999316555,False,False,Historical VaR
2025-10-01,Long-only Tangency Portfolio,0.0034094770095901,0.0225185292529394,0.0310235225451865,False,False,EWMA-t
2025-10-01,Long-only Tangency Portfolio,0.0034094770095901,0.0236856837020222,0.0352364273422997,False,False,GARCH-t
2025-10-02,Long-only Tangency Portfolio,0.0073283632312189,0.033564269983215,0.0530972999316555,False,False,Historical VaR
2025-10-02,Long-only Tangency Portfolio,0.0073283632312189,0.0218732109981624,0.0301344748990895,False,False,EWMA-t
2025-10-02,Long-only Tangency Portfolio,0.0073283632312189,0.0226412005365615,0.0337353352687638,False,False,GARCH-t
2025-10-03,Long-only Tangency Portfolio,-0.0024103931006695,0.033564269983215,0.0530972999316555,False,False,Historical VaR
2025-10-03,Long-only Tangency Portfolio,-0.0024103931006695,0.0213996860358351,0.0294821049250357,False,False,EWMA-t
2025-10-03,Long-only Tangency Portfolio,-0.0024103931006695,0.0218262031246026,0.0325640515224105,False,False,GARCH-t
2025-10-06,Long-only Tangency Portfolio,-0.0075581518132113,0.0317305428717194,0.0530972999316555,False,False,Historical VaR
2025-10-06,Long-only Tangency Portfolio,-0.0075581518132113,0.0207691729679633,0.028613454217148,False,False,EWMA-t
2025-10-06,Long-only Tangency Portfolio,-0.0075581518132113,0.0211358501073377,0.0315719020302731,False,False,GARCH-t
2025-10-07,Long-only Tangency Portfolio,-0.0021932563934038,0.0317305428717194,0.0530972999316555,False,False,Historical VaR
2025-10-07,Long-only Tangency Portfolio,-0.0021932563934038,0.0203522913454697,0.0280391211304337,False,False,EWMA-t
2025-10-07,Long-only Tangency Portfolio,-0.0021932563934038,0.0209979711348305,0.0313737475366614,False,False,GARCH-t
2025-10-08,Long-only Tangency Portfolio,0.0151003965170774,0.0317305428717194,0.0530972999316555,False,False,Historical VaR
2025-10-08,Long-only Tangency Portfolio,0.0151003965170774,0.0197509158884856,0.0272106129788442,False,False,EWMA-t
2025-10-08,Long-only Tangency Portfolio,0.0151003965170774,0.020392230719568,0.0305032001060862,False,False,GARCH-t
2025-10-09,Long-only Tangency Portfolio,0.0043187348931806,0.0317305428717194,0.0530972999316555,False,False,Historical VaR
2025-10-09,Long-only Tangency Portfolio,0.0043187348931806,0.0200393150885016,0.0276079372882257,False,False,EWMA-t
2025-10-09,Long-only Tangency Portfolio,0.0043187348931806,0.020638301132602,0.0308568432845994,False,False,GARCH-t
2025-10-10,Long-only Tangency Portfolio,-0.042298865680712,0.0317305428717194,0.0530972999316555,True,False,Historical VaR
2025-10-10,Long-only Tangency Portfolio,-0.042298865680712,0.0195021251907408,0.0268678568541515,True,True,EWMA-t
2025-10-10,Long-only Tangency Portfolio,-0.042298865680712,0.0199421206811957,0.0298563188224405,True,True,GARCH-t
2025-10-13,Long-only Tangency Portfolio,0.0202062328781808,0.03419503541905,0.0537306178858113,False,False,Historical VaR
2025-10-13,Long-only Tangency Portfolio,0.0202062328781808,0.0251239477801219,0.0346129781224037,False,False,EWMA-t
2025-10-13,Long-only Tangency Portfolio,0.0202062328781808,0.0296836248330753,0.0438564436212478,False,False,GARCH-t
2025-10-14,Long-only Tangency Portfolio,-0.0251867401797749,0.03419503541905,0.0537306178858113,False,False,Historical VaR
2025-10-14,Long-only Tangency Portfolio,-0.0251867401797749,0.0256085522541517,0.035280612214164,False,False,EWMA-t
2025-10-14,Long-only Tangency Portfolio,-0.0251867401797749,0.0293868912125602,0.0434299891790546,False,False,GARCH-t
2025-10-15,Long-only Tangency Portfolio,0.001803903046485,0.03419503541905,0.0537306178858113,False,False,Historical VaR
2025-10-15,Long-only Tangency Portfolio,0.001803903046485,0.0267112777416288,0.0367998246208727,False,False,EWMA-t
2025-10-15,Long-only Tangency Portfolio,0.001803903046485,0.0311404544228522,0.0459501445271328,False,False,GARCH-t
2025-10-16,Long-only Tangency Portfolio,0.0032659735973012,0.03419503541905,0.0537306178858113,False,False,Historical VaR
2025-10-16,Long-only Tangency Portfolio,0.0032659735973012,0.025907153529423,0.0356919918070027,False,False,EWMA-t
2025-10-16,Long-only Tangency Portfolio,0.0032659735973012,0.0293580067531603,0.0433884775161696,False,False,GARCH-t
2025-10-17,Long-only Tangency Portfolio,0.0121786666242581,0.03419503541905,0.0537306178858113,False,False,Historical VaR
2025-10-17,Long-only Tangency Portfolio,0.0121786666242581,0.025150377248414,0.0346493897013398,False,False,EWMA-t
2025-10-17,Long-only Tangency Portfolio,0.0121786666242581,0.0277420274376842,0.0410660525871005,False,False,GARCH-t
2025-10-20,Long-only Tangency Portfolio,0.013682852264356,0.03419503541905,0.0537306178858113,False,False,Historical VaR
2025-10-20,Long-only Tangency Portfolio,0.013682852264356,0.0248450810294006,0.0342287865603826,False,False,EWMA-t
2025-10-20,Long-only Tangency Portfolio,0.013682852264356,0.0267064664742236,0.0395777831680062,False,False,GARCH-t
2025-10-21,Long-only Tangency Portfolio,-0.003815791570007,0.03419503541905,0.0537306178858113,False,False,Historical VaR
2025-10-21,Long-only Tangency Portfolio,-0.003815791570007,0.0246755181145184,0.0339951816542368,False,False,EWMA-t
2025-10-21,Long-only Tangency Portfolio,-0.003815791570007,0.0258895396849795,0.0384607406491714,False,False,GARCH-t
2025-10-22,Long-only Tangency Portfolio,-0.0089502471604293,0.03419503541905,0.0537306178858113,False,False,Historical VaR
2025-10-22,Long-only Tangency Portfolio,-0.0089502471604293,0.0239703079225656,0.0330236215650588,False,False,EWMA-t
2025-10-22,Long-only Tangency Portfolio,-0.0089502471604293,0.0248420255284405,0.0369531212431426,False,False,GARCH-t
2025-10-23,Long-only Tangency Portfolio,0.0076930768100432,0.03419503541905,0.0537306178858113,False,False,Historical VaR
2025-10-23,Long-only Tangency Portfolio,0.0076930768100432,0.0235022421062722,0.0323787725946264,False,False,EWMA-t
2025-10-23,Long-only Tangency Portfolio,0.0076930768100432,0.0243842390336197,0.0362942587360332,False,False,GARCH-t
2025-10-24,Long-only Tangency Portfolio,0.0180003727177501,0.03419503541905,0.0537306178858113,False,False,Historical VaR
2025-10-24,Long-only Tangency Portfolio,0.0180003727177501,0.0229840722282733,0.0316648958262209,False,False,EWMA-t
2025-10-24,Long-only Tangency Portfolio,0.0180003727177501,0.0234043834608503,0.0348840159556458,False,False,GARCH-t
2025-10-27,Long-only Tangency Portfolio,0.0255444484343378,0.03419503541905,0.0537306178858113,False,False,Historical VaR
2025-10-27,Long-only Tangency Portfolio,0.0255444484343378,0.0233695761704304,0.0321960002383444,False,False,EWMA-t
2025-10-27,Long-only Tangency Portfolio,0.0255444484343378,0.0236367021840279,0.0352183772750227,False,False,GARCH-t
2025-10-28,Long-only Tangency Portfolio,0.0296790987372363,0.03419503541905,0.0537306178858113,False,False,Historical VaR
2025-10-28,Long-only Tangency Portfolio,0.0296790987372363,0.0247626162263687,0.0341151757358342,False,False,EWMA-t
2025-10-28,Long-only Tangency Portfolio,0.0296790987372363,0.0252768241596707,0.0375788988043006,False,False,GARCH-t
2025-10-29,Long-only Tangency Portfolio,0.0181695376760867,0.03419503541905,0.0537306178858113,False,False,Historical VaR
2025-10-29,Long-only Tangency Portfolio,0.0181695376760867,0.0266672598867689,0.0367391817210946,False,False,EWMA-t
2025-10-29,Long-only Tangency Portfolio,0.0181695376760867,0.027560122825129,0.0408651029632768,False,False,GARCH-t
2025-10-30,Long-only Tangency Portfolio,-0.0101861684946753,0.03419503541905,0.0537306178858113,False,False,Historical VaR
2025-10-30,Long-only Tangency Portfolio,-0.0101861684946753,0.0268137231968121,0.0369409625634456,False,False,EWMA-t
2025-10-30,Long-only Tangency Portfolio,-0.0101861684946753,0.0272443834130889,0.0404106796393834,False,False,GARCH-t
2025-10-31,Long-only Tangency Portfolio,-0.0031716595677237,0.03419503541905,0.0537306178858113,False,False,Historical VaR
2025-10-31,Long-only Tangency Portfolio,-0.0031716595677237,0.0263003701129848,0.0362337218377808,False,False,EWMA-t
2025-10-31,Long-only Tangency Portfolio,-0.0031716595677237,0.0266384654991312,0.0395386211570795,False,False,GARCH-t
2025-11-03,Long-only Tangency Portfolio,0.0105248732752495,0.03419503541905,0.0537306178858113,False,False,Historical VaR
2025-11-03,Long-only Tangency Portfolio,0.0105248732752495,0.0255293111643781,0.0351714426628366,False,False,EWMA-t
2025-11-03,Long-only Tangency Portfolio,0.0105248732752495,0.0254728807372319,0.0378610703617595,False,False,GARCH-t
2025-11-04,Long-only Tangency Portfolio,-0.0215452199780019,0.03419503541905,0.0537306178858113,False,False,Historical VaR
2025-11-04,Long-only Tangency Portfolio,-0.0215452199780019,0.0250915592730474,0.0345683568432721,False,False,EWMA-t
2025-11-04,Long-only Tangency Portfolio,-0.0215452199780019,0.0245598207057093,0.0365469620857043,False,False,GARCH-t
2025-11-05,Long-only Tangency Portfolio,-0.0104559800728548,0.0317305428717194,0.0535441478533963,False,False,Historical VaR
2025-11-05,Long-only Tangency Portfolio,-0.0104559800728548,0.0257453117325703,0.0354690241976613,False,False,EWMA-t
2025-11-05,Long-only Tangency Portfolio,-0.0104559800728548,0.0263540908012527,0.0391293390386195,False,False,GARCH-t
2025-11-06,Long-only Tangency Portfolio,-0.0222871400007079,0.0317305428717194,0.0535441478533963,False,False,Historical VaR
2025-11-06,Long-only Tangency Portfolio,-0.0222871400007079,0.0252937948789629,0.0348469745455689,False,False,EWMA-t
2025-11-06,Long-only Tangency Portfolio,-0.0222871400007079,0.0258912683647577,0.0384632286262209,False,False,GARCH-t
2025-11-07,Long-only Tangency Portfolio,-0.0016728344553825,0.0317305428717194,0.0535441478533963,False,False,Historical VaR
2025-11-07,Long-only Tangency Portfolio,-0.0016728344553825,0.0260264121747582,0.035856293091101,False,False,EWMA-t
2025-11-07,Long-only Tangency Portfolio,-0.0016728344553825,0.0276011463796431,0.0409241455132066,False,False,GARCH-t
2025-11-10,Long-only Tangency Portfolio,0.035781975816249,0.0317305428717194,0.0535441478533963,False,False,Historical VaR
2025-11-10,Long-only Tangency Portfolio,0.035781975816249,0.0252420237098183,0.0347756499925705,False,False,EWMA-t
2025-11-10,Long-only Tangency Portfolio,0.035781975816249,0.0262638207384126,0.038999419172934,False,False,GARCH-t
2025-11-11,Long-only Tangency Portfolio,-0.0084603401536059,0.0317305428717194,0.0535441478533963,False,False,Historical VaR
2025-11-11,Long-only Tangency Portfolio,-0.0084603401536059,0.0281920231295243,0.0388398307602194,False,False,EWMA-t
2025-11-11,Long-only Tangency Portfolio,-0.0084603401536059,0.0299226882918891,0.0442653907049429,False,False,GARCH-t
2025-11-12,Long-only Tangency Portfolio,-0.0004159202343696,0.0317305428717194,0.0535441478533963,False,False,Historical VaR
2025-11-12,Long-only Tangency Portfolio,-0.0004159202343696,0.0275327481231178,0.0379315550555768,False,False,EWMA-t
2025-11-12,Long-only Tangency Portfolio,-0.0004159202343696,0.0288214260191168,0.0426804151099164,False,False,GARCH-t
2025-11-13,Long-only Tangency Portfolio,-0.0219135451456351,0.0317305428717194,0.0535441478533963,False,False,Historical VaR
2025-11-13,Long-only Tangency Portfolio,-0.0219135451456351,0.0266944853657798,0.0367766899549766,False,False,EWMA-t
2025-11-13,Long-only Tangency Portfolio,-0.0219135451456351,0.0273206656601173,0.0405204677460524,False,False,GARCH-t
2025-11-14,Long-only Tangency Portfolio,0.0099385263444072,0.0317305428717194,0.0535441478533963,False,False,Historical VaR
2025-11-14,Long-only Tangency Portfolio,0.0099385263444072,0.0272634988866603,0.0375606134339599,False,False,EWMA-t
2025-11-14,Long-only Tangency Portfolio,0.0099385263444072,0.0286879285140751,0.0424882807812289,False,False,GARCH-t
2025-11-17,Long-only Tangency Portfolio,-0.0180324006087346,0.0317305428717194,0.0535441478533963,False,False,Historical VaR
2025-11-17,Long-only Tangency Portfolio,-0.0180324006087346,0.0267172294910824,0.0368080242786426,False,False,EWMA-t
2025-11-17,Long-only Tangency Portfolio,-0.0180324006087346,0.0273917657220243,0.0406227974686932,False,False,GARCH-t
2025-11-18,Long-only Tangency Portfolio,-0.0171976463975014,0.0317305428717194,0.0535441478533963,False,False,Historical VaR
2025-11-18,Long-only Tangency Portfolio,-0.0171976463975014,0.0268463002915526,0.0369858436576676,False,False,EWMA-t
2025-11-18,Long-only Tangency Portfolio,-0.0171976463975014,0.0279915832475294,0.0413730734288748,False,False,GARCH-t
2025-11-19,Long-only Tangency Portfolio,0.0174809531200147,0.0317305428717194,0.0535441478533963,False,False,Historical VaR
2025-11-19,Long-only Tangency Portfolio,0.0174809531200147,0.0268835227973263,0.0370371246820225,False,False,EWMA-t
2025-11-19,Long-only Tangency Portfolio,0.0174809531200147,0.0283273111537595,0.0418551290910565,False,False,GARCH-t
2025-11-20,Long-only Tangency Portfolio,-0.0220664747594129,0.0317305428717194,0.0535441478533963,False,False,Historical VaR
2025-11-20,Long-only Tangency Portfolio,-0.0220664747594129,0.0269463666932314,0.0371237040051897,False,False,EWMA-t
2025-11-20,Long-only Tangency Portfolio,-0.0220664747594129,0.0278284294157594,0.0411388086360116,False,False,GARCH-t
2025-11-21,Long-only Tangency Portfolio,0.0015190203741042,0.0317305428717194,0.0535441478533963,False,False,Historical VaR
2025-11-21,Long-only Tangency Portfolio,0.0015190203741042,0.0275141365732374,0.0379059141342347,False,False,EWMA-t
2025-11-21,Long-only Tangency Portfolio,0.0015190203741042,0.0291336600705638,0.0430129269798422,False,False,GARCH-t
2025-11-24,Long-only Tangency Portfolio,0.0182695257033681,0.0317305428717194,0.0535441478533963,False,False,Historical VaR
2025-11-24,Long-only Tangency Portfolio,0.0182695257033681,0.0266825602964299,0.0367602609220821,False,False,EWMA-t
2025-11-24,Long-only Tangency Portfolio,0.0182695257033681,0.0275746958007239,0.0407744846595295,False,False,GARCH-t
2025-11-25,Long-only Tangency Portfolio,-0.0131951816594861,0.0317305428717194,0.0535441478533963,False,False,Historical VaR
2025-11-25,Long-only Tangency Portfolio,-0.0131951816594861,0.0268384128601103,0.0369749772327592,False,False,EWMA-t
2025-11-25,Long-only Tangency Portfolio,-0.0131951816594861,0.0272796986958531,0.0403509124092301,False,False,GARCH-t
2025-11-26,Long-only Tangency Portfolio,0.0093747949708993,0.0317305428717194,0.0535441478533963,False,False,Historical VaR
2025-11-26,Long-only Tangency Portfolio,0.0093747949708993,0.0265276663651608,0.0365468653084138,False,False,EWMA-t
2025-11-26,Long-only Tangency Portfolio,0.0093747949708993,0.0270732872752624,0.0400545361110783,False,False,GARCH-t
2025-11-28,Long-only Tangency Portfolio,-0.0080863816407711,0.0317305428717194,0.0535441478533963,False,False,Historical VaR
2025-11-28,Long-only Tangency Portfolio,-0.0080863816407711,0.0259795772479329,0.0357917691432027,False,False,EWMA-t
2025-11-28,Long-only Tangency Portfolio,-0.0080863816407711,0.0259180932012631,0.0383958481260867,False,False,GARCH-t
2025-12-01,Long-only Tangency Portfolio,0.0149884659465924,0.0317305428717194,0.0535441478533963,False,False,Historical VaR
2025-12-01,Long-only Tangency Portfolio,0.0149884659465924,0.0253859216820589,0.0349738965981045,False,False,EWMA-t
2025-12-01,Long-only Tangency Portfolio,0.0149884659465924,0.0252389532609157,0.0374207035295756,False,False,GARCH-t
2025-12-02,Long-only Tangency Portfolio,0.0094013777731388,0.0317305428717194,0.0535441478533963,False,False,Historical VaR
2025-12-02,Long-only Tangency Portfolio,0.0094013777731388,0.0253010773490323,0.03485700752205,False,False,EWMA-t
2025-12-02,Long-only Tangency Portfolio,0.0094013777731388,0.0248105821258242,0.0368056258808188,False,False,GARCH-t
2025-12-03,Long-only Tangency Portfolio,-0.009628993554841,0.0317305428717194,0.0535441478533963,False,False,Historical VaR
2025-12-03,Long-only Tangency Portfolio,-0.009628993554841,0.0248043660084435,0.0341726939374408,False,False,EWMA-t
2025-12-03,Long-only Tangency Portfolio,-0.009628993554841,0.0238989352259241,0.0354966356483948,False,False,GARCH-t
2025-12-04,Long-only Tangency Portfolio,0.0077168639424439,0.0317305428717194,0.0535441478533963,False,False,Historical VaR
2025-12-04,Long-only Tangency Portfolio,0.0077168639424439,0.0243418267802545,0.0335354588848061,False,False,EWMA-t
2025-12-04,Long-only Tangency Portfolio,0.0077168639424439,0.0236500420448789,0.0351392618198425,False,False,GARCH-t
2025-12-05,Long-only Tangency Portfolio,-0.005509746739776,0.0317305428717194,0.0535441478533963,False,False,Historical VaR
2025-12-05,Long-only Tangency Portfolio,-0.005509746739776,0.0237924914243069,0.0327786457906346,False,False,EWMA-t
2025-12-05,Long-only Tangency Portfolio,-0.005509746739776,0.022762139134162,0.0338643644471903,False,False,GARCH-t
2025-12-08,Long-only Tangency Portfolio,0.0092779020025682,0.0317305428717194,0.0535441478533963,False,False,Historical VaR
2025-12-08,Long-only Tangency Portfolio,0.0092779020025682,0.0231681152165343,0.0319184497653554,False,False,EWMA-t
2025-12-08,Long-only Tangency Portfolio,0.0092779020025682,0.0222057509385738,0.0330654732168898,False,False,GARCH-t
2025-12-09,Long-only Tangency Portfolio,-0.00271086139066,0.0317305428717194,0.0535441478533963,False,False,Historical VaR
2025-12-09,Long-only Tangency Portfolio,-0.00271086139066,0.0227535441897343,0.0313472999601418,False,False,EWMA-t
2025-12-09,Long-only Tangency Portfolio,-0.00271086139066,0.0215798600041045,0.0321667863241106,False,False,GARCH-t
2025-12-10,Long-only Tangency Portfolio,-0.0024940789774699,0.0317305428717194,0.0535441478533963,False,False,Historical VaR
2025-12-10,Long-only Tangency Portfolio,-0.0024940789774699,0.0220858442471122,0.0304274173163563,False,False,EWMA-t
2025-12-10,Long-only Tangency Portfolio,-0.0024940789774699,0.0209487523196758,0.0312606089492791,False,False,GARCH-t
2025-12-11,Long-only Tangency Portfolio,-0.0095771188585922,0.0317305428717194,0.0535441478533963,False,False,Historical VaR
2025-12-11,Long-only Tangency Portfolio,-0.0095771188585922,0.0214352282013274,0.0295310709636286,False,False,EWMA-t
2025-12-11,Long-only Tangency Portfolio,-0.0095771188585922,0.0203780149053379,0.0304411143612657,False,False,GARCH-t
2025-12-12,Long-only Tangency Portfolio,-0.018826525660299,0.0317305428717194,0.0535441478533963,False,False,Historical VaR
2025-12-12,Long-only Tangency Portfolio,-0.018826525660299,0.0211170975830382,0.0290927860162436,False,False,EWMA-t
2025-12-12,Long-only Tangency Portfolio,-0.018826525660299,0.0206107997846966,0.0307753590489512,False,False,GARCH-t
2025-12-15,Long-only Tangency Portfolio,-0.0019186807052241,0.0317305428717194,0.0535441478533963,False,False,Historical VaR
2025-12-15,Long-only Tangency Portfolio,-0.0019186807052241,0.0217576571655823,0.0299752776935364,False,False,EWMA-t
2025-12-15,Long-only Tangency Portfolio,-0.0019186807052241,0.0225574138122983,0.0335704091376525,False,False,GARCH-t
2025-12-16,Long-only Tangency Portfolio,0.0054968849056546,0.0317305428717194,0.0535441478533963,False,False,Historical VaR
2025-12-16,Long-only Tangency Portfolio,0.0054968849056546,0.0211081750649967,0.0290804935642585,False,False,EWMA-t
2025-12-16,Long-only Tangency Portfolio,0.0054968849056546,0.0217700681924474,0.0324398971751377,False,False,GARCH-t
2025-12-17,Long-only Tangency Portfolio,-0.0258728532472425,0.0317305428717194,0.0535441478533963,False,False,Historical VaR
2025-12-17,Long-only Tangency Portfolio,-0.0258728532472425,0.0205777542237091,0.0283497387825724,True,False,EWMA-t
2025-12-17,Long-only Tangency Portfolio,-0.0258728532472425,0.0209327200070274,0.0311849761208576,True,False,GARCH-t
2025-12-18,Long-only Tangency Portfolio,0.0118878243885675,0.0317305428717194,0.0535441478533963,False,False,Historical VaR
2025-12-18,Long-only Tangency Portfolio,0.0118878243885675,0.0223704871760172,0.0308195666535986,False,False,EWMA-t
2025-12-18,Long-only Tangency Portfolio,0.0118878243885675,0.024632297025512,0.036492321412083,False,False,GARCH-t
2025-12-19,Long-only Tangency Portfolio,0.0248844604599581,0.0317305428717194,0.0535441478533963,False,False,Historical VaR
2025-12-19,Long-only Tangency Portfolio,0.0248844604599581,0.0221817648234799,0.0305595660073328,False,False,EWMA-t
2025-12-19,Long-only Tangency Portfolio,0.0248844604599581,0.0239413859544955,0.0355011530701094,False,False,GARCH-t
2025-12-22,Long-only Tangency Portfolio,0.0046847501492412,0.0317305428717194,0.0535441478533963,False,False,Historical VaR
2025-12-22,Long-only Tangency Portfolio,0.0046847501492412,0.0236058424910248,0.032521501670578,False,False,EWMA-t
2025-12-22,Long-only Tangency Portfolio,0.0046847501492412,0.0253998220963232,0.0375933987920413,False,False,GARCH-t
2025-12-23,Long-only Tangency Portfolio,0.0194226168814105,0.0317305428717194,0.0535441478533963,False,False,Historical VaR
2025-12-23,Long-only Tangency Portfolio,0.0194226168814105,0.0229599422974506,0.0316316522939953,False,False,EWMA-t
2025-12-23,Long-only Tangency Portfolio,0.0194226168814105,0.0242106864119758,0.0358874865638553,False,False,GARCH-t
2025-12-24,Long-only Tangency Portfolio,0.0003272231307396,0.0317305428717194,0.0535441478533963,False,False,Historical VaR
2025-12-24,Long-only Tangency Portfolio,0.0003272231307396,0.0235209897016305,0.0324046009442816,False,False,EWMA-t
2025-12-24,Long-only Tangency Portfolio,0.0003272231307396,0.0245709682957043,0.0364043403418863,False,False,GARCH-t
2025-12-26,Long-only Tangency Portfolio,0.0052524469309671,0.0317305428717194,0.0535441478533963,False,False,Historical VaR
2025-12-26,Long-only Tangency Portfolio,0.0052524469309671,0.0228048047310069,0.0314179210269081,False,False,EWMA-t
2025-12-26,Long-only Tangency Portfolio,0.0052524469309671,0.0234733647068143,0.0348297383779262,False,False,GARCH-t
2025-12-29,Long-only Tangency Portfolio,-0.0065116996010825,0.0317305428717194,0.0535441478533963,False,False,Historical VaR
2025-12-29,Long-only Tangency Portfolio,-0.0065116996010825,0.0222053111600063,0.0305920055283102,False,False,EWMA-t
2025-12-29,Long-only Tangency Portfolio,-0.0065116996010825,0.0224973674693204,0.0334295906537996,False,False,GARCH-t
2025-12-30,Long-only Tangency Portfolio,-0.0030107435222475,0.0317305428717194,0.0535441478533963,False,False,Historical VaR
2025-12-30,Long-only Tangency Portfolio,-0.0030107435222475,0.0216789696307351,0.0298668707685576,False,False,EWMA-t
2025-12-30,Long-only Tangency Portfolio,-0.0030107435222475,0.0220575477812284,0.0327986334014109,False,False,GARCH-t
2025-12-31,Long-only Tangency Portfolio,-0.0052172433236496,0.0317305428717194,0.0535441478533963,False,False,Historical VaR
2025-12-31,Long-only Tangency Portfolio,-0.0052172433236496,0.0210515012209452,0.0290024146516036,False,False,EWMA-t
2025-12-31,Long-only Tangency Portfolio,-0.0052172433236496,0.021379000277347,0.0318252016059369,False,False,GARCH-t
2026-01-02,Long-only Tangency Portfolio,0.0052082883938459,0.0317305428717194,0.0535441478533963,False,False,Historical VaR
2026-01-02,Long-only Tangency Portfolio,0.0052082883938459,0.0205119392493075,0.0282590662382324,False,False,EWMA-t
2026-01-02,Long-only Tangency Portfolio,0.0052082883938459,0.0209529072884002,0.0312139364242115,False,False,GARCH-t
2026-01-05,Long-only Tangency Portfolio,-0.0075879776180243,0.0317305428717194,0.0535441478533963,False,False,Historical VaR
2026-01-05,Long-only Tangency Portfolio,-0.0075879776180243,0.0199911200629575,0.0275415395477365,False,False,EWMA-t
2026-01-05,Long-only Tangency Portfolio,-0.0075879776180243,0.0202509943506984,0.030206985006212,False,False,GARCH-t
2026-01-06,Long-only Tangency Portfolio,-0.0093394388229773,0.0317305428717194,0.0535441478533963,False,False,Historical VaR
2026-01-06,Long-only Tangency Portfolio,-0.0093394388229773,0.0196080091724295,0.0270137320157215,False,False,EWMA-t
2026-01-06,Long-only Tangency Portfolio,-0.0093394388229773,0.0202252088618334,0.0301699936171354,False,False,GARCH-t
2026-01-07,Long-only Tangency Portfolio,0.0031391413119068,0.0317305428717194,0.0535441478533963,False,False,Historical VaR
2026-01-07,Long-only Tangency Portfolio,0.0031391413119068,0.0193584281723406,0.0266698871004459,False,False,EWMA-t
2026-01-07,Long-only Tangency Portfolio,0.0031391413119068,0.020434760495628,0.0304706125450105,False,False,GARCH-t
2026-01-08,Long-only Tangency Portfolio,-0.0147158015614724,0.0317305428717194,0.0535441478533963,False,False,Historical VaR
2026-01-08,Long-only Tangency Portfolio,-0.0147158015614724,0.0188088078475777,0.0259126814079672,False,False,EWMA-t
2026-01-08,Long-only Tangency Portfolio,-0.0147158015614724,0.0197535906696887,0.0294934188144406,False,False,GARCH-t
2026-01-09,Long-only Tangency Portfolio,2.557079550990424e-05,0.0317305428717194,0.0535441478533963,False,False,Historical VaR
2026-01-09,Long-only Tangency Portfolio,2.557079550990424e-05,0.0191225571997016,0.0263449303346098,False,False,EWMA-t
2026-01-09,Long-only Tangency Portfolio,2.557079550990424e-05,0.0209652798612431,0.0312316858901343,False,False,GARCH-t
2026-01-12,Long-only Tangency Portfolio,0.0013978501643749,0.0285598071750423,0.0527107454999678,False,False,Historical VaR
2026-01-12,Long-only Tangency Portfolio,0.0013978501643749,0.0185400097693831,0.025542361341976,False,False,EWMA-t
2026-01-12,Long-only Tangency Portfolio,0.0013978501643749,0.020264531649926,0.0302264053672296,False,False,GARCH-t
2026-01-13,Long-only Tangency Portfolio,0.0033835920319883,0.0285598071750423,0.0527107454999678,False,False,Historical VaR
2026-01-13,Long-only Tangency Portfolio,0.0033835920319883,0.017983518928924,0.0247756902178875,False,False,EWMA-t
2026-01-13,Long-only Tangency Portfolio,0.0033835920319883,0.0196110059980301,0.0292888694613802,False,False,GARCH-t
2026-01-14,Long-only Tangency Portfolio,-0.0107842380759693,0.0285598071750423,0.0527107454999678,False,False,Historical VaR
2026-01-14,Long-only Tangency Portfolio,-0.0107842380759693,0.017485819581692,0.0240900154677232,False,False,EWMA-t
2026-01-14,Long-only Tangency Portfolio,-0.0107842380759693,0.0190260577523633,0.0284497134438845,False,False,GARCH-t
2026-01-15,Long-only Tangency Portfolio,0.0094530402039508,0.0285598071750423,0.0527107454999678,False,False,Historical VaR
2026-01-15,Long-only Tangency Portfolio,0.0094530402039508,0.0174699592440424,0.0240681648602913,False,False,EWMA-t
2026-01-15,Long-only Tangency Portfolio,0.0094530402039508,0.0196427997876616,0.0293344802484643,False,False,GARCH-t
2026-01-16,Long-only Tangency Portfolio,-0.0062769399555281,0.0285598071750423,0.0527107454999678,False,False,Historical VaR
2026-01-16,Long-only Tangency Portfolio,-0.0062769399555281,0.017336586827829,0.023884419194008,False,False,EWMA-t
2026-01-16,Long-only Tangency Portfolio,-0.0062769399555281,0.0192330033641274,0.0287262229512217,False,False,GARCH-t
2026-01-20,Long-only Tangency Portfolio,-0.0390210421098477,0.0285598071750423,0.0527107454999678,True,False,Historical VaR
2026-01-20,Long-only Tangency Portfolio,-0.0390210421098477,0.0169867881837375,0.0234025055663748,True,True,EWMA-t
2026-01-20,Long-only Tangency Portfolio,-0.0390210421098477,0.0191736192386629,0.0286410313477495,True,True,GARCH-t
2026-01-21,Long-only Tangency Portfolio,0.0175906761813861,0.0317305428717194,0.0534185230962203,False,False,Historical VaR
2026-01-21,Long-only Tangency Portfolio,0.0175906761813861,0.0224535571530785,0.0309340112195489,False,False,EWMA-t
2026-01-21,Long-only Tangency Portfolio,0.0175906761813861,0.0277357376030904,0.0409241219359972,False,False,GARCH-t
2026-01-22,Long-only Tangency Portfolio,0.0064589126025979,0.0317305428717194,0.0534185230962203,False,False,Historical VaR
2026-01-22,Long-only Tangency Portfolio,0.0064589126025979,0.0228308447426959,0.0314537960558959,False,False,EWMA-t
2026-01-22,Long-only Tangency Portfolio,0.0064589126025979,0.0273351203600688,0.0403494022605845,False,False,GARCH-t
2026-01-23,Long-only Tangency Portfolio,0.0095579758558522,0.0317305428717194,0.0534185230962203,False,False,Historical VaR
2026-01-23,Long-only Tangency Portfolio,0.0095579758558522,0.0222790106706206,0.0306935405088336,False,False,EWMA-t
2026-01-23,Long-only Tangency Portfolio,0.0095579758558522,0.026008981569841,0.0384469428224352,False,False,GARCH-t
2026-01-26,Long-only Tangency Portfolio,0.0081744603967942,0.0317305428717194,0.0534185230962203,False,False,Historical VaR
2026-01-26,Long-only Tangency Portfolio,0.0081744603967942,0.0219214042764491,0.0302008702324018,False,False,EWMA-t
2026-01-26,Long-only Tangency Portfolio,0.0081744603967942,0.0249785226493994,0.0369686614289147,False,False,GARCH-t
2026-01-27,Long-only Tangency Portfolio,0.0114825389321185,0.0317305428717194,0.0534185230962203,False,False,Historical VaR
2026-01-27,Long-only Tangency Portfolio,0.0114825389321185,0.0214927214107941,0.0296102787067299,False,False,EWMA-t
2026-01-27,Long-only Tangency Portfolio,0.0114825389321185,0.023969576703159,0.0355212422355754,False,False,GARCH-t
2026-01-28,Long-only Tangency Portfolio,0.0064933668395193,0.0317305428717194,0.0534185230962203,False,False,Historical VaR
2026-01-28,Long-only Tangency Portfolio,0.0064933668395193,0.0213164314076605,0.0293674059673394,False,False,EWMA-t
2026-01-28,Long-only Tangency Portfolio,0.0064933668395193,0.0233183692170084,0.0345870294387324,False,False,GARCH-t
2026-01-29,Long-only Tangency Portfolio,0.0019962410200516,0.0285598071750423,0.0490883795500285,False,False,Historical VaR
2026-01-29,Long-only Tangency Portfolio,0.0019962410200516,0.0208225068714046,0.0286869317314762,False,False,EWMA-t
2026-01-29,Long-only Tangency Portfolio,0.0019962410200516,0.022400645639376,0.0332704765298328,False,False,GARCH-t
2026-01-30,Long-only Tangency Portfolio,-0.0026032086004451,0.0285598071750423,0.0490883795500285,False,False,Historical VaR
2026-01-30,Long-only Tangency Portfolio,-0.0026032086004451,0.0202032616719647,0.0278338046382264,False,False,EWMA-t
2026-01-30,Long-only Tangency Portfolio,-0.0026032086004451,0.0214986126195608,0.0319764330671761,False,False,GARCH-t
2026-02-02,Long-only Tangency Portfolio,-0.0015071548993692,0.0285598071750423,0.0490883795500285,False,False,Historical VaR
2026-02-02,Long-only Tangency Portfolio,-0.0015071548993692,0.0196142328972305,0.0270223063708452,False,False,EWMA-t
2026-02-02,Long-only Tangency Portfolio,-0.0015071548993692,0.0208480025380151,0.0310430772982983,False,False,GARCH-t
2026-02-03,Long-only Tangency Portfolio,-0.018172756189303,0.0285598071750423,0.0490883795500285,False,False,Historical VaR
2026-02-03,Long-only Tangency Portfolio,-0.018172756189303,0.0190258383959905,0.0262116819348689,False,False,EWMA-t
2026-02-03,Long-only Tangency Portfolio,-0.018172756189303,0.020211259579745,0.0301296151029665,False,False,GARCH-t
2026-02-04,Long-only Tangency Portfolio,-0.0092744076369744,0.0285598071750423,0.0490883795500285,False,False,Historical VaR
2026-02-04,Long-only Tangency Portfolio,-0.0092744076369744,0.0197682329744889,0.0272344705319733,False,False,EWMA-t
2026-02-04,Long-only Tangency Portfolio,-0.0092744076369744,0.0220461986408721,0.0327619920162988,False,False,GARCH-t
2026-02-05,Long-only Tangency Portfolio,-0.0103026185307517,0.0266180269653644,0.0489121381257596,False,False,Historical VaR
2026-02-05,Long-only Tangency Portfolio,-0.0103026185307517,0.0195062564331399,0.0268735484199845,False,False,EWMA-t
2026-02-05,Long-only Tangency Portfolio,-0.0103026185307517,0.0219713935718416,0.0326546777512709,False,False,GARCH-t
2026-02-06,Long-only Tangency Portfolio,0.0490975506814084,0.0266180269653644,0.0489121381257596,False,False,Historical VaR
2026-02-06,Long-only Tangency Portfolio,0.0490975506814084,0.0193365364639633,0.0266397271419173,False,False,EWMA-t
2026-02-06,Long-only Tangency Portfolio,0.0490975506814084,0.022047297532309,0.0327635684699861,False,False,GARCH-t
2026-02-09,Long-only Tangency Portfolio,0.011018185412321,0.0266180269653644,0.0489121381257596,False,False,Historical VaR
2026-02-09,Long-only Tangency Portfolio,0.011018185412321,0.0268369438418463,0.0369729533829456,False,False,EWMA-t
2026-02-09,Long-only Tangency Portfolio,0.011018185412321,0.0313305880556647,0.046081242157977,False,False,GARCH-t
2026-02-10,Long-only Tangency Portfolio,-0.005895857422107,0.0266180269653644,0.0489121381257596,False,False,Historical VaR
2026-02-10,Long-only Tangency Portfolio,-0.005895857422107,0.0263738382748815,0.0363349380917978,False,False,EWMA-t
2026-02-10,Long-only Tangency Portfolio,-0.005895857422107,0.0298610597920866,0.0439730782649721,False,False,GARCH-t
2026-02-11,Long-only Tangency Portfolio,0.0063726494023373,0.0266180269653644,0.0489121381257596,False,False,Historical VaR
2026-02-11,Long-only Tangency Portfolio,0.0063726494023373,0.0256741529175728,0.035370989504695,False,False,EWMA-t
2026-02-11,Long-only Tangency Portfolio,0.0063726494023373,0.0285452312246978,0.0420854097226882,False,False,GARCH-t
2026-02-12,Long-only Tangency Portfolio,-0.0289996082915718,0.0266180269653644,0.0489121381257596,True,False,Historical VaR
2026-02-12,Long-only Tangency Portfolio,-0.0289996082915718,0.0250164899220019,0.0344649346491114,True,False,EWMA-t
2026-02-12,Long-only Tangency Portfolio,-0.0289996082915718,0.0270993385904547,0.0400111531600745,True,False,GARCH-t
2026-02-13,Long-only Tangency Portfolio,-0.0215591352294362,0.0281906608948952,0.0490252776217982,False,False,Historical VaR
2026-02-13,Long-only Tangency Portfolio,-0.0215591352294362,0.0267754138197316,0.0368881841688091,False,False,EWMA-t
2026-02-13,Long-only Tangency Portfolio,-0.0215591352294362,0.0301598239521106,0.044401680987558,False,False,GARCH-t
2026-02-17,Long-only Tangency Portfolio,0.0186398753060319,0.0281906608948952,0.0490252776217982,False,False,Historical VaR
2026-02-17,Long-only Tangency Portfolio,0.0186398753060319,0.0272948545201011,0.0376038117347921,False,False,EWMA-t
2026-02-17,Long-only Tangency Portfolio,0.0186398753060319,0.0309312728313466,0.0455724452880625,False,False,GARCH-t
2026-02-18,Long-only Tangency Portfolio,0.0103102297814323,0.0281906608948952,0.0490252776217982,False,False,Historical VaR
2026-02-18,Long-only Tangency Portfolio,0.0103102297814323,0.0274491988609849,0.0378164501840153,False,False,EWMA-t
2026-02-18,Long-only Tangency Portfolio,0.0103102297814323,0.0302978105032722,0.0446622139044528,False,False,GARCH-t
2026-02-19,Long-only Tangency Portfolio,-0.0057879473402702,0.0281906608948952,0.0490252776217982,False,False,Historical VaR
2026-02-19,Long-only Tangency Portfolio,-0.0057879473402702,0.026916765255248,0.0370829224395585,False,False,EWMA-t
2026-02-19,Long-only Tangency Portfolio,-0.0057879473402702,0.0289123903571878,0.0426714832160398,False,False,GARCH-t
2026-02-20,Long-only Tangency Portfolio,0.0117052705634986,0.0281906608948952,0.0490252776217982,False,False,Historical VaR
2026-02-20,Long-only Tangency Portfolio,0.0117052705634986,0.0261947741098774,0.0360882434210383,False,False,EWMA-t
2026-02-20,Long-only Tangency Portfolio,0.0117052705634986,0.0277095414894681,0.0409430918964389,False,False,GARCH-t
2026-02-23,Long-only Tangency Portfolio,0.0063769968283182,0.0281906608948952,0.0490252776217982,False,False,Historical VaR
2026-02-23,Long-only Tangency Portfolio,0.0063769968283182,0.0258061170170562,0.0355527949489801,False,False,EWMA-t
2026-02-23,Long-only Tangency Portfolio,0.0063769968283182,0.0266910788907388,0.0394796479325111,False,False,GARCH-t
2026-02-24,Long-only Tangency Portfolio,0.013015799785988,0.0281906608948952,0.0490252776217982,False,False,Historical VaR
2026-02-24,Long-only Tangency Portfolio,0.013015799785988,0.0251439690917619,0.034640561256545,False,False,EWMA-t
2026-02-24,Long-only Tangency Portfolio,0.013015799785988,0.0254561709911804,0.0377051905161363,False,False,GARCH-t
2026-02-25,Long-only Tangency Portfolio,0.0121776893466728,0.0281906608948952,0.0490252776217982,False,False,Historical VaR
2026-02-25,Long-only Tangency Portfolio,0.0121776893466728,0.0249038447745459,0.0343097447060891,False,False,EWMA-t
2026-02-25,Long-only Tangency Portfolio,0.0121776893466728,0.0248077420784481,0.0367734534257823,False,False,GARCH-t
2026-02-26,Long-only Tangency Portfolio,-0.0330892253081163,0.0281906608948952,0.0490252776217982,True,False,Historical VaR
2026-02-26,Long-only Tangency Portfolio,-0.0330892253081163,0.0246104615645864,0.0339055539826932,True,False,EWMA-t
2026-02-26,Long-only Tangency Portfolio,-0.0330892253081163,0.0241513044929913,0.0358302085551994,True,False,GARCH-t
2026-02-27,Long-only Tangency Portfolio,-0.0372371562559077,0.0308399359490168,0.0493398635461478,True,False,Historical VaR
2026-02-27,Long-only Tangency Portfolio,-0.0372371562559077,0.0271445183234278,0.0373966952604228,True,False,EWMA-t
2026-02-27,Long-only Tangency Portfolio,-0.0372371562559077,0.0290200805937675,0.0428262249089533,True,False,GARCH-t
2026-03-02,Long-only Tangency Portfolio,0.0185217208216833,0.0335286534439725,0.0496589351575164,False,False,Historical VaR
2026-03-02,Long-only Tangency Portfolio,0.0185217208216833,0.0300787260867559,0.0414391200420496,False,False,EWMA-t
2026-03-02,Long-only Tangency Portfolio,0.0185217208216833,0.0338536877059662,0.0497717064231212,False,False,GARCH-t
2026-03-03,Long-only Tangency Portfolio,-0.0085718919658221,0.0308399359490168,0.0480214170003354,False,False,Historical VaR
2026-03-03,Long-only Tangency Portfolio,-0.0085718919658221,0.0300486984446055,0.0413977512997677,False,False,EWMA-t
2026-03-03,Long-only Tangency Portfolio,-0.0085718919658221,0.0328676257603117,0.0483548194365717,False,False,GARCH-t
2026-03-04,Long-only Tangency Portfolio,0.0078657563826455,0.0308399359490168,0.0480214170003354,False,False,Historical VaR
2026-03-04,Long-only Tangency Portfolio,0.0078657563826455,0.029325567843064,0.0404015024653947,False,False,EWMA-t
2026-03-04,Long-only Tangency Portfolio,0.0078657563826455,0.0314887623995892,0.0463735102899735,False,False,GARCH-t
2026-03-05,Long-only Tangency Portfolio,-0.0018376481618527,0.0281906608948952,0.0458740832090412,False,False,Historical VaR
2026-03-05,Long-only Tangency Portfolio,-0.0018376481618527,0.0285981485834436,0.0393993451953905,False,False,EWMA-t
2026-03-05,Long-only Tangency Portfolio,-0.0018376481618527,0.0298570972445101,0.0440289465079248,False,False,GARCH-t
2026-03-06,Long-only Tangency Portfolio,-0.0216868251224152,0.0281906608948952,0.0458740832090412,False,False,Historical VaR
2026-03-06,Long-only Tangency Portfolio,-0.0216868251224152,0.0277362477869594,0.0382119142361527,False,False,EWMA-t
2026-03-06,Long-only Tangency Portfolio,-0.0216868251224152,0.0283419303345624,0.0418517807764854,False,False,GARCH-t
2026-03-09,Long-only Tangency Portfolio,0.0193059268020134,0.0281906608948952,0.0458740832090412,False,False,Historical VaR
2026-03-09,Long-only Tangency Portfolio,0.0193059268020134,0.0281973025734756,0.0388471041903182,False,False,EWMA-t
2026-03-09,Long-only Tangency Portfolio,0.0193059268020134,0.0294364175595875,0.0434244656498008,False,False,GARCH-t
2026-03-10,Long-only Tangency Portfolio,0.0077573208394252,0.0266180269653644,0.0453712418679937,False,False,Historical VaR
2026-03-10,Long-only Tangency Portfolio,0.0077573208394252,0.0283619255064543,0.0390739033393814,False,False,EWMA-t
2026-03-10,Long-only Tangency Portfolio,0.0077573208394252,0.0290767419627532,0.0429076424676673,False,False,GARCH-t
2026-03-11,Long-only Tangency Portfolio,0.003843019001508,0.0266180269653644,0.0453712418679937,False,False,Historical VaR
2026-03-11,Long-only Tangency Portfolio,0.003843019001508,0.0276647834928865,0.0381134586881263,False,False,EWMA-t
2026-03-11,Long-only Tangency Portfolio,0.003843019001508,0.0276673869209194,0.0408825193737252,False,False,GARCH-t
2026-03-12,Long-only Tangency Portfolio,-0.0167134744014056,0.0254954910601353,0.043578823728254,False,False,Historical VaR
2026-03-12,Long-only Tangency Portfolio,-0.0167134744014056,0.0268640851303676,0.0370103456285441,False,False,EWMA-t
2026-03-12,Long-only Tangency Portfolio,-0.0167134744014056,0.0262784024153225,0.0388866670044372,False,False,GARCH-t
2026-03-13,Long-only Tangency Portfolio,-0.0182055007986125,0.0254954910601353,0.043578823728254,False,False,Historical VaR
2026-03-13,Long-only Tangency Portfolio,-0.0182055007986125,0.0268534926206661,0.0369957524479752,False,False,EWMA-t
2026-03-13,Long-only Tangency Portfolio,-0.0182055007986125,0.0267578742808143,0.039575627215939,False,False,GARCH-t
2026-03-16,Long-only Tangency Portfolio,0.0140760750166993,0.0254954910601353,0.043578823728254,False,False,Historical VaR
2026-03-16,Long-only Tangency Portfolio,0.0140760750166993,0.0269915754077517,0.0371859875388257,False,False,EWMA-t
2026-03-16,Long-only Tangency Portfolio,0.0140760750166993,0.0274327122871811,0.0405453119233389,False,False,GARCH-t
2026-03-17,Long-only Tangency Portfolio,-0.0019418934038826,0.0254954910601353,0.043578823728254,False,False,Historical VaR
2026-03-17,Long-only Tangency Portfolio,-0.0019418934038826,0.0267421397261482,0.0368423428271806,False,False,EWMA-t
2026-03-17,Long-only Tangency Portfolio,-0.0019418934038826,0.0266633550225553,0.0394116699189081,False,False,GARCH-t
2026-03-18,Long-only Tangency Portfolio,-0.0120878428179952,0.0254954910601353,0.043578823728254,False,False,Historical VaR
2026-03-18,Long-only Tangency Portfolio,-0.0120878428179952,0.0259385884641498,0.035735299360318,False,False,EWMA-t
2026-03-18,Long-only Tangency Portfolio,-0.0120878428179952,0.0254725326488929,0.03770154491535,False,False,GARCH-t
2026-03-19,Long-only Tangency Portfolio,-0.0076511163554022,0.0254954910601353,0.043578823728254,False,False,Historical VaR
2026-03-19,Long-only Tangency Portfolio,-0.0076511163554022,0.0255889363329799,0.0352535875818764,False,False,EWMA-t
2026-03-19,Long-only Tangency Portfolio,-0.0076511163554022,0.0253327463606566,0.037500799588461,False,False,GARCH-t
2026-03-20,Long-only Tangency Portfolio,-0.0210782734146892,0.0254954910601353,0.043578823728254,False,False,Historical VaR
2026-03-20,Long-only Tangency Portfolio,-0.0210782734146892,0.0249892189958167,0.0344273638031724,False,False,EWMA-t
2026-03-20,Long-only Tangency Portfolio,-0.0210782734146892,0.0246833109226105,0.0365681535403492,False,False,GARCH-t
2026-03-23,Long-only Tangency Portfolio,0.0153685265256256,0.0254954910601353,0.043578823728254,False,False,Historical VaR
2026-03-23,Long-only Tangency Portfolio,0.0153685265256256,0.0255921607279536,0.035258029794289,False,False,EWMA-t
2026-03-23,Long-only Tangency Portfolio,0.0153685265256256,0.0262648928807563,0.0388394434586628,False,False,GARCH-t
2026-03-24,Long-only Tangency Portfolio,-0.0022168860936368,0.0254954910601353,0.043578823728254,False,False,Historical VaR
2026-03-24,Long-only Tangency Portfolio,-0.0022168860936368,0.0255302232782656,0.0351726992718023,False,False,EWMA-t
2026-03-24,Long-only Tangency Portfolio,-0.0022168860936368,0.0257870072314169,0.0381531579001681,False,False,GARCH-t
2026-03-25,Long-only Tangency Portfolio,0.012762854632869,0.0254954910601353,0.043578823728254,False,False,Historical VaR
2026-03-25,Long-only Tangency Portfolio,0.012762854632869,0.0247676515894761,0.0341221128985206,False,False,EWMA-t
2026-03-25,Long-only Tangency Portfolio,0.012762854632869,0.0246951549571812,0.0365851626091326,False,False,GARCH-t
2026-03-26,Long-only Tangency Portfolio,-0.0240528761886837,0.0254954910601353,0.043578823728254,False,False,Historical VaR
2026-03-26,Long-only Tangency Portfolio,-0.0240528761886837,0.0245264825492707,0.0337898570450422,False,False,EWMA-t
2026-03-26,Long-only Tangency Portfolio,-0.0240528761886837,0.0241162544165601,0.0357538108383015,False,False,GARCH-t
2026-03-27,Long-only Tangency Portfolio,-0.0197032281990332,0.0254954910601353,0.043578823728254,False,False,Historical VaR
2026-03-27,Long-only Tangency Portfolio,-0.0197032281990332,0.0255725838948445,0.0352310590131824,False,False,EWMA-t
2026-03-27,Long-only Tangency Portfolio,-0.0197032281990332,0.0264876337267946,0.0391593187805819,False,False,GARCH-t
2026-03-30,Long-only Tangency Portfolio,-0.0112159541219289,0.0245631149846747,0.0426419164629124,False,False,Historical VaR
2026-03-30,Long-only Tangency Portfolio,-0.0112159541219289,0.0259635646765951,0.0357697088051439,False,False,EWMA-t
2026-03-30,Long-only Tangency Portfolio,-0.0112159541219289,0.0274756640464659,0.0405782166710767,False,False,GARCH-t
2026-03-31,Long-only Tangency Portfolio,0.0445600697290377,0.0245631149846747,0.0426419164629124,False,False,Historical VaR
2026-03-31,Long-only Tangency Portfolio,0.0445600697290377,0.0255519868544988,0.0352026827041281,False,False,EWMA-t
2026-03-31,Long-only Tangency Portfolio,0.0445600697290377,0.0269717268212996,0.0398545187728501,False,False,GARCH-t
2026-04-01,Long-only Tangency Portfolio,0.0071787506030422,0.0245631149846747,0.0426419164629124,False,False,Historical VaR
2026-04-01,Long-only Tangency Portfolio,0.0071787506030422,0.030289842679748,0.0417299729795921,False,False,EWMA-t
2026-04-01,Long-only Tangency Portfolio,0.0071787506030422,0.0329376587403835,0.0484221184165932,False,False,GARCH-t
2026-04-02,Long-only Tangency Portfolio,0.0062232968640439,0.0245631149846747,0.0426419164629124,False,False,Historical VaR
2026-04-02,Long-only Tangency Portfolio,0.0062232968640439,0.0295010087690307,0.0406432054407951,False,False,EWMA-t
2026-04-02,Long-only Tangency Portfolio,0.0062232968640439,0.031165458328362,0.0458770837389248,False,False,GARCH-t
2026-04-06,Long-only Tangency Portfolio,0.005200023359855,0.0245631149846747,0.0426419164629124,False,False,Historical VaR
2026-04-06,Long-only Tangency Portfolio,0.005200023359855,0.0287056707815665,0.0395474773091758,False,False,EWMA-t
2026-04-06,Long-only Tangency Portfolio,0.005200023359855,0.0295209221052272,0.0435153859940374,False,False,GARCH-t
2026-04-07,Long-only Tangency Portfolio,-0.0065863346130756,0.0245631149846747,0.0426419164629124,False,False,Historical VaR
2026-04-07,Long-only Tangency Portfolio,-0.0065863346130756,0.0279053946764539,0.0384449459888367,False,False,EWMA-t
2026-04-07,Long-only Tangency Portfolio,-0.0065863346130756,0.0279990896312526,0.0413299015569533,False,False,GARCH-t
2026-04-08,Long-only Tangency Portfolio,0.0213085270366623,0.0238937333500391,0.0382158848628726,False,False,Historical VaR
2026-04-08,Long-only Tangency Portfolio,0.0213085270366623,0.0271776445446556,0.0374423328799829,False,False,EWMA-t
2026-04-08,Long-only Tangency Portfolio,0.0213085270366623,0.0269631753462378,0.0398422381072833,False,False,GARCH-t
2026-04-09,Long-only Tangency Portfolio,0.0080328638957145,0.0229515135082241,0.034514550989302,False,False,Historical VaR
2026-04-09,Long-only Tangency Portfolio,0.0080328638957145,0.027636301681282,0.0380742196190684,False,False,EWMA-t
2026-04-09,Long-only Tangency Portfolio,0.0080328638957145,0.0272409433437795,0.0402411372280004,False,False,GARCH-t
2026-04-10,Long-only Tangency Portfolio,0.0145275637901975,0.0229515135082241,0.034514550989302,False,False,Historical VaR
2026-04-10,Long-only Tangency Portfolio,0.0145275637901975,0.0269779574250448,0.0371672261983855,False,False,EWMA-t
2026-04-10,Long-only Tangency Portfolio,0.0145275637901975,0.0260374774823907,0.0385128550710571,False,False,GARCH-t
2026-04-13,Long-only Tangency Portfolio,0.0015391698423819,0.0221657741179957,0.0341113467706589,False,False,Historical VaR
2026-04-13,Long-only Tangency Portfolio,0.0015391698423819,0.0267661486979154,0.0368754197154862,False,False,EWMA-t
2026-04-13,Long-only Tangency Portfolio,0.0015391698423819,0.0254895292191602,0.0377259534757126,False,False,GARCH-t
2026-04-14,Long-only Tangency Portfolio,0.0221807434411396,0.0221657741179957,0.0341113467706589,False,False,Historical VaR
2026-04-14,Long-only Tangency Portfolio,0.0221807434411396,0.0259577255325095,0.0357616642825132,False,False,EWMA-t
2026-04-14,Long-only Tangency Portfolio,0.0221807434411396,0.0243208143879684,0.0360475768352877,False,False,GARCH-t
2026-04-15,Long-only Tangency Portfolio,0.0200079516350648,0.0219823634718351,0.031862128821302,False,False,Historical VaR
2026-04-15,Long-only Tangency Portfolio,0.0200079516350648,0.0266202213463903,0.0366743772571112,False,False,EWMA-t
2026-04-15,Long-only Tangency Portfolio,0.0200079516350648,0.0251548660308781,0.0372099052164662,False,False,GARCH-t
2026-04-16,Long-only Tangency Portfolio,-0.0050810546889438,0.0219823634718351,0.031862128821302,False,False,Historical VaR
2026-04-16,Long-only Tangency Portfolio,-0.0050810546889438,0.0269695421714412,0.0371556325988675,False,False,EWMA-t
2026-04-16,Long-only Tangency Portfolio,-0.0050810546889438,0.0254733547947331,0.0376668779589819,False,False,GARCH-t
2026-04-17,Long-only Tangency Portfolio,0.019923053254124,0.0219823634718351,0.031862128821302,False,False,Historical VaR
2026-04-17,Long-only Tangency Portfolio,0.019923053254124,0.0262233517211477,0.0361276144722102,False,False,EWMA-t
2026-04-17,Long-only Tangency Portfolio,0.019923053254124,0.0245946554344658,0.0364061061450947,False,False,GARCH-t
2026-04-20,Long-only Tangency Portfolio,0.0047045255752762,0.0219823634718351,0.031862128821302,False,False,Historical VaR
2026-04-20,Long-only Tangency Portfolio,0.0047045255752762,0.0265918018066694,0.0366352239793216,False,False,EWMA-t
2026-04-20,Long-only Tangency Portfolio,0.0047045255752762,0.0249803576169781,0.0369595177694282,False,False,GARCH-t
2026-04-21,Long-only Tangency Portfolio,-0.0154140634921997,0.0217888491328641,0.0292417019487407,False,False,Historical VaR
2026-04-21,Long-only Tangency Portfolio,-0.0154140634921997,0.0258472859350371,0.0356095129007075,False,False,EWMA-t
2026-04-21,Long-only Tangency Portfolio,-0.0154140634921997,0.0238899716148258,0.035395014595837,False,False,GARCH-t
2026-04-22,Long-only Tangency Portfolio,0.0184984130146393,0.0217888491328641,0.0292417019487407,False,False,Historical VaR
2026-04-22,Long-only Tangency Portfolio,0.0184984130146393,0.0257748486038285,0.0355097168104469,False,False,EWMA-t
2026-04-22,Long-only Tangency Portfolio,0.0184984130146393,0.0244869841897459,0.036251617731142,False,False,GARCH-t
2026-04-23,Long-only Tangency Portfolio,-0.0092467194814234,0.0216165956812767,0.0282673752202303,False,False,Historical VaR
2026-04-23,Long-only Tangency Portfolio,-0.0092467194814234,0.0260159289207393,0.0358418504308479,False,False,EWMA-t
2026-04-23,Long-only Tangency Portfolio,-0.0092467194814234,0.0246628217453831,0.0365039122518786,False,False,GARCH-t
2026-04-24,Long-only Tangency Portfolio,0.0223134031702865,0.0216165956812767,0.0282673752202303,False,False,Historical VaR
2026-04-24,Long-only Tangency Portfolio,0.0223134031702865,0.0254813340300947,0.0351053451086679,False,False,EWMA-t
2026-04-24,Long-only Tangency Portfolio,0.0223134031702865,0.0242666554813203,0.0359354865969522,False,False,GARCH-t
2026-04-27,Long-only Tangency Portfolio,0.0181260376611406,0.0216165956812767,0.0282673752202303,False,False,Historical VaR
2026-04-27,Long-only Tangency Portfolio,0.0181260376611406,0.0262012271071007,0.0360971336421798,False,False,EWMA-t
2026-04-27,Long-only Tangency Portfolio,0.0181260376611406,0.0251202867846712,0.0371602903641806,False,False,GARCH-t
2026-04-28,Long-only Tangency Portfolio,-0.0042591169123091,0.0216165956812767,0.0282673752202303,False,False,Historical VaR
2026-04-28,Long-only Tangency Portfolio,-0.0042591169123091,0.0263737385794832,0.0363348007425774,False,False,EWMA-t
2026-04-28,Long-only Tangency Portfolio,-0.0042591169123091,0.025153858391648,0.0372084594396768,False,False,GARCH-t
2026-04-29,Long-only Tangency Portfolio,-0.0117701863027931,0.0216165956812767,0.0282673752202303,False,False,Historical VaR
2026-04-29,Long-only Tangency Portfolio,-0.0117701863027931,0.0256244921555295,0.0353025724356424,False,False,EWMA-t
2026-04-29,Long-only Tangency Portfolio,-0.0117701863027931,0.024251375239471,0.035913562262983,False,False,GARCH-t
2026-04-30,Long-only Tangency Portfolio,-0.0263976939980947,0.0216165956812767,0.0282673752202303,True,False,Historical VaR
2026-04-30,Long-only Tangency Portfolio,-0.0263976939980947,0.0252667825311743,0.0348097599401564,True,False,EWMA-t
2026-04-30,Long-only Tangency Portfolio,-0.0263976939980947,0.0242276464480154,0.0358795158157024,True,False,GARCH-t
2026-05-01,Long-only Tangency Portfolio,0.0099267027552934,0.0217888491328641,0.0286297497491287,False,False,Historical VaR
2026-05-01,Long-only Tangency Portfolio,0.0099267027552934,0.0265838990185746,0.0366243363977271,False,False,EWMA-t
2026-05-01,Long-only Tangency Portfolio,0.0099267027552934,0.0271259378988725,0.0400380304737298,False,False,GARCH-t
2026-05-06,Long-only Tangency Portfolio,0.0395707842308333,0.0217888491328641,0.0286297497491287,False,False,Historical VaR
2026-05-06,Long-only Tangency Portfolio,0.0395707842308333,0.0260648310565426,0.0359092223491272,False,False,EWMA-t
2026-05-06,Long-only Tangency Portfolio,0.0395707842308333,0.0260557774580977,0.0385025472572,False,False,GARCH-t
2026-05-07,Long-only Tangency Portfolio,0.010682321965535,0.0217888491328641,0.0286297497491287,False,False,Historical VaR
2026-05-07,Long-only Tangency Portfolio,0.010682321965535,0.0296335363619221,0.0408257872035623,False,False,EWMA-t
2026-05-07,Long-only Tangency Portfolio,0.010682321965535,0.0307096051497602,0.0451799332274718,False,False,GARCH-t
2026-05-08,Long-only Tangency Portfolio,0.017478984529754,0.0217888491328641,0.0286297497491287,False,False,Historical VaR
2026-05-08,Long-only Tangency Portfolio,0.017478984529754,0.0290329784397371,0.0399984053604001,False,False,EWMA-t
2026-05-08,Long-only Tangency Portfolio,0.017478984529754,0.0293359557780674,0.0432089992672293,False,False,GARCH-t
2026-05-11,Long-only Tangency Portfolio,0.010266763253876,0.0217888491328641,0.0286297497491287,False,False,Historical VaR
2026-05-11,Long-only Tangency Portfolio,0.010266763253876,0.0289667876502811,0.0399072150599188,False,False,EWMA-t
2026-05-11,Long-only Tangency Portfolio,0.010266763253876,0.0287530634201786,0.0423726560438396,False,False,GARCH-t
2026-05-12,Long-only Tangency Portfolio,0.005871838270469,0.0217888491328641,0.0286297497491287,False,False,Historical VaR
2026-05-12,Long-only Tangency Portfolio,0.005871838270469,0.0283699616315574,0.039084974617861,False,False,EWMA-t
2026-05-12,Long-only Tangency Portfolio,0.005871838270469,0.0275427872932975,0.0406361326129723,False,False,GARCH-t
2026-05-13,Long-only Tangency Portfolio,0.0182674548966413,0.0217888491328641,0.0286297497491287,False,False,Historical VaR
2026-05-13,Long-only Tangency Portfolio,0.0182674548966413,0.0276014083869749,0.0380261475229535,False,False,EWMA-t
2026-05-13,Long-only Tangency Portfolio,0.0182674548966413,0.0262360164525763,0.0387611570323713,False,False,GARCH-t
2026-05-14,Long-only Tangency Portfolio,0.0247804668026709,0.0217888491328641,0.0286297497491287,False,False,Historical VaR
2026-05-14,Long-only Tangency Portfolio,0.0247804668026709,0.0276979210123733,0.0381591118731697,False,False,EWMA-t
2026-05-14,Long-only Tangency Portfolio,0.0247804668026709,0.0261418495547068,0.0386260448700056,False,False,GARCH-t
2026-05-15,Long-only Tangency Portfolio,-0.0216584875069972,0.0217888491328641,0.0286297497491287,False,False,Historical VaR
2026-05-15,Long-only Tangency Portfolio,-0.0216584875069972,0.0285496270428313,0.0393324976187923,False,False,EWMA-t
2026-05-15,Long-only Tangency Portfolio,-0.0216584875069972,0.027084112992767,0.039910757815856,False,False,GARCH-t
2026-05-18,Long-only Tangency Portfolio,-0.0142320268324113,0.0217888491328641,0.0286297497491287,False,False,Historical VaR
2026-05-18,Long-only Tangency Portfolio,-0.0142320268324113,0.028947104025456,0.0398800971530754,False,False,EWMA-t
2026-05-18,Long-only Tangency Portfolio,-0.0142320268324113,0.02834514543615,0.0417162641167445,False,False,GARCH-t
2026-05-19,Long-only Tangency Portfolio,-0.0044698511943741,0.0217888491328641,0.0286297497491287,False,False,Historical VaR
2026-05-19,Long-only Tangency Portfolio,-0.0044698511943741,0.0286119499121874,0.0394183591295878,False,False,EWMA-t
2026-05-19,Long-only Tangency Portfolio,-0.0044698511943741,0.0281378530867003,0.0414194694981593,False,False,GARCH-t
2026-05-20,Long-only Tangency Portfolio,0.0093995213870824,0.0217888491328641,0.0286297497491287,False,False,Historical VaR
2026-05-20,Long-only Tangency Portfolio,0.0093995213870824,0.0277953486777247,0.0382933368635589,False,False,EWMA-t
2026-05-20,Long-only Tangency Portfolio,0.0093995213870824,0.0269509104196235,0.0397200425917021,False,False,GARCH-t
2026-05-21,Long-only Tangency Portfolio,-0.0048671497888947,0.0217888491328641,0.0286297497491287,False,False,Historical VaR
2026-05-21,Long-only Tangency Portfolio,-0.0048671497888947,0.0271981968802967,0.0374706475998723,False,False,EWMA-t
2026-05-21,Long-only Tangency Portfolio,-0.0048671497888947,0.025862566655993,0.0381617864714267,False,False,GARCH-t
2026-05-22,Long-only Tangency Portfolio,-0.0008091747068322,0.0217888491328641,0.0286297497491287,False,False,Historical VaR
2026-05-22,Long-only Tangency Portfolio,-0.0008091747068322,0.0264382529289588,0.0364236814306971,False,False,EWMA-t
2026-05-22,Long-only Tangency Portfolio,-0.0008091747068322,0.0249326288251627,0.0368303309471785,False,False,GARCH-t
2026-05-26,Long-only Tangency Portfolio,0.0045570695780943,0.0217888491328641,0.0286297497491287,False,False,Historical VaR
2026-05-26,Long-only Tangency Portfolio,0.0045570695780943,0.0256347909404725,0.0353167609549403,False,False,EWMA-t
2026-05-26,Long-only Tangency Portfolio,0.0045570695780943,0.0238851321930658,0.0353305584557296,False,False,GARCH-t
2026-05-27,Long-only Tangency Portfolio,-0.0148253640221384,0.0217888491328641,0.0286297497491287,False,False,Historical VaR
2026-05-27,Long-only Tangency Portfolio,-0.0148253640221384,0.0249176793765828,0.0343288044805253,False,False,EWMA-t
2026-05-27,Long-only Tangency Portfolio,-0.0148253640221384,0.0229020726141711,0.0339230448955855,False,False,GARCH-t
2026-05-28,Long-only Tangency Portfolio,0.0046903963315974,0.0217888491328641,0.0286297497491287,False,False,Historical VaR
2026-05-28,Long-only Tangency Portfolio,0.0046903963315974,0.0248447103550982,0.0342282758865972,False,False,EWMA-t
2026-05-28,Long-only Tangency Portfolio,0.0046903963315974,0.0235506560178858,0.034851666064853,False,False,GARCH-t
2026-05-29,Long-only Tangency Portfolio,0.0014088897678914,0.0217888491328641,0.0286297497491287,False,False,Historical VaR
2026-05-29,Long-only Tangency Portfolio,0.0014088897678914,0.0241575961289231,0.0332816464043862,False,False,EWMA-t
2026-05-29,Long-only Tangency Portfolio,0.0014088897678914,0.0226039578046691,0.0334962135561,False,False,GARCH-t
2026-06-01,Long-only Tangency Portfolio,0.0235157903608484,0.0217888491328641,0.0286297497491287,False,False,Historical VaR
2026-06-01,Long-only Tangency Portfolio,0.0235157903608484,0.0234281397506609,0.0322766826191163,False,False,EWMA-t
2026-06-01,Long-only Tangency Portfolio,0.0235157903608484,0.021739083132565,0.0322579134012097,False,False,GARCH-t
2026-06-02,Long-only Tangency Portfolio,0.0176910563221672,0.0217888491328641,0.0286297497491287,False,False,Historical VaR
2026-06-02,Long-only Tangency Portfolio,0.0176910563221672,0.0245058855165403,0.0337614807464794,False,False,EWMA-t
2026-06-02,Long-only Tangency Portfolio,0.0176910563221672,0.0232415891574486,0.0344091539258171,False,False,GARCH-t
2026-06-03,Long-only Tangency Portfolio,-0.0260625317200048,0.0217888491328641,0.0286297497491287,True,False,Historical VaR
2026-06-03,Long-only Tangency Portfolio,-0.0260625317200048,0.024746370760837,0.0340927945420841,True,False,EWMA-t
2026-06-03,Long-only Tangency Portfolio,-0.0260625317200048,0.0234564508911393,0.0347167861489482,True,False,GARCH-t
2026-06-04,Long-only Tangency Portfolio,-0.0119733917342466,0.0219823634718351,0.0289489025625418,False,False,Historical VaR
2026-06-04,Long-only Tangency Portfolio,-0.0119733917342466,0.026068145473361,0.035913788583615,False,False,EWMA-t
2026-06-04,Long-only Tangency Portfolio,-0.0119733917342466,0.0264298059738277,0.0389739417556434,False,False,GARCH-t
2026-06-05,Long-only Tangency Portfolio,-0.0265275569156321,0.0219823634718351,0.0289489025625418,True,False,Historical VaR
2026-06-05,Long-only Tangency Portfolio,-0.0265275569156321,0.0257042013063264,0.035412386829337,True,False,EWMA-t
2026-06-05,Long-only Tangency Portfolio,-0.0265275569156321,0.0261559469056675,0.0385818390181498,True,False,GARCH-t
2026-06-08,Long-only Tangency Portfolio,0.0177712834158326,0.0221657741179957,0.0292920627284048,False,False,Historical VaR
2026-06-08,Long-only Tangency Portfolio,0.0177712834158326,0.0269946847669661,0.0371902712677765,False,False,EWMA-t
2026-06-08,Long-only Tangency Portfolio,0.0177712834158326,0.0286714971628738,0.0421835241797171,False,False,GARCH-t
2026-06-09,Long-only Tangency Portfolio,-0.0198573570534014,0.0221657741179957,0.0292920627284048,False,False,Historical VaR
2026-06-09,Long-only Tangency Portfolio,-0.0198573570534014,0.0270795529579139,0.0373071932126186,False,False,EWMA-t
2026-06-09,Long-only Tangency Portfolio,-0.0198573570534014,0.0281940907124814,0.0414999887490538,False,False,GARCH-t
2026-06-10,Long-only Tangency Portfolio,-0.0197005608926927,0.0221657741179957,0.0292920627284048,False,False,Historical VaR
2026-06-10,Long-only Tangency Portfolio,-0.0197005608926927,0.0273792598576579,0.0377200960117631,False,False,EWMA-t
2026-06-10,Long-only Tangency Portfolio,-0.0197005608926927,0.0289274516116442,0.0425499916504157,False,False,GARCH-t
2026-06-11,Long-only Tangency Portfolio,-0.0177554260035262,0.0221657741179957,0.0292920627284048,False,False,Historical VaR
2026-06-11,Long-only Tangency Portfolio,-0.0177554260035262,0.0276408651594344,0.0380805066712001,False,False,EWMA-t
2026-06-11,Long-only Tangency Portfolio,-0.0177554260035262,0.0295210996203423,0.0433999580615406,False,False,GARCH-t
2026-06-12,Long-only Tangency Portfolio,0.0180049028811441,0.0221657741179957,0.0292920627284048,False,False,Historical VaR
2026-06-12,Long-only Tangency Portfolio,0.0180049028811441,0.0276839694524378,0.0381398909671621,False,False,EWMA-t
2026-06-12,Long-only Tangency Portfolio,0.0180049028811441,0.0296957582225029,0.0436500287146471,False,False,GARCH-t
2026-06-15,Long-only Tangency Portfolio,0.0287165466420904,0.0221657741179957,0.0292920627284048,False,False,Historical VaR
2026-06-15,Long-only Tangency Portfolio,0.0287165466420904,0.0277490280019539,0.0382295213935102,False,False,EWMA-t
2026-06-15,Long-only Tangency Portfolio,0.0287165466420904,0.0292059406711275,0.0428121014583666,False,False,GARCH-t
2026-06-16,Long-only Tangency Portfolio,-0.0063716017321346,0.0221657741179957,0.0292920627284048,False,False,Historical VaR
2026-06-16,Long-only Tangency Portfolio,-0.0063716017321346,0.0291540113298985,0.0401651510014878,False,False,EWMA-t
2026-06-16,Long-only Tangency Portfolio,-0.0063716017321346,0.0305171810477983,0.0446848801945263,False,False,GARCH-t
2026-06-17,Long-only Tangency Portfolio,-0.0035277148371103,0.0221657741179957,0.0292920627284048,False,False,Historical VaR
2026-06-17,Long-only Tangency Portfolio,-0.0035277148371103,0.0283755056205118,0.0390926125086125,False,False,EWMA-t
2026-06-17,Long-only Tangency Portfolio,-0.0035277148371103,0.0292139508513498,0.0428235419962421,False,False,GARCH-t
2026-06-18,Long-only Tangency Portfolio,0.0049425431308468,0.0221657741179957,0.0292920627284048,False,False,Historical VaR
2026-06-18,Long-only Tangency Portfolio,0.0049425431308468,0.0275456509147242,0.0379493310853433,False,False,EWMA-t
2026-06-18,Long-only Tangency Portfolio,0.0049425431308468,0.0278591754070384,0.0408885843107418,False,False,GARCH-t
2026-06-22,Long-only Tangency Portfolio,-0.0004129170470786,0.0221657741179957,0.0292920627284048,False,False,Historical VaR
2026-06-22,Long-only Tangency Portfolio,-0.0004129170470786,0.0267763714436101,0.0368895034763735,False,False,EWMA-t
2026-06-22,Long-only Tangency Portfolio,-0.0004129170470786,0.0264958017692986,0.0389413462576532,False,False,GARCH-t
2026-06-23,Long-only Tangency Portfolio,-0.0196145809357291,0.0221657741179957,0.0292920627284048,False,False,Historical VaR
2026-06-23,Long-only Tangency Portfolio,-0.0196145809357291,0.0259611576347268,0.0357663926508414,False,False,EWMA-t
2026-06-23,Long-only Tangency Portfolio,-0.0196145809357291,0.0252783512556875,0.0372025228696742,False,False,GARCH-t
2026-06-24,Long-only Tangency Portfolio,-0.0101755614584552,0.0221657741179957,0.0292920627284048,False,False,Historical VaR
2026-06-24,Long-only Tangency Portfolio,-0.0101755614584552,0.0263134317879779,0.0362517167593884,False,False,EWMA-t
2026-06-24,Long-only Tangency Portfolio,-0.0101755614584552,0.0264482385326278,0.0388734140769144,False,False,GARCH-t
2026-06-25,Long-only Tangency Portfolio,-0.0441515271302882,0.0221657741179957,0.0292920627284048,True,True,Historical VaR
2026-06-25,Long-only Tangency Portfolio,-0.0441515271302882,0.0258203817458146,0.0355724473041258,True,True,EWMA-t
2026-06-25,Long-only Tangency Portfolio,-0.0441515271302882,0.025948558406104,0.0381597460626551,True,True,GARCH-t
2026-06-26,Long-only Tangency Portfolio,0.0048541634860433,0.0229515135082241,0.0309739386614494,False,False,Historical VaR
2026-06-26,Long-only Tangency Portfolio,0.0048541634860433,0.030412024227667,0.0418983011134543,False,False,EWMA-t
2026-06-26,Long-only Tangency Portfolio,0.0048541634860433,0.033722820413912,0.0492633338079638,False,False,GARCH-t
2026-06-29,Long-only Tangency Portfolio,0.0040640550662896,0.0229515135082241,0.0309739386614494,False,False,Historical VaR
2026-06-29,Long-only Tangency Portfolio,0.0040640550662896,0.0295466115106536,0.0407060318211048,False,False,EWMA-t
2026-06-29,Long-only Tangency Portfolio,0.0040640550662896,0.0318245529886556,0.0465521338382141,False,False,GARCH-t
2026-06-30,Long-only Tangency Portfolio,0.0260315224356147,0.0229515135082241,0.0309739386614494,False,False,Historical VaR
2026-06-30,Long-only Tangency Portfolio,0.0260315224356147,0.028690568403979,0.0395266709347314,False,False,EWMA-t
2026-06-30,Long-only Tangency Portfolio,0.0260315224356147,0.0300824607396435,0.0440639910244138,False,False,GARCH-t
2026-07-01,Long-only Tangency Portfolio,0.0006347206220049,0.0229515135082241,0.0309739386614494,False,False,Historical VaR
2026-07-01,Long-only Tangency Portfolio,0.0006347206220049,0.0296212929015583,0.0408089195269764,False,False,EWMA-t
2026-07-01,Long-only Tangency Portfolio,0.0006347206220049,0.0307274766022887,0.0449852347670101,False,False,GARCH-t
2026-07-02,Long-only Tangency Portfolio,0.0113415541522422,0.0229515135082241,0.0309739386614494,False,False,Historical VaR
2026-07-02,Long-only Tangency Portfolio,0.0113415541522422,0.0287199819319631,0.0395671936188862,False,False,EWMA-t
2026-07-02,Long-only Tangency Portfolio,0.0113415541522422,0.0290900868971296,0.0426466333349719,False,False,GARCH-t
2026-07-06,Long-only Tangency Portfolio,0.0072697867613206,0.0229515135082241,0.0309739386614494,False,False,Historical VaR
2026-07-06,Long-only Tangency Portfolio,0.0072697867613206,0.0281961747835447,0.0388455504469119,False,False,EWMA-t
2026-07-06,Long-only Tangency Portfolio,0.0072697867613206,0.0279190120519589,0.0409740459837073,False,False,GARCH-t
2026-07-07,Long-only Tangency Portfolio,0.0013249191512289,0.0229515135082241,0.0309739386614494,False,False,Historical VaR
2026-07-07,Long-only Tangency Portfolio,0.0013249191512289,0.0274846766682009,0.0378653275569404,False,False,EWMA-t
2026-07-07,Long-only Tangency Portfolio,0.0013249191512289,0.0266239312122168,0.0391243471020768,False,False,GARCH-t
2026-07-08,Long-only Tangency Portfolio,0.0238738709292418,0.0229515135082241,0.0309739386614494,False,False,Historical VaR
2026-07-08,Long-only Tangency Portfolio,0.0238738709292418,0.0266524208345736,0.0367187381270587,False,False,EWMA-t
2026-07-08,Long-only Tangency Portfolio,0.0238738709292418,0.0253596592793318,0.0373186510338686,False,False,GARCH-t
2026-07-09,Long-only Tangency Portfolio,-0.0001803545054586,0.0229515135082241,0.0309739386614494,False,False,Historical VaR
2026-07-09,Long-only Tangency Portfolio,-0.0001803545054586,0.0274758013897412,0.0378531001863916,False,False,EWMA-t
2026-07-09,Long-only Tangency Portfolio,-0.0001803545054586,0.0263446140957271,0.038725412501134,False,False,GARCH-t
2026-07-10,Long-only Tangency Portfolio,0.0221762335465491,0.0229515135082241,0.0309739386614494,False,False,Historical VaR
2026-07-10,Long-only Tangency Portfolio,0.0221762335465491,0.0266388711882027,0.0367000709328141,False,False,EWMA-t
2026-07-10,Long-only Tangency Portfolio,0.0221762335465491,0.0251356484675774,0.0369987076486683,False,False,GARCH-t
2026-07-13,Long-only Tangency Portfolio,-0.0172426883576378,0.0229515135082241,0.0309739386614494,False,False,Historical VaR
2026-07-13,Long-only Tangency Portfolio,-0.0172426883576378,0.0272448521669398,0.0375349240595276,False,False,EWMA-t
2026-07-13,Long-only Tangency Portfolio,-0.0172426883576378,0.0258394756918745,0.0380039487036611,False,False,GARCH-t
2026-07-14,Long-only Tangency Portfolio,0.0198028760883524,0.0229515135082241,0.0309739386614494,False,False,Historical VaR
2026-07-14,Long-only Tangency Portfolio,0.0198028760883524,0.027262166873203,0.0375587783341157,False,False,EWMA-t
2026-07-14,Long-only Tangency Portfolio,0.0198028760883524,0.0264693921347464,0.0389036267037872,False,False,GARCH-t
2026-07-15,Long-only Tangency Portfolio,0.0184882014714261,0.0229515135082241,0.0309739386614494,False,False,Historical VaR
2026-07-15,Long-only Tangency Portfolio,0.0184882014714261,0.0275430840057907,0.0379457946839968,False,False,EWMA-t
2026-07-15,Long-only Tangency Portfolio,0.0184882014714261,0.026556267393823,0.039027080357272,False,False,GARCH-t
2026-07-16,Long-only Tangency Portfolio,-0.0064775458968531,0.0229515135082241,0.0309739386614494,False,False,Historical VaR
2026-07-16,Long-only Tangency Portfolio,-0.0064775458968531,0.027665731826673,0.0381147651968363,False,False,EWMA-t
2026-07-16,Long-only Tangency Portfolio,-0.0064775458968531,0.0264544212238062,0.0388816297065196,False,False,GARCH-t
2026-07-17,Long-only Tangency Portfolio,-0.0128556967620388,0.0229515135082241,0.0309739386614494,False,False,Historical VaR
2026-07-17,Long-only Tangency Portfolio,-0.0128556967620388,0.0269423035709998,0.0371181062877394,False,False,EWMA-t
2026-07-17,Long-only Tangency Portfolio,-0.0128556967620388,0.0255939286723852,0.0376527253544851,False,False,GARCH-t
2026-07-20,Long-only Tangency Portfolio,-0.0061530368403699,0.0229515135082241,0.0309739386614494,False,False,Historical VaR
2026-07-20,Long-only Tangency Portfolio,-0.0061530368403699,0.0266010578473513,0.0366479759216686,False,False,EWMA-t
2026-07-20,Long-only Tangency Portfolio,-0.0061530368403699,0.0255493773105752,0.0375890997457255,False,False,GARCH-t
2026-07-21,Long-only Tangency Portfolio,0.0122871001827916,0.0229515135082241,0.0309739386614494,False,False,Historical VaR
2026-07-21,Long-only Tangency Portfolio,0.0122871001827916,0.0259027193451721,0.0356858828816137,False,False,EWMA-t
2026-07-21,Long-only Tangency Portfolio,0.0122871001827916,0.0247596338901938,0.0364612351004188,False,False,GARCH-t
2026-07-22,Long-only Tangency Portfolio,0.0103521097146751,0.0229515135082241,0.0309739386614494,False,False,Historical VaR
2026-07-22,Long-only Tangency Portfolio,0.0103521097146751,0.0255692922713731,0.0352265241808304,False,False,EWMA-t
2026-07-22,Long-only Tangency Portfolio,0.0103521097146751,0.0241444243609613,0.0355826293918181,False,False,GARCH-t
2026-07-23,Long-only Tangency Portfolio,-0.0148206494085186,0.0229515135082241,0.0309739386614494,False,False,Historical VaR
2026-07-23,Long-only Tangency Portfolio,-0.0148206494085186,0.0251188177183882,0.0346059104944931,False,False,EWMA-t
2026-07-23,Long-only Tangency Portfolio,-0.0148206494085186,0.0234328068331518,0.0345663395059092,False,False,GARCH-t
2026-07-24,Long-only Tangency Portfolio,0.0083941569018429,0.0229515135082241,0.0309739386614494,False,False,Historical VaR
2026-07-24,Long-only Tangency Portfolio,0.0083941569018429,0.0250339500304556,0.0344889892426494,False,False,EWMA-t
2026-07-24,Long-only Tangency Portfolio,0.0083941569018429,0.0239976662186215,0.0353730381297903,False,False,GARCH-t
2026-07-27,Long-only Tangency Portfolio,-0.0234789171624275,0.0229515135082241,0.0309739386614494,True,False,Historical VaR
2026-07-27,Long-only Tangency Portfolio,-0.0234789171624275,0.0244923570932307,0.033742842791006,False,False,EWMA-t
2026-07-27,Long-only Tangency Portfolio,-0.0234789171624275,0.0231695170815259,0.0341903247210224,True,False,GARCH-t
2026-07-28,Long-only Tangency Portfolio,0.005516917725579,0.0236069909471699,0.0309739386614494,False,False,Historical VaR
2026-07-28,Long-only Tangency Portfolio,0.005516917725579,0.0254599940964142,0.0350759453238856,False,False,EWMA-t
2026-07-28,Long-only Tangency Portfolio,0.005516917725579,0.0255500274079151,0.037590028176133,False,False,GARCH-t
2026-07-29,Long-only Tangency Portfolio,-0.0228598910291603,0.0236069909471699,0.0309739386614494,False,False,Historical VaR
2026-07-29,Long-only Tangency Portfolio,-0.0228598910291603,0.0247785106651177,0.0341370733239641,False,False,EWMA-t
2026-07-29,Long-only Tangency Portfolio,-0.0228598910291603,0.0244411399704691,0.036006381001566,False,False,GARCH-t
2026-07-30,Long-only Tangency Portfolio,0.0156065538760312,0.0236069909471699,0.0309739386614494,False,False,Historical VaR
2026-07-30,Long-only Tangency Portfolio,0.0156065538760312,0.025633500510432,0.0353149831440983,False,False,EWMA-t
2026-07-30,Long-only Tangency Portfolio,0.0156065538760312,0.0264243023991945,0.03883861579015,False,False,GARCH-t
2026-07-31,Long-only Tangency Portfolio,-0.0104949226523832,0.0236069909471699,0.0309739386614494,False,False,Historical VaR
2026-07-31,Long-only Tangency Portfolio,-0.0104949226523832,0.0255912243163239,0.0352567397105994,False,False,EWMA-t
2026-07-31,Long-only Tangency Portfolio,-0.0104949226523832,0.0259663357057285,0.0381845749599792,False,False,GARCH-t
2026-08-03,Long-only Tangency Portfolio,0.011851813750884,0.0236069909471699,0.0309739386614494,False,False,Historical VaR
2026-08-03,Long-only Tangency Portfolio,0.011851813750884,0.0251488602653176,0.0346472997709202,False,False,EWMA-t
2026-08-03,Long-only Tangency Portfolio,0.011851813750884,0.0255672218651976,0.0376145842787401,False,False,GARCH-t
2026-08-04,Long-only Tangency Portfolio,0.0227571054608587,0.0236069909471699,0.0309739386614494,False,False,Historical VaR
2026-08-04,Long-only Tangency Portfolio,0.0227571054608587,0.0248194440728882,0.0341934668159438,False,False,EWMA-t
2026-08-04,Long-only Tangency Portfolio,0.0227571054608587,0.0248225290445695,0.0365510582241711,False,False,GARCH-t
2026-08-05,Long-only Tangency Portfolio,0.0213792446416586,0.0236069909471699,0.0309739386614494,False,False,Historical VaR
2026-08-05,Long-only Tangency Portfolio,0.0213792446416586,0.025656724071026,0.0353469779803318,False,False,EWMA-t
2026-08-05,Long-only Tangency Portfolio,0.0213792446416586,0.0256634450495725,0.0377520045153821,False,False,GARCH-t
2026-08-06,Long-only Tangency Portfolio,0.0021076653193656,0.0236069909471699,0.0309739386614494,False,False,Historical VaR
2026-08-06,Long-only Tangency Portfolio,0.0021076653193656,0.0262429324559558,0.0361545906286432,False,False,EWMA-t
2026-08-06,Long-only Tangency Portfolio,0.0021076653193656,0.0261327649756082,0.0384222593579712,False,False,GARCH-t
2026-08-07,Long-only Tangency Portfolio,0.0142055539125038,0.0231384527891305,0.0309520457067926,False,False,Historical VaR
2026-08-07,Long-only Tangency Portfolio,0.0142055539125038,0.0254568175948933,0.0350715690937402,False,False,EWMA-t
2026-08-07,Long-only Tangency Portfolio,0.0142055539125038,0.0249276391324483,0.03670117020855,False,False,GARCH-t
2026-08-10,Long-only Tangency Portfolio,-0.0222731081058196,0.0231384527891305,0.0309520457067926,False,False,Historical VaR
2026-08-10,Long-only Tangency Portfolio,-0.0222731081058196,0.0252989399364117,0.0348540628329064,False,False,EWMA-t
2026-08-10,Long-only Tangency Portfolio,-0.0222731081058196,0.024488678906968,0.0360742732870461,False,False,GARCH-t
2026-08-11,Long-only Tangency Portfolio,-0.0045067193561829,0.0231384527891305,0.0309520457067926,False,False,Historical VaR
2026-08-11,Long-only Tangency Portfolio,-0.0045067193561829,0.0260292751711694,0.0358602374088099,False,False,EWMA-t
2026-08-11,Long-only Tangency Portfolio,-0.0045067193561829,0.0263317745015384,0.0387064729425142,False,False,GARCH-t
2026-08-12,Long-only Tangency Portfolio,0.0132034948789483,0.0231384527891305,0.0309520457067926,False,False,Historical VaR
2026-08-12,Long-only Tangency Portfolio,0.0132034948789483,0.0252978013593509,0.0348524942281934,False,False,EWMA-t
2026-08-12,Long-only Tangency Portfolio,0.0132034948789483,0.0253370084824383,0.0372059571915536,False,False,GARCH-t
2026-08-13,Long-only Tangency Portfolio,0.0073013879095597,0.0231384527891305,0.0309520457067926,False,False,Historical VaR
2026-08-13,Long-only Tangency Portfolio,0.0073013879095597,0.0250648818459006,0.034531603654232,False,False,EWMA-t
2026-08-13,Long-only Tangency Portfolio,0.0073013879095597,0.0247498028288268,0.0363689158081173,False,False,GARCH-t
2026-08-14,Long-only Tangency Portfolio,0.0003803342913347,0.0231384527891305,0.0309520457067926,False,False,Historical VaR
2026-08-14,Long-only Tangency Portfolio,0.0003803342913347,0.0244685201540027,0.0337100029099799,False,False,EWMA-t
2026-08-14,Long-only Tangency Portfolio,0.0003803342913347,0.0237940750158923,0.0350065588113701,False,False,GARCH-t
2026-08-17,Long-only Tangency Portfolio,-0.0019551469206418,0.0231384527891305,0.0309520457067926,False,False,Historical VaR
2026-08-17,Long-only Tangency Portfolio,-0.0019551469206418,0.0237235768406874,0.0326837029498034,False,False,EWMA-t
2026-08-17,Long-only Tangency Portfolio,-0.0019551469206418,0.0228474510447203,0.0336571790267061,False,False,GARCH-t
2026-08-18,Long-only Tangency Portfolio,-0.0077480895511503,0.0231384527891305,0.0309520457067926,False,False,Historical VaR
2026-08-18,Long-only Tangency Portfolio,-0.0077480895511503,0.0230135692550315,0.0317055335456904,False,False,EWMA-t
2026-08-18,Long-only Tangency Portfolio,-0.0077480895511503,0.0220782395618847,0.0325606946182407,False,False,GARCH-t
2026-08-19,Long-only Tangency Portfolio,0.0029936345080182,0.0231384527891305,0.0309520457067926,False,False,Historical VaR
2026-08-19,Long-only Tangency Portfolio,0.0029936345080182,0.0225173348367794,0.0310218770115794,False,False,EWMA-t
2026-08-19,Long-only Tangency Portfolio,0.0029936345080182,0.0218445127023688,0.0322275250504203,False,False,GARCH-t
2026-08-20,Long-only Tangency Portfolio,-0.0088800245149662,0.0231384527891305,0.0309520457067926,False,False,Historical VaR
2026-08-20,Long-only Tangency Portfolio,-0.0088800245149662,0.0218627416871092,0.0301200514479021,False,False,EWMA-t
2026-08-20,Long-only Tangency Portfolio,-0.0088800245149662,0.0210741019627816,0.0311293311428649,False,False,GARCH-t
2026-08-21,Long-only Tangency Portfolio,-0.0079124400327988,0.0231384527891305,0.0309520457067926,False,False,Historical VaR
2026-08-21,Long-only Tangency Portfolio,-0.0079124400327988,0.0214793722128479,0.0295918876680082,False,False,EWMA-t
2026-08-21,Long-only Tangency Portfolio,-0.0079124400327988,0.0211008150298172,0.0311674096975414,False,False,GARCH-t
2026-08-24,Long-only Tangency Portfolio,-0.0151623377451536,0.0231384527891305,0.0309520457067926,False,False,Historical VaR
2026-08-24,Long-only Tangency Portfolio,-0.0151623377451536,0.0210537125394704,0.0290054611600745,False,False,EWMA-t
2026-08-24,Long-only Tangency Portfolio,-0.0151623377451536,0.021009431936641,0.0310371462536108,False,False,GARCH-t
2026-08-25,Long-only Tangency Portfolio,0.0124005278478928,0.0231384527891305,0.0309520457067926,False,False,Historical VaR
2026-08-25,Long-only Tangency Portfolio,0.0124005278478928,0.0212563267186339,0.0292846004184447,False,False,EWMA-t
2026-08-25,Long-only Tangency Portfolio,0.0124005278478928,0.022015365145675,0.0324710693089419,False,False,GARCH-t
2026-08-26,Long-only Tangency Portfolio,-0.0043622984965737,0.0231384527891305,0.0309520457067926,False,False,Historical VaR
2026-08-26,Long-only Tangency Portfolio,-0.0043622984965737,0.0211717924712231,0.0291681385438289,False,False,EWMA-t
2026-08-26,Long-only Tangency Portfolio,-0.0043622984965737,0.02174018589049,0.0320788107824165,False,False,GARCH-t
2026-08-27,Long-only Tangency Portfolio,0.0523198961930713,0.0231384527891305,0.0309520457067926,False,False,Historical VaR
2026-08-27,Long-only Tangency Portfolio,0.0523198961930713,0.0205976005045031,0.0283770807787008,False,False,EWMA-t
2026-08-27,Long-only Tangency Portfolio,0.0523198961930713,0.0212380180323915,0.0313629878401905,False,False,GARCH-t
2026-08-28,Long-only Tangency Portfolio,-0.0193866269492124,0.0231384527891305,0.0309520457067926,False,False,Historical VaR
2026-08-28,Long-only Tangency Portfolio,-0.0193866269492124,0.028592860049528,0.0393920592421508,False,False,EWMA-t
2026-08-28,Long-only Tangency Portfolio,-0.0193866269492124,0.0315749382254485,0.0460979106490078,False,False,GARCH-t
2026-08-31,Long-only Tangency Portfolio,-0.000529098965288,0.0231384527891305,0.0309520457067926,False,False,Historical VaR
2026-08-31,Long-only Tangency Portfolio,-0.000529098965288,0.0287400839484199,0.039594887939139,False,False,EWMA-t
2026-08-31,Long-only Tangency Portfolio,-0.000529098965288,0.03172350444023,0.0463096866582947,False,False,GARCH-t
2026-09-01,Long-only Tangency Portfolio,0.0089674738290584,0.0231384527891305,0.0309520457067926,False,False,Historical VaR
2026-09-01,Long-only Tangency Portfolio,0.0089674738290584,0.0278653136390855,0.0383897267979001,False,False,EWMA-t
2026-09-01,Long-only Tangency Portfolio,0.0089674738290584,0.03005400591413,0.043929874155917,False,False,GARCH-t
2026-09-02,Long-only Tangency Portfolio,0.0183843658207113,0.0231384527891305,0.0309520457067926,False,False,Historical VaR
2026-09-02,Long-only Tangency Portfolio,0.0183843658207113,0.0272431393397992,0.0375325643169878,False,False,EWMA-t
2026-09-02,Long-only Tangency Portfolio,0.0183843658207113,0.0286630623792377,0.0419471321752033,False,False,GARCH-t
2026-09-03,Long-only Tangency Portfolio,0.0071357336155614,0.0231384527891305,0.0309520457067926,False,False,Historical VaR
2026-09-03,Long-only Tangency Portfolio,0.0071357336155614,0.0273744436164453,0.0377134607308279,False,False,EWMA-t
2026-09-03,Long-only Tangency Portfolio,0.0071357336155614,0.0282836096059343,0.0414062353490893,False,False,GARCH-t
2026-09-04,Long-only Tangency Portfolio,-0.0008696343776406,0.0231384527891305,0.0309520457067926,False,False,Historical VaR
2026-09-04,Long-only Tangency Portfolio,-0.0008696343776406,0.0266868465810244,0.0367661660877907,False,False,EWMA-t
2026-09-04,Long-only Tangency Portfolio,-0.0008696343776406,0.0269752559029346,0.0395412223219713,False,False,GARCH-t
2026-09-08,Long-only Tangency Portfolio,-0.011783012322165,0.0231384527891305,0.0309520457067926,False,False,Historical VaR
2026-09-08,Long-only Tangency Portfolio,-0.011783012322165,0.0258760932560292,0.0356492004203598,False,False,EWMA-t
2026-09-08,Long-only Tangency Portfolio,-0.011783012322165,0.0257505993890033,0.0377955167478668,False,False,GARCH-t
2026-09-09,Long-only Tangency Portfolio,-0.0131411834035942,0.0231384527891305,0.0309520457067926,False,False,Historical VaR
2026-09-09,Long-only Tangency Portfolio,-0.0131411834035942,0.0255075804349221,0.0351415044831433,False,False,EWMA-t
2026-09-09,Long-only Tangency Portfolio,-0.0131411834035942,0.0255392700848845,0.0374942741218936,False,False,GARCH-t
2026-09-10,Long-only Tangency Portfolio,-0.0031034714470544,0.0231384527891305,0.0309520457067926,False,False,Historical VaR
2026-09-10,Long-only Tangency Portfolio,-0.0031034714470544,0.0252589709906259,0.0347989980692726,False,False,EWMA-t
2026-09-10,Long-only Tangency Portfolio,-0.0031034714470544,0.0255418315007341,0.0375277682623984,False,False,GARCH-t
2026-09-11,Long-only Tangency Portfolio,0.012124804225092,0.0231384527891305,0.0309520457067926,False,False,Historical VaR
2026-09-11,Long-only Tangency Portfolio,0.012124804225092,0.0245195442705358,0.033780298257062,False,False,EWMA-t
2026-09-11,Long-only Tangency Portfolio,0.012124804225092,0.0245616328997216,0.0361290376181806,False,False,GARCH-t
2026-09-14,Long-only Tangency Portfolio,-0.0125319464243174,0.0231384527891305,0.0309520457067926,False,False,Historical VaR
2026-09-14,Long-only Tangency Portfolio,-0.0125319464243174,0.0242409649763537,0.0333965027206571,False,False,EWMA-t
2026-09-14,Long-only Tangency Portfolio,-0.0125319464243174,0.0239690561646327,0.0352834383308901,False,False,GARCH-t
2026-09-15,Long-only Tangency Portfolio,-0.0061324261776126,0.0231384527891305,0.0309520457067926,False,False,Historical VaR
2026-09-15,Long-only Tangency Portfolio,-0.0061324261776126,0.024008152967915,0.0330757602551319,False,False,EWMA-t
2026-09-15,Long-only Tangency Portfolio,-0.0061324261776126,0.0240889644118927,0.0354545458388622,False,False,GARCH-t
2026-09-16,Long-only Tangency Portfolio,0.0133661123861874,0.0231384527891305,0.0309520457067926,False,False,Historical VaR
2026-09-16,Long-only Tangency Portfolio,0.0133661123861874,0.0234000161806112,0.0322379370953882,False,False,EWMA-t
2026-09-16,Long-only Tangency Portfolio,0.0133661123861874,0.0234672052056701,0.0345673035451376,False,False,GARCH-t
2026-09-17,Long-only Tangency Portfolio,0.0090905162345695,0.0231384527891305,0.0309520457067926,False,False,Historical VaR
2026-09-17,Long-only Tangency Portfolio,0.0090905162345695,0.0232816738396525,0.0320748981934448,False,False,EWMA-t
2026-09-17,Long-only Tangency Portfolio,0.0090905162345695,0.0231240123505043,0.034077571808221,False,False,GARCH-t
2026-09-18,Long-only Tangency Portfolio,0.0114901752452356,0.0231384527891305,0.0309520457067926,False,False,Historical VaR
2026-09-18,Long-only Tangency Portfolio,0.0114901752452356,0.0228507227019434,0.0314811816950706,False,False,EWMA-t
2026-09-18,Long-only Tangency Portfolio,0.0114901752452356,0.022449840337316,0.0331155371212235,False,False,GARCH-t
2026-09-21,Long-only Tangency Portfolio,0.0146766156924945,0.0231384527891305,0.0309520457067926,False,False,Historical VaR
2026-09-21,Long-only Tangency Portfolio,0.0146766156924945,0.0226058052448451,0.0311437616901203,False,False,EWMA-t
2026-09-21,Long-only Tangency Portfolio,0.0146766156924945,0.0220409067796281,0.0325319942575668,False,False,GARCH-t
2026-09-22,Long-only Tangency Portfolio,0.0095226659679454,0.0231384527891305,0.0309520457067926,False,False,Historical VaR
2026-09-22,Long-only Tangency Portfolio,0.0095226659679454,0.0226563922775469,0.0312134548717616,False,False,EWMA-t
2026-09-22,Long-only Tangency Portfolio,0.0095226659679454,0.0220276099480513,0.0325130198519941,False,False,GARCH-t
2026-09-23,Long-only Tangency Portfolio,-0.0155933148485905,0.0231384527891305,0.0309520457067926,False,False,Historical VaR
2026-09-23,Long-only Tangency Portfolio,-0.0155933148485905,0.0222797044075232,0.030694496262302,False,False,EWMA-t
2026-09-23,Long-only Tangency Portfolio,-0.0155933148485905,0.0215044645571283,0.0317664981890276,False,False,GARCH-t
2026-09-24,Long-only Tangency Portfolio,-0.0082645267255255,0.0231384527891305,0.0309520457067926,False,False,Historical VaR
2026-09-24,Long-only Tangency Portfolio,-0.0082645267255255,0.0224454432465223,0.0309228327824427,False,False,EWMA-t
2026-09-24,Long-only Tangency Portfolio,-0.0082645267255255,0.0224899033378591,0.0331727065014909,False,False,GARCH-t
2026-09-25,Long-only Tangency Portfolio,0.0146754509536325,0.0231384527891305,0.0309520457067926,False,False,Historical VaR
2026-09-25,Long-only Tangency Portfolio,0.0146754509536325,0.0220004210461942,0.0303097307405683,False,False,EWMA-t
2026-09-25,Long-only Tangency Portfolio,0.0146754509536325,0.0222609210258262,0.0328459517229253,False,False,GARCH-t
2026-09-28,Long-only Tangency Portfolio,0.0100304598328942,0.0231384527891305,0.0309520457067926,False,False,Historical VaR
2026-09-28,Long-only Tangency Portfolio,0.0100304598328942,0.0220889839277033,0.0304317428187241,False,False,EWMA-t
2026-09-28,Long-only Tangency Portfolio,0.0100304598328942,0.0222187620810797,0.0327857914575628,False,False,GARCH-t
2026-09-29,Long-only Tangency Portfolio,-0.0106097858025603,0.0231384527891305,0.0309520457067926,False,False,Historical VaR
2026-09-29,Long-only Tangency Portfolio,-0.0106097858025603,0.02177242597643,0.0299956245168638,False,False,EWMA-t
2026-09-29,Long-only Tangency Portfolio,-0.0106097858025603,0.0217124298133837,0.0320632619025817,False,False,GARCH-t
2026-09-30,Long-only Tangency Portfolio,0.0086842781834417,0.0231384527891305,0.0309520457067926,False,False,Historical VaR
2026-09-30,Long-only Tangency Portfolio,0.0086842781834417,0.0215131613032688,0.0296384385149431,False,False,EWMA-t
2026-09-30,Long-only Tangency Portfolio,0.0086842781834417,0.0218721829337328,0.0322912275257838,False,False,GARCH-t
2026-10-01,Long-only Tangency Portfolio,-0.007340626403969,0.0231384527891305,0.0309520457067926,False,False,Historical VaR
2026-10-01,Long-only Tangency Portfolio,-0.007340626403969,0.0211325322936169,0.0291140502420836,False,False,EWMA-t
2026-10-01,Long-only Tangency Portfolio,-0.007340626403969,0.0213083996453181,0.0314867161120877,False,False,GARCH-t
2026-10-02,Long-only Tangency Portfolio,0.0136155416235619,0.0231384527891305,0.0309520457067926,False,False,Historical VaR
2026-10-02,Long-only Tangency Portfolio,0.0136155416235619,0.0206889305838785,0.0285029051939959,False,False,EWMA-t
2026-10-02,Long-only Tangency Portfolio,0.0136155416235619,0.0211268184095416,0.0312276020523113,False,False,GARCH-t
2026-10-05,Long-only Tangency Portfolio,0.0117989499431294,0.0231384527891305,0.0309520457067926,False,False,Historical VaR
2026-10-05,Long-only Tangency Portfolio,0.0117989499431294,0.0207535220761405,0.028591892160858,False,False,EWMA-t
2026-10-05,Long-only Tangency Portfolio,0.0117989499431294,0.0211042593051441,0.0311954105039922,False,False,GARCH-t
2026-10-06,Long-only Tangency Portfolio,0.0020007551259366,0.0231384527891305,0.0309520457067926,False,False,Historical VaR
2026-10-06,Long-only Tangency Portfolio,0.0020007551259366,0.0206437022156452,0.0284405945836621,False,False,EWMA-t
2026-10-06,Long-only Tangency Portfolio,0.0020007551259366,0.0208865654616953,0.0308847642231518,False,False,GARCH-t
2026-10-07,Long-only Tangency Portfolio,-0.0022971402210914,0.0231384527891305,0.0309520457067926,False,False,Historical VaR
2026-10-07,Long-only Tangency Portfolio,-0.0022971402210914,0.0200301036468768,0.0275952467894941,False,False,EWMA-t
2026-10-07,Long-only Tangency Portfolio,-0.0022971402210914,0.0202265783707088,0.0299429712354885,False,False,GARCH-t
2026-10-08,Long-only Tangency Portfolio,-0.0140330995108861,0.0231384527891305,0.0309520457067926,False,False,Historical VaR
2026-10-08,Long-only Tangency Portfolio,-0.0140330995108861,0.0194406782120512,0.0267832020480006,False,False,EWMA-t
2026-10-08,Long-only Tangency Portfolio,-0.0140330995108861,0.0196100092229338,0.0290489621073161,False,False,GARCH-t
2026-10-09,Long-only Tangency Portfolio,-0.0041029370893492,0.0231384527891305,0.0309520457067926,False,False,Historical VaR
2026-10-09,Long-only Tangency Portfolio,-0.0041029370893492,0.0196313112302301,0.0270458349966669,False,False,EWMA-t
2026-10-09,Long-only Tangency Portfolio,-0.0041029370893492,0.0206128313241372,0.0304790412788333,False,False,GARCH-t
