Date,Portfolio,Return,Model,"Rolling VaR (95%, 252D)","Rolling ES (95%, 252D)",VaR Breach,Loss Exceeds ES
2025-01-02,Equal Weighted Portfolio,0.00031049703224652594,EWMA-t,0.020196491784815838,0.02750115927411253,False,False
2025-01-03,Equal Weighted Portfolio,0.01701321153627984,EWMA-t,0.019581605972368375,0.02666388155065052,False,False
2025-01-06,Equal Weighted Portfolio,0.01839294149523618,EWMA-t,0.020129436178155744,0.027409850994504884,False,False
2025-01-07,Equal Weighted Portfolio,-0.02336884749631696,EWMA-t,0.020813415391537873,0.0283412118213167,True,False
2025-01-08,Equal Weighted Portfolio,7.477491353415914e-05,EWMA-t,0.02217334609389534,0.030193002283034724,False,False
2025-01-10,Equal Weighted Portfolio,-0.018603382853563534,EWMA-t,0.021497876756372308,0.029273229184126223,False,False
2025-01-13,Equal Weighted Portfolio,-0.008202389168838288,EWMA-t,0.02208956483573457,0.0300789190180096,False,False
2025-01-14,Equal Weighted Portfolio,-0.0058215884024402035,EWMA-t,0.02165816671457329,0.02949149281711223,False,False
2025-01-15,Equal Weighted Portfolio,0.027196790540940888,EWMA-t,0.02112279804626058,0.028762491999816498,False,False
2025-01-16,Equal Weighted Portfolio,-0.01782943479030488,EWMA-t,0.02310381323993208,0.031460000802140085,False,False
2025-01-17,Equal Weighted Portfolio,0.017818222689291743,EWMA-t,0.02347164729185671,0.03196087308016744,False,False
2025-01-21,Equal Weighted Portfolio,0.0042291659788306285,EWMA-t,0.023810933121212047,0.032422871814005244,False,False
2025-01-22,Equal Weighted Portfolio,0.022320525377918,EWMA-t,0.02314538445139021,0.03151660749005939,False,False
2025-01-23,Equal Weighted Portfolio,0.0001796208339816863,EWMA-t,0.02409585544293547,0.03281084484585411,False,False
2025-01-24,Equal Weighted Portfolio,-0.006381913735056232,EWMA-t,0.02336190539951913,0.03181143973835868,False,False
2025-01-27,Equal Weighted Portfolio,-0.039427046893746036,EWMA-t,0.022788820207286554,0.031031081084135742,True,True
2025-01-28,Equal Weighted Portfolio,0.03670323126658666,EWMA-t,0.02699187906522669,0.036754302340689986,False,False
2025-01-29,Equal Weighted Portfolio,-0.010252171550901546,EWMA-t,0.029885973104482315,0.04069513236086541,False,False
2025-01-30,Equal Weighted Portfolio,-0.008826879466715565,EWMA-t,0.02925466033243062,0.039835486374772515,False,False
2025-01-31,Equal Weighted Portfolio,-0.003130588076245555,EWMA-t,0.028575056463888252,0.03891008336759588,False,False
2025-02-03,Equal Weighted Portfolio,-0.017544277923815365,EWMA-t,0.027731884364008037,0.03776195276841295,False,False
2025-02-04,Equal Weighted Portfolio,0.017231577140989662,EWMA-t,0.02775812108841735,0.03779767879174904,False,False
2025-02-05,Equal Weighted Portfolio,-0.008161797826420082,EWMA-t,0.027752480180625358,0.03778999768033172,False,False
2025-02-06,Equal Weighted Portfolio,0.01030089237452714,EWMA-t,0.027097779788645446,0.036898505239540594,False,False
2025-02-07,Equal Weighted Portfolio,-0.020400077772337412,EWMA-t,0.02658272350319181,0.03619716338807892,False,False
2025-02-10,Equal Weighted Portfolio,0.011803901929639517,EWMA-t,0.026992579788411727,0.036755256501448404,False,False
2025-02-11,Equal Weighted Portfolio,0.0013081224924027081,EWMA-t,0.026578752991989016,0.036191756822317345,False,False
2025-02-12,Equal Weighted Portfolio,-0.00505686494339579,EWMA-t,0.02577419109031397,0.0350962009584775,False,False
2025-02-13,Equal Weighted Portfolio,0.014897703911382499,EWMA-t,0.025068005482145054,0.034134602127637956,False,False
2025-02-14,Equal Weighted Portfolio,0.0042346645037213415,EWMA-t,0.02500044553035212,0.03404260709134132,False,False
2025-02-18,Equal Weighted Portfolio,-0.00164219565710495,EWMA-t,0.024295967863757085,0.0330833339304129,False,False
2025-02-19,Equal Weighted Portfolio,0.0040020071850652705,EWMA-t,0.02356466534752546,0.032087533907778985,False,False
2025-02-20,Equal Weighted Portfolio,-0.0007267169988592224,EWMA-t,0.022900930432194336,0.031183739337078634,False,False
2025-02-21,Equal Weighted Portfolio,-0.023217745982279037,EWMA-t,0.022205114892166027,0.03023626122079966,True,False
2025-02-24,Equal Weighted Portfolio,-0.01097768678604574,EWMA-t,0.023384726514316476,0.03184251479434075,False,False
2025-02-25,Equal Weighted Portfolio,-0.012803664779885905,EWMA-t,0.023079658867287575,0.03142711027559022,False,False
2025-02-26,Equal Weighted Portfolio,0.0013021635817947357,EWMA-t,0.02293603287512413,0.031231537632159193,False,False
2025-02-27,Equal Weighted Portfolio,-0.03347938361787624,EWMA-t,0.022243204013979265,0.030288126416832588,True,True
2025-02-28,Equal Weighted Portfolio,0.019792454597580812,EWMA-t,0.025266754412572832,0.03440523457457426,False,False
2025-03-03,Equal Weighted Portfolio,-0.03579449665131527,EWMA-t,0.025703780233910366,0.035000323902342534,True,True
2025-03-04,Equal Weighted Portfolio,0.005175378671635489,EWMA-t,0.028621298897813074,0.038973050765802396,False,False
2025-03-05,Equal Weighted Portfolio,0.015717221127777115,EWMA-t,0.027823911712842972,0.037887264570326325,False,False
2025-03-06,Equal Weighted Portfolio,-0.022126535084158783,EWMA-t,0.02767528564523219,0.03768488342407586,False,False
2025-03-07,Equal Weighted Portfolio,0.005532206854395106,EWMA-t,0.028207742382294027,0.0384099191227768,False,False
2025-03-10,Equal Weighted Portfolio,-0.040062516546838414,EWMA-t,0.02743481398345163,0.037357437967607536,True,True
2025-03-11,Equal Weighted Portfolio,-0.002431059929019241,EWMA-t,0.030914582485853766,0.04209576920063628,False,False
2025-03-12,Equal Weighted Portfolio,0.016820739229636762,EWMA-t,0.02998804216377708,0.04083411775924705,False,False
2025-03-13,Equal Weighted Portfolio,-0.019434611938891445,EWMA-t,0.02981744336983864,0.040601816790640226,False,False
2025-03-14,Equal Weighted Portfolio,0.027038383956245672,EWMA-t,0.029902246845137287,0.04071729198831489,False,False
2025-03-17,Equal Weighted Portfolio,-0.006453616734007706,EWMA-t,0.03087962241391891,0.0420481647692945,False,False
2025-03-18,Equal Weighted Portfolio,-0.01841604607268739,EWMA-t,0.03004627698205273,0.04091341494757863,False,False
2025-03-19,Equal Weighted Portfolio,0.01552118397741764,EWMA-t,0.030017649195826238,0.040874433063147,False,False
2025-03-20,Equal Weighted Portfolio,-0.0019286716402760586,EWMA-t,0.02973634591676449,0.04049138800937071,False,False
2025-03-21,Equal Weighted Portfolio,0.007526812200524514,EWMA-t,0.028840431493903442,0.039271439242941866,False,False
2025-03-24,Equal Weighted Portfolio,0.021101793344639797,EWMA-t,0.028118058678813694,0.038287798615909405,False,False
2025-03-25,Equal Weighted Portfolio,0.008385451183382409,EWMA-t,0.028496454928056348,0.03880305322695887,False,False
2025-03-26,Equal Weighted Portfolio,-0.02708773356715548,EWMA-t,0.02782442989642128,0.03788797017054997,False,False
2025-03-27,Equal Weighted Portfolio,-0.005121878331937247,EWMA-t,0.029003713693443674,0.03949377735116517,False,False
2025-03-28,Equal Weighted Portfolio,-0.03286440816329617,EWMA-t,0.028192185569769115,0.03838873572203555,True,False
2025-03-31,Equal Weighted Portfolio,-0.0026054586110812353,EWMA-t,0.030234687565421595,0.041169969873917425,False,False
2025-04-01,Equal Weighted Portfolio,0.013243825052048443,EWMA-t,0.02933151772090853,0.039940141544811125,False,False
2025-04-02,Equal Weighted Portfolio,0.0050625706801832315,EWMA-t,0.02891092936073758,0.03936743477944135,False,False
2025-04-03,Equal Weighted Portfolio,-0.06463197784790836,EWMA-t,0.02810079648839624,0.03826429303617068,True,True
2025-04-04,Equal Weighted Portfolio,-0.05112016227749408,EWMA-t,0.037259411877464885,0.050735396593595355,True,True
2025-04-07,Equal Weighted Portfolio,0.005627503765622888,EWMA-t,0.041341160350025434,0.05629343192254032,False,False
2025-04-08,Equal Weighted Portfolio,-0.023366725471194297,EWMA-t,0.040142787633965824,0.05466163174232864,False,False
2025-04-09,Equal Weighted Portfolio,0.13208173410213764,EWMA-t,0.0399899033617558,0.05445345228396767,False,False
2025-04-10,Equal Weighted Portfolio,-0.04239131487319654,EWMA-t,0.0648157016971156,0.08825824577988686,False,False
2025-04-11,Equal Weighted Portfolio,0.027305445483377076,EWMA-t,0.06501467116285217,0.08852917852534616,False,False
2025-04-14,Equal Weighted Portfolio,0.003306881567526277,EWMA-t,0.06394210465935987,0.08706868615078454,False,False
2025-04-15,Equal Weighted Portfolio,-0.004990420406611041,EWMA-t,0.0620078081745516,0.08443479328073364,False,False
2025-04-16,Equal Weighted Portfolio,-0.03871706030881447,EWMA-t,0.06015082251008822,0.08190617300983362,False,False
2025-04-17,Equal Weighted Portfolio,-0.009739182219171694,EWMA-t,0.06027309027006279,0.08207266257529754,False,False
2025-04-21,Equal Weighted Portfolio,-0.028307267783719794,EWMA-t,0.05856229858630387,0.07974311172650837,False,False
2025-04-22,Equal Weighted Portfolio,0.027583720424644922,EWMA-t,0.057859189030950234,0.0787857014953182,False,False
2025-04-23,Equal Weighted Portfolio,0.030252876706429177,EWMA-t,0.05713568409901282,0.07780051928739752,False,False
2025-04-24,Equal Weighted Portfolio,0.02915880858307074,EWMA-t,0.056658203053959334,0.07715034288991754,False,False
2025-04-25,Equal Weighted Portfolio,0.01740434371401083,EWMA-t,0.05611618095278248,0.07641228222604717,False,False
2025-04-28,Equal Weighted Portfolio,-0.006748750745152377,EWMA-t,0.054835456208018864,0.07466834493400115,False,False
2025-04-29,Equal Weighted Portfolio,0.0022508068582316465,EWMA-t,0.05323114621830081,0.07248378808014909,False,False
2025-04-30,Equal Weighted Portfolio,-0.002956511555528585,EWMA-t,0.051617100586028704,0.07028597439637987,False,False
2025-05-01,Equal Weighted Portfolio,0.02959204693116164,EWMA-t,0.05005813915154429,0.06816316776398307,False,False
2025-05-02,Equal Weighted Portfolio,0.005830442451620231,EWMA-t,0.04990878990911938,0.0679598018850395,False,False
2025-05-05,Equal Weighted Portfolio,-0.01060247608444691,EWMA-t,0.04844265691217751,0.06596339788104094,False,False
2025-05-06,Equal Weighted Portfolio,-0.004647533170067164,EWMA-t,0.04715159948406963,0.06420539078056448,False,False
2025-05-07,Equal Weighted Portfolio,-0.0070703497972977505,EWMA-t,0.04575169014821649,0.062299162212513935,False,False
2025-05-08,Equal Weighted Portfolio,0.011450757701998972,EWMA-t,0.044444962516164054,0.06051981730846599,False,False
2025-05-09,Equal Weighted Portfolio,-0.0006568954390662408,EWMA-t,0.04332562930839592,0.05899564364723746,False,False
2025-05-12,Equal Weighted Portfolio,0.05119342209662499,EWMA-t,0.04200655039209121,0.05719948024624062,False,False
2025-05-13,Equal Weighted Portfolio,0.017504025765721343,EWMA-t,0.04543082623796987,0.06186224823779872,False,False
2025-05-14,Equal Weighted Portfolio,0.015755438609301866,EWMA-t,0.04458142583498399,0.060705636682737846,False,False
2025-05-15,Equal Weighted Portfolio,-0.007654241844607746,EWMA-t,0.043665099327846714,0.05945789318904755,False,False
2025-05-16,Equal Weighted Portfolio,0.004033092360852364,EWMA-t,0.042441755016063454,0.05779208968594981,False,False
2025-05-19,Equal Weighted Portfolio,0.0010085987476183833,EWMA-t,0.041179361446352515,0.05607311358865863,False,False
2025-05-20,Equal Weighted Portfolio,-0.00896547320308434,EWMA-t,0.039926842278139675,0.0543675832665659,False,False
2025-05-21,Equal Weighted Portfolio,-0.008053037411137831,EWMA-t,0.03887073082829349,0.0529294974097306,False,False
2025-05-22,Equal Weighted Portfolio,0.006079513838646643,EWMA-t,0.03781939313757125,0.0514979118852997,False,False
2025-05-23,Equal Weighted Portfolio,-0.015282586333121873,EWMA-t,0.03674511915315809,0.050035094468088986,False,False
2025-05-27,Equal Weighted Portfolio,0.026324578218914586,EWMA-t,0.0361290677475306,0.049196229579685946,False,False
2025-05-28,Equal Weighted Portfolio,-0.0042060625634651625,EWMA-t,0.036526098522025645,0.04973685845139531,False,False
2025-05-29,Equal Weighted Portfolio,0.007079185638118358,EWMA-t,0.03545197175220929,0.048274241493359245,False,False
2025-05-30,Equal Weighted Portfolio,-0.0049990828154733435,EWMA-t,0.03448451344731337,0.04695687285243475,False,False
2025-06-02,Equal Weighted Portfolio,0.003606350070501074,EWMA-t,0.03349172166182102,0.04560500811722452,False,False
2025-06-03,Equal Weighted Portfolio,0.0035476817057623618,EWMA-t,0.03250238363865594,0.04425784630115833,False,False
2025-06-04,Equal Weighted Portfolio,0.0044186808939638,EWMA-t,0.031543097298972984,0.042951605261962816,False,False
2025-06-05,Equal Weighted Portfolio,-0.002084508551030196,EWMA-t,0.030631492437317477,0.041710291138571755,False,False
2025-06-06,Equal Weighted Portfolio,0.018369018018426123,EWMA-t,0.02970964455273537,0.04045502929554928,False,False
2025-06-09,Equal Weighted Portfolio,0.006405424994849817,EWMA-t,0.029696513395068923,0.040437148860556604,False,False
2025-06-10,Equal Weighted Portfolio,0.005562443017144281,EWMA-t,0.028901813890224497,0.039355022425399386,False,False
2025-06-11,Equal Weighted Portfolio,-0.010081481548010408,EWMA-t,0.0281065957316017,0.038272189749756484,False,False
2025-06-12,Equal Weighted Portfolio,0.004107614768201363,EWMA-t,0.02753723296748913,0.037496899851518765,False,False
2025-06-13,Equal Weighted Portfolio,-0.010874430459170225,EWMA-t,0.026747157949056372,0.036421070487096564,False,False
2025-06-16,Equal Weighted Portfolio,0.013711836534905554,EWMA-t,0.02628255780670215,0.03578843375742132,False,False
2025-06-17,Equal Weighted Portfolio,-0.0060318258352022765,EWMA-t,0.026046142908218644,0.03546651231446774,False,False
2025-06-18,Equal Weighted Portfolio,-0.0020402207492150825,EWMA-t,0.025363829058746064,0.034537419180412365,False,False
2025-06-20,Equal Weighted Portfolio,-0.008774708859696157,EWMA-t,0.024604229227753342,0.03350308726973739,False,False
2025-06-23,Equal Weighted Portfolio,0.0013307647383619557,EWMA-t,0.02410296275754039,0.03282052273412519,False,False
2025-06-24,Equal Weighted Portfolio,0.011884213456141457,EWMA-t,0.023374548278358817,0.03182865529383029,False,False
2025-06-25,Equal Weighted Portfolio,0.014545562635825848,EWMA-t,0.023139322429907284,0.0315083529565443,False,False
2025-06-26,Equal Weighted Portfolio,0.010737728669983349,EWMA-t,0.02315212417294463,0.031525784834219264,False,False
2025-06-27,Equal Weighted Portfolio,0.013090284150479883,EWMA-t,0.022840528377096235,0.031101491065674117,False,False
2025-06-30,Equal Weighted Portfolio,0.0004758316098337108,EWMA-t,0.02273515462713167,0.0309580057360455,False,False
2025-07-01,Equal Weighted Portfolio,-0.005074744611060544,EWMA-t,0.02204334444066247,0.030015981629668433,False,False
2025-07-02,Equal Weighted Portfolio,0.0119413566400439,EWMA-t,0.021464785432746096,0.029228169390012878,False,False
2025-07-03,Equal Weighted Portfolio,0.01091219918545332,EWMA-t,0.021334109777015383,0.029050230960913952,False,False
2025-07-07,Equal Weighted Portfolio,-0.008459687957436323,EWMA-t,0.02112462657509588,0.028764981870991788,False,False
2025-07-08,Equal Weighted Portfolio,-0.004542069293538731,EWMA-t,0.020749507814880417,0.02825419015125613,False,False
2025-07-09,Equal Weighted Portfolio,0.013204784302196383,EWMA-t,0.02019653168943243,0.027501213611431527,False,False
2025-07-10,Equal Weighted Portfolio,0.0028138229197579804,EWMA-t,0.02025809466017576,0.027585042678471408,False,False
2025-07-11,Equal Weighted Portfolio,0.005960913639303201,EWMA-t,0.01967209635999659,0.02678710050320201,False,False
2025-07-14,Equal Weighted Portfolio,-0.00130564516291678,EWMA-t,0.01921631435296541,0.02616647125218214,False,False
2025-07-15,Equal Weighted Portfolio,0.01056707922624085,EWMA-t,0.018637981492723603,0.025378966953295907,False,False
2025-07-16,Equal Weighted Portfolio,-0.0003500613536304266,EWMA-t,0.018541839153692702,0.025248051851463102,False,False
2025-07-17,Equal Weighted Portfolio,0.005804491768911003,EWMA-t,0.017977507102952987,0.024479612175095766,False,False
2025-07-18,Equal Weighted Portfolio,0.003130378230074982,EWMA-t,0.017578667784231734,0.02393652064485396,False,False
2025-07-21,Equal Weighted Portfolio,0.008447883922580956,EWMA-t,0.017087550257645738,0.023267775722970844,False,False
2025-07-22,Equal Weighted Portfolio,-0.005739112991528962,EWMA-t,0.016896794537434,0.023008027470656296,False,False
2025-07-23,Equal Weighted Portfolio,0.004590817929579738,EWMA-t,0.01653678024435753,0.022517803201989168,False,False
2025-07-24,Equal Weighted Portfolio,0.010299641799744852,EWMA-t,0.016134323240244938,0.021969785541842677,False,False
2025-07-25,Equal Weighted Portfolio,0.0011745775417972173,EWMA-t,0.016158660798166063,0.02200292550812311,False,False
2025-07-28,Equal Weighted Portfolio,0.003920703109816227,EWMA-t,0.015673210580672475,0.02134189764778051,False,False
2025-07-29,Equal Weighted Portfolio,-0.002390239499743707,EWMA-t,0.015273759001867364,0.020797972415217386,False,False
2025-07-30,Equal Weighted Portfolio,0.0027629636994422006,EWMA-t,0.014838260123550431,0.02020496229524716,False,False
2025-07-31,Equal Weighted Portfolio,0.0036836149308083544,EWMA-t,0.014427198760542407,0.01964522825153485,False,False
2025-08-01,Equal Weighted Portfolio,-0.032744163650344854,EWMA-t,0.01406249521137509,0.019148618716554863,True,True
2025-08-04,Equal Weighted Portfolio,0.015808260378348947,EWMA-t,0.01875349358777261,0.025536257464830067,False,False
2025-08-05,Equal Weighted Portfolio,-0.0037571621366752302,EWMA-t,0.01921554892125858,0.026165428979122676,False,False
2025-08-06,Equal Weighted Portfolio,0.020065593308118856,EWMA-t,0.018688661281435388,0.02544797660884356,False,False
2025-08-07,Equal Weighted Portfolio,0.007404856872179309,EWMA-t,0.01976293579002647,0.02691079473981688,False,False
2025-08-08,Equal Weighted Portfolio,0.015549579055201268,EWMA-t,0.019380881650908014,0.02639055925321965,False,False
2025-08-11,Equal Weighted Portfolio,-0.004175114787391609,EWMA-t,0.019760375878330877,0.02690730895921606,False,False
2025-08-12,Equal Weighted Portfolio,0.00890939736652916,EWMA-t,0.019228618691060264,0.026183225823486624,False,False
2025-08-13,Equal Weighted Portfolio,-9.856619197583499e-05,EWMA-t,0.018969199484191703,0.025829979873503373,False,False
2025-08-14,Equal Weighted Portfolio,0.007228127569765275,EWMA-t,0.018391362095485874,0.0250431502483066,False,False
2025-08-15,Equal Weighted Portfolio,-0.002518898051409835,EWMA-t,0.01805622080820852,0.024586795054595434,False,False
2025-08-18,Equal Weighted Portfolio,-0.00026286395152257396,EWMA-t,0.01753415719010298,0.02387591145829016,False,False
2025-08-19,Equal Weighted Portfolio,-0.014889227050151587,EWMA-t,0.017000310399834486,0.023148982951915333,False,False
2025-08-20,Equal Weighted Portfolio,-0.011764950985259117,EWMA-t,0.017491499221091066,0.023817824954326692,False,False
2025-08-21,Equal Weighted Portfolio,-0.002951225327001095,EWMA-t,0.01757839965669129,0.023936155540940165,False,False
2025-08-22,Equal Weighted Portfolio,0.019459479743256704,EWMA-t,0.017082360017337383,0.02326070827646024,False,False
2025-08-25,Equal Weighted Portfolio,0.0019212738805426625,EWMA-t,0.018244380163222114,0.02484300788830319,False,False
2025-08-26,Equal Weighted Portfolio,0.0027110853560830426,EWMA-t,0.01770471109879885,0.024108151307559122,False,False
2025-08-27,Equal Weighted Portfolio,0.0033231144529809464,EWMA-t,0.017198430440004023,0.0234187590515542,False,False
2025-08-28,Equal Weighted Portfolio,0.007526545326011335,EWMA-t,0.01672562655139414,0.022774951444539206,False,False
2025-08-29,Equal Weighted Portfolio,-0.0093209452579897,EWMA-t,0.016483996229827342,0.022445928264193626,False,False
2025-09-02,Equal Weighted Portfolio,-0.011247555037791514,EWMA-t,0.01639677331243114,0.022327158560562763,False,False
2025-09-03,Equal Weighted Portfolio,0.026127701187889988,EWMA-t,0.016501102995298854,0.02246922220488934,False,False
2025-09-04,Equal Weighted Portfolio,0.013280340617713372,EWMA-t,0.01901360520932862,0.0258904462620566,False,False
2025-09-05,Equal Weighted Portfolio,-0.01127290645832042,EWMA-t,0.019159856763204947,0.026089594080405093,False,False
2025-09-08,Equal Weighted Portfolio,0.003667976693285735,EWMA-t,0.01909779750597007,0.02600508922996703,False,False
2025-09-09,Equal Weighted Portfolio,0.006999815736210623,EWMA-t,0.018572099775906473,0.02528925713602942,False,False
2025-09-10,Equal Weighted Portfolio,-0.004927524946731187,EWMA-t,0.01821550482062243,0.024803688911305147,False,False
2025-09-11,Equal Weighted Portfolio,0.0036324657502236676,EWMA-t,0.017766573789042058,0.024192388496652655,False,False
2025-09-12,Equal Weighted Portfolio,0.006728042250837185,EWMA-t,0.017284460007811486,0.02353590379489694,False,False
2025-09-15,Equal Weighted Portfolio,0.01578587729299492,EWMA-t,0.016965481177098826,0.023101556695313327,False,False
2025-09-16,Equal Weighted Portfolio,-0.0024626280203755347,EWMA-t,0.017581067912835598,0.02393978885201174,False,False
2025-09-17,Equal Weighted Portfolio,-0.007484271185650693,EWMA-t,0.017072965444758812,0.02324791587471304,False,False
2025-09-18,Equal Weighted Portfolio,0.007091973739199809,EWMA-t,0.016812471315026944,0.02289320622374715,False,False
2025-09-19,Equal Weighted Portfolio,0.013146276324071638,EWMA-t,0.016537157239859254,0.02251831654923031,False,False
2025-09-22,Equal Weighted Portfolio,0.009956142335529997,EWMA-t,0.016846216066872553,0.022939155778009302,False,False
2025-09-23,Equal Weighted Portfolio,-0.015467538403444326,EWMA-t,0.016795720582636554,0.022870397086183342,False,False
2025-09-24,Equal Weighted Portfolio,-0.006969261672620576,EWMA-t,0.01738297838982786,0.02367005430698227,False,False
2025-09-25,Equal Weighted Portfolio,0.0003173460559482196,EWMA-t,0.017074804748670156,0.02325042041809405,False,False
2025-09-26,Equal Weighted Portfolio,0.0032015498694468515,EWMA-t,0.016555107780445694,0.022542759441638745,False,False
2025-09-29,Equal Weighted Portfolio,0.004422605232057841,EWMA-t,0.01610007375036027,0.02192314869587899,False,False
2025-09-30,Equal Weighted Portfolio,0.00365781729206971,EWMA-t,0.015706188549621625,0.02138680308909528,False,False
2025-10-01,Equal Weighted Portfolio,0.004630799512458106,EWMA-t,0.015295501316263997,0.020827578490251627,False,False
2025-10-02,Equal Weighted Portfolio,0.003888491786648407,EWMA-t,0.014940931246716917,0.0203447675119718,False,False
2025-10-03,Equal Weighted Portfolio,-0.0026197193459535973,EWMA-t,0.01456625543208634,0.019834578942387646,False,False
2025-10-06,Equal Weighted Portfolio,0.006462125063563984,EWMA-t,0.014160033623856252,0.01928143482370696,False,False
2025-10-07,Equal Weighted Portfolio,-0.005125538334284264,EWMA-t,0.01396187300796545,0.01901160347291928,False,False
2025-10-08,Equal Weighted Portfolio,0.007713814798281194,EWMA-t,0.013685777568474344,0.018635649830217354,False,False
2025-10-09,Equal Weighted Portfolio,-0.0008001927851928321,EWMA-t,0.013611178470682073,0.01853406972947764,False,False
2025-10-10,Equal Weighted Portfolio,-0.0349397458927039,EWMA-t,0.013200278319390192,0.01797455520453769,True,True
2025-10-13,Equal Weighted Portfolio,0.018234160877958417,EWMA-t,0.018777067678627725,0.025568357833263177,False,False
2025-10-14,Equal Weighted Portfolio,-0.010979371603569054,EWMA-t,0.019566295858555568,0.02664303407461573,False,False
2025-10-15,Equal Weighted Portfolio,0.004717101118023882,EWMA-t,0.01945536439487236,0.026491980917276992,False,False
2025-10-16,Equal Weighted Portfolio,-0.0009083893705896795,EWMA-t,0.018953667073005883,0.025808829699577946,False,False
2025-10-17,Equal Weighted Portfolio,0.006416189222970424,EWMA-t,0.01837973374647346,0.025027316157827297,False,False
2025-10-20,Equal Weighted Portfolio,0.014279476582549199,EWMA-t,0.017997555156784553,0.024506911209375197,False,False
2025-10-21,Equal Weighted Portfolio,-0.00017213778019480389,EWMA-t,0.018330561273356635,0.024960358983804404,False,False
2025-10-22,Equal Weighted Portfolio,-0.005875099024133856,EWMA-t,0.017772267449205778,0.0242001414399204,False,False
2025-10-23,Equal Weighted Portfolio,0.006799509845933471,EWMA-t,0.017385052612537925,0.023672878734597086,False,False
2025-10-24,Equal Weighted Portfolio,0.01633637866519626,EWMA-t,0.017066203566960852,0.023238708360839088,False,False
2025-10-27,Equal Weighted Portfolio,0.022889315329979353,EWMA-t,0.017749665880895812,0.024169365336002967,False,False
2025-10-28,Equal Weighted Portfolio,0.014972753622844849,EWMA-t,0.019420818290186923,0.02644494017686639,False,False
2025-10-29,Equal Weighted Portfolio,0.012245601040423939,EWMA-t,0.019728315624556358,0.02686365315231575,False,False
2025-10-30,Equal Weighted Portfolio,-0.01014922399894378,EWMA-t,0.019724185041576504,0.026858028620014095,False,False
2025-10-31,Equal Weighted Portfolio,0.014934705527043481,EWMA-t,0.01953535566197642,0.026600903427216105,False,False
2025-11-03,Equal Weighted Portfolio,0.012699742833006478,EWMA-t,0.01982989378310582,0.027001970100962253,False,False
2025-11-04,Equal Weighted Portfolio,-0.01617695560610204,EWMA-t,0.019863849986909803,0.02704820758513065,False,False
2025-11-05,Equal Weighted Portfolio,-0.0006991649653381056,EWMA-t,0.020282190841161646,0.027617853966602598,False,False
2025-11-06,Equal Weighted Portfolio,-0.01685511011861525,EWMA-t,0.019666235626125347,0.026779120059005387,False,False
2025-11-07,Equal Weighted Portfolio,-0.0038277968758225088,EWMA-t,0.02018634155056826,0.027487337902971132,False,False
2025-11-10,Equal Weighted Portfolio,0.02724362326579799,EWMA-t,0.019629185238726612,0.026728669286867512,False,False
2025-11-11,Equal Weighted Portfolio,0.0008165539541552303,EWMA-t,0.02183952470509734,0.029738444368707186,False,False
2025-11-12,Equal Weighted Portfolio,-0.006552362132847133,EWMA-t,0.021176639456848168,0.028835806772693307,False,False
2025-11-13,Equal Weighted Portfolio,-0.021817945013118976,EWMA-t,0.02069256883069874,0.028176657474315487,True,False
2025-11-14,Equal Weighted Portfolio,0.0019188123381551408,EWMA-t,0.021819829431201993,0.029711625707817255,False,False
2025-11-17,Equal Weighted Portfolio,-0.003769997882915255,EWMA-t,0.02116856228608492,0.028824808250672213,False,False
2025-11-18,Equal Weighted Portfolio,-0.020341868034306643,EWMA-t,0.020577158889244242,0.02801950606328962,False,False
2025-11-19,Equal Weighted Portfolio,0.00958805417911337,EWMA-t,0.02149428292565368,0.02926833553665268,False,False
2025-11-20,Equal Weighted Portfolio,-0.018264689045779804,EWMA-t,0.021177827602834515,0.028837424647340033,False,False
2025-11-21,Equal Weighted Portfolio,0.009288937660130926,EWMA-t,0.021752678639439457,0.02962018781655771,False,False
2025-11-24,Equal Weighted Portfolio,0.025790441494916518,EWMA-t,0.02140400764787108,0.029145409494879395,False,False
2025-11-25,Equal Weighted Portfolio,0.0030836188214456326,EWMA-t,0.023097702006475776,0.03145167925766426,False,False
2025-11-26,Equal Weighted Portfolio,0.004210859790557798,EWMA-t,0.022426860249482556,0.03053820744268962,False,False
2025-11-28,Equal Weighted Portfolio,0.0034450175790797346,EWMA-t,0.021806610039948916,0.02969362512691285,False,False
2025-12-01,Equal Weighted Portfolio,0.0016475713749701582,EWMA-t,0.021185652468516163,0.02884807961057337,False,False
2025-12-02,Equal Weighted Portfolio,0.006267386251275654,EWMA-t,0.020550467996924057,0.02798316160858499,False,False
2025-12-03,Equal Weighted Portfolio,-0.007324099780886838,EWMA-t,0.02007627507495664,0.027337462582604298,False,False
2025-12-04,Equal Weighted Portfolio,-0.001099623510288872,EWMA-t,0.019676606144938963,0.026793241387238386,False,False
2025-12-05,Equal Weighted Portfolio,0.0012298261190881285,EWMA-t,0.019082077700434793,0.025983683884900678,False,False
2025-12-08,Equal Weighted Portfolio,-0.0008590392041004423,EWMA-t,0.01850708083357658,0.02520072214154127,False,False
2025-12-09,Equal Weighted Portfolio,0.002277957529909469,EWMA-t,0.01794646028985183,0.024437336350108654,False,False
2025-12-10,Equal Weighted Portfolio,-0.00017072452479962577,EWMA-t,0.017422782966610584,0.023724255403766974,False,False
2025-12-11,Equal Weighted Portfolio,-0.007430250827749129,EWMA-t,0.016892148225629136,0.023001700680719498,False,False
2025-12-12,Equal Weighted Portfolio,-0.013976211486438241,EWMA-t,0.01663615367584634,0.022653118017854537,False,False
2025-12-15,Equal Weighted Portfolio,-0.007096621453401886,EWMA-t,0.017040040736786097,0.023203082957805557,False,False
2025-12-16,Equal Weighted Portfolio,0.0016383813847532518,EWMA-t,0.01675497944558033,0.02281492069398962,False,False
2025-12-17,Equal Weighted Portfolio,-0.01720471403960169,EWMA-t,0.016257327048782053,0.022137277369925656,True,False
2025-12-18,Equal Weighted Portfolio,0.016083486779566326,EWMA-t,0.0171527622864118,0.023356573639400656,False,False
2025-12-19,Equal Weighted Portfolio,0.013476858371322687,EWMA-t,0.01779232976444109,0.02422745989366832,False,False
2025-12-22,Equal Weighted Portfolio,0.0033115495335017233,EWMA-t,0.01804605470784341,0.024572952078878846,False,False
2025-12-23,Equal Weighted Portfolio,0.013874839158002807,EWMA-t,0.017544695892397065,0.023890261798607672,False,False
2025-12-24,Equal Weighted Portfolio,0.0011116090016499937,EWMA-t,0.017863869720300445,0.024324874421969237,False,False
2025-12-26,Equal Weighted Portfolio,0.001280071226416002,EWMA-t,0.01732517991536286,0.023591351279298144,False,False
2025-12-29,Equal Weighted Portfolio,-0.0031605792112484156,EWMA-t,0.016804926139263984,0.022882932108687012,False,False
2025-12-30,Equal Weighted Portfolio,-0.0005651506807287321,EWMA-t,0.016340317544747296,0.022250283869871035,False,False
2025-12-31,Equal Weighted Portfolio,-0.005533920459498588,EWMA-t,0.015844084416702636,0.021574573135707424,False,False
2026-01-02,Equal Weighted Portfolio,-0.005296277427553897,EWMA-t,0.015514790834875577,0.021126180645652425,False,False
2026-01-05,Equal Weighted Portfolio,0.0034824727142788612,EWMA-t,0.015185652024128995,0.020677998904284896,False,False
2026-01-06,Equal Weighted Portfolio,0.0027992791646190398,EWMA-t,0.014786589684841188,0.020134603691394266,False,False
2026-01-07,Equal Weighted Portfolio,0.008056360472106361,EWMA-t,0.01437833147388182,0.019578686643810836,False,False
2026-01-08,Equal Weighted Portfolio,-0.0013758272396120928,EWMA-t,0.014295779604798005,0.01946627741332475,False,False
2026-01-09,Equal Weighted Portfolio,0.003354976519715525,EWMA-t,0.013870828350232884,0.01888762978184275,False,False
2026-01-12,Equal Weighted Portfolio,0.0013344881667388007,EWMA-t,0.013512828180770863,0.01840014810505291,False,False
2026-01-13,Equal Weighted Portfolio,-0.0020891723057354875,EWMA-t,0.013111679180043882,0.017853911526978593,False,False
2026-01-14,Equal Weighted Portfolio,-0.013482922642863306,EWMA-t,0.012738764596301907,0.017346121190300528,True,False
2026-01-15,Equal Weighted Portfolio,0.0011591235594374807,EWMA-t,0.013440682675676907,0.018301909012460014,False,False
2026-01-16,Equal Weighted Portfolio,-0.002454647113408948,EWMA-t,0.013039195020965948,0.017755211296023084,False,False
2026-01-20,Equal Weighted Portfolio,-0.029740956208286408,EWMA-t,0.012678767234833424,0.017264423982124414,True,True
2026-01-21,Equal Weighted Portfolio,0.006215852013335277,EWMA-t,0.016967363627234604,0.023104119990045954,False,False
2026-01-22,Equal Weighted Portfolio,0.009507631085798662,EWMA-t,0.016631080810364195,0.02264621039829927,False,False
2026-01-23,Equal Weighted Portfolio,0.01203483878611158,EWMA-t,0.016552227135213045,0.022538836924589776,False,False
2026-01-26,Equal Weighted Portfolio,0.009045716978555052,EWMA-t,0.016731279238788917,0.022782648596006247,False,False
2026-01-27,Equal Weighted Portfolio,0.01491522553002387,EWMA-t,0.016607022931105317,0.022613451264864366,False,False
2026-01-28,Equal Weighted Portfolio,0.0016016475846943657,EWMA-t,0.017136162659139052,0.02333397025865599,False,False
2026-01-29,Equal Weighted Portfolio,-0.017155397827178853,EWMA-t,0.01662606050133564,0.02263937434381661,True,False
2026-01-30,Equal Weighted Portfolio,-0.004072695795323189,EWMA-t,0.017474349855834164,0.02379447300635449,False,False
2026-02-02,Equal Weighted Portfolio,0.005945907468874045,EWMA-t,0.017017542892818583,0.0231724480932525,False,False
2026-02-03,Equal Weighted Portfolio,-0.017823654435344373,EWMA-t,0.01666397833177588,0.02269100629580987,True,False
2026-02-04,Equal Weighted Portfolio,-0.009207779111978544,EWMA-t,0.01761119601273482,0.02398081368359055,False,False
2026-02-05,Equal Weighted Portfolio,-0.023027877036055824,EWMA-t,0.01745440013095167,0.023767307864640097,True,False
2026-02-06,Equal Weighted Portfolio,0.0050631533085720316,EWMA-t,0.019193259113218026,0.026135077392934154,False,False
2026-02-09,Equal Weighted Portfolio,0.008157679608795522,EWMA-t,0.01871477151758211,0.025483530395640115,False,False
2026-02-10,Equal Weighted Portfolio,-0.007666593835546887,EWMA-t,0.018426047925202742,0.025090381249500356,False,False
2026-02-11,Equal Weighted Portfolio,-0.008740576933170121,EWMA-t,0.01811732530337925,0.024669999824609892,False,False
2026-02-12,Equal Weighted Portfolio,-0.020170030162179532,EWMA-t,0.01789853572075342,0.0243720784220506,True,False
2026-02-13,Equal Weighted Portfolio,-0.012201357821127879,EWMA-t,0.019080080766684635,0.02598096470011809,False,False
2026-02-17,Equal Weighted Portfolio,0.006757033997352391,EWMA-t,0.019110956909614302,0.02602300812694321,False,False
2026-02-18,Equal Weighted Portfolio,0.009350529072097392,EWMA-t,0.018718321488848364,0.02548836432057381,False,False
2026-02-19,Equal Weighted Portfolio,-0.003234486874066312,EWMA-t,0.0185168522605325,0.025214027698363374,False,False
2026-02-20,Equal Weighted Portfolio,0.01709316332951312,EWMA-t,0.017997756724388955,0.024507185679954156,False,False
2026-02-23,Equal Weighted Portfolio,-0.010038096291318667,EWMA-t,0.018699386311928017,0.025462580668545617,False,False
2026-02-24,Equal Weighted Portfolio,0.010903500269520318,EWMA-t,0.018554496980460283,0.025265287761229428,False,False
2026-02-25,Equal Weighted Portfolio,0.013662312229706642,EWMA-t,0.018493190964312747,0.025181808584127875,False,False
2026-02-26,Equal Weighted Portfolio,-0.017626063248171155,EWMA-t,0.01871746950009234,0.02548720418451014,False,False
2026-02-27,Equal Weighted Portfolio,-0.014438425300889192,EWMA-t,0.019425940970029528,0.02645191562764085,False,False
2026-03-02,Equal Weighted Portfolio,0.004549170447893536,EWMA-t,0.019671381499422224,0.02678612709184305,False,False
2026-03-03,Equal Weighted Portfolio,-0.002197938116918907,EWMA-t,0.01915582889783372,0.02608410941661848,False,False
2026-03-04,Equal Weighted Portfolio,0.010696590185972243,EWMA-t,0.01859236678998375,0.025316854324099924,False,False
2026-03-05,Equal Weighted Portfolio,0.0016151519301517148,EWMA-t,0.018510248796275174,0.025205035893042106,False,False
2026-03-06,Equal Weighted Portfolio,-0.016002762581070407,EWMA-t,0.017957588118337333,0.024452488891788436,False,False
2026-03-09,Equal Weighted Portfolio,0.013108915030053982,EWMA-t,0.01851293348857007,0.025208691584891495,False,False
2026-03-10,Equal Weighted Portfolio,0.002657645451203683,EWMA-t,0.018674564811061407,0.025428781726827016,False,False
2026-03-11,Equal Weighted Portfolio,0.00032888079948960574,EWMA-t,0.018135800592415898,0.024695157256496854,False,False
2026-03-12,Equal Weighted Portfolio,-0.014784278263537565,EWMA-t,0.017583786677120728,0.023943490939009365,False,False
2026-03-13,Equal Weighted Portfolio,-0.013636580513141205,EWMA-t,0.01801219633440895,0.02452684780836967,False,False
2026-03-16,Equal Weighted Portfolio,0.013562660335094946,EWMA-t,0.01826826960901004,0.024875537669246533,False,False
2026-03-17,Equal Weighted Portfolio,0.005983726398198708,EWMA-t,0.018497345326534003,0.02518746549614737,False,False
2026-03-18,Equal Weighted Portfolio,-0.015836314477157963,EWMA-t,0.018087555400320577,0.02462946274251096,False,False
2026-03-19,Equal Weighted Portfolio,-0.005668081688492288,EWMA-t,0.018609480819056792,0.025340158155496686,False,False
2026-03-20,Equal Weighted Portfolio,-0.018806491072152622,EWMA-t,0.018179720647183248,0.024754962317413066,True,False
2026-03-23,Equal Weighted Portfolio,0.011618518623278186,EWMA-t,0.01911457076109008,0.026027929036281688,False,False
2026-03-24,Equal Weighted Portfolio,-0.015067617188263573,EWMA-t,0.01908716942566296,0.025990617185395228,False,False
2026-03-25,Equal Weighted Portfolio,0.008422857467356826,EWMA-t,0.01943115722496023,0.026459018497742848,False,False
2026-03-26,Equal Weighted Portfolio,-0.020898270588610712,EWMA-t,0.019128166158863626,0.02604644161775122,True,False
2026-03-27,Equal Weighted Portfolio,-0.025481773757838357,EWMA-t,0.020284769833910955,0.02762136572949296,True,False
2026-03-30,Equal Weighted Portfolio,-0.0021599526650968757,EWMA-t,0.022072525269281745,0.03005571658087479,False,False
2026-03-31,Equal Weighted Portfolio,0.040559972791686154,EWMA-t,0.02141695728552533,0.0291630427576988,False,False
2026-04-01,Equal Weighted Portfolio,0.010380160889735436,EWMA-t,0.026183383254000787,0.03565338975082659,False,False
2026-04-02,Equal Weighted Portfolio,0.0032494793679423983,EWMA-t,0.025711822170787654,0.035011274447085204,False,False
2026-04-06,Equal Weighted Portfolio,0.0073216731084089,EWMA-t,0.024961266451599257,0.03398925772272446,False,False
2026-04-07,Equal Weighted Portfolio,0.001194193628446505,EWMA-t,0.024371517293027677,0.033186208078536034,False,False
2026-04-08,Equal Weighted Portfolio,0.023937308765146038,EWMA-t,0.0236337288580156,0.03218157630990779,False,False
2026-04-09,Equal Weighted Portfolio,0.014809987386401692,EWMA-t,0.024771949352344322,0.03373146841181863,False,False
2026-04-10,Equal Weighted Portfolio,0.007583769581430789,EWMA-t,0.024713340551115993,0.03365166197837374,False,False
2026-04-13,Equal Weighted Portfolio,0.010496060132096651,EWMA-t,0.024145357904127668,0.03287825135804504,False,False
2026-04-14,Equal Weighted Portfolio,0.02660441415887265,EWMA-t,0.023770885306615797,0.032368339505150515,False,False
2026-04-15,Equal Weighted Portfolio,0.019424013721906472,EWMA-t,0.025310216910012506,0.03446441658882081,False,False
2026-04-16,Equal Weighted Portfolio,0.0015484601501636777,EWMA-t,0.02570050974916292,0.034995870548616484,False,False
2026-04-17,Equal Weighted Portfolio,0.014421297837613345,EWMA-t,0.024925007940430306,0.03393988523262451,False,False
2026-04-20,Equal Weighted Portfolio,-0.003945889955653037,EWMA-t,0.02482221422568399,0.033799913085395386,False,False
2026-04-21,Equal Weighted Portfolio,-0.0059104450615780745,EWMA-t,0.024116002487156552,0.032838278673368804,False,False
2026-04-22,Equal Weighted Portfolio,0.020767223280223047,EWMA-t,0.02349657155388081,0.031994811949700705,False,False
2026-04-23,Equal Weighted Portfolio,-0.010774004889922618,EWMA-t,0.024200361985626306,0.03295314931666762,False,False
2026-04-24,Equal Weighted Portfolio,0.0208711805663111,EWMA-t,0.023842585447406313,0.03246597215407119,False,False
2026-04-27,Equal Weighted Portfolio,0.007005489184044578,EWMA-t,0.024530065535982137,0.03340210005267579,False,False
2026-04-28,Equal Weighted Portfolio,-0.0004467588496201325,EWMA-t,0.02394180559486878,0.03260107824614099,False,False
2026-04-29,Equal Weighted Portfolio,-0.0038457273222577857,EWMA-t,0.023213106589396543,0.031608823372081825,False,False
2026-04-30,Equal Weighted Portfolio,0.005239791427180009,EWMA-t,0.022556695830549877,0.030715001958906734,False,False
2026-05-01,Equal Weighted Portfolio,0.011707587657514541,EWMA-t,0.021966384268334176,0.02991118650091469,False,False
2026-05-06,Equal Weighted Portfolio,0.02763443900836866,EWMA-t,0.021789154112112793,0.029669855738802604,False,False
2026-05-07,Equal Weighted Portfolio,0.004075907955499836,EWMA-t,0.023756600784023068,0.032348888556185576,False,False
2026-05-08,Equal Weighted Portfolio,0.006903637889625868,EWMA-t,0.023088581616845138,0.03143926020535822,False,False
2026-05-11,Equal Weighted Portfolio,-0.005565722873392299,EWMA-t,0.02254923402625655,0.03070484136911077,False,False
2026-05-12,Equal Weighted Portfolio,-0.0035824291421401536,EWMA-t,0.021971579150774814,0.029918260268524063,False,False
2026-05-13,Equal Weighted Portfolio,0.017253878354592245,EWMA-t,0.021348768764014404,0.029070191810577968,False,False
2026-05-14,Equal Weighted Portfolio,0.007325953879295844,EWMA-t,0.021782110316511612,0.029660264343089614,False,False
2026-05-15,Equal Weighted Portfolio,-0.005628233585995757,EWMA-t,0.021314134472421812,0.02902303098781815,False,False
2026-05-18,Equal Weighted Portfolio,-0.00018781109892414011,EWMA-t,0.02078300775233213,0.028299806346650275,False,False
2026-05-19,Equal Weighted Portfolio,-0.010606258616692222,EWMA-t,0.02015000896468792,0.027437864546816928,False,False
2026-05-20,Equal Weighted Portfolio,-0.003634716922868808,EWMA-t,0.019976428138839153,0.02720150300494816,False,False
2026-05-21,Equal Weighted Portfolio,0.0008665416026868212,EWMA-t,0.019420536358060413,0.026444556275523612,False,False
2026-05-22,Equal Weighted Portfolio,0.003550335738516753,EWMA-t,0.018831991899619732,0.025643147047429735,False,False
2026-05-26,Equal Weighted Portfolio,0.0048114002564965345,EWMA-t,0.01831159573989742,0.024934533995883853,False,False
2026-05-27,Equal Weighted Portfolio,-0.0026518202482955777,EWMA-t,0.017854287478369,0.024311826474614447,False,False
2026-05-28,Equal Weighted Portfolio,0.005280615110533837,EWMA-t,0.017341756487543315,0.023613923266384344,False,False
2026-05-29,Equal Weighted Portfolio,0.007554359148382007,EWMA-t,0.016941207923173534,0.023068504290499028,False,False
2026-06-01,Equal Weighted Portfolio,0.003268690665611906,EWMA-t,0.016691598594148906,0.02272861625514372,False,False
2026-06-02,Equal Weighted Portfolio,-0.0046674685486801214,EWMA-t,0.016234073797345535,0.02210561388211747,False,False
2026-06-03,Equal Weighted Portfolio,-0.029888785243021965,EWMA-t,0.015846178635756665,0.021577424791944234,True,True
2026-06-04,Equal Weighted Portfolio,0.0049820567261827705,EWMA-t,0.01934383184485509,0.02634010927268875,False,False
2026-06-05,Equal Weighted Portfolio,-0.0210522767969608,EWMA-t,0.018856594944125765,0.025676648521487586,True,False
2026-06-08,Equal Weighted Portfolio,0.003617310767732685,EWMA-t,0.020069238796638893,0.02732788142302594,False,False
2026-06-09,Equal Weighted Portfolio,-0.005565298093365945,EWMA-t,0.019509776438830836,0.026566072710211896,False,False
2026-06-10,Equal Weighted Portfolio,-0.020842751698376592,EWMA-t,0.019041616932972166,0.025928589266379896,True,False
2026-06-11,Equal Weighted Portfolio,-0.02895154663746782,EWMA-t,0.020199211972810587,0.027504863299747086,True,True
2026-06-12,Equal Weighted Portfolio,0.01943142842703987,EWMA-t,0.02265277148782431,0.030845826261524264,False,False
2026-06-15,Equal Weighted Portfolio,0.02913717014068822,EWMA-t,0.023254016248861527,0.03166452923787195,False,False
2026-06-16,Equal Weighted Portfolio,-0.0045568508447308975,EWMA-t,0.025290159222185218,0.034437104436121926,False,False
2026-06-17,Equal Weighted Portfolio,-0.010648057234653476,EWMA-t,0.02458511267687927,0.033477056644420834,False,False
2026-06-18,Equal Weighted Portfolio,0.0007915726720024055,EWMA-t,0.024201150299928004,0.03295422274849925,False,False
2026-06-22,Equal Weighted Portfolio,-0.025620402906609118,EWMA-t,0.02346595049246405,0.03195311586227438,True,False
2026-06-23,Equal Weighted Portfolio,-0.0020803515252316718,EWMA-t,0.02488212428485116,0.03388149141577237,False,False
2026-06-24,Equal Weighted Portfolio,-0.001266650166988326,EWMA-t,0.024137982004345814,0.03286820774270571,False,False
2026-06-25,Equal Weighted Portfolio,-0.04326339986850551,EWMA-t,0.02340794211533729,0.03187412701433025,True,True
2026-06-26,Equal Weighted Portfolio,0.015030011801680357,EWMA-t,0.028363782872315352,0.03862239633986028,False,False
2026-06-29,Equal Weighted Portfolio,0.015054512950921662,EWMA-t,0.028127707600782308,0.038300937360138336,False,False
2026-06-30,Equal Weighted Portfolio,0.012744077465142657,EWMA-t,0.027906018233008575,0.037999067378089946,False,False
2026-07-01,Equal Weighted Portfolio,0.01239876414369443,EWMA-t,0.027516120296332373,0.03746815114910202,False,False
2026-07-02,Equal Weighted Portfolio,0.009976731220394709,EWMA-t,0.027119767770817312,0.03692844583547516,False,False
2026-07-06,Equal Weighted Portfolio,0.001559946131339918,EWMA-t,0.026584681572465043,0.036199829651879914,False,False
2026-07-07,Equal Weighted Portfolio,0.00799670662227836,EWMA-t,0.025782104053469174,0.035106975882280116,False,False
2026-07-08,Equal Weighted Portfolio,0.001611238893157286,EWMA-t,0.025193706939933096,0.03430576729079842,False,False
2026-07-09,Equal Weighted Portfolio,0.002455749085803749,EWMA-t,0.02443442170396184,0.03327186375787759,False,False
2026-07-10,Equal Weighted Portfolio,0.005828105620249491,EWMA-t,0.023709726087950092,0.0322850602192465,False,False
2026-07-13,Equal Weighted Portfolio,-0.0035730422304603767,EWMA-t,0.023101401873635262,0.03145671729284038,False,False
2026-07-14,Equal Weighted Portfolio,0.007426509332301178,EWMA-t,0.02244166995088387,0.03055837351714349,False,False
2026-07-15,Equal Weighted Portfolio,0.027495065670155097,EWMA-t,0.02195312868068168,0.029893136632096518,False,False
2026-07-16,Equal Weighted Portfolio,-0.011354165330649991,EWMA-t,0.023873209555805925,0.03250767239051318,False,False
2026-07-17,Equal Weighted Portfolio,-0.014244098214973635,EWMA-t,0.02357266267438121,0.03209842370794678,False,False
2026-07-20,Equal Weighted Portfolio,0.005746554898107225,EWMA-t,0.02353096580512429,0.0320416459143139,False,False
2026-07-21,Equal Weighted Portfolio,-0.00250808225075101,EWMA-t,0.02292576550310204,0.031217556756851023,False,False
2026-07-22,Equal Weighted Portfolio,-0.004906641759326114,EWMA-t,0.0222492259977196,0.03029632643175367,False,False
2026-07-23,Equal Weighted Portfolio,-0.03312425381505675,EWMA-t,0.021657548811661858,0.029490651431065378,True,True
2026-07-24,Equal Weighted Portfolio,0.004431306024157422,EWMA-t,0.02470997895049472,0.03364708455398309,False,False
2026-07-27,Equal Weighted Portfolio,0.0002931362545896209,EWMA-t,0.024020506149863764,0.032708243219193654,False,False
2026-07-28,Equal Weighted Portfolio,0.00781003508890068,EWMA-t,0.02328903005785343,0.03171220684189046,False,False
2026-07-29,Equal Weighted Portfolio,-0.011393539433957801,EWMA-t,0.02278747198272533,0.03102924523369248,False,False
2026-07-30,Equal Weighted Portfolio,0.04006334522090205,EWMA-t,0.022543011217301394,0.030696367894507783,False,False
2026-07-31,Equal Weighted Portfolio,0.0415949181170369,EWMA-t,0.02694269686823621,0.036687331925862654,False,False
2026-08-03,Equal Weighted Portfolio,0.030214525967751607,EWMA-t,0.030820572269033727,0.04196775736701151,False,False
2026-08-04,Equal Weighted Portfolio,0.008073405516463496,EWMA-t,0.03215725986758804,0.043787898158750914,False,False
2026-08-05,Equal Weighted Portfolio,-0.005802712298878854,EWMA-t,0.0313388512920179,0.04267348755576811,False,False
2026-08-06,Equal Weighted Portfolio,0.0035491474060749266,EWMA-t,0.030469710128555854,0.04148999540164917,False,False
2026-08-07,Equal Weighted Portfolio,0.005044208291119357,EWMA-t,0.029574431377735362,0.04027091221713523,False,False
2026-08-10,Equal Weighted Portfolio,-0.0025609723570299003,EWMA-t,0.028742006010043276,0.039137415228419445,False,False
2026-08-11,Equal Weighted Portfolio,-0.014511110913600377,EWMA-t,0.02788460098548033,0.03796990394011454,False,False
2026-08-12,Equal Weighted Portfolio,-0.004235412691902885,EWMA-t,0.02763080552527486,0.03762431573358231,False,False
2026-08-13,Equal Weighted Portfolio,0.00418737840833976,EWMA-t,0.02684078656568914,0.03654856270337189,False,False
2026-08-14,Equal Weighted Portfolio,-0.0023844248238705347,EWMA-t,0.026075154507119277,0.03550601682894796,False,False
2026-08-17,Equal Weighted Portfolio,-0.008668518512147762,EWMA-t,0.025298183344616077,0.034448030723288885,False,False
2026-08-18,Equal Weighted Portfolio,-0.00276859500911455,EWMA-t,0.024763250069366773,0.03371962277202707,False,False
2026-08-19,Equal Weighted Portfolio,0.0086873107595997,EWMA-t,0.02403353482659701,0.03272598410794747,False,False
2026-08-20,Equal Weighted Portfolio,-0.01180791946779607,EWMA-t,0.023550476519860288,0.03206821326468462,False,False
2026-08-21,Equal Weighted Portfolio,-0.0013871676025648985,EWMA-t,0.02330040398963973,0.03172769449751702,False,False
2026-08-24,Equal Weighted Portfolio,0.0008344902626701068,EWMA-t,0.022597164987639008,0.030770108001414272,False,False
2026-08-25,Equal Weighted Portfolio,0.004410094938252374,EWMA-t,0.021911221846073272,0.029836072932840286,False,False
2026-08-26,Equal Weighted Portfolio,-0.0020632618996859974,EWMA-t,0.02131438910020017,0.029023377709375676,False,False
2026-08-27,Equal Weighted Portfolio,0.017789520131851977,EWMA-t,0.020680989190837152,0.0281608897101135,False,False
2026-08-28,Equal Weighted Portfolio,0.008458344818938257,EWMA-t,0.02123630071538321,0.02891704631622135,False,False
2026-08-31,Equal Weighted Portfolio,-0.012778296112364852,EWMA-t,0.020856302248945153,0.028399609998034224,False,False
2026-09-01,Equal Weighted Portfolio,-0.00217124266211941,EWMA-t,0.020835955763460742,0.02837190459533672,False,False
2026-09-02,Equal Weighted Portfolio,0.004574606505160994,EWMA-t,0.02021924482374128,0.0275321416325402,False,False
2026-09-03,Equal Weighted Portfolio,0.013756487543433282,EWMA-t,0.0196856547681371,0.026805562716627405,False,False
2026-09-04,Equal Weighted Portfolio,-0.006987973738811681,EWMA-t,0.0198377987003282,0.02701273406877892,False,False
2026-09-08,Equal Weighted Portfolio,-0.009058918677788675,EWMA-t,0.01942877879513337,0.0264557798373761,False,False
2026-09-09,Equal Weighted Portfolio,-0.01520584360844357,EWMA-t,0.019170795710931905,0.026104489426930395,False,False
2026-09-10,Equal Weighted Portfolio,0.0033176817371995296,EWMA-t,0.019524968564284814,0.026586759523856245,False,False
2026-09-11,Equal Weighted Portfolio,0.015392657017756762,EWMA-t,0.01897506492657809,0.025837966729190972,False,False
2026-09-14,Equal Weighted Portfolio,0.004333376486434793,EWMA-t,0.019367241110391578,0.026371985201779215,False,False
2026-09-15,Equal Weighted Portfolio,-0.01309466398589343,EWMA-t,0.01885440354012755,0.02567366453045434,False,False
2026-09-16,Equal Weighted Portfolio,0.003741889062229253,EWMA-t,0.01899146807858084,0.025860302573486676,False,False
2026-09-17,Equal Weighted Portfolio,0.008493257546674205,EWMA-t,0.018471615407618183,0.0251524295797242,False,False
2026-09-18,Equal Weighted Portfolio,0.005057316970190607,EWMA-t,0.01821767730739082,0.024806647143124555,False,False
2026-09-21,Equal Weighted Portfolio,0.013922341323034581,EWMA-t,0.017774306050326833,0.024202917362329292,False,False
2026-09-22,Equal Weighted Portfolio,0.0020821981137734147,EWMA-t,0.018081622198765232,0.02462138362051703,False,False
2026-09-23,Equal Weighted Portfolio,-0.01742816425847815,EWMA-t,0.017549895132851035,0.023897341500436712,False,False
2026-09-24,Equal Weighted Portfolio,-0.009030893226899206,EWMA-t,0.018343670308903458,0.02497820929554885,False,False
2026-09-25,Equal Weighted Portfolio,0.020338695668547804,EWMA-t,0.018135959730932995,0.0246953739522355,False,False
2026-09-28,Equal Weighted Portfolio,-0.002303108479191596,EWMA-t,0.019317044148514192,0.02630363300188357,False,False
2026-09-29,Equal Weighted Portfolio,-0.007148359173309226,EWMA-t,0.018750455359826744,0.02553212037054951,False,False
2026-09-30,Equal Weighted Portfolio,0.01743174703705277,EWMA-t,0.018395295622280115,0.025048506453138112,False,False
2026-10-01,Equal Weighted Portfolio,-0.01411408457113852,EWMA-t,0.019106918943546658,0.02601750970924013,False,False
2026-10-02,Equal Weighted Portfolio,0.010551248734779351,EWMA-t,0.01933845603130714,0.026332789134806127,False,False
2025-01-02,Long-only Global Minimum Variance Portfolio,-0.009772622113047058,EWMA-t,0.019131911658829954,0.02613036708897016,False,False
2025-01-03,Long-only Global Minimum Variance Portfolio,0.00835915088713356,EWMA-t,0.018941946559737438,0.02587091273532803,False,False
2025-01-06,Long-only Global Minimum Variance Portfolio,0.013621798310920799,EWMA-t,0.018655991334579528,0.025480355056742017,False,False
2025-01-07,Long-only Global Minimum Variance Portfolio,-0.01158699790968189,EWMA-t,0.01886213584996147,0.025761907258966512,False,False
2025-01-08,Long-only Global Minimum Variance Portfolio,0.0006921131727914344,EWMA-t,0.01884514100661378,0.025738695700016533,False,False
2025-01-10,Long-only Global Minimum Variance Portfolio,-0.01608736399336188,EWMA-t,0.01827306367316673,0.024957352413845158,False,False
2025-01-13,Long-only Global Minimum Variance Portfolio,-0.005976438486047413,EWMA-t,0.01880915799449771,0.02568955009803348,False,False
2025-01-14,Long-only Global Minimum Variance Portfolio,-0.004687455707684283,EWMA-t,0.018386569250892867,0.025112378344631366,False,False
2025-01-15,Long-only Global Minimum Variance Portfolio,0.02525893000088402,EWMA-t,0.017921234206933617,0.024476823689411883,False,False
2025-01-16,Long-only Global Minimum Variance Portfolio,-0.017978355124536247,EWMA-t,0.020007444833417272,0.027326170396998667,False,False
2025-01-17,Long-only Global Minimum Variance Portfolio,0.012174357556869915,EWMA-t,0.020642884501994575,0.028194053967596017,False,False
2025-01-21,Long-only Global Minimum Variance Portfolio,-0.005544845171807469,EWMA-t,0.020577156551528853,0.028104282725479587,False,False
2025-01-22,Long-only Global Minimum Variance Portfolio,0.018333006630601743,EWMA-t,0.020068779123964414,0.02740994077790562,False,False
2025-01-23,Long-only Global Minimum Variance Portfolio,-0.0002731900491708026,EWMA-t,0.020746694475140944,0.02833583764055997,False,False
2025-01-24,Long-only Global Minimum Variance Portfolio,-0.0004255105814368424,EWMA-t,0.02011495269614749,0.027473004647970898,False,False
2025-01-27,Long-only Global Minimum Variance Portfolio,-0.008482748180926213,EWMA-t,0.019502886105920852,0.0266370440304058,False,False
2025-01-28,Long-only Global Minimum Variance Portfolio,0.026739850564203922,EWMA-t,0.019199957349454275,0.026223303900855102,False,False
2025-01-29,Long-only Global Minimum Variance Portfolio,-0.002707737758473716,EWMA-t,0.02137273378330303,0.02919088219784812,False,False
2025-01-30,Long-only Global Minimum Variance Portfolio,-0.017759972216327618,EWMA-t,0.02074890059399663,0.028338850757940445,False,False
2025-01-31,Long-only Global Minimum Variance Portfolio,0.0029561324130898785,EWMA-t,0.021291568700923844,0.029080026919233247,False,False
2025-02-03,Long-only Global Minimum Variance Portfolio,-0.017591970067318857,EWMA-t,0.020675559731871792,0.028238681800226328,False,False
2025-02-04,Long-only Global Minimum Variance Portfolio,0.01572683379877104,EWMA-t,0.021202808934804102,0.028958798820713907,False,False
2025-02-05,Long-only Global Minimum Variance Portfolio,-0.01986526776929243,EWMA-t,0.021464632911222845,0.029316398037066028,False,False
2025-02-06,Long-only Global Minimum Variance Portfolio,0.004068297083773275,EWMA-t,0.022224944511214796,0.030354831705591914,False,False
2025-02-07,Long-only Global Minimum Variance Portfolio,-0.024062990162644023,EWMA-t,0.021607032384683558,0.029510887253886512,True,False
2025-02-10,Long-only Global Minimum Variance Portfolio,0.0053969298193071984,EWMA-t,0.022981565718099544,0.031388225034798156,False,False
2025-02-11,Long-only Global Minimum Variance Portfolio,0.004167282008422296,EWMA-t,0.022382030765559124,0.030569380129390124,False,False
2025-02-12,Long-only Global Minimum Variance Portfolio,-0.00022686990340246545,EWMA-t,0.021761807973507803,0.02972227977045829,False,False
2025-02-13,Long-only Global Minimum Variance Portfolio,0.011197262517567598,EWMA-t,0.021099043746996216,0.028817076315570275,False,False
2025-02-14,Long-only Global Minimum Variance Portfolio,-2.0682832548659627e-05,EWMA-t,0.02092357425245651,0.028577420060251827,False,False
2025-02-18,Long-only Global Minimum Variance Portfolio,-0.0013290788719086742,EWMA-t,0.02028615951584613,0.027706838941513427,False,False
2025-02-19,Long-only Global Minimum Variance Portfolio,0.00682552095240155,EWMA-t,0.019675085823449182,0.026872234423915464,False,False
2025-02-20,Long-only Global Minimum Variance Portfolio,0.0010357840797906408,EWMA-t,0.019263110910802766,0.026309559042026538,False,False
2025-02-21,Long-only Global Minimum Variance Portfolio,-0.016533451249448734,EWMA-t,0.01868070810256874,0.025514113221233273,False,False
2025-02-24,Long-only Global Minimum Variance Portfolio,-0.003781221818711628,EWMA-t,0.019240291577702906,0.026278392394319925,False,False
2025-02-25,Long-only Global Minimum Variance Portfolio,-0.010964233593843034,EWMA-t,0.01871316488147057,0.025558442693496906,False,False
2025-02-26,Long-only Global Minimum Variance Portfolio,-0.00985773174538462,EWMA-t,0.018647027130670308,0.02546811174603761,False,False
2025-02-27,Long-only Global Minimum Variance Portfolio,-0.019109767242434905,EWMA-t,0.018488799044814402,0.025252003808632843,True,False
2025-02-28,Long-only Global Minimum Variance Portfolio,0.01426327297913908,EWMA-t,0.01943311145977331,0.026541745810873367,False,False
2025-03-03,Long-only Global Minimum Variance Portfolio,-0.020549226841967336,EWMA-t,0.019656110841016216,0.02684631839078077,True,False
2025-03-04,Long-only Global Minimum Variance Portfolio,0.0031502642893848206,EWMA-t,0.02069554324092323,0.028265975279129614,False,False
2025-03-05,Long-only Global Minimum Variance Portfolio,0.016556765399259096,EWMA-t,0.02010317713394649,0.027456921583796326,False,False
2025-03-06,Long-only Global Minimum Variance Portfolio,-0.008324334835037963,EWMA-t,0.020546691774976325,0.028062673930248003,False,False
2025-03-07,Long-only Global Minimum Variance Portfolio,0.0033066959316581965,EWMA-t,0.020187210852283772,0.027571694845724436,False,False
2025-03-10,Long-only Global Minimum Variance Portfolio,-0.03996726601082995,EWMA-t,0.019615259435291025,0.02679052353626047,True,True
2025-03-11,Long-only Global Minimum Variance Portfolio,-0.010513088883570788,EWMA-t,0.024658238426024295,0.033678224807294016,False,False
2025-03-12,Long-only Global Minimum Variance Portfolio,0.00312609000323945,EWMA-t,0.024260929298234785,0.03313557995600719,False,False
2025-03-13,Long-only Global Minimum Variance Portfolio,-0.022958048776544324,EWMA-t,0.02355385914189361,0.032169863457189724,False,False
2025-03-14,Long-only Global Minimum Variance Portfolio,0.020960272288927016,EWMA-t,0.024551675064379944,0.033532680556010774,False,False
2025-03-17,Long-only Global Minimum Variance Portfolio,-0.001704629618963238,EWMA-t,0.0251867756682121,0.03440010103194118,False,False
2025-03-18,Long-only Global Minimum Variance Portfolio,-0.013948725554681218,EWMA-t,0.02442865916825383,0.033364665431287445,False,False
2025-03-19,Long-only Global Minimum Variance Portfolio,0.014570576141241312,EWMA-t,0.024309686449407557,0.0332021724785463,False,False
2025-03-20,Long-only Global Minimum Variance Portfolio,-0.0046804866979861135,EWMA-t,0.02425377021295857,0.03312580207653416,False,False
2025-03-21,Long-only Global Minimum Variance Portfolio,0.01234809795919844,EWMA-t,0.023586632679931944,0.03221462555911751,False,False
2025-03-24,Long-only Global Minimum Variance Portfolio,0.013764820444901387,EWMA-t,0.02337659041545974,0.03192774981074847,False,False
2025-03-25,Long-only Global Minimum Variance Portfolio,0.011394377432788332,EWMA-t,0.023300173372974756,0.03182337940555351,False,False
2025-03-26,Long-only Global Minimum Variance Portfolio,-0.01805874733876757,EWMA-t,0.023029274225776355,0.0314533853199329,False,False
2025-03-27,Long-only Global Minimum Variance Portfolio,-0.001029481189313786,EWMA-t,0.023426953079427902,0.031996535142843556,False,False
2025-03-28,Long-only Global Minimum Variance Portfolio,-0.03504336641874937,EWMA-t,0.022716871592608493,0.03102670576852124,True,True
2025-03-31,Long-only Global Minimum Variance Portfolio,0.00188181185842462,EWMA-t,0.025970879975799693,0.03547103078316917,False,False
2025-04-01,Long-only Global Minimum Variance Portfolio,0.013154908433428567,EWMA-t,0.025190544918500483,0.034405249074407715,False,False
2025-04-02,Long-only Global Minimum Variance Portfolio,0.0024726334693410653,EWMA-t,0.024963544914206263,0.034095212443088226,False,False
2025-04-03,Long-only Global Minimum Variance Portfolio,-0.05372884295739297,EWMA-t,0.024222526233706954,0.03308312904616879,True,True
2025-04-04,Long-only Global Minimum Variance Portfolio,-0.04632085433554562,EWMA-t,0.03157120600205091,0.04311995669781075,True,True
2025-04-07,Long-only Global Minimum Variance Portfolio,-0.008302191572677937,EWMA-t,0.03560680325125619,0.04863177587330349,False,False
2025-04-08,Long-only Global Minimum Variance Portfolio,-0.025045670420286114,EWMA-t,0.03467569643075772,0.04736007007345783,False,False
2025-04-09,Long-only Global Minimum Variance Portfolio,0.11774550501474296,EWMA-t,0.035028597258389645,0.04784206206340974,False,False
2025-04-10,Long-only Global Minimum Variance Portfolio,-0.03452693656041979,EWMA-t,0.057372069878955066,0.0783587794740438,False,False
2025-04-11,Long-only Global Minimum Variance Portfolio,0.027265464173781076,EWMA-t,0.05725306849297004,0.07819624736772131,False,False
2025-04-14,Long-only Global Minimum Variance Portfolio,0.008254964624302462,EWMA-t,0.05653220782084229,0.07721169578089616,False,False
2025-04-15,Long-only Global Minimum Variance Portfolio,-0.00814249781001802,EWMA-t,0.054905797928873304,0.07499034496806886,False,False
2025-04-16,Long-only Global Minimum Variance Portfolio,-0.03235177541024652,EWMA-t,0.05332910075348336,0.07283689178911971,False,False
2025-04-17,Long-only Global Minimum Variance Portfolio,-0.0038999653679711926,EWMA-t,0.053242565199267275,0.0727187015194678,False,False
2025-04-21,Long-only Global Minimum Variance Portfolio,-0.022681424011831985,EWMA-t,0.051643297921188575,0.07053442209173548,False,False
2025-04-22,Long-only Global Minimum Variance Portfolio,0.027778596140322867,EWMA-t,0.05085615836428073,0.06945934679664553,False,False
2025-04-23,Long-only Global Minimum Variance Portfolio,0.024638450553115643,EWMA-t,0.05049926206990881,0.0689718977977721,False,False
2025-04-24,Long-only Global Minimum Variance Portfolio,0.026714783009731624,EWMA-t,0.0499077904719208,0.06816406582291594,False,False
2025-04-25,Long-only Global Minimum Variance Portfolio,0.01043210892515488,EWMA-t,0.0495116888031163,0.06762307011924623,False,False
2025-04-28,Long-only Global Minimum Variance Portfolio,-0.0022420315545475245,EWMA-t,0.04817786829072969,0.0658013379138618,False,False
2025-04-29,Long-only Global Minimum Variance Portfolio,0.0034315258943863856,EWMA-t,0.04671847402937445,0.06380809706805492,False,False
2025-04-30,Long-only Global Minimum Variance Portfolio,-0.0002441786438439498,EWMA-t,0.045315283510825345,0.061891619300475,False,False
2025-05-01,Long-only Global Minimum Variance Portfolio,0.03392869751817307,EWMA-t,0.043934902069522615,0.060006294173155866,False,False
2025-05-02,Long-only Global Minimum Variance Portfolio,0.0018420722350360565,EWMA-t,0.04463178080513932,0.06095809122840505,False,False
2025-05-05,Long-only Global Minimum Variance Portfolio,-0.009874600463768809,EWMA-t,0.04327816338854219,0.05910932040902998,False,False
2025-05-06,Long-only Global Minimum Variance Portfolio,-0.004834694416352217,EWMA-t,0.04213855197286532,0.05755283900970918,False,False
2025-05-07,Long-only Global Minimum Variance Portfolio,-0.02154155642675331,EWMA-t,0.0408989363989162,0.05585977191980627,False,False
2025-05-08,Long-only Global Minimum Variance Portfolio,0.01237896922321521,EWMA-t,0.040545355388029114,0.05537685093548819,False,False
2025-05-09,Long-only Global Minimum Variance Portfolio,0.00013007040442379006,EWMA-t,0.03960963915514429,0.05409884959968837,False,False
2025-05-12,Long-only Global Minimum Variance Portfolio,0.04287240286404882,EWMA-t,0.03840300394997894,0.05245082710116855,False,False
2025-05-13,Long-only Global Minimum Variance Portfolio,0.006169348561708788,EWMA-t,0.04086287924008996,0.05581052504823815,False,False
2025-05-14,Long-only Global Minimum Variance Portfolio,0.011428526476107334,EWMA-t,0.03969204367384248,0.05421139770056671,False,False
2025-05-15,Long-only Global Minimum Variance Portfolio,-0.0046153742624646535,EWMA-t,0.03874370023315729,0.05291615012293722,False,False
2025-05-16,Long-only Global Minimum Variance Portfolio,0.004023094038718344,EWMA-t,0.03760711494601865,0.05136380181031327,False,False
2025-05-19,Long-only Global Minimum Variance Portfolio,0.0009950297357200133,EWMA-t,0.03649566494544106,0.04984578327489292,False,False
2025-05-20,Long-only Global Minimum Variance Portfolio,-0.008121295431479419,EWMA-t,0.035386017601054476,0.04833022680750039,False,False
2025-05-21,Long-only Global Minimum Variance Portfolio,-0.004884889028621584,EWMA-t,0.03445594267217987,0.04705993036535031,False,False
2025-05-22,Long-only Global Minimum Variance Portfolio,0.004483481229743995,EWMA-t,0.033461311958088234,0.045701463624511905,False,False
2025-05-23,Long-only Global Minimum Variance Portfolio,-0.017237304701440515,EWMA-t,0.032489690642374947,0.044374423122558786,False,False
2025-05-27,Long-only Global Minimum Variance Portfolio,0.024736429436332676,EWMA-t,0.03221908073737841,0.04400482408396992,False,False
2025-05-28,Long-only Global Minimum Variance Portfolio,-0.0036741516849077066,EWMA-t,0.032713203974695,0.044679697656905,False,False
2025-05-29,Long-only Global Minimum Variance Portfolio,7.093139735387104e-05,EWMA-t,0.031749431978857975,0.04336337775691905,False,False
2025-05-30,Long-only Global Minimum Variance Portfolio,0.0022164492256688704,EWMA-t,0.030782228981449656,0.0420423717946023,False,False
2025-06-02,Long-only Global Minimum Variance Portfolio,-0.0006191522037401106,EWMA-t,0.029857168910800373,0.04077892464637871,False,False
2025-06-03,Long-only Global Minimum Variance Portfolio,-0.0013720735427270032,EWMA-t,0.028948620436947094,0.03953802903891062,False,False
2025-06-04,Long-only Global Minimum Variance Portfolio,0.0032612448700518153,EWMA-t,0.028071900700396193,0.03834060512441919,False,False
2025-06-05,Long-only Global Minimum Variance Portfolio,0.0005989604183424808,EWMA-t,0.027246834731666825,0.03721372993181057,False,False
2025-06-06,Long-only Global Minimum Variance Portfolio,0.01709689967586238,EWMA-t,0.026417833586176536,0.036081480074340616,False,False
2025-06-09,Long-only Global Minimum Variance Portfolio,0.003846164085263023,EWMA-t,0.02647844992942831,0.036164269882751045,False,False
2025-06-10,Long-only Global Minimum Variance Portfolio,0.004203429625040991,EWMA-t,0.02571620607195233,0.035123197136736804,False,False
2025-06-11,Long-only Global Minimum Variance Portfolio,-0.007895723403259619,EWMA-t,0.024987373373686384,0.03412775735571816,False,False
2025-06-12,Long-only Global Minimum Variance Portfolio,0.002673888991462352,EWMA-t,0.024423788488987908,0.03335801305699988,False,False
2025-06-13,Long-only Global Minimum Variance Portfolio,-0.009102554488100769,EWMA-t,0.023703012786615622,0.03237357752187626,False,False
2025-06-16,Long-only Global Minimum Variance Portfolio,0.010746901207854934,EWMA-t,0.023257286284779348,0.03176480421568712,False,False
2025-06-17,Long-only Global Minimum Variance Portfolio,-0.0065509533623789975,EWMA-t,0.02294034878577316,0.031331930944004965,False,False
2025-06-18,Long-only Global Minimum Variance Portfolio,-0.002613061560754677,EWMA-t,0.022389787358942932,0.03057997408550351,False,False
2025-06-20,Long-only Global Minimum Variance Portfolio,-0.005890030289400843,EWMA-t,0.02173194615270541,0.029681494492257852,False,False
2025-06-23,Long-only Global Minimum Variance Portfolio,0.0039869061229586234,EWMA-t,0.02119649189187344,0.028950171002770853,False,False
2025-06-24,Long-only Global Minimum Variance Portfolio,0.00562905798366734,EWMA-t,0.020610319234659384,0.028149576321817936,False,False
2025-06-25,Long-only Global Minimum Variance Portfolio,0.009048980698824328,EWMA-t,0.020104351587689664,0.027458525652850455,False,False
2025-06-26,Long-only Global Minimum Variance Portfolio,0.009376514164997341,EWMA-t,0.01981318751226978,0.02706085372599255,False,False
2025-06-27,Long-only Global Minimum Variance Portfolio,0.0071321281332739125,EWMA-t,0.01955934406162757,0.026714154312640903,False,False
2025-06-30,Long-only Global Minimum Variance Portfolio,0.004448592430807745,EWMA-t,0.01916921622434337,0.026181317668731496,False,False
2025-07-01,Long-only Global Minimum Variance Portfolio,-0.0002767454901462475,EWMA-t,0.018667175004103503,0.025495629713831933,False,False
2025-07-02,Long-only Global Minimum Variance Portfolio,0.010024392819228798,EWMA-t,0.0180988239686398,0.024719375805864058,False,False
2025-07-03,Long-only Global Minimum Variance Portfolio,0.009620648044168689,EWMA-t,0.017983636595006947,0.024562052878039874,False,False
2025-07-07,Long-only Global Minimum Variance Portfolio,-0.010199239900706751,EWMA-t,0.01784043356959562,0.024366466169875138,False,False
2025-07-08,Long-only Global Minimum Variance Portfolio,-0.005743301271439731,EWMA-t,0.017754643134881235,0.024249293584522193,False,False
2025-07-09,Long-only Global Minimum Variance Portfolio,0.01147968291305039,EWMA-t,0.017360901249112094,0.023711520872786798,False,False
2025-07-10,Long-only Global Minimum Variance Portfolio,0.0018112859917462467,EWMA-t,0.017425299181357556,0.023799475575868857,False,False
2025-07-11,Long-only Global Minimum Variance Portfolio,0.0043869384641408915,EWMA-t,0.01690942229177214,0.023094890862225693,False,False
2025-07-14,Long-only Global Minimum Variance Portfolio,-0.0014038454502704762,EWMA-t,0.016484566670243946,0.02251462300670167,False,False
2025-07-15,Long-only Global Minimum Variance Portfolio,0.003339261871370949,EWMA-t,0.015991886233006628,0.021841720010276653,False,False
2025-07-16,Long-only Global Minimum Variance Portfolio,0.001204935645908577,EWMA-t,0.015560067755350794,0.021251942285072725,False,False
2025-07-17,Long-only Global Minimum Variance Portfolio,0.00566095389647427,EWMA-t,0.015093464819193585,0.0206146559425471,False,False
2025-07-18,Long-only Global Minimum Variance Portfolio,0.0030889215670501795,EWMA-t,0.01480156295468218,0.020215976343265257,False,False
2025-07-21,Long-only Global Minimum Variance Portfolio,0.010364678018442455,EWMA-t,0.014401826800048619,0.019670016658442677,False,False
2025-07-22,Long-only Global Minimum Variance Portfolio,5.017781022268646e-05,EWMA-t,0.014544266445161195,0.019864560741709777,False,False
2025-07-23,Long-only Global Minimum Variance Portfolio,-0.0004594871500560297,EWMA-t,0.014101203266072204,0.01925942500202753,False,False
2025-07-24,Long-only Global Minimum Variance Portfolio,0.0066929556679179115,EWMA-t,0.013672814588071458,0.01867433169757712,False,False
2025-07-25,Long-only Global Minimum Variance Portfolio,0.003065155039529418,EWMA-t,0.01351435178048158,0.018457903177201775,False,False
2025-07-28,Long-only Global Minimum Variance Portfolio,-0.0010250596636090248,EWMA-t,0.013157826947127601,0.017970961519828313,False,False
2025-07-29,Long-only Global Minimum Variance Portfolio,-0.0003677082057539577,EWMA-t,0.012763336419915351,0.01743216631352597,False,False
2025-07-30,Long-only Global Minimum Variance Portfolio,-0.0016210140855840798,EWMA-t,0.012375356309706717,0.01690226303549721,False,False
2025-07-31,Long-only Global Minimum Variance Portfolio,0.007184515482038544,EWMA-t,0.012015229143392717,0.016410401311363,False,False
2025-08-01,Long-only Global Minimum Variance Portfolio,-0.024409014254327385,EWMA-t,0.01198601037269079,0.016370494311061887,True,True
2025-08-04,Long-only Global Minimum Variance Portfolio,0.016145065218762196,EWMA-t,0.015064250869657963,0.02057475552699546,False,False
2025-08-05,Long-only Global Minimum Variance Portfolio,-0.005654770451857699,EWMA-t,0.015922199902919758,0.02174654241282979,False,False
2025-08-06,Long-only Global Minimum Variance Portfolio,0.018772157187806476,EWMA-t,0.015596057774487412,0.021301097457245226,False,False
2025-08-07,Long-only Global Minimum Variance Portfolio,0.007543331679173397,EWMA-t,0.016822325654219587,0.022975934264889912,False,False
2025-08-08,Long-only Global Minimum Variance Portfolio,0.0197971099437809,EWMA-t,0.016576696700972244,0.022640454213001298,False,False
2025-08-11,Long-only Global Minimum Variance Portfolio,-0.0037893898305672237,EWMA-t,0.01785341047845327,0.024384190033448067,False,False
2025-08-12,Long-only Global Minimum Variance Portfolio,0.011724643282909961,EWMA-t,0.01737337605719012,0.02372855896705862,False,False
2025-08-13,Long-only Global Minimum Variance Portfolio,-0.0013452453720603043,EWMA-t,0.017462101582209587,0.023849740299079367,False,False
2025-08-14,Long-only Global Minimum Variance Portfolio,0.0039206400071703056,EWMA-t,0.016938376259890805,0.02313443619512889,False,False
2025-08-15,Long-only Global Minimum Variance Portfolio,-0.0016817753847252466,EWMA-t,0.01649438472131955,0.02252803250196167,False,False
2025-08-18,Long-only Global Minimum Variance Portfolio,-0.0036438858472400706,EWMA-t,0.01600553179331282,0.021860357118072982,False,False
2025-08-19,Long-only Global Minimum Variance Portfolio,-0.009005422957962871,EWMA-t,0.015583780220446085,0.021284328772558852,False,False
2025-08-20,Long-only Global Minimum Variance Portfolio,-0.013227378097320325,EWMA-t,0.015517416463440094,0.021193689145798427,False,False
2025-08-21,Long-only Global Minimum Variance Portfolio,-0.0020366664137596658,EWMA-t,0.01591623385302694,0.02173839398121718,False,False
2025-08-22,Long-only Global Minimum Variance Portfolio,0.016438031938770616,EWMA-t,0.015452075449458402,0.021104446381575274,False,False
2025-08-25,Long-only Global Minimum Variance Portfolio,-8.252805033514882e-05,EWMA-t,0.016312986385168406,0.02228027863410549,False,False
2025-08-26,Long-only Global Minimum Variance Portfolio,2.3130177431805038e-05,EWMA-t,0.015816060309709057,0.021601576944520744,False,False
2025-08-27,Long-only Global Minimum Variance Portfolio,0.005349769504586728,EWMA-t,0.015334242087828742,0.020943509563048343,False,False
2025-08-28,Long-only Global Minimum Variance Portfolio,0.010866955555963401,EWMA-t,0.015014811283390737,0.02050723093452782,False,False
2025-08-29,Long-only Global Minimum Variance Portfolio,-0.0020682133387045828,EWMA-t,0.015170049157867701,0.020719254840895922,False,False
2025-09-02,Long-only Global Minimum Variance Portfolio,-0.0074197449714496905,EWMA-t,0.014730317889791938,0.020118669825649162,False,False
2025-09-03,Long-only Global Minimum Variance Portfolio,0.03557053344448168,EWMA-t,0.014575795095268261,0.019907622575561446,False,False
2025-09-04,Long-only Global Minimum Variance Portfolio,0.00872835241988619,EWMA-t,0.01987061563028548,0.027139289056018045,False,False
2025-09-05,Long-only Global Minimum Variance Portfolio,-0.007502671729521683,EWMA-t,0.019567839931093834,0.026725757972110603,False,False
2025-09-08,Long-only Global Minimum Variance Portfolio,0.00035480366105280375,EWMA-t,0.019199157781285767,0.02622221185056089,False,False
2025-09-09,Long-only Global Minimum Variance Portfolio,0.0030171898297608737,EWMA-t,0.01861479558350191,0.025424089895300758,False,False
2025-09-10,Long-only Global Minimum Variance Portfolio,-0.011377936751156722,EWMA-t,0.018086568282664993,0.024702636988585387,False,False
2025-09-11,Long-only Global Minimum Variance Portfolio,0.005951845745730035,EWMA-t,0.01809591256234505,0.024715399406820226,False,False
2025-09-12,Long-only Global Minimum Variance Portfolio,0.0116111310032307,EWMA-t,0.017699651310300234,0.024174185744343005,False,False
2025-09-15,Long-only Global Minimum Variance Portfolio,0.019667923033032886,EWMA-t,0.017755937585627418,0.024251061545496482,False,False
2025-09-16,Long-only Global Minimum Variance Portfolio,-0.0019678629907485595,EWMA-t,0.018868365881253516,0.025770416236403786,False,False
2025-09-17,Long-only Global Minimum Variance Portfolio,-0.0007378487225989525,EWMA-t,0.018309875750244054,0.02500763035284526,False,False
2025-09-18,Long-only Global Minimum Variance Portfolio,-1.0996249585185975e-05,EWMA-t,0.017754447896744203,0.024249026928252745,False,False
2025-09-19,Long-only Global Minimum Variance Portfolio,0.01937447322504848,EWMA-t,0.017213576431397953,0.023510304620232684,False,False
2025-09-22,Long-only Global Minimum Variance Portfolio,0.006769320824750383,EWMA-t,0.018341759497439967,0.02505117717834069,False,False
2025-09-23,Long-only Global Minimum Variance Portfolio,-0.008557856932993716,EWMA-t,0.017980602890870633,0.024557909444590315,False,False
2025-09-24,Long-only Global Minimum Variance Portfolio,-0.0067481967323528074,EWMA-t,0.017753841759770524,0.024248199066306125,False,False
2025-09-25,Long-only Global Minimum Variance Portfolio,0.0011556431479392,EWMA-t,0.017415799510895162,0.023786500924886083,False,False
2025-09-26,Long-only Global Minimum Variance Portfolio,0.002715180534648718,EWMA-t,0.016891342073737818,0.023070196898407003,False,False
2025-09-29,Long-only Global Minimum Variance Portfolio,-0.0011538713582414126,EWMA-t,0.016411440126620457,0.02241474676522073,False,False
2025-09-30,Long-only Global Minimum Variance Portfolio,0.0007359726925389385,EWMA-t,0.015917932740432458,0.02174071432182614,False,False
2025-10-01,Long-only Global Minimum Variance Portfolio,0.004716943864305827,EWMA-t,0.015435714576020304,0.021082100698798907,False,False
2025-10-02,Long-only Global Minimum Variance Portfolio,0.0008610150698804809,EWMA-t,0.015079689624288089,0.0205958417798005,False,False
2025-10-03,Long-only Global Minimum Variance Portfolio,0.0011199629875616331,EWMA-t,0.01462421111822759,0.01997374918514839,False,False
2025-10-06,Long-only Global Minimum Variance Portfolio,0.012087892338693193,EWMA-t,0.014185518829626384,0.019374583208184484,False,False
2025-10-07,Long-only Global Minimum Variance Portfolio,-0.007601010537736108,EWMA-t,0.014549573222089498,0.019871808738233524,False,False
2025-10-08,Long-only Global Minimum Variance Portfolio,0.0019105463119674375,EWMA-t,0.01441870535743976,0.019693069394020157,False,False
2025-10-09,Long-only Global Minimum Variance Portfolio,-0.008922273799444602,EWMA-t,0.013999573900053146,0.019120619602522582,False,False
2025-10-10,Long-only Global Minimum Variance Portfolio,-0.02731223025277317,EWMA-t,0.014018065013708628,0.019145874767626723,True,True
2025-10-13,Long-only Global Minimum Variance Portfolio,0.01438482388445985,EWMA-t,0.017313605027992562,0.023646923688678226,False,False
2025-10-14,Long-only Global Minimum Variance Portfolio,0.00012163695482497001,EWMA-t,0.01771123731321236,0.02419000990841957,False,False
2025-10-15,Long-only Global Minimum Variance Portfolio,0.0074049921244678935,EWMA-t,0.017171748116432156,0.02345317550296202,False,False
2025-10-16,Long-only Global Minimum Variance Portfolio,-0.0037701788554893177,EWMA-t,0.01690069645813215,0.023082973117661727,False,False
2025-10-17,Long-only Global Minimum Variance Portfolio,0.008701111542963394,EWMA-t,0.016452589967417178,0.022470949222395193,False,False
2025-10-20,Long-only Global Minimum Variance Portfolio,0.01871621772977605,EWMA-t,0.016313267749435673,0.022280662921453278,False,False
2025-10-21,Long-only Global Minimum Variance Portfolio,-0.002547960988924191,EWMA-t,0.017440750108079356,0.02382057845331807,False,False
2025-10-22,Long-only Global Minimum Variance Portfolio,-0.0031896431599726114,EWMA-t,0.01693901477325987,0.02313530827675996,False,False
2025-10-23,Long-only Global Minimum Variance Portfolio,0.003739061172929185,EWMA-t,0.016470684962565783,0.022495663368798224,False,False
2025-10-24,Long-only Global Minimum Variance Portfolio,0.014007007698419834,EWMA-t,0.016036290280184908,0.021902367062891955,False,False
2025-10-27,Long-only Global Minimum Variance Portfolio,0.02273282645128957,EWMA-t,0.016492154523788796,0.022524986497924084,False,False
2025-10-28,Long-only Global Minimum Variance Portfolio,0.006621195149922731,EWMA-t,0.018313168771395893,0.025012127961503698,False,False
2025-10-29,Long-only Global Minimum Variance Portfolio,0.00742212714075696,EWMA-t,0.017944666819664137,0.02450882795450682,False,False
2025-10-30,Long-only Global Minimum Variance Portfolio,-0.004645650767905226,EWMA-t,0.017640474183295767,0.024093361617644526,False,False
2025-10-31,Long-only Global Minimum Variance Portfolio,0.0011322367774761087,EWMA-t,0.0172001057616315,0.023491906377955143,False,False
2025-11-03,Long-only Global Minimum Variance Portfolio,0.0033763278521147058,EWMA-t,0.01668204813088997,0.02278434320779642,False,False
2025-11-04,Long-only Global Minimum Variance Portfolio,-0.007856582400221452,EWMA-t,0.016228104770159946,0.022164347314808812,False,False
2025-11-05,Long-only Global Minimum Variance Portfolio,0.0017719675259427272,EWMA-t,0.016033401327996338,0.021898421331668853,False,False
2025-11-06,Long-only Global Minimum Variance Portfolio,-0.009230712478766182,EWMA-t,0.015560527176674277,0.021252569762767855,False,False
2025-11-07,Long-only Global Minimum Variance Portfolio,-0.006398377010495617,EWMA-t,0.015515897786167262,0.021191614936208896,False,False
2025-11-10,Long-only Global Minimum Variance Portfolio,0.019510744823866635,EWMA-t,0.01525163399523556,0.020830683420921387,False,False
2025-11-11,Long-only Global Minimum Variance Portfolio,0.009638333378947869,EWMA-t,0.016654254381500696,0.022746382501763925,False,False
2025-11-12,Long-only Global Minimum Variance Portfolio,-0.005697161265985512,EWMA-t,0.016584614035777902,0.022651267709766672,False,False
2025-11-13,Long-only Global Minimum Variance Portfolio,-0.015835639578479416,EWMA-t,0.016234291741293594,0.02217279748067692,False,False
2025-11-14,Long-only Global Minimum Variance Portfolio,0.0012775094697357744,EWMA-t,0.016923759501364044,0.023114472624694005,False,False
2025-11-17,Long-only Global Minimum Variance Portfolio,0.0002407888624962294,EWMA-t,0.016415861748201727,0.022420785816472243,False,False
2025-11-18,Long-only Global Minimum Variance Portfolio,-0.01379121195761631,EWMA-t,0.015916049376549203,0.0217381420232232,False,False
2025-11-19,Long-only Global Minimum Variance Portfolio,0.00392314947318015,EWMA-t,0.016354037661136404,0.022336346471425836,False,False
2025-11-20,Long-only Global Minimum Variance Portfolio,-0.012990647441294394,EWMA-t,0.01593050416972195,0.02175788438135941,False,False
2025-11-21,Long-only Global Minimum Variance Portfolio,0.011315462923956437,EWMA-t,0.016265933475815206,0.022216013765234653,False,False
2025-11-24,Long-only Global Minimum Variance Portfolio,0.024898815879616332,EWMA-t,0.01638452445465778,0.022377985337435943,False,False
2025-11-25,Long-only Global Minimum Variance Portfolio,0.008870270039630453,EWMA-t,0.018653612218766002,0.025477105660097126,False,False
2025-11-26,Long-only Global Minimum Variance Portfolio,0.004063657383484214,EWMA-t,0.018417776045960083,0.025155000588833517,False,False
2025-11-28,Long-only Global Minimum Variance Portfolio,0.007473954667644604,EWMA-t,0.017927865645302115,0.02448588090867919,False,False
2025-12-01,Long-only Global Minimum Variance Portfolio,-0.0031219544933590525,EWMA-t,0.017627786486926606,0.024076032760520803,False,False
2025-12-02,Long-only Global Minimum Variance Portfolio,0.0065979484544788835,EWMA-t,0.017134692630479263,0.023402565116092372,False,False
2025-12-03,Long-only Global Minimum Variance Portfolio,-0.007917820753393506,EWMA-t,0.016813556507346412,0.022963957363107208,False,False
2025-12-04,Long-only Global Minimum Variance Portfolio,-0.004294363584979298,EWMA-t,0.01659525772893131,0.022665804867069116,False,False
2025-12-05,Long-only Global Minimum Variance Portfolio,0.0028720538961265894,EWMA-t,0.01617784189248411,0.022095698270842967,False,False
2025-12-08,Long-only Global Minimum Variance Portfolio,-0.0021763964732050096,EWMA-t,0.01572550051805122,0.021477890370919624,False,False
2025-12-09,Long-only Global Minimum Variance Portfolio,0.003087687906461036,EWMA-t,0.015270376582252353,0.020856282048370606,False,False
2025-12-10,Long-only Global Minimum Variance Portfolio,-0.003942426908749907,EWMA-t,0.014854753009380599,0.02028862332593678,False,False
2025-12-11,Long-only Global Minimum Variance Portfolio,-0.0036680557144350367,EWMA-t,0.01448519722703516,0.019783883996969565,False,False
2025-12-12,Long-only Global Minimum Variance Portfolio,-0.007467593988039405,EWMA-t,0.014117603166276456,0.019281823987565484,False,False
2025-12-15,Long-only Global Minimum Variance Portfolio,-0.009575564042416414,EWMA-t,0.013998165971632542,0.019118696653727844,False,False
2025-12-16,Long-only Global Minimum Variance Portfolio,0.00037752745025413124,EWMA-t,0.01408306837549161,0.019234656366439017,False,False
2025-12-17,Long-only Global Minimum Variance Portfolio,-0.011973097418494272,EWMA-t,0.013654846288317365,0.01864979059175812,False,False
2025-12-18,Long-only Global Minimum Variance Portfolio,0.013288827552766261,EWMA-t,0.014049072203955217,0.01918822439154248,False,False
2025-12-19,Long-only Global Minimum Variance Portfolio,0.007482362635573685,EWMA-t,0.014586597886879504,0.019922377029555443,False,False
2025-12-22,Long-only Global Minimum Variance Portfolio,-0.0009895717840344579,EWMA-t,0.014444275460153762,0.019727993043174224,False,False
2025-12-23,Long-only Global Minimum Variance Portfolio,0.007945377193725827,EWMA-t,0.014009635714578923,0.01913436202993016,False,False
2025-12-24,Long-only Global Minimum Variance Portfolio,0.00252820557597416,EWMA-t,0.013936633511830306,0.01903465561323006,False,False
2025-12-26,Long-only Global Minimum Variance Portfolio,-0.0012193428112472846,EWMA-t,0.013548496060991145,0.01850453743935048,False,False
2025-12-29,Long-only Global Minimum Variance Portfolio,-0.0006824004659889903,EWMA-t,0.013144479510323484,0.017952731589144545,False,False
2025-12-30,Long-only Global Minimum Variance Portfolio,-0.00017422961842496757,EWMA-t,0.012746863103579848,0.01740966705622772,False,False
2025-12-31,Long-only Global Minimum Variance Portfolio,-0.005379477678843027,EWMA-t,0.012358731710071168,0.016879557155450788,False,False
2026-01-02,Long-only Global Minimum Variance Portfolio,-0.009029535083999802,EWMA-t,0.01216704686298888,0.016617753969811386,False,False
2026-01-05,Long-only Global Minimum Variance Portfolio,-0.00021581072639578324,EWMA-t,0.012317838042460507,0.016823704579642572,False,False
2026-01-06,Long-only Global Minimum Variance Portfolio,-0.0008211076816441762,EWMA-t,0.011942887795709721,0.016311597490585632,False,False
2026-01-07,Long-only Global Minimum Variance Portfolio,0.008174653981162351,EWMA-t,0.011583548498310019,0.015820811837902918,False,False
2026-01-08,Long-only Global Minimum Variance Portfolio,-0.0009294024358976888,EWMA-t,0.011680494041999112,0.015953220072344388,False,False
2026-01-09,Long-only Global Minimum Variance Portfolio,0.004138602720388506,EWMA-t,0.011330539360002806,0.015475251928431969,False,False
2026-01-12,Long-only Global Minimum Variance Portfolio,0.00203542305556618,EWMA-t,0.011104945773439812,0.015167136182607493,False,False
2026-01-13,Long-only Global Minimum Variance Portfolio,-0.0022687131753786898,EWMA-t,0.01079627603290642,0.014745555016374572,False,False
2026-01-14,Long-only Global Minimum Variance Portfolio,-0.011859868853506636,EWMA-t,0.010505227524524612,0.014348040930990229,True,False
2026-01-15,Long-only Global Minimum Variance Portfolio,-0.006073336977443124,EWMA-t,0.011199594757130737,0.015296407775145938,False,False
2026-01-16,Long-only Global Minimum Variance Portfolio,-0.002533220273833308,EWMA-t,0.011117270831094591,0.01518396974773445,False,False
2026-01-20,Long-only Global Minimum Variance Portfolio,-0.02376414792795213,EWMA-t,0.010824406664379812,0.014783975835995337,True,True
2026-01-21,Long-only Global Minimum Variance Portfolio,-0.0018005525464536115,EWMA-t,0.014043993736755384,0.019181288220471476,False,False
2026-01-22,Long-only Global Minimum Variance Portfolio,0.009510156622421589,EWMA-t,0.013634505100909194,0.0186220085957151,False,False
2026-01-23,Long-only Global Minimum Variance Portfolio,0.011046121186442066,EWMA-t,0.013736604487831051,0.0187614559498218,False,False
2026-01-26,Long-only Global Minimum Variance Portfolio,0.016114262973815102,EWMA-t,0.014006807229225657,0.0191304988843175,False,False
2026-01-27,Long-only Global Minimum Variance Portfolio,0.014384529929690876,EWMA-t,0.01498221137523085,0.020462705976307484,False,False
2026-01-28,Long-only Global Minimum Variance Portfolio,-0.0008933740688863403,EWMA-t,0.01558557080163909,0.021286774348553042,False,False
2026-01-29,Long-only Global Minimum Variance Portfolio,-0.031965587983595486,EWMA-t,0.015114843881920874,0.020643855468817352,True,True
2026-01-30,Long-only Global Minimum Variance Portfolio,-0.0021517253425340555,EWMA-t,0.019296051853507808,0.026354549785266888,False,False
2026-02-02,Long-only Global Minimum Variance Portfolio,0.012647814833927965,EWMA-t,0.018727290472914954,0.025577735427875607,False,False
2026-02-03,Long-only Global Minimum Variance Portfolio,-0.015456711778864787,EWMA-t,0.01882391089653782,0.02570969961329416,False,False
2026-02-04,Long-only Global Minimum Variance Portfolio,0.0027953784645220908,EWMA-t,0.01923343597145633,0.0262690290065396,False,False
2026-02-05,Long-only Global Minimum Variance Portfolio,-0.023410486903062803,EWMA-t,0.018679793608968192,0.0255128642057711,True,False
2026-02-06,Long-only Global Minimum Variance Portfolio,-0.0018638094396490456,EWMA-t,0.020310627671394372,0.027740257551104933,False,False
2026-02-09,Long-only Global Minimum Variance Portfolio,0.007998857680510124,EWMA-t,0.019705482592133033,0.026913750333992383,False,False
2026-02-10,Long-only Global Minimum Variance Portfolio,-0.006675850257514766,EWMA-t,0.019361695280705842,0.02644420558549483,False,False
2026-02-11,Long-only Global Minimum Variance Portfolio,-0.01282280208577708,EWMA-t,0.018954051238950796,0.025887445307554983,False,False
2026-02-12,Long-only Global Minimum Variance Portfolio,-0.02065734803469472,EWMA-t,0.01905410656530204,0.026024100883505128,True,False
2026-02-13,Long-only Global Minimum Variance Portfolio,-0.010463582260355594,EWMA-t,0.02017640043668407,0.02755692997888615,False,False
2026-02-17,Long-only Global Minimum Variance Portfolio,0.0037544105146194973,EWMA-t,0.01998868274971699,0.02730054514097695,False,False
2026-02-18,Long-only Global Minimum Variance Portfolio,0.005424326404689959,EWMA-t,0.019435752655629877,0.026545353156470438,False,False
2026-02-19,Long-only Global Minimum Variance Portfolio,-0.0047879724172772,EWMA-t,0.018963685686589928,0.02590060403722086,False,False
2026-02-20,Long-only Global Minimum Variance Portfolio,0.0154143062725971,EWMA-t,0.018481873399206726,0.02524254476108528,False,False
2026-02-23,Long-only Global Minimum Variance Portfolio,-0.014156764568081518,EWMA-t,0.018913719492935823,0.025832360204325167,False,False
2026-02-24,Long-only Global Minimum Variance Portfolio,0.011555209500880112,EWMA-t,0.019161780855999556,0.026171162441813757,False,False
2026-02-25,Long-only Global Minimum Variance Portfolio,0.01550754887867204,EWMA-t,0.019124223897740395,0.02611986714401198,False,False
2026-02-26,Long-only Global Minimum Variance Portfolio,-0.006394622693232745,EWMA-t,0.019516156605610426,0.0266551688803699,False,False
2026-02-27,Long-only Global Minimum Variance Portfolio,-0.013122378263063944,EWMA-t,0.019087534669009674,0.026069756991297446,False,False
2026-03-02,Long-only Global Minimum Variance Portfolio,0.0009717385419632342,EWMA-t,0.019210178124008062,0.026237263435886757,False,False
2026-03-03,Long-only Global Minimum Variance Portfolio,0.001427850509548263,EWMA-t,0.018628867856085297,0.025443309806773128,False,False
2026-03-04,Long-only Global Minimum Variance Portfolio,0.0027480489822709064,EWMA-t,0.018070059802183666,0.024680089704092828,False,False
2026-03-05,Long-only Global Minimum Variance Portfolio,0.0008461136234210301,EWMA-t,0.01755278062252332,0.023973589742508083,False,False
2026-03-06,Long-only Global Minimum Variance Portfolio,-0.009148272888142545,EWMA-t,0.017021295834013593,0.023247687758763912,False,False
2026-03-09,Long-only Global Minimum Variance Portfolio,0.010316665009439799,EWMA-t,0.016889293801675566,0.0230673993681947,False,False
2026-03-10,Long-only Global Minimum Variance Portfolio,-0.0009660047211226824,EWMA-t,0.016868551731686738,0.023039069846678063,False,False
2026-03-11,Long-only Global Minimum Variance Portfolio,-0.0001480841337500593,EWMA-t,0.01635906697796734,0.022343215512917486,False,False
2026-03-12,Long-only Global Minimum Variance Portfolio,-0.014098297694893954,EWMA-t,0.01586081050974526,0.02166269677274821,False,False
2026-03-13,Long-only Global Minimum Variance Portfolio,-0.01444243167766219,EWMA-t,0.016343971430496422,0.022322598012488974,False,False
2026-03-16,Long-only Global Minimum Variance Portfolio,0.011364606957999086,EWMA-t,0.016830527570032033,0.022987136442426264,False,False
2026-03-17,Long-only Global Minimum Variance Portfolio,0.006828230513988586,EWMA-t,0.01691713455048089,0.023105424266034912,False,False
2026-03-18,Long-only Global Minimum Variance Portfolio,-0.01649791702601958,EWMA-t,0.016619529490767223,0.0226989552421063,False,False
2026-03-19,Long-only Global Minimum Variance Portfolio,-0.004609214021345667,EWMA-t,0.01736701789694316,0.023719874991080355,False,False
2026-03-20,Long-only Global Minimum Variance Portfolio,-0.014997293608101297,EWMA-t,0.016934963635669757,0.023129775232585116,False,False
2026-03-23,Long-only Global Minimum Variance Portfolio,0.0073646511923069,EWMA-t,0.01744343578409805,0.02382424654992556,False,False
2026-03-24,Long-only Global Minimum Variance Portfolio,-0.019115181719037498,EWMA-t,0.01715756095395559,0.023433798674860663,True,False
2026-03-25,Long-only Global Minimum Variance Portfolio,0.001640128166018009,EWMA-t,0.018250237694455072,0.024926176689561205,False,False
2026-03-26,Long-only Global Minimum Variance Portfolio,-0.01417818648220537,EWMA-t,0.01770598127626462,0.024182831212566966,False,False
2026-03-27,Long-only Global Minimum Variance Portfolio,-0.023533341346204585,EWMA-t,0.018046996062510805,0.024648589245861403,True,False
2026-03-30,Long-only Global Minimum Variance Portfolio,-0.00037923119300152443,EWMA-t,0.019787998004022384,0.027026449892803648,False,False
2026-03-31,Long-only Global Minimum Variance Portfolio,0.035992990649230484,EWMA-t,0.01918575391098836,0.026203904843005662,False,False
2026-04-01,Long-only Global Minimum Variance Portfolio,0.009679412941614602,EWMA-t,0.02336246899326012,0.03190846277072473,False,False
2026-04-02,Long-only Global Minimum Variance Portfolio,0.003581355976081725,EWMA-t,0.02296750165621423,0.03136901633749814,False,False
2026-04-06,Long-only Global Minimum Variance Portfolio,0.0069186193197973206,EWMA-t,0.02231219100692748,0.03047399297921961,False,False
2026-04-07,Long-only Global Minimum Variance Portfolio,-0.0008593220900530928,EWMA-t,0.021802434605213264,0.02977776762859724,False,False
2026-04-08,Long-only Global Minimum Variance Portfolio,0.02053251098706737,EWMA-t,0.02114093825421166,0.028874295838222937,False,False
2026-04-09,Long-only Global Minimum Variance Portfolio,0.006527942433078131,EWMA-t,0.022025929802586712,0.030083017394231335,False,False
2026-04-10,Long-only Global Minimum Variance Portfolio,-0.0010189787113452904,EWMA-t,0.021508259466301895,0.02937598319088502,False,False
2026-04-13,Long-only Global Minimum Variance Portfolio,0.014899604438869563,EWMA-t,0.020856870474316076,0.028486316032587854,False,False
2026-04-14,Long-only Global Minimum Variance Portfolio,0.020112042715161038,EWMA-t,0.021051035895576,0.02875150718671723,False,False
2026-04-15,Long-only Global Minimum Variance Portfolio,0.028137502967795974,EWMA-t,0.02188470594314262,0.029890133831166583,False,False
2026-04-16,Long-only Global Minimum Variance Portfolio,0.003459253348910993,EWMA-t,0.023922929885408287,0.03267394032006749,False,False
2026-04-17,Long-only Global Minimum Variance Portfolio,0.015450813159370174,EWMA-t,0.023233891184402288,0.03173285118496874,False,False
2026-04-20,Long-only Global Minimum Variance Portfolio,-0.004677655040467098,EWMA-t,0.023329007174233928,0.03186276061454655,False,False
2026-04-21,Long-only Global Minimum Variance Portfolio,-0.005722123709213156,EWMA-t,0.02269278581819293,0.030993809415123627,False,False
2026-04-22,Long-only Global Minimum Variance Portfolio,0.02278731774642844,EWMA-t,0.022115933390696924,0.03020594430496474,False,False
2026-04-23,Long-only Global Minimum Variance Portfolio,-0.013899745016844661,EWMA-t,0.023234686254418598,0.031733937091686176,False,False
2026-04-24,Long-only Global Minimum Variance Portfolio,0.0113694547262327,EWMA-t,0.023178789201712083,0.03165759289083165,False,False
2026-04-27,Long-only Global Minimum Variance Portfolio,0.00024080829305671108,EWMA-t,0.02291193296861813,0.031293120617748235,False,False
2026-04-28,Long-only Global Minimum Variance Portfolio,0.0059786130920760645,EWMA-t,0.022214144487172495,0.03034008103154389,False,False
2026-04-29,Long-only Global Minimum Variance Portfolio,-0.003676700282131536,EWMA-t,0.02166501100077666,0.029590074454247856,False,False
2026-04-30,Long-only Global Minimum Variance Portfolio,0.014208215962181353,EWMA-t,0.021054575949488532,0.028756342192747926,False,False
2026-05-01,Long-only Global Minimum Variance Portfolio,0.017391228558520943,EWMA-t,0.021162025522319265,0.028903096831368904,False,False
2026-05-06,Long-only Global Minimum Variance Portfolio,0.020029667000649686,EWMA-t,0.021624232983400684,0.029534379833543137,False,False
2026-05-07,Long-only Global Minimum Variance Portfolio,0.004767399069547323,EWMA-t,0.02239249960419466,0.030583678470372456,False,False
2026-05-08,Long-only Global Minimum Variance Portfolio,0.002977366804973802,EWMA-t,0.021790911633319105,0.029762029552292082,False,False
2026-05-11,Long-only Global Minimum Variance Portfolio,-0.010673644620373067,EWMA-t,0.02115940353112694,0.028899515715504413,False,False
2026-05-12,Long-only Global Minimum Variance Portfolio,-0.005001207910776613,EWMA-t,0.020938659138554108,0.028598022999375455,False,False
2026-05-13,Long-only Global Minimum Variance Portfolio,0.013661366161399329,EWMA-t,0.020395570119565165,0.027856271956341546,False,False
2026-05-14,Long-only Global Minimum Variance Portfolio,0.000940172147768541,EWMA-t,0.020489117397483735,0.02798403883901257,False,False
2026-05-15,Long-only Global Minimum Variance Portfolio,0.009406013105226305,EWMA-t,0.01986836728802767,0.027136218269910205,False,False
2026-05-18,Long-only Global Minimum Variance Portfolio,0.001806392077733761,EWMA-t,0.019614067215054008,0.026788895201727066,False,False
2026-05-19,Long-only Global Minimum Variance Portfolio,-0.004540613185675011,EWMA-t,0.019029770835229304,0.02599086314064292,False,False
2026-05-20,Long-only Global Minimum Variance Portfolio,-0.012484966474110803,EWMA-t,0.018536016941314203,0.02531649401696701,False,False
2026-05-21,Long-only Global Minimum Variance Portfolio,0.004074845440458607,EWMA-t,0.01862816604639431,0.025442351275018482,False,False
2026-05-22,Long-only Global Minimum Variance Portfolio,0.00850958641279753,EWMA-t,0.01813143291094344,0.02476391310291895,False,False
2026-05-26,Long-only Global Minimum Variance Portfolio,0.004463191774300727,EWMA-t,0.017893904293722628,0.024439496490883696,False,False
2026-05-27,Long-only Global Minimum Variance Portfolio,0.0023998926566020967,EWMA-t,0.017437100413438045,0.02381559369996771,False,False
2026-05-28,Long-only Global Minimum Variance Portfolio,0.00632376828071706,EWMA-t,0.016932146273380404,0.023125927278854392,False,False
2026-05-29,Long-only Global Minimum Variance Portfolio,0.01598425823275353,EWMA-t,0.016603107412578966,0.022676525965875303,False,False
2026-06-01,Long-only Global Minimum Variance Portfolio,-0.0019874910901843917,EWMA-t,0.017277941415269896,0.023598214322422498,False,False
2026-06-02,Long-only Global Minimum Variance Portfolio,-0.013580681522426221,EWMA-t,0.01676975939603468,0.022904139263566492,False,False
2026-06-03,Long-only Global Minimum Variance Portfolio,-0.02414752114710413,EWMA-t,0.01711127582213201,0.02337058243662587,True,True
2026-06-04,Long-only Global Minimum Variance Portfolio,0.010813625546157944,EWMA-t,0.019109078185566314,0.02609918112862627,False,False
2026-06-05,Long-only Global Minimum Variance Portfolio,-0.017073490937556793,EWMA-t,0.019007410277339154,0.02596032308816917,False,False
2026-06-08,Long-only Global Minimum Variance Portfolio,0.00021916672701697868,EWMA-t,0.019610249354450913,0.026783680767287245,False,False
2026-06-09,Long-only Global Minimum Variance Portfolio,-0.012989925955783082,EWMA-t,0.019013036974586974,0.02596800803190119,False,False
2026-06-10,Long-only Global Minimum Variance Portfolio,-0.019289466534544237,EWMA-t,0.019126668192339512,0.02612320556184954,True,False
2026-06-11,Long-only Global Minimum Variance Portfolio,-0.03009421997775553,EWMA-t,0.020031578603273797,0.027359132302574925,True,True
2026-06-12,Long-only Global Minimum Variance Portfolio,0.016920491026638732,EWMA-t,0.022734637897028176,0.031050970989089852,False,False
2026-06-15,Long-only Global Minimum Variance Portfolio,0.02661284103852154,EWMA-t,0.02302187944674043,0.031443285529896434,False,False
2026-06-16,Long-only Global Minimum Variance Portfolio,-0.005326824412563524,EWMA-t,0.02464619916467994,0.033661781582799886,False,False
2026-06-17,Long-only Global Minimum Variance Portfolio,-0.008349642988582574,EWMA-t,0.02398677052664005,0.03276113387502055,False,False
2026-06-18,Long-only Global Minimum Variance Portfolio,-0.007072009354488819,EWMA-t,0.023486065299756574,0.032077270619996955,False,False
2026-06-22,Long-only Global Minimum Variance Portfolio,-0.02629918862816247,EWMA-t,0.022939329468717677,0.03133053876065628,True,False
2026-06-23,Long-only Global Minimum Variance Portfolio,0.005831164642920405,EWMA-t,0.024521606213283368,0.03349161251581132,False,False
2026-06-24,Long-only Global Minimum Variance Portfolio,-0.0006738709840325042,EWMA-t,0.023884611021610373,0.032621604411595444,False,False
2026-06-25,Long-only Global Minimum Variance Portfolio,-0.05102018131962452,EWMA-t,0.023158501652692867,0.03162988415410628,True,True
2026-06-26,Long-only Global Minimum Variance Portfolio,0.02597072803983082,EWMA-t,0.03009307596124229,0.04110112652232552,False,False
2026-06-29,Long-only Global Minimum Variance Portfolio,0.00928057954936739,EWMA-t,0.03090758659450406,0.04221358523656888,False,False
2026-06-30,Long-only Global Minimum Variance Portfolio,0.013347488742365198,EWMA-t,0.030186841809558558,0.04122919192847022,False,False
2026-07-01,Long-only Global Minimum Variance Portfolio,0.020484400184571507,EWMA-t,0.029732922259972535,0.040609228556745765,False,False
2026-07-02,Long-only Global Minimum Variance Portfolio,0.019345843680566865,EWMA-t,0.029928551509197394,0.04087641900727379,False,False
2026-07-06,Long-only Global Minimum Variance Portfolio,-0.0015376641634926066,EWMA-t,0.029994924560600333,0.040967071328322606,False,False
2026-07-07,Long-only Global Minimum Variance Portfolio,0.008677085290532708,EWMA-t,0.029087427181448227,0.03972761130611523,False,False
2026-07-08,Long-only Global Minimum Variance Portfolio,-0.0067251195658954935,EWMA-t,0.028406435397024622,0.038797512650587056,False,False
2026-07-09,Long-only Global Minimum Variance Portfolio,0.0029755965020330268,EWMA-t,0.02766740310164222,0.03778814225868303,False,False
2026-07-10,Long-only Global Minimum Variance Portfolio,-0.0016185712363868785,EWMA-t,0.026849983523114344,0.03667171050666903,False,False
2026-07-13,Long-only Global Minimum Variance Portfolio,0.004749628556463409,EWMA-t,0.026039784023245503,0.03556513993889715,False,False
2026-07-14,Long-only Global Minimum Variance Portfolio,-0.0027719987815867176,EWMA-t,0.025315317134000995,0.03457566298032954,False,False
2026-07-15,Long-only Global Minimum Variance Portfolio,0.033868344067655515,EWMA-t,0.02456824014517851,0.03355530514522296,False,False
2026-07-16,Long-only Global Minimum Variance Portfolio,-0.003071349431710388,EWMA-t,0.027281646562709882,0.03726127593455277,False,False
2026-07-17,Long-only Global Minimum Variance Portfolio,-0.012608650925875237,EWMA-t,0.026478024385619785,0.03616368867496965,False,False
2026-07-20,Long-only Global Minimum Variance Portfolio,0.006117018837614604,EWMA-t,0.026144578333100858,0.03570826801904861,False,False
2026-07-21,Long-only Global Minimum Variance Portfolio,-0.0076283615974717545,EWMA-t,0.025461685043843447,0.0347755722880052,False,False
2026-07-22,Long-only Global Minimum Variance Portfolio,-0.012458899900401815,EWMA-t,0.024867130709610122,0.03396352991163949,False,False
2026-07-23,Long-only Global Minimum Variance Portfolio,-0.03372236143508853,EWMA-t,0.02460103946814069,0.033600102464202634,True,True
2026-07-24,Long-only Global Minimum Variance Portfolio,0.010798836380008725,EWMA-t,0.027281540449067578,0.037261131004528214,False,False
2026-07-27,Long-only Global Minimum Variance Portfolio,0.016328768900524447,EWMA-t,0.02678825108000214,0.03658739632894406,False,False
2026-07-28,Long-only Global Minimum Variance Portfolio,0.01138947498844913,EWMA-t,0.02675209345253101,0.03653801223728949,False,False
2026-07-29,Long-only Global Minimum Variance Portfolio,-0.0031780005675536337,EWMA-t,0.026319956010315178,0.035947798870253754,False,False
2026-07-30,Long-only Global Minimum Variance Portfolio,0.05246914759489103,EWMA-t,0.02554864576986689,0.03489434325735928,False,False
2026-07-31,Long-only Global Minimum Variance Portfolio,0.019150609053965872,EWMA-t,0.032220361328239695,0.04400657311511186,False,False
2026-08-03,Long-only Global Minimum Variance Portfolio,0.02759796305634431,EWMA-t,0.032131353075390695,0.04388500563338983,False,False
2026-08-04,Long-only Global Minimum Variance Portfolio,0.009824552639685765,EWMA-t,0.03298398537505614,0.04504953092388207,False,False
2026-08-05,Long-only Global Minimum Variance Portfolio,-0.01435694686643008,EWMA-t,0.03221106557242796,0.043993876970781824,False,False
2026-08-06,Long-only Global Minimum Variance Portfolio,0.007730236070745653,EWMA-t,0.03173466044603478,0.04334320279573275,False,False
2026-08-07,Long-only Global Minimum Variance Portfolio,-0.0006925465788442203,EWMA-t,0.03091729757789823,0.04222684849877757,False,False
2026-08-10,Long-only Global Minimum Variance Portfolio,0.0022889912024768783,EWMA-t,0.029976665950709226,0.04094213371688592,False,False
2026-08-11,Long-only Global Minimum Variance Portfolio,-0.016035001505993053,EWMA-t,0.029077354226335388,0.0397138536628926,False,False
2026-08-12,Long-only Global Minimum Variance Portfolio,-0.012617424479789996,EWMA-t,0.02888628445933364,0.03945289055369617,False,False
2026-08-13,Long-only Global Minimum Variance Portfolio,0.006764223407367646,EWMA-t,0.028441252870037147,0.03884506635913179,False,False
2026-08-14,Long-only Global Minimum Variance Portfolio,-0.0014614483609243873,EWMA-t,0.02770247427412736,0.03783604246999591,False,False
2026-08-17,Long-only Global Minimum Variance Portfolio,-0.013157177347098188,EWMA-t,0.026864676696553593,0.03669177844459996,False,False
2026-08-18,Long-only Global Minimum Variance Portfolio,0.004604543352128504,EWMA-t,0.0265538367199879,0.03626723316975077,False,False
2026-08-19,Long-only Global Minimum Variance Portfolio,0.010873460969718661,EWMA-t,0.025808326452051552,0.03524901516220616,False,False
2026-08-20,Long-only Global Minimum Variance Portfolio,-0.011996392338380032,EWMA-t,0.025383850190854623,0.03466926543706512,False,False
2026-08-21,Long-only Global Minimum Variance Portfolio,0.0019712555914700182,EWMA-t,0.025057423366824802,0.0342234316442016,False,False
2026-08-24,Long-only Global Minimum Variance Portfolio,0.007218537529458001,EWMA-t,0.024306404334996593,0.03319768976631578,False,False
2026-08-25,Long-only Global Minimum Variance Portfolio,0.001521170539383601,EWMA-t,0.023735826186625984,0.03241839406728991,False,False
2026-08-26,Long-only Global Minimum Variance Portfolio,0.0033174907282384446,EWMA-t,0.02302048973952285,0.031441387467622824,False,False
2026-08-27,Long-only Global Minimum Variance Portfolio,0.004986964366307082,EWMA-t,0.022357185169931952,0.030535446012096498,False,False
2026-08-28,Long-only Global Minimum Variance Portfolio,0.018084405963241425,EWMA-t,0.021764389370930975,0.029725805443348324,False,False
2026-08-31,Long-only Global Minimum Variance Portfolio,-0.014949826706368373,EWMA-t,0.02226445281098458,0.03040879214584771,False,False
2026-09-01,Long-only Global Minimum Variance Portfolio,3.6184268717232146e-05,EWMA-t,0.022370344558982246,0.030553419107137002,False,False
2026-09-02,Long-only Global Minimum Variance Portfolio,-0.0036548487069456917,EWMA-t,0.02168885839948566,0.029622645234078714,False,False
2026-09-03,Long-only Global Minimum Variance Portfolio,0.019258073530190996,EWMA-t,0.02107705636692409,0.02878704594940223,False,False
2026-09-04,Long-only Global Minimum Variance Portfolio,-0.017675159658370427,EWMA-t,0.02178957565622163,0.02976020487462254,False,False
2026-09-08,Long-only Global Minimum Variance Portfolio,-0.009251194956493628,EWMA-t,0.022236906416083047,0.030371169276602307,False,False
2026-09-09,Long-only Global Minimum Variance Portfolio,-0.012760604654707752,EWMA-t,0.021863450495500505,0.02986110313839352,False,False
2026-09-10,Long-only Global Minimum Variance Portfolio,0.011821558521133814,EWMA-t,0.021781705990986173,0.0297494564849615,False,False
2026-09-11,Long-only Global Minimum Variance Portfolio,0.018730569358360243,EWMA-t,0.02162241751719725,0.029531900269598916,False,False
2026-09-14,Long-only Global Minimum Variance Portfolio,0.01725783226576494,EWMA-t,0.022216761885721876,0.030343655874776134,False,False
2026-09-15,Long-only Global Minimum Variance Portfolio,-0.015444557422316846,EWMA-t,0.0225810232333034,0.030841164064149107,False,False
2026-09-16,Long-only Global Minimum Variance Portfolio,0.0005821696858444887,EWMA-t,0.022717753944173753,0.031027910884388013,False,False
2026-09-17,Long-only Global Minimum Variance Portfolio,0.004834232406009708,EWMA-t,0.022026866179447706,0.030084296297853082,False,False
2026-09-18,Long-only Global Minimum Variance Portfolio,0.0012880986002521354,EWMA-t,0.02144005747793072,0.0292828329075199,False,False
2026-09-21,Long-only Global Minimum Variance Portfolio,0.010727903082003387,EWMA-t,0.020793061104656365,0.02839916518835141,False,False
2026-09-22,Long-only Global Minimum Variance Portfolio,0.00286354001857496,EWMA-t,0.02059513789566374,0.028128841647315342,False,False
2026-09-23,Long-only Global Minimum Variance Portfolio,-0.016037894190131827,EWMA-t,0.019999368586651245,0.027315139858260003,False,False
2026-09-24,Long-only Global Minimum Variance Portfolio,-0.005875035544737162,EWMA-t,0.020387374045983828,0.027845077758125097,False,False
2026-09-25,Long-only Global Minimum Variance Portfolio,0.025475083168753347,EWMA-t,0.019900491094265463,0.027180092968071962,False,False
2026-09-28,Long-only Global Minimum Variance Portfolio,-0.007387492179324294,EWMA-t,0.021733764090834714,0.029683977432358708,False,False
2026-09-29,Long-only Global Minimum Variance Portfolio,-0.01079713795863789,EWMA-t,0.021270447364160294,0.02905117939511317,False,False
2026-09-30,Long-only Global Minimum Variance Portfolio,0.021271816288038998,EWMA-t,0.021053865488239423,0.028755371844694226,False,False
2026-10-01,Long-only Global Minimum Variance Portfolio,-0.018699438472804586,EWMA-t,0.02205571354662736,0.030123696035181825,False,False
2026-10-02,Long-only Global Minimum Variance Portfolio,0.0076762810749952054,EWMA-t,0.022609618056465202,0.03088021887682995,False,False
2025-01-02,Long-only Tangency Portfolio,0.0068028704938171685,EWMA-t,0.02272111168108979,0.031302620098097075,False,False
2025-01-03,Long-only Tangency Portfolio,0.025271328230668636,EWMA-t,0.022189039253586926,0.030569589897085556,False,False
2025-01-06,Long-only Tangency Portfolio,0.022758593885995024,EWMA-t,0.023675038566445348,0.0326168344425694,False,False
2025-01-07,Long-only Tangency Portfolio,-0.04065413453111212,EWMA-t,0.024619308209794785,0.03391774411331116,True,True
2025-01-08,Long-only Tangency Portfolio,0.0008550829424115985,EWMA-t,0.028680524711071246,0.03951283642481035,False,False
2025-01-10,Long-only Tangency Portfolio,-0.027072972265059336,EWMA-t,0.027808811503083942,0.038311886939278346,False,False
2025-01-13,Long-only Tangency Portfolio,-0.015506277926246337,EWMA-t,0.02896638931425402,0.03990666887449507,False,False
2025-01-14,Long-only Tangency Portfolio,-0.008334009239599942,EWMA-t,0.028731347710310315,0.03958285469943336,False,False
2025-01-15,Long-only Tangency Portfolio,0.028139356483261654,EWMA-t,0.028046137435636793,0.03863884820818102,False,False
2025-01-16,Long-only Tangency Portfolio,-0.02706766383113251,EWMA-t,0.02933460263734708,0.04041395222971192,False,False
2025-01-17,Long-only Tangency Portfolio,0.02114156931841126,EWMA-t,0.030347410511034185,0.04180928624977991,False,False
2025-01-21,Long-only Tangency Portfolio,0.0006304896634967262,EWMA-t,0.030562746736845864,0.042105952546946664,False,False
2025-01-22,Long-only Tangency Portfolio,0.029110984163721015,EWMA-t,0.029632708423899628,0.04082464922009136,False,False
2025-01-23,Long-only Tangency Portfolio,0.0003355786254901124,EWMA-t,0.030903869072852454,0.04257591295385214,False,False
2025-01-24,Long-only Tangency Portfolio,-0.019720951950685017,EWMA-t,0.0299627001969613,0.041279275175574164,False,False
2025-01-27,Long-only Tangency Portfolio,-0.08611186949708596,EWMA-t,0.030056472700839863,0.04140846449983602,True,True
2025-01-28,Long-only Tangency Portfolio,0.06658863035480092,EWMA-t,0.044536812781640005,0.06135786621937347,False,False
2025-01-29,Long-only Tangency Portfolio,-0.022213927069284253,EWMA-t,0.05042627167602425,0.06947170752000416,False,False
2025-01-30,Long-only Tangency Portfolio,-0.0007677087828314125,EWMA-t,0.04965608296923268,0.06841062719827824,False,False
2025-01-31,Long-only Tangency Portfolio,-0.02372144262383609,EWMA-t,0.04814429499436816,0.06632785390310356,False,False
2025-02-03,Long-only Tangency Portfolio,-0.02981995034830452,EWMA-t,0.04759075707395365,0.06556525093385504,False,False
2025-02-04,Long-only Tangency Portfolio,0.0180788433612304,EWMA-t,0.047592185920329606,0.06556721943944196,False,False
2025-02-05,Long-only Tangency Portfolio,0.029498290691794955,EWMA-t,0.04668097952992849,0.06431186064054024,False,False
2025-02-06,Long-only Tangency Portfolio,0.019221327424395283,EWMA-t,0.04670628487047295,0.06434672352368762,False,False
2025-02-07,Long-only Tangency Portfolio,-0.004642446116375414,EWMA-t,0.04590322470525551,0.06324035656327881,False,False
2025-02-10,Long-only Tangency Portfolio,0.017212278501005176,EWMA-t,0.04454185238964775,0.061364809230662884,False,False
2025-02-11,Long-only Tangency Portfolio,0.005064907247155961,EWMA-t,0.04370650322673212,0.06021395808116679,False,False
2025-02-12,Long-only Tangency Portfolio,-0.0003365461627830973,EWMA-t,0.04242130596231132,0.058443356260096536,False,False
2025-02-13,Long-only Tangency Portfolio,0.025958893549197615,EWMA-t,0.04112919272118283,0.05666322637567594,False,False
2025-02-14,Long-only Tangency Portfolio,0.019865439424256115,EWMA-t,0.04114848026876591,0.056689798613121505,False,False
2025-02-18,Long-only Tangency Portfolio,0.0021841743993421233,EWMA-t,0.04064448923374478,0.05599545583079878,False,False
2025-02-19,Long-only Tangency Portfolio,0.0004024583312726502,EWMA-t,0.03941555294967737,0.05430236412979077,False,False
2025-02-20,Long-only Tangency Portfolio,0.0053527697821273215,EWMA-t,0.038215120607564566,0.052648541989129403,False,False
2025-02-21,Long-only Tangency Portfolio,-0.024477308693422017,EWMA-t,0.03711003562416956,0.05112607883253501,False,False
2025-02-24,Long-only Tangency Portfolio,-0.015702681522645968,EWMA-t,0.03723141116564195,0.05129329655133497,False,False
2025-02-25,Long-only Tangency Portfolio,-0.01677849265151183,EWMA-t,0.03661593496770746,0.050445361913550535,False,False
2025-02-26,Long-only Tangency Portfolio,0.010828540992739884,EWMA-t,0.03610191052509484,0.049737196218399685,False,False
2025-02-27,Long-only Tangency Portfolio,-0.054377037432955806,EWMA-t,0.035257401526104716,0.048573725665732426,True,True
2025-02-28,Long-only Tangency Portfolio,0.030672284672314018,EWMA-t,0.0402594307474867,0.05546496508368817,False,False
2025-03-03,Long-only Tangency Portfolio,-0.05691503184968449,EWMA-t,0.04083489364613061,0.056257773848929715,True,True
2025-03-04,Long-only Tangency Portfolio,0.0063300415480113375,EWMA-t,0.04541993466445907,0.0625745333079477,False,False
2025-03-05,Long-only Tangency Portfolio,0.007385362663622292,EWMA-t,0.044105802448353874,0.060764068129272146,False,False
2025-03-06,Long-only Tangency Portfolio,-0.03406569980891704,EWMA-t,0.04285961082765623,0.05904720394499913,False,False
2025-03-07,Long-only Tangency Portfolio,0.016843716095040255,EWMA-t,0.04363772759082557,0.06011920666085756,False,False
2025-03-10,Long-only Tangency Portfolio,-0.049174346471133216,EWMA-t,0.0428181796625032,0.058990124694599334,True,False
2025-03-11,Long-only Tangency Portfolio,-0.0017005173086770205,EWMA-t,0.04575260844697914,0.06303285423770615,False,False
2025-03-12,Long-only Tangency Portfolio,0.0304872258409178,EWMA-t,0.04436378559498238,0.061119488609747356,False,False
2025-03-13,Long-only Tangency Portfolio,-0.014261890305636475,EWMA-t,0.04463453204437845,0.06149249294894117,False,False
2025-03-14,Long-only Tangency Portfolio,0.03831730472840857,EWMA-t,0.043632809531445646,0.06011243110574606,False,False
2025-03-17,Long-only Tangency Portfolio,-0.009179694423353996,EWMA-t,0.04487974273931645,0.0618303169663295,False,False
2025-03-18,Long-only Tangency Portfolio,-0.022602927919667105,EWMA-t,0.04366039900592647,0.06015044081453589,False,False
2025-03-19,Long-only Tangency Portfolio,0.015478920133471961,EWMA-t,0.043243609493304185,0.05957623458917127,False,False
2025-03-20,Long-only Tangency Portfolio,0.0027985169599317452,EWMA-t,0.04236108162428732,0.05836038586673354,False,False
2025-03-21,Long-only Tangency Portfolio,0.003941692225141221,EWMA-t,0.0410851750235804,0.056602583688602284,False,False
2025-03-24,Long-only Tangency Portfolio,0.02267107990447484,EWMA-t,0.039863377363031326,0.05491932678895234,False,False
2025-03-25,Long-only Tangency Portfolio,0.002084360795634583,EWMA-t,0.03965310420857004,0.054629635828258354,False,False
2025-03-26,Long-only Tangency Portfolio,-0.03736644949066414,EWMA-t,0.03845375348179856,0.052977303816891586,False,False
2025-03-27,Long-only Tangency Portfolio,-0.007669128545631491,EWMA-t,0.04004447028348028,0.05516881646933564,False,False
2025-03-28,Long-only Tangency Portfolio,-0.02051020223995292,EWMA-t,0.03894025244046981,0.05364754796229933,False,False
2025-03-31,Long-only Tangency Portfolio,0.00041080517715598404,EWMA-t,0.03859681217349784,0.053174394167964524,False,False
2025-04-01,Long-only Tangency Portfolio,0.011923181776641506,EWMA-t,0.03742134272517528,0.051554963125407534,False,False
2025-04-02,Long-only Tangency Portfolio,0.0026193423849506852,EWMA-t,0.036579811103488465,0.050395594471974885,False,False
2025-04-03,Long-only Tangency Portfolio,-0.08159123444285186,EWMA-t,0.03548023635588679,0.0488807227052786,True,True
2025-04-04,Long-only Tangency Portfolio,-0.0718808176496685,EWMA-t,0.04692209268139477,0.06464403951835834,True,True
2025-04-07,Long-only Tangency Portfolio,0.005883303455210223,EWMA-t,0.05347873240882405,0.07367704835122392,False,False
2025-04-08,Long-only Tangency Portfolio,-0.02752874152056892,EWMA-t,0.051900590101555275,0.07150285943835118,False,False
2025-04-09,Long-only Tangency Portfolio,0.17086004347886086,EWMA-t,0.05145852080157757,0.07089382553418042,False,False
2025-04-10,Long-only Tangency Portfolio,-0.05130633856502018,EWMA-t,0.08339597434696625,0.11489369619473319,False,False
2025-04-11,Long-only Tangency Portfolio,0.03438472289443871,EWMA-t,0.08330830901081483,0.11477292064678306,False,False
2025-04-14,Long-only Tangency Portfolio,0.007335593122242946,EWMA-t,0.08188235598819894,0.11280840120023557,False,False
2025-04-15,Long-only Tangency Portfolio,0.006814199605000571,EWMA-t,0.0794397172140752,0.10944320522494735,False,False
2025-04-16,Long-only Tangency Portfolio,-0.05597916725132187,EWMA-t,0.07706576173558093,0.10617263345380688,False,False
2025-04-17,Long-only Tangency Portfolio,-0.011502975503262196,EWMA-t,0.07785982742071547,0.10726660882013497,False,False
2025-04-21,Long-only Tangency Portfolio,-0.03435316073244627,EWMA-t,0.07562185410698422,0.10418337814847231,False,False
2025-04-22,Long-only Tangency Portfolio,0.025747582402178858,EWMA-t,0.07453908627869185,0.10269166108553977,False,False
2025-04-23,Long-only Tangency Portfolio,0.03241745519871679,EWMA-t,0.07296658830561632,0.10052524830842295,False,False
2025-04-24,Long-only Tangency Portfolio,0.02926481032308965,EWMA-t,0.0718709571762713,0.09901580962025877,False,False
2025-04-25,Long-only Tangency Portfolio,0.02688766956565282,EWMA-t,0.07061529323418746,0.09728589552531408,False,False
2025-04-28,Long-only Tangency Portfolio,-0.010290428632798427,EWMA-t,0.06926702230955982,0.09542839783174592,False,False
2025-04-29,Long-only Tangency Portfolio,0.0037823985865807013,EWMA-t,0.06727736617941418,0.09268727095195359,False,False
2025-04-30,Long-only Tangency Portfolio,0.001953249696467867,EWMA-t,0.06524460043377812,0.08988675243960328,False,False
2025-05-01,Long-only Tangency Portfolio,0.018566871162300345,EWMA-t,0.06326160001051889,0.08715479505235486,False,False
2025-05-02,Long-only Tangency Portfolio,0.0013037205349490989,EWMA-t,0.06176279378086047,0.0850899065615903,False,False
2025-05-05,Long-only Tangency Portfolio,-0.015518889657888682,EWMA-t,0.05988342125751114,0.0825007161669069,False,False
2025-05-06,Long-only Tangency Portfolio,-0.002401328941247029,EWMA-t,0.0583755452455174,0.08042333233899511,False,False
2025-05-07,Long-only Tangency Portfolio,0.013430253109910006,EWMA-t,0.05660498326955645,0.07798404901203673,False,False
2025-05-08,Long-only Tangency Portfolio,0.004387672134631344,EWMA-t,0.05513137789184806,0.07595387945165781,False,False
2025-05-09,Long-only Tangency Portfolio,-0.0014420756962700686,EWMA-t,0.05347939509089318,0.0736779613208597,False,False
2025-05-12,Long-only Tangency Portfolio,0.05666467440628232,EWMA-t,0.05185326488227386,0.07143766001584853,False,False
2025-05-13,Long-only Tangency Portfolio,0.036331570579345815,EWMA-t,0.05494193991784635,0.07569289288482252,False,False
2025-05-14,Long-only Tangency Portfolio,0.02317986309199336,EWMA-t,0.05513095847420538,0.0759533016246872,False,False
2025-05-15,Long-only Tangency Portfolio,-0.0036875581500791467,EWMA-t,0.054214859393546845,0.07469120222142885,False,False
2025-05-16,Long-only Tangency Portfolio,0.0021786772912985126,EWMA-t,0.052583039767086885,0.07244306266942763,False,False
2025-05-19,Long-only Tangency Portfolio,-0.003442018416643829,EWMA-t,0.05098826941227085,0.07024596548240657,False,False
2025-05-20,Long-only Tangency Portfolio,-0.008667280591462677,EWMA-t,0.04945328863029011,0.06813123971763631,False,False
2025-05-21,Long-only Tangency Portfolio,-0.02043134286494323,EWMA-t,0.04806643060795785,0.06622058101341471,False,False
2025-05-22,Long-only Tangency Portfolio,0.003287117113694286,EWMA-t,0.04728230320893438,0.06514029751212067,False,False
2025-05-23,Long-only Tangency Portfolio,-0.018765465191365495,EWMA-t,0.0458599185363213,0.06318069414125128,False,False
2025-05-27,Long-only Tangency Portfolio,0.029118482129862438,EWMA-t,0.045064540460817634,0.06208491070946752,False,False
2025-05-28,Long-only Tangency Portfolio,-0.002795006151628677,EWMA-t,0.04515161555174383,0.06220487308320729,False,False
2025-05-29,Long-only Tangency Portfolio,0.017891081027890277,EWMA-t,0.043789762778198855,0.0603286638290933,False,False
2025-05-30,Long-only Tangency Portfolio,-0.014899447556858582,EWMA-t,0.04302855132978754,0.05927995137530201,False,False
2025-06-02,Long-only Tangency Portfolio,0.0113483393270336,EWMA-t,0.0421227735557177,0.058032071520083224,False,False
2025-06-03,Long-only Tangency Portfolio,0.019174479492723995,EWMA-t,0.04108003250616588,0.05659549890018023,False,False
2025-06-04,Long-only Tangency Portfolio,0.002067492398233417,EWMA-t,0.04052847612966624,0.055835625881703724,False,False
2025-06-05,Long-only Tangency Portfolio,-0.01169483962821079,EWMA-t,0.039302135121108445,0.054146109662585325,False,False
2025-06-06,Long-only Tangency Portfolio,0.013674760292522212,EWMA-t,0.038378385478035015,0.0528734701655071,False,False
2025-06-09,Long-only Tangency Portfolio,-0.0008063801665475465,EWMA-t,0.03759165336655607,0.051789598181149255,False,False
2025-06-10,Long-only Tangency Portfolio,0.007563533527464425,EWMA-t,0.03644782475980481,0.05021375837027108,False,False
2025-06-11,Long-only Tangency Portfolio,-0.01177121031583794,EWMA-t,0.03546108391557882,0.048854336603606864,False,False
2025-06-12,Long-only Tangency Portfolio,0.010054922965688426,EWMA-t,0.03468768409124983,0.047788832361353874,False,False
2025-06-13,Long-only Tangency Portfolio,-0.01767263701906105,EWMA-t,0.03386011192352045,0.046648695490685184,False,False
2025-06-16,Long-only Tangency Portfolio,0.015234557157753207,EWMA-t,0.033548380718088085,0.04621922691391248,False,False
2025-06-17,Long-only Tangency Portfolio,-0.007776826063145842,EWMA-t,0.033067630295306585,0.04555690246176635,False,False
2025-06-18,Long-only Tangency Portfolio,0.007461616625961081,EWMA-t,0.03220422005498927,0.04436739188143883,False,False
2025-06-20,Long-only Tangency Portfolio,0.002037341134189426,EWMA-t,0.03135924120842389,0.04320327402504987,False,False
2025-06-23,Long-only Tangency Portfolio,0.0029198006512371547,EWMA-t,0.03041435263165726,0.04190151165669823,False,False
2025-06-24,Long-only Tangency Portfolio,0.012895453488080893,EWMA-t,0.02950991380898113,0.04065547645976005,False,False
2025-06-25,Long-only Tangency Portfolio,0.027533033566874587,EWMA-t,0.0290520798319598,0.04002472373727653,False,False
2025-06-26,Long-only Tangency Portfolio,0.0019666884860813317,EWMA-t,0.03015537231281995,0.041544717383282664,False,False
2025-06-27,Long-only Tangency Portfolio,0.010170883023216821,EWMA-t,0.029246835254093405,0.04029303609261637,False,False
2025-06-30,Long-only Tangency Portfolio,0.008861347096086823,EWMA-t,0.028633536109220356,0.03944810075635698,False,False
2025-07-01,Long-only Tangency Portfolio,-0.0124813405286179,EWMA-t,0.02797675215441231,0.03854325688637183,False,False
2025-07-02,Long-only Tangency Portfolio,0.023356068338130552,EWMA-t,0.02756025383731033,0.037969451837801475,False,False
2025-07-03,Long-only Tangency Portfolio,0.010261591692338371,EWMA-t,0.028239009435884473,0.03890456579436489,False,False
2025-07-07,Long-only Tangency Portfolio,-0.010582241695025727,EWMA-t,0.027671345048855833,0.03812250095089309,False,False
2025-07-08,Long-only Tangency Portfolio,0.0064258336619322665,EWMA-t,0.027145749771752378,0.03739839424716096,False,False
2025-07-09,Long-only Tangency Portfolio,0.012959319115380308,EWMA-t,0.02643850827831449,0.036424035593525084,False,False
2025-07-10,Long-only Tangency Portfolio,0.006486057577763988,EWMA-t,0.02612940991000273,0.03599819424685112,False,False
2025-07-11,Long-only Tangency Portfolio,0.0007340674308305446,EWMA-t,0.025460101036821926,0.035076094937647816,False,False
2025-07-14,Long-only Tangency Portfolio,-0.007644306186233854,EWMA-t,0.02468615342283681,0.03400983601174464,False,False
2025-07-15,Long-only Tangency Portfolio,0.02436470077848451,EWMA-t,0.024120134508331486,0.033230038117267345,False,False
2025-07-16,Long-only Tangency Portfolio,0.004187138178520798,EWMA-t,0.02525242954507046,0.034789988258417344,False,False
2025-07-17,Long-only Tangency Portfolio,0.005665659085038598,EWMA-t,0.024537849174437833,0.03380551891618498,False,False
2025-07-18,Long-only Tangency Portfolio,5.5312314967988595e-05,EWMA-t,0.023893306421649697,0.03291753961258864,False,False
2025-07-21,Long-only Tangency Portfolio,-0.0010527654510492036,EWMA-t,0.023165430155068566,0.031914752664000505,False,False
2025-07-22,Long-only Tangency Portfolio,-0.011455941199161108,EWMA-t,0.022463491896655682,0.030947700217631626,False,False
2025-07-23,Long-only Tangency Portfolio,0.01250852306789532,EWMA-t,0.022235287865658863,0.030633306089940547,False,False
2025-07-24,Long-only Tangency Portfolio,0.00963770424604025,EWMA-t,0.02210606948956254,0.030455283386060142,False,False
2025-07-25,Long-only Tangency Portfolio,-0.00036911706020340126,EWMA-t,0.02176158620615732,0.029980692639712404,False,False
2025-07-28,Long-only Tangency Portfolio,0.010995097018076501,EWMA-t,0.021099134542427424,0.02906804043087054,False,False
2025-07-29,Long-only Tangency Portfolio,-0.009059022340053607,EWMA-t,0.02090350217741191,0.0287985199211822,False,False
2025-07-30,Long-only Tangency Portfolio,0.0083050613941296,EWMA-t,0.02057408442535546,0.028344684787984284,False,False
2025-07-31,Long-only Tangency Portfolio,-0.0057500459813622385,EWMA-t,0.02021006172831814,0.027843174811167104,False,False
2025-08-01,Long-only Tangency Portfolio,-0.02376361554041131,EWMA-t,0.01972302149008346,0.027172184950990705,True,False
2025-08-04,Long-only Tangency Portfolio,0.023478262309333198,EWMA-t,0.021261313969209047,0.029291473203682333,False,False
2025-08-05,Long-only Tangency Portfolio,-0.006933170980081037,EWMA-t,0.022566444799129885,0.03108953727381883,False,False
2025-08-06,Long-only Tangency Portfolio,0.023252267715969863,EWMA-t,0.02204638386316765,0.030373055169651563,False,False
2025-08-07,Long-only Tangency Portfolio,0.016344041072814366,EWMA-t,0.023229044178699747,0.03200239298911257,False,False
2025-08-08,Long-only Tangency Portfolio,0.02262756144899247,EWMA-t,0.023411038452703432,0.032253124454153854,False,False
2025-08-11,Long-only Tangency Portfolio,-0.005262472551485293,EWMA-t,0.024362177789440307,0.033563498424236046,False,False
2025-08-12,Long-only Tangency Portfolio,0.008223097304301477,EWMA-t,0.02370951628111293,0.03266433400241657,False,False
2025-08-13,Long-only Tangency Portfolio,0.0006579962535401421,EWMA-t,0.023211132645379214,0.03197771647104529,False,False
2025-08-14,Long-only Tangency Portfolio,0.0005867874148068671,EWMA-t,0.02250549953582633,0.03100557366980391,False,False
2025-08-15,Long-only Tangency Portfolio,-0.007107302272383906,EWMA-t,0.021821098291684646,0.030062681770818948,False,False
2025-08-18,Long-only Tangency Portfolio,0.003581242296143458,EWMA-t,0.02133818152317973,0.02939737276852699,False,False
2025-08-19,Long-only Tangency Portfolio,-0.021219125195469195,EWMA-t,0.02073549723709215,0.028567061403868114,True,False
2025-08-20,Long-only Tangency Portfolio,-0.008725080204436981,EWMA-t,0.021749479207928062,0.029964012964377056,False,False
2025-08-21,Long-only Tangency Portfolio,-0.0033273127151712835,EWMA-t,0.021361247522748924,0.02942915053679078,False,False
2025-08-22,Long-only Tangency Portfolio,0.01504195387886992,EWMA-t,0.02075134445046441,0.02858889393155285,False,False
2025-08-25,Long-only Tangency Portfolio,0.004642367353644805,EWMA-t,0.020961705788634235,0.02887870638195059,False,False
2025-08-26,Long-only Tangency Portfolio,0.009769393824596746,EWMA-t,0.020404076783482293,0.028110467171257453,False,False
2025-08-27,Long-only Tangency Portfolio,0.001806099148184164,EWMA-t,0.02014812025792198,0.02775783874384157,False,False
2025-08-28,Long-only Tangency Portfolio,-0.0008379514129376364,EWMA-t,0.019547095553778118,0.026929813766567032,False,False
2025-08-29,Long-only Tangency Portfolio,-0.020042156945157215,EWMA-t,0.018954445926847828,0.026113327039004416,True,False
2025-09-02,Long-only Tangency Portfolio,-0.01538153317952277,EWMA-t,0.019979051769924854,0.027524914988850378,False,False
2025-09-03,Long-only Tangency Portfolio,0.014224798958286043,EWMA-t,0.020283122807268135,0.027943830238173883,False,False
2025-09-04,Long-only Tangency Portfolio,0.005828157025292935,EWMA-t,0.020437079947904682,0.028155935259810923,False,False
2025-09-05,Long-only Tangency Portfolio,-0.016654357602747992,EWMA-t,0.019945172529315422,0.027478239939984186,False,False
2025-09-08,Long-only Tangency Portfolio,0.0017624662517996322,EWMA-t,0.02040517812415261,0.02811198447591602,False,False
2025-09-09,Long-only Tangency Portfolio,0.0026445411413354193,EWMA-t,0.019795560037787697,0.027272120492575283,False,False
2025-09-10,Long-only Tangency Portfolio,0.009791651261165641,EWMA-t,0.01922035854647427,0.026479671865273804,False,False
2025-09-11,Long-only Tangency Portfolio,0.005092449891962115,EWMA-t,0.019024285393676947,0.026209544087214477,False,False
2025-09-12,Long-only Tangency Portfolio,0.00957702642807549,EWMA-t,0.018551956915083684,0.025558822452884305,False,False
2025-09-15,Long-only Tangency Portfolio,0.004525957385243298,EWMA-t,0.018372677271170233,0.025311830903196376,False,False
2025-09-16,Long-only Tangency Portfolio,-0.007377516519783634,EWMA-t,0.01790071266010817,0.024661610565072788,False,False
2025-09-17,Long-only Tangency Portfolio,-0.013660908016919892,EWMA-t,0.017593618245408674,0.024238530042758985,False,False
2025-09-18,Long-only Tangency Portfolio,0.018186185063908403,EWMA-t,0.01787487937820669,0.024626020343053764,False,False
2025-09-19,Long-only Tangency Portfolio,0.014505988851240223,EWMA-t,0.018733253364635584,0.025808592533024362,False,False
2025-09-22,Long-only Tangency Portfolio,0.039029955522749675,EWMA-t,0.0190280847914858,0.026214778474857182,False,False
2025-09-23,Long-only Tangency Portfolio,-0.01910518529873789,EWMA-t,0.023945242822566108,0.03298909180818398,False,False
2025-09-24,Long-only Tangency Portfolio,-0.007865108292869244,EWMA-t,0.024388703400516173,0.033600042460374416,False,False
2025-09-25,Long-only Tangency Portfolio,0.00910766964371939,EWMA-t,0.02384498418992336,0.03285096661725054,False,False
2025-09-26,Long-only Tangency Portfolio,-0.00017806672889610883,EWMA-t,0.02339139580772208,0.03222606300301523,False,False
2025-09-29,Long-only Tangency Portfolio,0.010485597754315384,EWMA-t,0.022678906596664074,0.03124447462781686,False,False
2025-09-30,Long-only Tangency Portfolio,0.015511866482757278,EWMA-t,0.022367207323763974,0.030815050044134828,False,False
2025-10-01,Long-only Tangency Portfolio,0.0034093549846538037,EWMA-t,0.02251849677695415,0.03102347982277116,False,False
2025-10-02,Long-only Tangency Portfolio,0.007328521302866929,EWMA-t,0.021873176657920098,0.030134429550438147,False,False
2025-10-03,Long-only Tangency Portfolio,-0.0024105269141726157,EWMA-t,0.021399661310452362,0.02948207278020418,False,False
2025-10-06,Long-only Tangency Portfolio,-0.0075581228206687235,EWMA-t,0.020769151394906545,0.028613426358698305,False,False
2025-10-07,Long-only Tangency Portfolio,-0.002193257837368288,EWMA-t,0.020352268990792535,0.028039092157769962,False,False
2025-10-08,Long-only Tangency Portfolio,0.015100468943324117,EWMA-t,0.01975089425862361,0.027210584950820845,False,False
2025-10-09,Long-only Tangency Portfolio,0.004318697211856828,EWMA-t,0.02003930334268882,0.02760792290320841,False,False
2025-10-10,Long-only Tangency Portfolio,-0.04229885421538125,EWMA-t,0.01950211256443295,0.02686784120791268,True,True
2025-10-13,Long-only Tangency Portfolio,0.020206288526945004,EWMA-t,0.025123935269611156,0.034612963139843134,False,False
2025-10-14,Long-only Tangency Portfolio,-0.025186814057333768,EWMA-t,0.025608547356613023,0.03528060776336702,False,False
2025-10-15,Long-only Tangency Portfolio,0.0018039547966548697,EWMA-t,0.026711283869371084,0.03679983545836994,False,False
2025-10-16,Long-only Tangency Portfolio,0.0032659800183965134,EWMA-t,0.02590716001890252,0.035692003070750204,False,False
2025-10-17,Long-only Tangency Portfolio,0.012178726335240005,EWMA-t,0.025150383657578775,0.03464940078657353,False,False
2025-10-20,Long-only Tangency Portfolio,0.01368269929454309,EWMA-t,0.02484509157660856,0.034228803319174,False,False
2025-10-21,Long-only Tangency Portfolio,-0.0038158408940376053,EWMA-t,0.024675515084601658,0.033995179692770286,False,False
2025-10-22,Long-only Tangency Portfolio,-0.008950237106619826,EWMA-t,0.02397030618884013,0.03302362132609961,False,False
2025-10-23,Long-only Tangency Portfolio,0.007693078767511637,EWMA-t,0.023502239841918175,0.032378771582651705,False,False
2025-10-24,Long-only Tangency Portfolio,0.01800047107273883,EWMA-t,0.022984070139557704,0.03166489500975349,False,False
2025-10-27,Long-only Tangency Portfolio,0.025544348630325855,EWMA-t,0.02336958576129727,0.03219601554727714,False,False
2025-10-28,Long-only Tangency Portfolio,0.029679133501352865,EWMA-t,0.024762608857661385,0.03411516780467537,False,False
2025-10-29,Long-only Tangency Portfolio,0.01816953757113805,EWMA-t,0.02666725921364484,0.03673918318516735,False,False
2025-10-30,Long-only Tangency Portfolio,-0.010186146141981137,EWMA-t,0.026813722497058996,0.03694096400396632,False,False
2025-10-31,Long-only Tangency Portfolio,-0.003171707763375816,EWMA-t,0.02630036809895485,0.036233721421601146,False,False
2025-11-03,Long-only Tangency Portfolio,0.010525055955026789,EWMA-t,0.02552931012806129,0.0351714435244955,False,False
2025-11-04,Long-only Tangency Portfolio,-0.021545322349357545,EWMA-t,0.025091569982511913,0.03456837384770579,False,False
2025-11-05,Long-only Tangency Portfolio,-0.01045607960262459,EWMA-t,0.025745334561929154,0.03546905795816338,False,False
2025-11-06,Long-only Tangency Portfolio,-0.022287166629179723,EWMA-t,0.02529382299465032,0.03484701554849605,False,False
2025-11-07,Long-only Tangency Portfolio,-0.0016728256875253801,EWMA-t,0.02602644125540056,0.03585633548913433,False,False
2025-11-10,Long-only Tangency Portfolio,0.03578200632329053,EWMA-t,0.025242051805650745,0.03477569096350097,False,False
2025-11-11,Long-only Tangency Portfolio,-0.008460362749833862,EWMA-t,0.02819205247943057,0.038839873723419134,False,False
2025-11-12,Long-only Tangency Portfolio,-0.0004158722795026573,EWMA-t,0.027532777422230023,0.037931597889676566,False,False
2025-11-13,Long-only Tangency Portfolio,-0.021913562115452437,EWMA-t,0.026694513657473044,0.03677673132599398,False,False
2025-11-14,Long-only Tangency Portfolio,0.00993858503739695,EWMA-t,0.02726352692708699,0.037560654509837386,False,False
2025-11-17,Long-only Tangency Portfolio,-0.01803239600069372,EWMA-t,0.02671725971002302,0.03680806830684672,False,False
2025-11-18,Long-only Tangency Portfolio,-0.017197758460533848,EWMA-t,0.02684632802868272,0.03698588427828386,False,False
2025-11-19,Long-only Tangency Portfolio,0.017481039587051845,EWMA-t,0.026883559747256376,0.037037177998347756,False,False
2025-11-20,Long-only Tangency Portfolio,-0.022066531028231785,EWMA-t,0.02694640987117571,0.03712376590741572,False,False
2025-11-21,Long-only Tangency Portfolio,0.0015189952713777586,EWMA-t,0.027514183140687015,0.037905980757059664,False,False
2025-11-24,Long-only Tangency Portfolio,0.01826956804017951,EWMA-t,0.026682605215025607,0.03676032519872678,False,False
2025-11-25,Long-only Tangency Portfolio,-0.013195185483140554,EWMA-t,0.026838459186850322,0.03697504346336473,False,False
2025-11-26,Long-only Tangency Portfolio,0.009374697833389662,EWMA-t,0.02652771068158784,0.036546928741567085,False,False
2025-11-28,Long-only Tangency Portfolio,-0.008086287080943453,EWMA-t,0.02597961440579512,0.035791822664930854,False,False
2025-12-01,Long-only Tangency Portfolio,0.014988311018489141,EWMA-t,0.02538595280711445,0.034973941755265844,False,False
2025-12-02,Long-only Tangency Portfolio,0.009401466423074623,EWMA-t,0.025301092621858187,0.03485703083216423,False,False
2025-12-03,Long-only Tangency Portfolio,-0.009628957414277725,EWMA-t,0.024804385775113163,0.034172723394129696,False,False
2025-12-04,Long-only Tangency Portfolio,0.007716828698787965,EWMA-t,0.024341843508605746,0.03353548411415887,False,False
2025-12-05,Long-only Tangency Portfolio,-0.005509824799312297,EWMA-t,0.02379250575127367,0.032778667662364466,False,False
2025-12-08,Long-only Tangency Portfolio,0.009277967461839239,EWMA-t,0.023168131880276794,0.03191847480044302,False,False
2025-12-09,Long-only Tangency Portfolio,-0.0027108570862836813,EWMA-t,0.022753564203839817,0.03134732957380968,False,False
2025-12-10,Long-only Tangency Portfolio,-0.0024940996754390203,EWMA-t,0.02208586354670378,0.030427445885769254,False,False
2025-12-11,Long-only Tangency Portfolio,-0.009577117626987371,EWMA-t,0.02143524726059242,0.02953109914360132,False,False
2025-12-12,Long-only Tangency Portfolio,-0.018826493096685902,EWMA-t,0.021117115662180063,0.029092812817382935,False,False
2025-12-15,Long-only Tangency Portfolio,-0.0019186771998455832,EWMA-t,0.021757669270505563,0.029975296321505064,False,False
2025-12-16,Long-only Tangency Portfolio,0.0054968332983059915,EWMA-t,0.021108186744149986,0.029080511547405236,False,False
2025-12-17,Long-only Tangency Portfolio,-0.025872815833756325,EWMA-t,0.02057776336914301,0.02834975322747617,True,False
2025-12-18,Long-only Tangency Portfolio,0.011887803825446812,EWMA-t,0.022370488319636127,0.030819570235258,False,False
2025-12-19,Long-only Tangency Portfolio,0.0248846131440593,EWMA-t,0.022181764190967266,0.030559567125111656,False,False
2025-12-22,Long-only Tangency Portfolio,0.004684666660693794,EWMA-t,0.023605866427212158,0.03252153676408516,False,False
2025-12-23,Long-only Tangency Portfolio,0.019422678680097408,EWMA-t,0.022959962819916333,0.03163168262653435,False,False
2025-12-24,Long-only Tangency Portfolio,0.00032717203975675846,EWMA-t,0.023521016261330033,0.032404639644562645,False,False
2025-12-26,Long-only Tangency Portfolio,0.0052524975290253,EWMA-t,0.022804830369026915,0.03141795839317654,False,False
2025-12-29,Long-only Tangency Portfolio,-0.006511754201337173,EWMA-t,0.02220533773523967,0.030592044132006477,False,False
2025-12-30,Long-only Tangency Portfolio,-0.003010742365400304,EWMA-t,0.021678997717307524,0.029866911407208156,False,False
2025-12-31,Long-only Tangency Portfolio,-0.005217292344729241,EWMA-t,0.021051528381858354,0.02900245395871465,False,False
2026-01-02,Long-only Tangency Portfolio,0.005208376592253443,EWMA-t,0.02051196735311068,0.02825910679596628,False,False
2026-01-05,Long-only Tangency Portfolio,-0.007588013051784326,EWMA-t,0.019991150677318076,0.027541583517531887,False,False
2026-01-06,Long-only Tangency Portfolio,-0.009339462428841152,EWMA-t,0.019608040595606578,0.027013777065458204,False,False
2026-01-07,Long-only Tangency Portfolio,0.0031392494571467963,EWMA-t,0.019358459811296178,0.026669932425076644,False,False
2026-01-08,Long-only Tangency Portfolio,-0.01471580839047089,EWMA-t,0.018808841215815317,0.02591272906572227,False,False
2026-01-09,Long-only Tangency Portfolio,2.5524695905560575e-05,EWMA-t,0.01912258880031744,0.02634497558526821,False,False
2026-01-12,Long-only Tangency Portfolio,0.001397842814686343,EWMA-t,0.018540040397594715,0.025542405200723182,False,False
2026-01-13,Long-only Tangency Portfolio,0.0033835824415625695,EWMA-t,0.017983548522433324,0.024775732601232697,False,False
2026-01-14,Long-only Tangency Portfolio,-0.010784153094723348,EWMA-t,0.017485847904316263,0.024090056055552374,False,False
2026-01-15,Long-only Tangency Portfolio,0.009452950890822886,EWMA-t,0.017469977834435303,0.02406819203871259,False,False
2026-01-16,Long-only Tangency Portfolio,-0.00627685409009815,EWMA-t,0.017336596962602528,0.023884434711257122,False,False
2026-01-20,Long-only Tangency Portfolio,-0.03902101503145306,EWMA-t,0.016986793041719517,0.023402513782478845,True,True
2026-01-21,Long-only Tangency Portfolio,0.01759052187046745,EWMA-t,0.022453553080850275,0.030934007622843644,False,False
2026-01-22,Long-only Tangency Portfolio,0.006458972117870713,EWMA-t,0.0228308227249733,0.031453767769718685,False,False
2026-01-23,Long-only Tangency Portfolio,0.009557998956724779,EWMA-t,0.022278992091695142,0.030693516910762032,False,False
2026-01-26,Long-only Tangency Portfolio,0.008174436368817477,EWMA-t,0.0219213880479842,0.03020084984046444,False,False
2026-01-27,Long-only Tangency Portfolio,0.011482592925384776,EWMA-t,0.021492704438742818,0.02961025725191903,False,False
2026-01-28,Long-only Tangency Portfolio,0.006493260356422899,EWMA-t,0.021316419741248857,0.029367391806239537,False,False
2026-01-29,Long-only Tangency Portfolio,0.0019962156713322693,EWMA-t,0.020822490555423154,0.0286869111204229,False,False
2026-01-30,Long-only Tangency Portfolio,-0.00260317830967648,EWMA-t,0.02020324548075204,0.027833784143533807,False,False
2026-02-02,Long-only Tangency Portfolio,-0.0015072530154267012,EWMA-t,0.019614216603776484,0.0270222856824739,False,False
2026-02-03,Long-only Tangency Portfolio,-0.018172733495760374,EWMA-t,0.019025823794917494,0.026211663525306555,False,False
2026-02-04,Long-only Tangency Portfolio,-0.009274344636877442,EWMA-t,0.019768216492725782,0.027234449597980777,False,False
2026-02-05,Long-only Tangency Portfolio,-0.010302730868832743,EWMA-t,0.019506236128712315,0.026873522196057046,False,False
2026-02-06,Long-only Tangency Portfolio,0.049097756878217866,EWMA-t,0.01933652633991886,0.026639714928169213,False,False
2026-02-09,Long-only Tangency Portfolio,0.011017991615395975,EWMA-t,0.02683699425689834,0.036973025245840827,False,False
2026-02-10,Long-only Tangency Portfolio,-0.005895768438153532,EWMA-t,0.026373874089883582,0.03633498979883867,False,False
2026-02-11,Long-only Tangency Portfolio,0.006372591843561804,EWMA-t,0.025674184368702592,0.035371035136932724,False,False
2026-02-12,Long-only Tangency Portfolio,-0.02899957098387978,EWMA-t,0.025016518012470478,0.03446497559242692,True,False
2026-02-13,Long-only Tangency Portfolio,-0.021559127366698447,EWMA-t,0.026775432156983952,0.03688821183296258,False,False
2026-02-17,Long-only Tangency Portfolio,0.018639849543843068,EWMA-t,0.02729487039662408,0.037603836055408166,False,False
2026-02-18,Long-only Tangency Portfolio,0.010310232086733599,EWMA-t,0.02744921096357048,0.03781646931916123,False,False
2026-02-19,Long-only Tangency Portfolio,-0.005787932381525889,EWMA-t,0.026916776972677,0.0370829409963317,False,False
2026-02-20,Long-only Tangency Portfolio,0.011705212728361872,EWMA-t,0.02619478491603673,0.03608826065761994,False,False
2026-02-23,Long-only Tangency Portfolio,0.006376982680881776,EWMA-t,0.0258061232891557,0.03555280590418502,False,False
2026-02-24,Long-only Tangency Portfolio,0.013015828748958057,EWMA-t,0.02514397458608895,0.03464057108084243,False,False
2026-02-25,Long-only Tangency Portfolio,0.012177705698131588,EWMA-t,0.024903852271692697,0.034309757268115235,False,False
2026-02-26,Long-only Tangency Portfolio,-0.033089196075451334,EWMA-t,0.024610469904459743,0.033905567679424604,True,False
2026-02-27,Long-only Tangency Portfolio,-0.037237200782791635,EWMA-t,0.027144519784653914,0.03739669970776477,True,False
2026-03-02,Long-only Tangency Portfolio,0.018521688217512305,EWMA-t,0.030078735535689436,0.04143913575709597,False,False
2026-03-03,Long-only Tangency Portfolio,-0.008571791540094374,EWMA-t,0.030048704205925213,0.04139776193173722,False,False
2026-03-04,Long-only Tangency Portfolio,0.007865669929186837,EWMA-t,0.029325568889671094,0.0404015065371097,False,False
2026-03-05,Long-only Tangency Portfolio,-0.001837633376414098,EWMA-t,0.028598145944334866,0.039399344124103744,False,False
2026-03-06,Long-only Tangency Portfolio,-0.021686734802301877,EWMA-t,0.027736245078665896,0.03821191299225859,False,False
2026-03-09,Long-only Tangency Portfolio,0.01930587883043528,EWMA-t,0.028197289362098574,0.038847088517789924,False,False
2026-03-10,Long-only Tangency Portfolio,0.0077572696156567025,EWMA-t,0.02836190810100159,0.039073881903484944,False,False
2026-03-11,Long-only Tangency Portfolio,0.003843068627442304,EWMA-t,0.027664764511726576,0.038113435018878414,False,False
2026-03-12,Long-only Tangency Portfolio,-0.016713469936731794,EWMA-t,0.02686406783961609,0.0370103242163491,False,False
2026-03-13,Long-only Tangency Portfolio,-0.01820549243429102,EWMA-t,0.026853475885516054,0.036995731800276176,False,False
2026-03-16,Long-only Tangency Portfolio,0.014076077387750192,EWMA-t,0.026991558834728757,0.03718596712687014,False,False
2026-03-17,Long-only Tangency Portfolio,-0.0019418988195456252,EWMA-t,0.026742124157252394,0.03684232377623108,False,False
2026-03-18,Long-only Tangency Portfolio,-0.012087846313724436,EWMA-t,0.025938573437336323,0.035735280984129515,False,False
2026-03-19,Long-only Tangency Portfolio,-0.007651117419083391,EWMA-t,0.025588922239737938,0.03525357046050332,False,False
2026-03-20,Long-only Tangency Portfolio,-0.021078294705194157,EWMA-t,0.02498920546871938,0.03442734740798977,False,False
2026-03-23,Long-only Tangency Portfolio,0.015368525228482616,EWMA-t,0.025592150910473625,0.035258018563874303,False,False
2026-03-24,Long-only Tangency Portfolio,-0.0022169006887013958,EWMA-t,0.02553021386321728,0.03517268859025875,False,False
2026-03-25,Long-only Tangency Portfolio,0.012762856710307137,EWMA-t,0.02476764266572331,0.03412210282544464,False,False
2026-03-26,Long-only Tangency Portfolio,-0.024052903106956458,EWMA-t,0.024526474211684777,0.03378984775789455,False,False
2026-03-27,Long-only Tangency Portfolio,-0.019703228527943838,EWMA-t,0.025572580141697585,0.035231056135775596,False,False
2026-03-30,Long-only Tangency Portfolio,-0.0112159489404395,EWMA-t,0.025963561167573007,0.035769706299126916,False,False
2026-03-31,Long-only Tangency Portfolio,0.044560077939579175,EWMA-t,0.025551983131135134,0.035202679865906306,False,False
2026-04-01,Long-only Tangency Portfolio,0.007178746192666205,EWMA-t,0.030289841257671455,0.041729973736702286,False,False
2026-04-02,Long-only Tangency Portfolio,0.0062233049113607445,EWMA-t,0.02950100722390567,0.04064320595764283,False,False
2026-04-06,Long-only Tangency Portfolio,0.005200016147054639,EWMA-t,0.02870566954926012,0.03954747818566704,False,False
2026-04-07,Long-only Tangency Portfolio,-0.006586319285158385,EWMA-t,0.027905393274568743,0.03844494655993529,False,False
2026-04-08,Long-only Tangency Portfolio,0.021308516614657665,EWMA-t,0.027177642615631197,0.03744233265958545,False,False
2026-04-09,Long-only Tangency Portfolio,0.008032860757746476,EWMA-t,0.027636298589314445,0.038074217837627974,False,False
2026-04-10,Long-only Tangency Portfolio,0.014527570905347396,EWMA-t,0.026977954293160744,0.03716722430291462,False,False
2026-04-13,Long-only Tangency Portfolio,0.0015391965727730033,EWMA-t,0.0267661462832385,0.036875418789109236,False,False
2026-04-14,Long-only Tangency Portfolio,0.022180770604824818,EWMA-t,0.025957723434044604,0.035761663719281425,False,False
2026-04-15,Long-only Tangency Portfolio,0.02000795305272498,EWMA-t,0.02662022279581391,0.03667438164117589,False,False
2026-04-16,Long-only Tangency Portfolio,-0.005081034974546451,EWMA-t,0.02696954360529242,0.037155636992804046,False,False
2026-04-17,Long-only Tangency Portfolio,0.0199230399641454,EWMA-t,0.026223352518215334,0.03612761792194141,False,False
2026-04-20,Long-only Tangency Portfolio,0.004704511689065705,EWMA-t,0.026591800950108817,0.03663522518390916,False,False
2026-04-21,Long-only Tangency Portfolio,-0.015414041201543601,EWMA-t,0.025847284715898183,0.035609513539009416,False,False
2026-04-22,Long-only Tangency Portfolio,0.01849840789385663,EWMA-t,0.02577484537079544,0.035509714667733526,False,False
2026-04-23,Long-only Tangency Portfolio,-0.009246742541106369,EWMA-t,0.026015925289193706,0.03584184776072747,False,False
2026-04-24,Long-only Tangency Portfolio,0.022313435195717466,EWMA-t,0.02548133180866068,0.03510534433330177,False,False
2026-04-27,Long-only Tangency Portfolio,0.018126064640676884,EWMA-t,0.02620122915646614,0.03609713881520369,False,False
2026-04-28,Long-only Tangency Portfolio,-0.00425912816058427,EWMA-t,0.02637374326948933,0.036334809569052384,False,False
2026-04-29,Long-only Tangency Portfolio,-0.011770194477622955,EWMA-t,0.025624496975615117,0.03530258137413658,False,False
2026-04-30,Long-only Tangency Portfolio,-0.026397737644819383,EWMA-t,0.025266787682205395,0.03480976930251236,True,False
2026-05-01,Long-only Tangency Portfolio,0.009926680119830292,EWMA-t,0.026583910123810162,0.03662435408123805,False,False
2026-05-06,Long-only Tangency Portfolio,0.039570780256638675,EWMA-t,0.026064840366320955,0.035909237512508754,False,False
2026-05-07,Long-only Tangency Portfolio,0.010682337090849453,EWMA-t,0.029633542991648956,0.04082579899469614,False,False
2026-05-08,Long-only Tangency Portfolio,0.01747896681130582,EWMA-t,0.02903298563289174,0.03999841787390619,False,False
2026-05-11,Long-only Tangency Portfolio,0.010266769935802575,EWMA-t,0.02896679274071708,0.0399072246705973,False,False
2026-05-12,Long-only Tangency Portfolio,0.005871828493375242,EWMA-t,0.028369966869154956,0.039084984377761034,False,False
2026-05-13,Long-only Tangency Portfolio,0.018267448604392635,EWMA-t,0.02760141312318205,0.038026156523172296,False,False
2026-05-14,Long-only Tangency Portfolio,0.024780490901833416,EWMA-t,0.02769792475575572,0.03815911951423999,False,False
2026-05-15,Long-only Tangency Portfolio,-0.02165849573189104,EWMA-t,0.02854963355236726,0.03933250914713931,False,False
2026-05-18,Long-only Tangency Portfolio,-0.014232027804395893,EWMA-t,0.028947110923354134,0.03988010925210899,False,False
2026-05-19,Long-only Tangency Portfolio,-0.0044698500659495245,EWMA-t,0.02861195651185843,0.03941837078770177,False,False
2026-05-20,Long-only Tangency Portfolio,0.009399505899224624,EWMA-t,0.027795355032435437,0.0382933481109638,False,False
2026-05-21,Long-only Tangency Portfolio,-0.004867156142841998,EWMA-t,0.027198202150359573,0.037470657299419494,False,False
2026-05-22,Long-only Tangency Portfolio,-0.0008091990695942856,EWMA-t,0.0264382581998133,0.036423691063185756,False,False
2026-05-26,Long-only Tangency Portfolio,0.00455706269887893,EWMA-t,0.02563479616788445,0.035316770455527016,False,False
2026-05-27,Long-only Tangency Portfolio,-0.014825381956986159,EWMA-t,0.024917684235273536,0.0343288134088208,False,False
2026-05-28,Long-only Tangency Portfolio,0.004690415883682648,EWMA-t,0.024844716530003315,0.0342282866216828,False,False
2026-05-29,Long-only Tangency Portfolio,0.0014089150059350118,EWMA-t,0.02415760267474072,0.03328165758885581,False,False
2026-06-01,Long-only Tangency Portfolio,0.023515839731346543,EWMA-t,0.023428146327075936,0.03227669378032438,False,False
2026-06-02,Long-only Tangency Portfolio,0.01769102685711152,EWMA-t,0.024505898564538633,0.03376150092016371,False,False
2026-06-03,Long-only Tangency Portfolio,-0.026062563919471128,EWMA-t,0.024746379623246648,0.03409280897089567,True,False
2026-06-04,Long-only Tangency Portfolio,-0.011973394823686236,EWMA-t,0.02606815818011581,0.035913808427270065,False,False
2026-06-05,Long-only Tangency Portfolio,-0.026527575213067124,EWMA-t,0.02570421361294472,0.03541240608909114,True,False
2026-06-08,Long-only Tangency Portfolio,0.017771263460789534,EWMA-t,0.026994698406581398,0.03719029247971173,False,False
2026-06-09,Long-only Tangency Portfolio,-0.019857304380097935,EWMA-t,0.027079563679217118,0.037307210411638814,False,False
2026-06-10,Long-only Tangency Portfolio,-0.019700557786740885,EWMA-t,0.027379263911702093,0.03772010405225221,False,False
2026-06-11,Long-only Tangency Portfolio,-0.01775545913081781,EWMA-t,0.027640868527565025,0.03808051379017367,False,False
2026-06-12,Long-only Tangency Portfolio,0.01800491544132922,EWMA-t,0.027683975808601616,0.03813990220658084,False,False
2026-06-15,Long-only Tangency Portfolio,0.02871655485343639,EWMA-t,0.027749035152876963,0.0382295337336939,False,False
2026-06-16,Long-only Tangency Portfolio,-0.006371621041142743,EWMA-t,0.0291540188281895,0.04016516394623054,False,False
2026-06-17,Long-only Tangency Portfolio,-0.0035277303606655575,EWMA-t,0.028375513518616974,0.039092625934361074,False,False
2026-06-18,Long-only Tangency Portfolio,0.004942545651368797,EWMA-t,0.02754565886454537,0.03794934450792185,False,False
2026-06-22,Long-only Tangency Portfolio,-0.0004129399472853053,EWMA-t,0.026776379197890453,0.036889516560571406,False,False
2026-06-23,Long-only Tangency Portfolio,-0.019614581170985128,EWMA-t,0.025961165208322805,0.035766405413006894,False,False
2026-06-24,Long-only Tangency Portfolio,-0.010175553933899253,EWMA-t,0.026313438767905362,0.03625172873525414,False,False
2026-06-25,Long-only Tangency Portfolio,-0.04415150639739949,EWMA-t,0.02582038795920248,0.03557245817972357,True,True
2026-06-26,Long-only Tangency Portfolio,0.004854157480381643,EWMA-t,0.030412024271736733,0.04189830390141465,False,False
2026-06-29,Long-only Tangency Portfolio,0.004064060538870657,EWMA-t,0.029546611398499432,0.04070603431622988,False,False
2026-06-30,Long-only Tangency Portfolio,0.0260315148098098,EWMA-t,0.02869056841120715,0.039526673517561194,False,False
2026-07-01,Long-only Tangency Portfolio,0.0006347152708567763,EWMA-t,0.029621291772233587,0.04080892062745424,False,False
2026-07-02,Long-only Tangency Portfolio,0.01134151414414528,EWMA-t,0.028719980818924275,0.03956719466097451,False,False
2026-07-06,Long-only Tangency Portfolio,0.0072697723450792975,EWMA-t,0.028196171234005186,0.03884554808528734,False,False
2026-07-07,Long-only Tangency Portfolio,0.001324929993298661,EWMA-t,0.027484672652642046,0.03786532448948144,False,False
2026-07-08,Long-only Tangency Portfolio,0.023873870500672956,EWMA-t,0.026652417024210635,0.03671873526766208,False,False
2026-07-09,Long-only Tangency Portfolio,-0.00018036368545592266,EWMA-t,0.02747579775796317,0.03785309764686728,False,False
2026-07-10,Long-only Tangency Portfolio,0.022176252677049896,EWMA-t,0.02663886767657751,0.03670006848377008,False,False
2026-07-13,Long-only Tangency Portfolio,-0.017242700119676817,EWMA-t,0.027244851234090216,0.03753492521757598,False,False
2026-07-14,Long-only Tangency Portfolio,0.01980289109383197,EWMA-t,0.027262167082100944,0.03755878106668953,False,False
2026-07-15,Long-only Tangency Portfolio,0.018488181105112675,EWMA-t,0.02754308578161255,0.03794579960049577,False,False
2026-07-16,Long-only Tangency Portfolio,-0.0064775639123148925,EWMA-t,0.027665731346738127,0.03811476701660322,False,False
2026-07-17,Long-only Tangency Portfolio,-0.012855715508366629,EWMA-t,0.02694230376279034,0.03711810896806025,False,False
2026-07-20,Long-only Tangency Portfolio,-0.006153006616512637,EWMA-t,0.026601059385769964,0.03664798042662225,False,False
2026-07-21,Long-only Tangency Portfolio,0.012287099247060037,EWMA-t,0.02590271972492602,0.03568588572766324,False,False
2026-07-22,Long-only Tangency Portfolio,0.010352114512372038,EWMA-t,0.025569292535631578,0.035226526837862676,False,False
2026-07-23,Long-only Tangency Portfolio,-0.014820655038830672,EWMA-t,0.025118818253063696,0.0346059134836789,False,False
2026-07-24,Long-only Tangency Portfolio,0.008394122474617918,EWMA-t,0.02503395100218801,0.03448899282635285,False,False
2026-07-27,Long-only Tangency Portfolio,-0.023478937364308082,EWMA-t,0.024492356207984615,0.033742843767802795,False,False
2026-07-28,Long-only Tangency Portfolio,0.005516915795510092,EWMA-t,0.025459996041002006,0.03507595028608723,False,False
2026-07-29,Long-only Tangency Portfolio,-0.022859903463506238,EWMA-t,0.024778512471620606,0.034137078034814625,False,False
2026-07-30,Long-only Tangency Portfolio,0.01560665234218682,EWMA-t,0.025633503749543814,0.035314989905310436,False,False
2026-07-31,Long-only Tangency Portfolio,-0.010494831945909435,EWMA-t,0.025591236505941705,0.03525675879903179,False,False
2026-08-03,Long-only Tangency Portfolio,0.011851864888195063,EWMA-t,0.025148866113432145,0.03464731008306523,False,False
2026-08-04,Long-only Tangency Portfolio,0.02275710336676853,EWMA-t,0.024819453351182536,0.034193481824268096,False,False
2026-08-05,Long-only Tangency Portfolio,0.021379248098038085,EWMA-t,0.025656732126163744,0.03534699137861134,False,False
2026-08-06,Long-only Tangency Portfolio,0.002107673367966993,EWMA-t,0.026242940205087877,0.036154603657911455,False,False
2026-08-07,Long-only Tangency Portfolio,0.014205560282160787,EWMA-t,0.02545682520510877,0.03507158186112843,False,False
2026-08-10,Long-only Tangency Portfolio,-0.022273099098275195,EWMA-t,0.025298947643175654,0.03485407571915039,False,False
2026-08-11,Long-only Tangency Portfolio,-0.004506712079058396,EWMA-t,0.02602928094093634,0.03586024769196896,False,False
2026-08-12,Long-only Tangency Portfolio,0.013203503279335014,EWMA-t,0.025297806737551724,0.03485250390630008,False,False
2026-08-13,Long-only Tangency Portfolio,0.007301385685556547,EWMA-t,0.02506488759164676,0.03453161381781447,False,False
2026-08-14,Long-only Tangency Portfolio,0.0003803306666253646,EWMA-t,0.024468525574575392,0.033710012572094765,False,False
2026-08-17,Long-only Tangency Portfolio,-0.001955161056847437,EWMA-t,0.02372358208710531,0.0326837123051833,False,False
2026-08-18,Long-only Tangency Portfolio,-0.007748110113270779,EWMA-t,0.023013574521725505,0.03170554286533339,False,False
2026-08-19,Long-only Tangency Portfolio,0.0029936141149384914,EWMA-t,0.02251734096600843,0.03102188747502661,False,False
2026-08-20,Long-only Tangency Portfolio,-0.008880013651794583,EWMA-t,0.021862747191943182,0.030120060992425507,False,False
2026-08-21,Long-only Tangency Portfolio,-0.007912436230746901,EWMA-t,0.021479376774964316,0.02959189587938105,False,False
2026-08-24,Long-only Tangency Portfolio,-0.015162347740652506,EWMA-t,0.021053716681585115,0.02900546875464405,False,False
2026-08-25,Long-only Tangency Portfolio,0.012400542033347612,EWMA-t,0.021256331613444087,0.02928460906816409,False,False
2026-08-26,Long-only Tangency Portfolio,-0.004362310108658508,EWMA-t,0.0211717983265531,0.02916814850926484,False,False
2026-08-27,Long-only Tangency Portfolio,0.05231993557548227,EWMA-t,0.020597606533681475,0.028377090932154087,False,False
2026-08-28,Long-only Tangency Portfolio,-0.01938665083323792,EWMA-t,0.028592874692548106,0.03939208197978448,False,False
2026-08-31,Long-only Tangency Portfolio,-0.0005290846648849086,EWMA-t,0.028740100043608854,0.03959491269061185,False,False
2026-09-01,Long-only Tangency Portfolio,0.008967436112090636,EWMA-t,0.027865329201934512,0.03838975073752773,False,False
2026-09-02,Long-only Tangency Portfolio,0.01838437543548715,EWMA-t,0.027243152389508394,0.03753258473849657,False,False
2026-09-03,Long-only Tangency Portfolio,0.007135734547594079,EWMA-t,0.027374456752350302,0.03771348128286257,False,False
2026-09-04,Long-only Tangency Portfolio,-0.0008696135741530904,EWMA-t,0.026686859275807637,0.03676618597043563,False,False
2026-09-08,Long-only Tangency Portfolio,-0.01178301344562191,EWMA-t,0.02587610545592224,0.03564921954849442,False,False
2026-09-09,Long-only Tangency Portfolio,-0.013141178918625023,EWMA-t,0.02550759212154355,0.03514152287110253,False,False
2026-09-10,Long-only Tangency Portfolio,-0.003103511458025948,EWMA-t,0.025258981694141487,0.034799015080523375,False,False
2026-09-11,Long-only Tangency Portfolio,0.012124782128890343,EWMA-t,0.024519555408055182,0.033780315799925666,False,False
2026-09-14,Long-only Tangency Portfolio,-0.012531952213216044,EWMA-t,0.024240973845911132,0.033396517113993086,False,False
2026-09-15,Long-only Tangency Portfolio,-0.006132420302087563,EWMA-t,0.02400816181673115,0.03307577459901512,False,False
2026-09-16,Long-only Tangency Portfolio,0.013366106686621143,EWMA-t,0.02340002447134276,0.03223795061586901,False,False
2026-09-17,Long-only Tangency Portfolio,0.009090522624944761,EWMA-t,0.02328168113485963,0.03207491033179014,False,False
2026-09-18,Long-only Tangency Portfolio,0.011490169885885072,EWMA-t,0.02285073006015676,0.0314811938815727,False,False
2026-09-21,Long-only Tangency Portfolio,0.014676619420134492,EWMA-t,0.02260581179152305,0.0311437727366159,False,False
2026-09-22,Long-only Tangency Portfolio,0.009522655418537352,EWMA-t,0.02265639874105642,0.031213465808213388,False,False
2026-09-23,Long-only Tangency Portfolio,-0.01559329826101551,EWMA-t,0.022279709876491232,0.030694505794805187,False,False
2026-09-24,Long-only Tangency Portfolio,-0.008264535503719785,EWMA-t,0.022445446534129443,0.030922839324572356,False,False
2026-09-25,Long-only Tangency Portfolio,0.014675463956059315,EWMA-t,0.022000424688468998,0.030309737731411455,False,False
2026-09-28,Long-only Tangency Portfolio,0.01003046628507642,EWMA-t,0.022088988611991652,0.030431751253079672,False,False
2026-09-29,Long-only Tangency Portfolio,-0.010609766018934208,EWMA-t,0.021772430876027957,0.029995633219461082,False,False
2026-09-30,Long-only Tangency Portfolio,0.00868427476784999,EWMA-t,0.021513164446532302,0.029638444774608395,False,False
2026-10-01,Long-only Tangency Portfolio,-0.007340609682432737,EWMA-t,0.02113253506951266,0.029114055961496868,False,False
2026-10-02,Long-only Tangency Portfolio,0.016257288502856283,EWMA-t,0.02068893232897611,0.028502909453509438,False,False
