Date,Portfolio,Return,Model,"Rolling VaR (95%, 252D)","Rolling ES (95%, 252D)",VaR Breach,Loss Exceeds ES
2025-01-02,Equal Weighted Portfolio,0.0003105289416783562,GARCH-t,0.019979418664721537,0.028995380689897633,False,False
2025-01-03,Equal Weighted Portfolio,0.017013196683551304,GARCH-t,0.018810440915898438,0.027351577995468546,False,False
2025-01-06,Equal Weighted Portfolio,0.018392985966779123,GARCH-t,0.01934348255612987,0.028101134850025855,False,False
2025-01-07,Equal Weighted Portfolio,-0.023368842076293573,GARCH-t,0.02009203519913848,0.029153740729597456,True,False
2025-01-08,Equal Weighted Portfolio,7.469218790665537e-05,GARCH-t,0.02322693550680011,0.033562000491332726,False,False
2025-01-10,Equal Weighted Portfolio,-0.01860330178790568,GARCH-t,0.02179071680457158,0.031542406726704136,False,False
2025-01-13,Equal Weighted Portfolio,-0.008202468903693694,GARCH-t,0.023224122159079257,0.03355804439501819,False,False
2025-01-14,Equal Weighted Portfolio,-0.005821585368667282,GARCH-t,0.022447433584930124,0.03246587410161097,False,False
2025-01-15,Equal Weighted Portfolio,0.02719681334243878,GARCH-t,0.02147023944524711,0.031091755251694064,False,False
2025-01-16,Equal Weighted Portfolio,-0.017829460375693797,GARCH-t,0.0241042382466621,0.034795653235422205,False,False
2025-01-17,Equal Weighted Portfolio,0.017818253561358643,GARCH-t,0.02495433756696771,0.035991052852444486,False,False
2025-01-21,Equal Weighted Portfolio,0.004229133424619901,GARCH-t,0.024778203164829215,0.0357433747378624,False,False
2025-01-22,Equal Weighted Portfolio,0.022320519432571607,GARCH-t,0.02321170471273113,0.03354058312872331,False,False
2025-01-23,Equal Weighted Portfolio,0.00017964601912854317,GARCH-t,0.02422169205615698,0.03496081539416563,False,False
2025-01-24,Equal Weighted Portfolio,-0.006381882094207691,GARCH-t,0.022701070329624238,0.03282253509430665,False,False
2025-01-27,Equal Weighted Portfolio,-0.0394270526131548,GARCH-t,0.02175899016493711,0.03149779310102236,True,True
2025-01-28,Equal Weighted Portfolio,0.03670326529570302,GARCH-t,0.030145743447995397,0.04329114644592802,False,False
2025-01-29,Equal Weighted Portfolio,-0.01025220399563207,GARCH-t,0.033674252875312935,0.04825289469971855,False,False
2025-01-30,Equal Weighted Portfolio,-0.008826854256969784,GARCH-t,0.03209940521319214,0.04603836253012354,False,False
2025-01-31,Equal Weighted Portfolio,-0.003130625448871995,GARCH-t,0.030517759876678735,0.0438142715511383,False,False
2025-02-03,Equal Weighted Portfolio,-0.01754429268408215,GARCH-t,0.0286979445614437,0.04118973726207213,False,False
2025-02-04,Equal Weighted Portfolio,0.017231550353738224,GARCH-t,0.028814215443686148,0.04135300205394268,False,False
2025-02-05,Equal Weighted Portfolio,-0.008161742252492466,GARCH-t,0.02808145298256039,0.04032407453228865,False,False
2025-02-06,Equal Weighted Portfolio,0.010300905007302142,GARCH-t,0.02680664468705535,0.038534019214685675,False,False
2025-02-07,Equal Weighted Portfolio,-0.020400167177488427,GARCH-t,0.025421059804278667,0.03658841406279726,False,False
2025-02-10,Equal Weighted Portfolio,0.011803991431395301,GARCH-t,0.026672122511155763,0.038345126392797364,False,False
2025-02-11,Equal Weighted Portfolio,0.0013081723887203632,GARCH-t,0.025448727434988258,0.036627264288083536,False,False
2025-02-12,Equal Weighted Portfolio,-0.005056941422777262,GARCH-t,0.0238050918774988,0.03431931055083576,False,False
2025-02-13,Equal Weighted Portfolio,0.014897698411123806,GARCH-t,0.022622051878461984,0.03265811408021356,False,False
2025-02-14,Equal Weighted Portfolio,0.0042346638833261185,GARCH-t,0.022249045074047697,0.03213434684705529,False,False
2025-02-18,Equal Weighted Portfolio,-0.001642179112756925,GARCH-t,0.020888568471034766,0.030223998141069713,False,False
2025-02-19,Equal Weighted Portfolio,0.00400197745203732,GARCH-t,0.01971958320848472,0.02858253699526017,False,False
2025-02-20,Equal Weighted Portfolio,-0.000726767211641399,GARCH-t,0.018568778356233703,0.026966604346752323,False,False
2025-02-21,Equal Weighted Portfolio,-0.02321764228848704,GARCH-t,0.017561666671037233,0.025552442206560232,True,False
2025-02-24,Equal Weighted Portfolio,-0.010977729130371296,GARCH-t,0.02132652168371193,0.030838961567318426,False,False
2025-02-25,Equal Weighted Portfolio,-0.012803640967881691,GARCH-t,0.02120026424527803,0.03066167389210292,False,False
2025-02-26,Equal Weighted Portfolio,0.0013021684387030774,GARCH-t,0.02143160148289464,0.03098651210802553,False,False
2025-02-27,Equal Weighted Portfolio,-0.033479412799524974,GARCH-t,0.020117286511052917,0.02914098246043376,True,True
2025-02-28,Equal Weighted Portfolio,0.019792411018024536,GARCH-t,0.026808580940221653,0.03853673805507038,False,False
2025-03-03,Equal Weighted Portfolio,-0.03579438483158091,GARCH-t,0.026761720354500796,0.0384709375414156,True,False
2025-03-04,Equal Weighted Portfolio,0.005175310238647257,GARCH-t,0.03236806397967357,0.046312922310730226,False,False
2025-03-05,Equal Weighted Portfolio,0.01571727094395825,GARCH-t,0.030213050507062626,0.04328804233258952,False,False
2025-03-06,Equal Weighted Portfolio,-0.022126580774606965,GARCH-t,0.029112421667646583,0.04174314705373068,False,False
2025-03-07,Equal Weighted Portfolio,0.0055321895509783175,GARCH-t,0.030165656733428615,0.0432215181652114,False,False
2025-03-10,Equal Weighted Portfolio,-0.04006249606012307,GARCH-t,0.02819576953985612,0.040456490286376906,True,False
2025-03-11,Equal Weighted Portfolio,-0.0024311010308113888,GARCH-t,0.03484930164922623,0.04979570617404639,False,False
2025-03-12,Equal Weighted Portfolio,0.016820819046944702,GARCH-t,0.03255687462472005,0.04657794596237773,False,False
2025-03-13,Equal Weighted Portfolio,-0.019434615930307177,GARCH-t,0.031360135495919074,0.0448981456846645,False,False
2025-03-14,Equal Weighted Portfolio,0.02703835601494769,GARCH-t,0.03148715947122132,0.04507644261158351,False,False
2025-03-17,Equal Weighted Portfolio,-0.006453600465765242,GARCH-t,0.032288711450574985,0.04620153930568835,False,False
2025-03-18,Equal Weighted Portfolio,-0.01841606620691596,GARCH-t,0.03045590633870633,0.043628926392967914,False,False
2025-03-19,Equal Weighted Portfolio,0.015521223584953649,GARCH-t,0.030504818267098496,0.04369758151497345,False,False
2025-03-20,Equal Weighted Portfolio,-0.0019287230167800654,GARCH-t,0.02934738415661045,0.04207295164080818,False,False
2025-03-21,Equal Weighted Portfolio,0.007526845070287092,GARCH-t,0.027472628445313948,0.039441454860356495,False,False
2025-03-24,Equal Weighted Portfolio,0.021101808928239943,GARCH-t,0.025816777465177267,0.03711722323013301,False,False
2025-03-25,Equal Weighted Portfolio,0.008385417201180089,GARCH-t,0.026183621800058024,0.03763214348366197,False,False
2025-03-26,Equal Weighted Portfolio,-0.027087711299374352,GARCH-t,0.024695498609998222,0.03554334260151944,True,False
2025-03-27,Equal Weighted Portfolio,-0.005121899976580702,GARCH-t,0.027943425998777364,0.040102288823266115,False,False
2025-03-28,Equal Weighted Portfolio,-0.032864436810636895,GARCH-t,0.026383595234002716,0.037912835759690504,True,False
2025-03-31,Equal Weighted Portfolio,-0.0026054351256403095,GARCH-t,0.031056208754178836,0.044471539574031806,False,False
2025-04-01,Equal Weighted Portfolio,0.013243792909809215,GARCH-t,0.02907722948310874,0.04164795600617195,False,False
2025-04-02,Equal Weighted Portfolio,0.005062614767994922,GARCH-t,0.02780477862522607,0.03986344180888383,False,False
2025-04-03,Equal Weighted Portfolio,-0.06463197516712346,GARCH-t,0.02603744816149872,0.037384897129312346,True,True
2025-04-04,Equal Weighted Portfolio,-0.0511201476278796,GARCH-t,0.04345350812808871,0.061809578112997865,True,False
2025-04-07,Equal Weighted Portfolio,0.005627504646935755,GARCH-t,0.04973900306510754,0.0706245000273552,False,False
2025-04-08,Equal Weighted Portfolio,-0.02336674893925368,GARCH-t,0.0463365046667892,0.0658527584230055,False,False
2025-04-09,Equal Weighted Portfolio,0.13208173440359788,GARCH-t,0.04531000997606806,0.06441317878212191,False,False
2025-04-10,Equal Weighted Portfolio,-0.04239129497648941,GARCH-t,0.08256042905934699,0.11665401880926042,False,False
2025-04-11,Equal Weighted Portfolio,0.027305413130965264,GARCH-t,0.08057961783423315,0.11387608382539381,False,False
2025-04-14,Equal Weighted Portfolio,0.0033068505482139136,GARCH-t,0.0762040297102853,0.10773965892513239,False,False
2025-04-15,Equal Weighted Portfolio,-0.004990372309601332,GARCH-t,0.07088388182005495,0.10027856179672451,False,False
2025-04-16,Equal Weighted Portfolio,-0.03871706640324678,GARCH-t,0.06605217036534061,0.09350245910110871,False,False
2025-04-17,Equal Weighted Portfolio,-0.009739196830454632,GARCH-t,0.06537975062906413,0.09255944227771737,False,False
2025-04-21,Equal Weighted Portfolio,-0.02830725078030354,GARCH-t,0.061167899794622824,0.08665264629863573,False,False
2025-04-22,Equal Weighted Portfolio,0.027583703071926636,GARCH-t,0.05928686513716478,0.0840146402561781,False,False
2025-04-23,Equal Weighted Portfolio,0.030252881534433174,GARCH-t,0.05687676778922111,0.08063466459141373,False,False
2025-04-24,Equal Weighted Portfolio,0.02915880450387296,GARCH-t,0.055092557121092164,0.07813244672696351,False,False
2025-04-25,Equal Weighted Portfolio,0.01740436882572336,GARCH-t,0.05333312166883258,0.0756649741921155,False,False
2025-04-28,Equal Weighted Portfolio,-0.006748711280628061,GARCH-t,0.05032183997435165,0.0714418838444248,False,False
2025-04-29,Equal Weighted Portfolio,0.002250723943286559,GARCH-t,0.04708845557781271,0.06690731158556774,False,False
2025-04-30,Equal Weighted Portfolio,-0.002956478145745689,GARCH-t,0.04377240157004022,0.0626374730731268,False,False
2025-05-01,Equal Weighted Portfolio,0.02959204693116164,GARCH-t,0.04081777719715373,0.05846967060076042,False,False
2025-05-02,Equal Weighted Portfolio,0.0058304373226805584,GARCH-t,0.040831985706961164,0.05848971316957137,False,False
2025-05-05,Equal Weighted Portfolio,-0.010602484206567087,GARCH-t,0.038051522102740785,0.054567582427559894,False,False
2025-05-06,Equal Weighted Portfolio,-0.004647504324926288,GARCH-t,0.03610365620029403,0.05181991663337143,False,False
2025-05-07,Equal Weighted Portfolio,-0.007070331061026348,GARCH-t,0.03382934724225473,0.048611769233916746,False,False
2025-05-08,Equal Weighted Portfolio,0.011450742965899298,GARCH-t,0.03192051305973497,0.04591916170713623,False,False
2025-05-09,Equal Weighted Portfolio,-0.0006569435971996108,GARCH-t,0.030182778906798748,0.04346790842249362,False,False
2025-05-12,Equal Weighted Portfolio,0.05119343282873015,GARCH-t,0.028199412627503914,0.04067016568459781,False,False
2025-05-13,Equal Weighted Portfolio,0.017504107071805518,GARCH-t,0.03743646990658599,0.05369998785706495,False,False
2025-05-14,Equal Weighted Portfolio,0.015755366543873175,GARCH-t,0.03584376667800219,0.05145331565238383,False,False
2025-05-15,Equal Weighted Portfolio,-0.007654233706424241,GARCH-t,0.034192729342623004,0.049124357172412966,False,False
2025-05-16,Equal Weighted Portfolio,0.004033092360852364,GARCH-t,0.03230320116164786,0.046458982752387926,False,False
2025-05-19,Equal Weighted Portfolio,0.001008585178927057,GARCH-t,0.030131360002188586,0.04339537675324754,False,False
2025-05-20,Equal Weighted Portfolio,-0.008965482358241105,GARCH-t,0.028117515153622007,0.0405546408492726,False,False
2025-05-21,Equal Weighted Portfolio,-0.008053008697967212,GARCH-t,0.026932991499990358,0.03888374804222538,False,False
2025-05-22,Equal Weighted Portfolio,0.006079547428188392,GARCH-t,0.02575896453462867,0.037227661896804806,False,False
2025-05-23,Equal Weighted Portfolio,-0.015282627015045106,GARCH-t,0.024174484152137365,0.03499258886479303,False,False
2025-05-27,Equal Weighted Portfolio,0.026324560907722817,GARCH-t,0.024490531858108507,0.03543840675705032,False,False
2025-05-28,Equal Weighted Portfolio,-0.004206017443604937,GARCH-t,0.026342806269551607,0.03805123089211004,False,False
2025-05-29,Equal Weighted Portfolio,0.007079158005671294,GARCH-t,0.02460719502390809,0.03564062687907883,False,False
2025-05-30,Equal Weighted Portfolio,-0.004999087541572101,GARCH-t,0.02314431099017309,0.03357526209233795,False,False
2025-06-02,Equal Weighted Portfolio,0.0036063803968630296,GARCH-t,0.021995986321870623,0.03195400621766522,False,False
2025-06-03,Equal Weighted Portfolio,0.0035476337496173744,GARCH-t,0.02061763380143816,0.030007986783610444,False,False
2025-06-04,Equal Weighted Portfolio,0.004418641114472277,GARCH-t,0.019358951093386433,0.028230922516764657,False,False
2025-06-05,Equal Weighted Portfolio,-0.002084478751484475,GARCH-t,0.01823742661826634,0.026647504347610793,False,False
2025-06-06,Equal Weighted Portfolio,0.018369058314503618,GARCH-t,0.017328058269972222,0.025363617640646017,False,False
2025-06-09,Equal Weighted Portfolio,0.006405457540858017,GARCH-t,0.018484250073406643,0.02699598068683705,False,False
2025-06-10,Equal Weighted Portfolio,0.005562363151907236,GARCH-t,0.017547482739669756,0.025673410872789987,False,False
2025-06-11,Equal Weighted Portfolio,-0.010081466748171432,GARCH-t,0.016649450229935733,0.024405528607223354,False,False
2025-06-12,Equal Weighted Portfolio,0.004107617088597149,GARCH-t,0.01703048091424219,0.024943484685686433,False,False
2025-06-13,Equal Weighted Portfolio,-0.010874442195149171,GARCH-t,0.016116273228485894,0.023652765586710364,False,False
2025-06-16,Equal Weighted Portfolio,0.013711891495502915,GARCH-t,0.016751407393704874,0.02454947626879371,False,False
2025-06-17,Equal Weighted Portfolio,-0.006031842977160063,GARCH-t,0.016971428656408435,0.02486011207986478,False,False
2025-06-18,Equal Weighted Portfolio,-0.00204025209768357,GARCH-t,0.016611891467526813,0.0243525014748437,False,False
2025-06-20,Equal Weighted Portfolio,-0.00877462473246422,GARCH-t,0.01586330588823703,0.02329561503704475,False,False
2025-06-23,Equal Weighted Portfolio,0.001330673310604413,GARCH-t,0.016106792093916276,0.023639379698952433,False,False
2025-06-24,Equal Weighted Portfolio,0.011884207515849177,GARCH-t,0.015255004450460576,0.02243678799379675,False,False
2025-06-25,Equal Weighted Portfolio,0.014545621915392704,GARCH-t,0.015357021246468296,0.022580819846815557,False,False
2025-06-26,Equal Weighted Portfolio,0.010737746444685371,GARCH-t,0.01596767839767811,0.02344297279113344,False,False
2025-06-27,Equal Weighted Portfolio,0.013090229413086064,GARCH-t,0.015724727929232837,0.02308938595044958,False,False
2025-06-30,Equal Weighted Portfolio,0.000475878430185395,GARCH-t,0.015982014730741897,0.023452395412478344,False,False
2025-07-01,Equal Weighted Portfolio,-0.005074794387297166,GARCH-t,0.01514312410847623,0.02226879317674955,False,False
2025-07-02,Equal Weighted Portfolio,0.011941314892933931,GARCH-t,0.014874789940797774,0.021890196834917913,False,False
2025-07-03,Equal Weighted Portfolio,0.010912303938867707,GARCH-t,0.015044117431786441,0.022129103304468437,False,False
2025-07-07,Equal Weighted Portfolio,-0.008459713848348028,GARCH-t,0.01500867031650247,0.022079090485411127,False,False
2025-07-08,Equal Weighted Portfolio,-0.004542096416759889,GARCH-t,0.015332268803878373,0.02253566001065167,False,False
2025-07-09,Equal Weighted Portfolio,0.013204838639563121,GARCH-t,0.014968677030871623,0.022022663412524124,False,False
2025-07-10,Equal Weighted Portfolio,0.0028137786750827678,GARCH-t,0.015369085485107223,0.02258760516900484,False,False
2025-07-11,Equal Weighted Portfolio,0.005960927943023964,GARCH-t,0.014567983493845957,0.021457319428841513,False,False
2025-07-14,Equal Weighted Portfolio,-0.0013056473504255094,GARCH-t,0.01398938218673046,0.020640962942643205,False,False
2025-07-15,Equal Weighted Portfolio,0.010567120158994614,GARCH-t,0.013457030985459775,0.019889861362421518,False,False
2025-07-16,Equal Weighted Portfolio,-0.00035012418670039586,GARCH-t,0.013594786096532772,0.020084221929963345,False,False
2025-07-17,Equal Weighted Portfolio,0.005804465156735095,GARCH-t,0.013046040970902046,0.019309989937969372,False,False
2025-07-18,Equal Weighted Portfolio,0.003130390257396676,GARCH-t,0.012631538307447912,0.018725162469216856,False,False
2025-07-21,Equal Weighted Portfolio,0.008447895315277943,GARCH-t,0.01212936243471458,0.0180166356721346,False,False
2025-07-22,Equal Weighted Portfolio,-0.005739074908567932,GARCH-t,0.012126613908695665,0.018012757739237745,False,False
2025-07-23,Equal Weighted Portfolio,0.004590762571810392,GARCH-t,0.012394427224729316,0.018390619204370427,False,False
2025-07-24,Equal Weighted Portfolio,0.010299674653489155,GARCH-t,0.011975259563398592,0.017799209826403706,False,False
2025-07-25,Equal Weighted Portfolio,0.001174556118213066,GARCH-t,0.012297034428093247,0.018253206377497957,False,False
2025-07-28,Equal Weighted Portfolio,0.003920713340203608,GARCH-t,0.011623773609870571,0.017319563902874726,False,False
2025-07-29,Equal Weighted Portfolio,-0.0023902233816414323,GARCH-t,0.011231429022858664,0.016766010929134784,False,False
2025-07-30,Equal Weighted Portfolio,0.0027629613335077964,GARCH-t,0.01111575002333294,0.01660280119894732,False,False
2025-07-31,Equal Weighted Portfolio,0.003683638364065089,GARCH-t,0.01075184586367365,0.016089374388933448,False,False
2025-08-01,Equal Weighted Portfolio,-0.032744167831416496,GARCH-t,0.01045497909601946,0.015670529609421925,True,True
2025-08-04,Equal Weighted Portfolio,0.015808271774169103,GARCH-t,0.021313705473927927,0.030990940484205174,False,False
2025-08-05,Equal Weighted Portfolio,-0.0037572070888218794,GARCH-t,0.021248045867018873,0.0308983023496105,False,False
2025-08-06,Equal Weighted Portfolio,0.020065639923597535,GARCH-t,0.020131930155430952,0.02932359177212364,False,False
2025-08-07,Equal Weighted Portfolio,0.007404818422811399,GARCH-t,0.02118950177426038,0.03081570338504166,False,False
2025-08-08,Equal Weighted Portfolio,0.015549601197949747,GARCH-t,0.020011212751103073,0.029153273433703858,False,False
2025-08-11,Equal Weighted Portfolio,-0.004175119910604219,GARCH-t,0.020081863640964873,0.029252953693034635,False,False
2025-08-12,Equal Weighted Portfolio,0.008909383692037531,GARCH-t,0.019123613183767776,0.027900972787145362,False,False
2025-08-13,Equal Weighted Portfolio,-9.860147763978084e-05,GARCH-t,0.018293381531091456,0.02672961165347422,False,False
2025-08-14,Equal Weighted Portfolio,0.007228164716160612,GARCH-t,0.017228270732137136,0.025226863126690553,False,False
2025-08-15,Equal Weighted Portfolio,-0.0025189228968008908,GARCH-t,0.016437634006378477,0.024111365869483762,False,False
2025-08-18,Equal Weighted Portfolio,-0.0002628445451761108,GARCH-t,0.015711531624043706,0.02308691912984041,False,False
2025-08-19,Equal Weighted Portfolio,-0.014889254230209792,GARCH-t,0.014909143378933572,0.02195484183381489,False,False
2025-08-20,Equal Weighted Portfolio,-0.011764897161280931,GARCH-t,0.01683840582022275,0.024676808688599082,False,False
2025-08-21,Equal Weighted Portfolio,-0.0029512594374335737,GARCH-t,0.017560109786562073,0.02569504977042371,False,False
2025-08-22,Equal Weighted Portfolio,0.019459541549309824,GARCH-t,0.016751893217658333,0.02455474938154902,False,False
2025-08-25,Equal Weighted Portfolio,0.001921213089794582,GARCH-t,0.01831721081729265,0.026838401658677638,False,False
2025-08-26,Equal Weighted Portfolio,0.002711080796297649,GARCH-t,0.01721765208615268,0.025283001750531178,False,False
2025-08-27,Equal Weighted Portfolio,0.0033231045020094335,GARCH-t,0.016223173566556587,0.02387624488140995,False,False
2025-08-28,Equal Weighted Portfolio,0.0075266185807248975,GARCH-t,0.015333882119033037,0.022618282212731475,False,False
2025-08-29,Equal Weighted Portfolio,-0.009320976148604965,GARCH-t,0.01479064768391396,0.021849840503746817,False,False
2025-09-02,Equal Weighted Portfolio,-0.011247575685545576,GARCH-t,0.015315530454519135,0.02259232254683017,False,False
2025-09-03,Equal Weighted Portfolio,0.026127725304223783,GARCH-t,0.016183740808819715,0.023820464588802652,False,False
2025-09-04,Equal Weighted Portfolio,0.013280321503780713,GARCH-t,0.01995186132320091,0.029150724934129492,False,False
2025-09-05,Equal Weighted Portfolio,-0.01127291066570797,GARCH-t,0.019625752555477,0.028689422110552577,False,False
2025-09-08,Equal Weighted Portfolio,0.0036679513002833013,GARCH-t,0.019792822082295408,0.02892575321257385,False,False
2025-09-09,Equal Weighted Portfolio,0.006999798861976703,GARCH-t,0.018572398276675953,0.027199381513272045,False,False
2025-09-10,Equal Weighted Portfolio,-0.004927450243185527,GARCH-t,0.01763432183731433,0.02587240918674183,False,False
2025-09-11,Equal Weighted Portfolio,0.003632444344478558,GARCH-t,0.017035377353947622,0.025025161861037305,False,False
2025-09-12,Equal Weighted Portfolio,0.00672803056983835,GARCH-t,0.016073658749521838,0.0236647460991291,False,False
2025-09-15,Equal Weighted Portfolio,0.01578586520001717,GARCH-t,0.015374967388005843,0.02267640009382021,False,False
2025-09-16,Equal Weighted Portfolio,-0.0024626202848300866,GARCH-t,0.016247519062375034,0.0239106832255269,False,False
2025-09-17,Equal Weighted Portfolio,-0.007484241581089757,GARCH-t,0.015547649004280073,0.022920669874492185,False,False
2025-09-18,Equal Weighted Portfolio,0.007091973292105914,GARCH-t,0.015596045588755896,0.022989130103961017,False,False
2025-09-19,Equal Weighted Portfolio,0.013146258987176519,GARCH-t,0.014981408282488222,0.022119684222956567,False,False
2025-09-22,Equal Weighted Portfolio,0.009956142930835023,GARCH-t,0.015340351067758875,0.02262743297655065,False,False
2025-09-23,Equal Weighted Portfolio,-0.015467550546718578,GARCH-t,0.015046188029763659,0.022205593493455567,True,False
2025-09-24,Equal Weighted Portfolio,-0.006969249763928565,GARCH-t,0.017084209271565686,0.02508687811261516,False,False
2025-09-25,Equal Weighted Portfolio,0.00031733370988662425,GARCH-t,0.016834002601685848,0.02473314449357865,False,False
2025-09-26,Equal Weighted Portfolio,0.003201532684380815,GARCH-t,0.015909182948528028,0.023425666147678763,False,False
2025-09-29,Equal Weighted Portfolio,0.004422605790280799,GARCH-t,0.015048964870051315,0.022209519295133474,False,False
2025-09-30,Equal Weighted Portfolio,0.0036578465876866196,GARCH-t,0.014311499759166867,0.02116691638326226,False,False
2025-10-01,Equal Weighted Portfolio,0.004630799512458106,GARCH-t,0.013623295074392644,0.02019395617440779,False,False
2025-10-02,Equal Weighted Portfolio,0.003888475448957474,GARCH-t,0.01304623384562549,0.01937812677643253,False,False
2025-10-03,Equal Weighted Portfolio,-0.002619687103827451,GARCH-t,0.012500308207657995,0.018606315810178905,False,False
2025-10-06,Equal Weighted Portfolio,0.0064621333674807395,GARCH-t,0.012251114277896323,0.018254013968430002,False,False
2025-10-07,Equal Weighted Portfolio,-0.005125586045968356,GARCH-t,0.011964798369620689,0.017849230345072936,False,False
2025-10-08,Equal Weighted Portfolio,0.007713822298626383,GARCH-t,0.012132250596733597,0.01808596856768235,False,False
2025-10-09,Equal Weighted Portfolio,-0.000800175717279927,GARCH-t,0.011997971919356637,0.017896129973328335,False,False
2025-10-10,Equal Weighted Portfolio,-0.03493978693577737,GARCH-t,0.011647010762547549,0.01739995311202027,True,True
2025-10-13,Equal Weighted Portfolio,0.018234173852664126,GARCH-t,0.022789983319373642,0.03315350600988515,False,False
2025-10-14,Equal Weighted Portfolio,-0.01097934348835663,GARCH-t,0.022977028309033337,0.033417943809032326,False,False
2025-10-15,Equal Weighted Portfolio,0.004717054771633689,GARCH-t,0.022623657117225183,0.03291835972279844,False,False
2025-10-16,Equal Weighted Portfolio,-0.0009083719080024365,GARCH-t,0.02118171795716915,0.03087979553199549,False,False
2025-10-17,Equal Weighted Portfolio,0.006416201577952662,GARCH-t,0.019897394155834698,0.029064062536232633,False,False
2025-10-20,Equal Weighted Portfolio,0.014279477088050085,GARCH-t,0.018787610482040085,0.027495088393906474,False,False
2025-10-21,Equal Weighted Portfolio,-0.0001721086898745618,GARCH-t,0.01878194747312687,0.02757866614725595,False,False
2025-10-22,Equal Weighted Portfolio,-0.005875135030612367,GARCH-t,0.017695678781440263,0.02603784841327793,False,False
2025-10-23,Equal Weighted Portfolio,0.006799543724280755,GARCH-t,0.017211789647620247,0.025351475912279584,False,False
2025-10-24,Equal Weighted Portfolio,0.01633632730582897,GARCH-t,0.01640346777922035,0.02420491182631757,False,False
2025-10-27,Equal Weighted Portfolio,0.022889396483140034,GARCH-t,0.017201578680534565,0.0253369921668793,False,False
2025-10-28,Equal Weighted Portfolio,0.014972696896302807,GARCH-t,0.01959779702667403,0.028735907877579313,False,False
2025-10-29,Equal Weighted Portfolio,0.012245616562389828,GARCH-t,0.019610745304766582,0.0287542743615461,False,False
2025-10-30,Equal Weighted Portfolio,-0.010149284214934507,GARCH-t,0.019163745240624114,0.028120227158316267,False,False
2025-10-31,Equal Weighted Portfolio,0.014934781193628167,GARCH-t,0.01917410779630911,0.028134925924552447,False,False
2025-11-03,Equal Weighted Portfolio,0.012699689632890166,GARCH-t,0.019240030462083394,0.028228433924252228,False,False
2025-11-04,Equal Weighted Portfolio,-0.016176894747611616,GARCH-t,0.01890900179707076,0.02775888634232331,False,False
2025-11-05,Equal Weighted Portfolio,-0.0006991885608777836,GARCH-t,0.020312180985398963,0.029749225743496744,False,False
2025-11-06,Equal Weighted Portfolio,-0.01685511011861525,GARCH-t,0.019106186632350437,0.028038583155271794,False,False
2025-11-07,Equal Weighted Portfolio,-0.003827791728066488,GARCH-t,0.020649681489584813,0.03022795330515431,False,False
2025-11-10,Equal Weighted Portfolio,0.02724360316969174,GARCH-t,0.019619856950239406,0.02876719877429747,False,False
2025-11-11,Equal Weighted Portfolio,0.0008165643204721686,GARCH-t,0.022786000861428762,0.033258215337715585,False,False
2025-11-12,Equal Weighted Portfolio,-0.006552320537785783,GARCH-t,0.02131287294617154,0.031168657170737458,False,False
2025-11-13,Equal Weighted Portfolio,-0.021817962982093313,GARCH-t,0.02050370116179807,0.030020887521534517,True,False
2025-11-14,Equal Weighted Portfolio,0.0019187681600040694,GARCH-t,0.023164143343039664,0.03379459150881913,False,False
2025-11-17,Equal Weighted Portfolio,-0.00377001437713087,GARCH-t,0.021645522346109315,0.03164050368398406,False,False
2025-11-18,Equal Weighted Portfolio,-0.020341794212012477,GARCH-t,0.020522327890918526,0.029976744081492694,False,False
2025-11-19,Equal Weighted Portfolio,0.009588017495888602,GARCH-t,0.0227340485127024,0.03310725557659142,False,False
2025-11-20,Equal Weighted Portfolio,-0.01826468712474396,GARCH-t,0.02162172779586956,0.03153285564742084,False,False
2025-11-21,Equal Weighted Portfolio,0.009288933491745045,GARCH-t,0.02304423379688501,0.033546297735976324,False,False
2025-11-24,Equal Weighted Portfolio,0.025790464048678352,GARCH-t,0.021872602983664936,0.03188794916668957,False,False
2025-11-25,Equal Weighted Portfolio,0.003083590698434179,GARCH-t,0.024074870386148275,0.03500508039513321,False,False
2025-11-26,Equal Weighted Portfolio,0.004210869115994998,GARCH-t,0.022489422005665127,0.032761006559087404,False,False
2025-11-28,Equal Weighted Portfolio,0.0034450245825347506,GARCH-t,0.02106141639070731,0.030739780212205782,False,False
2025-12-01,Equal Weighted Portfolio,0.001647590239943542,GARCH-t,0.01974161052814317,0.0288717018557616,False,False
2025-12-02,Equal Weighted Portfolio,0.006267366724024282,GARCH-t,0.01853104835056601,0.027158249091831378,False,False
2025-12-03,Equal Weighted Portfolio,-0.0073240972748580095,GARCH-t,0.017558720655198447,0.02578199795171407,False,False
2025-12-04,Equal Weighted Portfolio,-0.0010996295745168364,GARCH-t,0.017304732978775664,0.025422498956757994,False,False
2025-12-05,Equal Weighted Portfolio,0.001229867081259961,GARCH-t,0.016410440958089717,0.02415670099694406,False,False
2025-12-08,Equal Weighted Portfolio,-0.0008590748227590643,GARCH-t,0.015515015387811481,0.022889298589446286,False,False
2025-12-09,Equal Weighted Portfolio,0.002277954567376339,GARCH-t,0.014787436182391658,0.0218594691237679,False,False
2025-12-10,Equal Weighted Portfolio,-0.0001707572960947478,GARCH-t,0.01404243379005935,0.020804978547471126,False,False
2025-12-11,Equal Weighted Portfolio,-0.007430193870233647,GARCH-t,0.013432262105392147,0.019941329922947382,False,False
2025-12-12,Equal Weighted Portfolio,-0.013976250425245819,GARCH-t,0.013783860697718078,0.020438989267484806,True,False
2025-12-15,Equal Weighted Portfolio,-0.007096603849156846,GARCH-t,0.015656866635128656,0.0230900775467643,False,False
2025-12-16,Equal Weighted Portfolio,0.0016383789656168712,GARCH-t,0.01561975637172447,0.023037550973096396,False,False
2025-12-17,Equal Weighted Portfolio,-0.017204716421262842,GARCH-t,0.01477218477874816,0.021822891341171644,True,False
2025-12-18,Equal Weighted Portfolio,0.01608351360642777,GARCH-t,0.01739351547370378,0.025533187422149627,False,False
2025-12-19,Equal Weighted Portfolio,0.013476795713779756,GARCH-t,0.01798213946231107,0.02636634032510155,False,False
2025-12-22,Equal Weighted Portfolio,0.00331157192816054,GARCH-t,0.01795953606532298,0.026334346919834873,False,False
2025-12-23,Equal Weighted Portfolio,0.013874856310930151,GARCH-t,0.01691193546008414,0.02485154720001027,False,False
2025-12-24,Equal Weighted Portfolio,0.0011116090016499937,GARCH-t,0.01711890244774215,0.025144493376041036,False,False
2025-12-26,Equal Weighted Portfolio,0.0012800743812472427,GARCH-t,0.016150721308516514,0.023774105926087304,False,False
2025-12-29,Equal Weighted Portfolio,-0.0031605827326988806,GARCH-t,0.015273386282055173,0.02253230430348076,False,False
2025-12-30,Equal Weighted Portfolio,-0.0005651477767329992,GARCH-t,0.014748915736715393,0.0217899557655007,False,False
2025-12-31,Equal Weighted Portfolio,-0.005533907064641009,GARCH-t,0.014078893163888308,0.02084158929998338,False,False
2026-01-02,Equal Weighted Portfolio,-0.005296313461091828,GARCH-t,0.014004984350339289,0.020736976943446922,False,False
2026-01-05,Equal Weighted Portfolio,0.0034824852167300913,GARCH-t,0.013905277495948448,0.02059584940398581,False,False
2026-01-06,Equal Weighted Portfolio,0.002799289087320145,GARCH-t,0.013263844872370993,0.019687949857373606,False,False
2026-01-07,Equal Weighted Portfolio,0.008056337032287498,GARCH-t,0.012677106216978571,0.018857465501527136,False,False
2026-01-08,Equal Weighted Portfolio,-0.0013758496731434361,GARCH-t,0.01252805947451367,0.018646501068266486,False,False
2026-01-09,Equal Weighted Portfolio,0.0033550003561036326,GARCH-t,0.012160825912133823,0.01812670963183172,False,False
2026-01-12,Equal Weighted Portfolio,0.001334530545642032,GARCH-t,0.011706422690686025,0.0174835361112355,False,False
2026-01-13,Equal Weighted Portfolio,-0.0020891977340633306,GARCH-t,0.011297043984716298,0.016904091399693285,False,False
2026-01-14,Equal Weighted Portfolio,-0.013482960604581118,GARCH-t,0.011148856224445634,0.01669434279100412,True,False
2026-01-15,Equal Weighted Portfolio,0.0011591821866386409,GARCH-t,0.01353862027504082,0.020076873735477535,False,False
2026-01-16,Equal Weighted Portfolio,-0.002454693518403306,GARCH-t,0.012855504000486219,0.019111097272737125,False,False
2026-01-20,Equal Weighted Portfolio,-0.029740980304449383,GARCH-t,0.012533578683687298,0.01865520135206457,True,True
2026-01-21,Equal Weighted Portfolio,0.006215930488319566,GARCH-t,0.020805987019663245,0.030370207962944804,False,False
2026-01-22,Equal Weighted Portfolio,0.00950758926692248,GARCH-t,0.019604514040880722,0.02866873684140706,False,False
2026-01-23,Equal Weighted Portfolio,0.012034863299166788,GARCH-t,0.018804809722836137,0.027536232135141666,False,False
2026-01-26,Equal Weighted Portfolio,0.009045710769277737,GARCH-t,0.018433574196460835,0.02701050534929543,False,False
2026-01-27,Equal Weighted Portfolio,0.014915183235783802,GARCH-t,0.017709756727477936,0.025985468130408567,False,False
2026-01-28,Equal Weighted Portfolio,0.0016017175124536818,GARCH-t,0.018003001607680133,0.026400748127557088,False,False
2026-01-29,Equal Weighted Portfolio,-0.01715541800588134,GARCH-t,0.016937282329475053,0.024891525192415064,True,False
2026-01-30,Equal Weighted Portfolio,-0.004072701657222821,GARCH-t,0.019017422881539302,0.027837325173421173,False,False
2026-02-02,Equal Weighted Portfolio,0.005945920610558431,GARCH-t,0.018166124890091305,0.02663175586487159,False,False
2026-02-03,Equal Weighted Portfolio,-0.017823670447669703,GARCH-t,0.01720054388921629,0.02526434418145683,True,False
2026-02-04,Equal Weighted Portfolio,-0.009207818784705935,GARCH-t,0.019418018135358137,0.02840462986344301,False,False
2026-02-05,Equal Weighted Portfolio,-0.023027814699185023,GARCH-t,0.019215263448504803,0.028117497942434722,True,False
2026-02-06,Equal Weighted Portfolio,0.005063070648728551,GARCH-t,0.0225699726817171,0.032868283837970004,False,False
2026-02-09,Equal Weighted Portfolio,0.008157737922728005,GARCH-t,0.021151316328979538,0.030859247548185954,False,False
2026-02-10,Equal Weighted Portfolio,-0.007666591080027474,GARCH-t,0.020058545432170897,0.029311715347119814,False,False
2026-02-11,Equal Weighted Portfolio,-0.008740563108209788,GARCH-t,0.019531314997822524,0.02856507570204966,False,False
2026-02-12,Equal Weighted Portfolio,-0.020170043443181764,GARCH-t,0.01923561543089704,0.028146319489750358,True,False
2026-02-13,Equal Weighted Portfolio,-0.012201341330676985,GARCH-t,0.021688292288943024,0.031619688361231704,False,False
2026-02-17,Equal Weighted Portfolio,0.0067570309551328485,GARCH-t,0.021743294191489456,0.03167257742118446,False,False
2026-02-18,Equal Weighted Portfolio,0.009350532460749107,GARCH-t,0.020505810001138124,0.029920644536138578,False,False
2026-02-19,Equal Weighted Portfolio,-0.0032345069695205904,GARCH-t,0.019611343191755507,0.02865432870749387,False,False
2026-02-20,Equal Weighted Portfolio,0.01709316332951312,GARCH-t,0.018635840151186606,0.027273288149917366,False,False
2026-02-23,Equal Weighted Portfolio,-0.010038099596905204,GARCH-t,0.019261479870918922,0.028159019707327208,False,False
2026-02-24,Equal Weighted Portfolio,0.010903503763803113,GARCH-t,0.0192311543294233,0.028116087188417276,False,False
2026-02-25,Equal Weighted Portfolio,0.013662331898619852,GARCH-t,0.018663974982537836,0.02731311923353344,False,False
2026-02-26,Equal Weighted Portfolio,-0.017626043344862598,GARCH-t,0.01859840432630655,0.027220289450461208,False,False
2026-02-27,Equal Weighted Portfolio,-0.01443848807764008,GARCH-t,0.020442534617606745,0.029831064219810622,False,False
2026-03-02,Equal Weighted Portfolio,0.004549174003350487,GARCH-t,0.021134590478513383,0.030810822531443568,False,False
2026-03-03,Equal Weighted Portfolio,-0.0021979183376841464,GARCH-t,0.019842252577901585,0.028981232073378663,False,False
2026-03-04,Equal Weighted Portfolio,0.010696587029334494,GARCH-t,0.018767060350892262,0.027459059398422258,False,False
2026-03-05,Equal Weighted Portfolio,0.0016151517340700528,GARCH-t,0.01822663765271884,0.026693971404460535,False,False
2026-03-06,Equal Weighted Portfolio,-0.016002771661473483,GARCH-t,0.017157394617169412,0.025180221127332963,False,False
2026-03-09,Equal Weighted Portfolio,0.013108929323264018,GARCH-t,0.018854598764797222,0.027582989406757404,False,False
2026-03-10,Equal Weighted Portfolio,0.0026576621985296535,GARCH-t,0.01866775865879346,0.027318475865085,False,False
2026-03-11,Equal Weighted Portfolio,0.00032884068840368643,GARCH-t,0.0175576241838265,0.025746834700953767,False,False
2026-03-12,Equal Weighted Portfolio,-0.014784283437668556,GARCH-t,0.01657661679610015,0.024358001521159512,False,False
2026-03-13,Equal Weighted Portfolio,-0.013636535683658236,GARCH-t,0.0180634423305073,0.026462932289862327,False,False
2026-03-16,Equal Weighted Portfolio,0.013562626116699717,GARCH-t,0.018977542552409372,0.02775704356131487,False,False
2026-03-17,Equal Weighted Portfolio,0.0059837596692984725,GARCH-t,0.018845066196773678,0.027504758391893386,False,False
2026-03-18,Equal Weighted Portfolio,-0.015836331148459993,GARCH-t,0.01784432980372846,0.026090783373135137,False,False
2026-03-19,Equal Weighted Portfolio,-0.0056680986437774635,GARCH-t,0.019339406546255565,0.02820322894796522,False,False
2026-03-20,Equal Weighted Portfolio,-0.01880645737431861,GARCH-t,0.018642891365421292,0.027219098588831724,True,False
2026-03-23,Equal Weighted Portfolio,0.011618500610512773,GARCH-t,0.020792018041469393,0.030255673907964412,False,False
2026-03-24,Equal Weighted Portfolio,-0.015067617188263573,GARCH-t,0.02014693585958621,0.02934421500972919,False,False
2026-03-25,Equal Weighted Portfolio,0.008422857467356826,GARCH-t,0.021023718877655796,0.030583052023190175,False,False
2026-03-26,Equal Weighted Portfolio,-0.020898270588610712,GARCH-t,0.019994833218330118,0.029129303933727625,True,False
2026-03-27,Equal Weighted Portfolio,-0.02548175589557924,GARCH-t,0.02245363722632595,0.03260343305253513,True,False
2026-03-30,Equal Weighted Portfolio,-0.0021599706678721914,GARCH-t,0.02573501766458893,0.03723980882440757,False,False
2026-03-31,Equal Weighted Portfolio,0.040559941877075324,GARCH-t,0.02412972373084126,0.03497163357280482,False,False
2026-04-01,Equal Weighted Portfolio,0.010380161112835419,GARCH-t,0.03066636017329874,0.04420747300122268,False,False
2026-04-02,Equal Weighted Portfolio,0.0032495263111785412,GARCH-t,0.028896497021408268,0.04170677221649486,False,False
2026-04-06,Equal Weighted Portfolio,0.0073216319492500626,GARCH-t,0.026927608288105427,0.038924861312732,False,False
2026-04-07,Equal Weighted Portfolio,0.0011942167598792074,GARCH-t,0.025268892426752027,0.0365812043742301,False,False
2026-04-08,Equal Weighted Portfolio,0.023937284645194134,GARCH-t,0.023597098207300212,0.03421906857179755,False,False
2026-04-09,Equal Weighted Portfolio,0.014810004330283457,GARCH-t,0.024989513455990556,0.03618646017568943,False,False
2026-04-10,Equal Weighted Portfolio,0.007583775994715137,GARCH-t,0.024314720190801352,0.03523302146152374,False,False
2026-04-13,Equal Weighted Portfolio,0.010496060132096651,GARCH-t,0.022906352596922988,0.03324309023806448,False,False
2026-04-14,Equal Weighted Portfolio,0.026604390569338103,GARCH-t,0.02189422586751576,0.03181302141959727,False,False
2026-04-15,Equal Weighted Portfolio,0.019424038038813495,GARCH-t,0.024373988422505367,0.035273480023999285,False,False
2026-04-16,Equal Weighted Portfolio,0.0015484372007668725,GARCH-t,0.02460409593654453,0.035598203184051096,False,False
2026-04-17,Equal Weighted Portfolio,0.014421321652936215,GARCH-t,0.0229860783291095,0.03331488882684865,False,False
2026-04-20,Equal Weighted Portfolio,-0.003945889955653037,GARCH-t,0.022492951696580308,0.03261899830328523,False,False
2026-04-21,Equal Weighted Portfolio,-0.0059104450615780745,GARCH-t,0.02130360679511911,0.030940618366816622,False,False
2026-04-22,Equal Weighted Portfolio,0.020767223280223047,GARCH-t,0.020425340530218848,0.029701226432588955,False,False
2026-04-23,Equal Weighted Portfolio,-0.010774004889922618,GARCH-t,0.021604649684185823,0.03136544412123434,False,False
2026-04-24,Equal Weighted Portfolio,0.0208711805663111,GARCH-t,0.021389841441850462,0.03106231098997795,False,False
2026-04-27,Equal Weighted Portfolio,0.007005489184044578,GARCH-t,0.022421771668546298,0.03251855045944886,False,False
2026-04-28,Equal Weighted Portfolio,-0.0004467588496201325,GARCH-t,0.021149587514522374,0.030723269412728293,False,False
2026-04-29,Equal Weighted Portfolio,-0.0038457273222577857,GARCH-t,0.019874472768807428,0.02892385277313626,False,False
2026-04-30,Equal Weighted Portfolio,0.005239776809577214,GARCH-t,0.01893485438392143,0.02759788194399141,False,False
2026-05-01,Equal Weighted Portfolio,0.011707595691451501,GARCH-t,0.017886514738673667,0.02611848582851073,False,False
2026-05-06,Equal Weighted Portfolio,0.027634445270275476,GARCH-t,0.01760697892200806,0.02572401042811214,False,False
2026-05-07,Equal Weighted Portfolio,0.004075907955499836,GARCH-t,0.021463307336402896,0.031165984603309153,False,False
2026-05-08,Equal Weighted Portfolio,0.006903637889625868,GARCH-t,0.02013954690065497,0.02929792013074056,False,False
2026-05-11,Equal Weighted Portfolio,-0.005565722873392299,GARCH-t,0.019076389181374755,0.02779761304307458,False,False
2026-05-12,Equal Weighted Portfolio,-0.0035824291421401536,GARCH-t,0.01840055548427167,0.026843889933643807,False,False
2026-05-13,Equal Weighted Portfolio,0.017253878354592245,GARCH-t,0.01758866851623679,0.025698171146641028,False,False
2026-05-14,Equal Weighted Portfolio,0.007325953879295844,GARCH-t,0.01842913535095288,0.026884221274675126,False,False
2026-05-15,Equal Weighted Portfolio,-0.005628233585995757,GARCH-t,0.017500083057103544,0.025576769201358582,False,False
2026-05-18,Equal Weighted Portfolio,-0.00018781109892414011,GARCH-t,0.01701416018647702,0.024891329290201943,False,False
2026-05-19,Equal Weighted Portfolio,-0.010606258616692222,GARCH-t,0.016118437673532868,0.023627828440979045,False,False
2026-05-20,Equal Weighted Portfolio,-0.003634716922868808,GARCH-t,0.0166703782939924,0.024406392597392867,False,False
2026-05-21,Equal Weighted Portfolio,0.0008665416026868212,GARCH-t,0.016051584024727603,0.02353352508160332,False,False
2026-05-22,Equal Weighted Portfolio,0.003550335738516753,GARCH-t,0.015215520074977298,0.02235417824678728,False,False
2026-05-26,Equal Weighted Portfolio,0.0048114002564965345,GARCH-t,0.01446394210104744,0.021294006826961857,False,False
2026-05-27,Equal Weighted Portfolio,-0.0026518202482955777,GARCH-t,0.01383817983664444,0.02041131029867427,False,False
2026-05-28,Equal Weighted Portfolio,0.005280615110533837,GARCH-t,0.013443297218272053,0.019854291225862398,False,False
2026-05-29,Equal Weighted Portfolio,0.007554359148382007,GARCH-t,0.012955109267543407,0.019165656206185846,False,False
2026-06-01,Equal Weighted Portfolio,0.003268690665611906,GARCH-t,0.012726236225655137,0.01884280925457854,False,False
2026-06-02,Equal Weighted Portfolio,-0.0046674685486801214,GARCH-t,0.012227250151831863,0.018138942466689272,False,False
2026-06-03,Equal Weighted Portfolio,-0.029888785243021965,GARCH-t,0.012285599453370162,0.018221249644391972,True,True
2026-06-04,Equal Weighted Portfolio,0.0049820567261827705,GARCH-t,0.020583203303577866,0.029925800283398026,False,False
2026-06-05,Equal Weighted Portfolio,-0.0210522767969608,GARCH-t,0.019372323510489165,0.028217740449280847,True,False
2026-06-08,Equal Weighted Portfolio,0.003617310767732685,GARCH-t,0.022003178704656227,0.031928809138496425,False,False
2026-06-09,Equal Weighted Portfolio,-0.005565298093365945,GARCH-t,0.02062525378782488,0.029985116446370978,False,False
2026-06-10,Equal Weighted Portfolio,-0.020842751698376592,GARCH-t,0.019784279269521518,0.02879884279276084,True,False
2026-06-11,Equal Weighted Portfolio,-0.02895154663746782,GARCH-t,0.022258182924016507,0.032288516573623964,True,False
2026-06-12,Equal Weighted Portfolio,0.01943142842703987,GARCH-t,0.026692337580385247,0.03854330875864172,False,False
2026-06-15,Equal Weighted Portfolio,0.02913717014068822,GARCH-t,0.026722042670493874,0.03863134945246012,False,False
2026-06-16,Equal Weighted Portfolio,-0.0045568508447308975,GARCH-t,0.02890955714667603,0.041721637371266114,False,False
2026-06-17,Equal Weighted Portfolio,-0.010648057234653476,GARCH-t,0.02715904449592519,0.03924869917806446,False,False
2026-06-18,Equal Weighted Portfolio,0.0007915726720024055,GARCH-t,0.02624204688784618,0.037953262434365136,False,False
2026-06-22,Equal Weighted Portfolio,-0.025620402906609118,GARCH-t,0.024479347007501505,0.0354631074186978,True,False
2026-06-23,Equal Weighted Portfolio,-0.0020803515252316718,GARCH-t,0.027362415426895003,0.03953600001097561,False,False
2026-06-24,Equal Weighted Portfolio,-0.001266650166988326,GARCH-t,0.025597551267550325,0.037042787532000285,False,False
2026-06-25,Equal Weighted Portfolio,-0.04326339986850551,GARCH-t,0.02394916453244237,0.03471412197641748,True,True
2026-06-26,Equal Weighted Portfolio,0.015030011801680357,GARCH-t,0.03332700879327902,0.047962143481759194,False,False
2026-06-29,Equal Weighted Portfolio,0.015054512950921662,GARCH-t,0.03176418953200374,0.04575435855737081,False,False
2026-06-30,Equal Weighted Portfolio,0.012744077465142657,GARCH-t,0.03036532056501541,0.04377818518080814,False,False
2026-07-01,Equal Weighted Portfolio,0.01239876414369443,GARCH-t,0.02883561559684384,0.04161718060966195,False,False
2026-07-02,Equal Weighted Portfolio,0.009976731220394709,GARCH-t,0.02742012586285728,0.039617527180274406,False,False
2026-07-06,Equal Weighted Portfolio,0.001559946131339918,GARCH-t,0.02589990581471209,0.03746992189589295,False,False
2026-07-07,Equal Weighted Portfolio,0.00799670662227836,GARCH-t,0.024157186063930212,0.035007992683380916,False,False
2026-07-08,Equal Weighted Portfolio,0.001611238893157286,GARCH-t,0.02278131987155664,0.033064315181595284,False,False
2026-07-09,Equal Weighted Portfolio,0.002455749085803749,GARCH-t,0.021305477671552057,0.030979402203694408,False,False
2026-07-10,Equal Weighted Portfolio,0.005828105620249491,GARCH-t,0.01995834549394969,0.029076317063547095,False,False
2026-07-13,Equal Weighted Portfolio,-0.0035730422304603767,GARCH-t,0.018835344249253275,0.027489860280254748,False,False
2026-07-14,Equal Weighted Portfolio,0.007426509332301178,GARCH-t,0.017971414402011422,0.02626939202795456,False,False
2026-07-15,Equal Weighted Portfolio,0.027495065670155097,GARCH-t,0.017049276825547407,0.02501228687042699,False,False
2026-07-16,Equal Weighted Portfolio,-0.011354165330649991,GARCH-t,0.02106960639717944,0.030700591630720916,False,False
2026-07-17,Equal Weighted Portfolio,-0.014244098214973635,GARCH-t,0.021027513520819933,0.0306410350434551,False,False
2026-07-20,Equal Weighted Portfolio,0.005746554898107225,GARCH-t,0.021583834645394054,0.03142816556218081,False,False
2026-07-21,Equal Weighted Portfolio,-0.00250808225075101,GARCH-t,0.020288180281355248,0.029594963394213848,False,False
2026-07-22,Equal Weighted Portfolio,-0.004906641759326114,GARCH-t,0.019180789290902122,0.02802813228490656,False,False
2026-07-23,Equal Weighted Portfolio,-0.03312425381505675,GARCH-t,0.018404825600408226,0.026930232753087865,True,True
2026-07-24,Equal Weighted Portfolio,0.004431306024157422,GARCH-t,0.025753643801260405,0.037327966772060996,False,False
2026-07-27,Equal Weighted Portfolio,0.0002931362545896209,GARCH-t,0.02403132103656662,0.03489107780397742,False,False
2026-07-28,Equal Weighted Portfolio,0.00781003508890068,GARCH-t,0.022448177769474182,0.032651111845471814,False,False
2026-07-29,Equal Weighted Portfolio,-0.011393539433957801,GARCH-t,0.021204097636231555,0.03089088129272179,False,False
2026-07-30,Equal Weighted Portfolio,0.04006334522090205,GARCH-t,0.02115034327385127,0.030814825041619417,False,False
2026-07-31,Equal Weighted Portfolio,0.0415949181170369,GARCH-t,0.028577005336985456,0.04132269918828329,False,False
2026-08-03,Equal Weighted Portfolio,0.030214525967751607,GARCH-t,0.034264343964337945,0.04936963036916153,False,False
2026-08-04,Equal Weighted Portfolio,0.008073405516463496,GARCH-t,0.03534809619346367,0.05090301534521276,False,False
2026-08-05,Equal Weighted Portfolio,-0.005802712298878854,GARCH-t,0.0329599156390578,0.04752401405339735,False,False
2026-08-06,Equal Weighted Portfolio,0.0035491474060749266,GARCH-t,0.03091267112150916,0.0446273981100606,False,False
2026-08-07,Equal Weighted Portfolio,0.005044208291119357,GARCH-t,0.028735178187268975,0.041546495611234684,False,False
2026-08-10,Equal Weighted Portfolio,-0.0025609723570299003,GARCH-t,0.026775089798309174,0.03877319558324949,False,False
2026-08-11,Equal Weighted Portfolio,-0.014511110913600377,GARCH-t,0.025064534714945935,0.036352956533173254,False,False
2026-08-12,Equal Weighted Portfolio,-0.004235412691902885,GARCH-t,0.025143035509120015,0.03650222073240037,False,False
2026-08-13,Equal Weighted Portfolio,0.00418737840833976,GARCH-t,0.02372682068814095,0.034496362069314855,False,False
2026-08-14,Equal Weighted Portfolio,-0.0023844248238705347,GARCH-t,0.022209191690268488,0.032346865236180605,False,False
2026-08-17,Equal Weighted Portfolio,-0.008668518512147762,GARCH-t,0.020935960984175363,0.030543522407048367,False,False
2026-08-18,Equal Weighted Portfolio,-0.00276859500911455,GARCH-t,0.020464961719805608,0.02987642166728217,False,False
2026-08-19,Equal Weighted Portfolio,0.0086873107595997,GARCH-t,0.01938288874830282,0.028343825473663004,False,False
2026-08-20,Equal Weighted Portfolio,-0.01180791946779607,GARCH-t,0.018550811599027665,0.02716531135736867,False,False
2026-08-21,Equal Weighted Portfolio,-0.0013871676025648985,GARCH-t,0.018972986952013656,0.027763260253668678,False,False
2026-08-24,Equal Weighted Portfolio,0.0008344902626701068,GARCH-t,0.01794690837902873,0.026309971837151908,False,False
2026-08-25,Equal Weighted Portfolio,0.004410094938252374,GARCH-t,0.01693233804579494,0.024872983138770923,False,False
2026-08-26,Equal Weighted Portfolio,-0.0020632618996859974,GARCH-t,0.016044810131534085,0.023615931221802822,False,False
2026-08-27,Equal Weighted Portfolio,0.017789520131851977,GARCH-t,0.015358747705149667,0.02264422534710417,False,False
2026-08-28,Equal Weighted Portfolio,0.008458344818938257,GARCH-t,0.016750567920558793,0.024615532662336133,False,False
2026-08-31,Equal Weighted Portfolio,-0.012778296112364852,GARCH-t,0.016182785592145553,0.02381135303836692,False,False
2026-09-01,Equal Weighted Portfolio,-0.00217124266211941,GARCH-t,0.0172293423635862,0.025293645791774053,False,False
2026-09-02,Equal Weighted Portfolio,0.004574606505160994,GARCH-t,0.016427152556272317,0.02415746267138624,False,False
2026-09-03,Equal Weighted Portfolio,0.013756487543433282,GARCH-t,0.01559652755569347,0.022981005308770393,False,False
2026-09-04,Equal Weighted Portfolio,-0.006987973738811681,GARCH-t,0.01600838936512675,0.02356434659725846,False,False
2026-09-08,Equal Weighted Portfolio,-0.009058918677788675,GARCH-t,0.01590935436094348,0.02342407817318393,False,False
2026-09-09,Equal Weighted Portfolio,-0.01520584360844357,GARCH-t,0.016189677390837588,0.02382111425107694,False,False
2026-09-10,Equal Weighted Portfolio,0.0033176817371995296,GARCH-t,0.017879796143519453,0.02617498606310593,False,False
2026-09-11,Equal Weighted Portfolio,0.015392657017756762,GARCH-t,0.016862033815419713,0.024734872949994987,False,False
2026-09-14,Equal Weighted Portfolio,0.004333376486434793,GARCH-t,0.01742592981680459,0.025532774388871596,False,False
2026-09-15,Equal Weighted Portfolio,-0.01309466398589343,GARCH-t,0.016482111662739315,0.024197290786723204,False,False
2026-09-16,Equal Weighted Portfolio,0.003741889062229253,GARCH-t,0.017558299680432862,0.025720075069127376,False,False
2026-09-17,Equal Weighted Portfolio,0.008493257546674205,GARCH-t,0.016581973203914826,0.024338592848090358,False,False
2026-09-18,Equal Weighted Portfolio,0.005057316970190607,GARCH-t,0.016039521081810473,0.023571034064758398,False,False
2026-09-21,Equal Weighted Portfolio,0.013922341323034581,GARCH-t,0.015269916379918431,0.022482058974497482,False,False
2026-09-22,Equal Weighted Portfolio,0.0020821981137734147,GARCH-t,0.015786380049668588,0.02321284462328572,False,False
2026-09-23,Equal Weighted Portfolio,-0.01742816425847815,GARCH-t,0.014962538016437566,0.02204712480596535,True,False
2026-09-24,Equal Weighted Portfolio,-0.009030893226899206,GARCH-t,0.017595625827645133,0.025772890812624842,False,False
2026-09-25,Equal Weighted Portfolio,0.020338695668547804,GARCH-t,0.01762115325549745,0.02580901160682121,False,False
2026-09-28,Equal Weighted Portfolio,-0.002303108479191596,GARCH-t,0.019255142539984633,0.028121073401902875,False,False
2026-09-29,Equal Weighted Portfolio,-0.007148359173309226,GARCH-t,0.01824780228318883,0.026695707308932275,False,False
2026-09-30,Equal Weighted Portfolio,0.01743174703705277,GARCH-t,0.017877351140588433,0.0261715264334013,False,False
2026-10-01,Equal Weighted Portfolio,-0.01411408457113852,GARCH-t,0.018726025171545358,0.027372383025352123,False,False
2026-10-02,Equal Weighted Portfolio,0.011682526679274208,GARCH-t,0.019636269838541217,0.028660360822219053,False,False
2025-01-02,Long-only Global Minimum Variance Portfolio,-0.009772653695862098,GARCH-t,0.018957861605968396,0.027442247955589787,False,False
2025-01-03,Long-only Global Minimum Variance Portfolio,0.008359162091124835,GARCH-t,0.018832170084226982,0.027265057079368656,False,False
2025-01-06,Long-only Global Minimum Variance Portfolio,0.01362183559600517,GARCH-t,0.018123679790891786,0.026266278369946237,False,False
2025-01-07,Long-only Global Minimum Variance Portfolio,-0.011587005114466689,GARCH-t,0.01814552435799955,0.026297073271088888,False,False
2025-01-08,Long-only Global Minimum Variance Portfolio,0.0006920921826490202,GARCH-t,0.018413652329776705,0.026675060820291537,False,False
2025-01-10,Long-only Global Minimum Variance Portfolio,-0.01608735805569819,GARCH-t,0.017442379347287734,0.025305829957042104,False,False
2025-01-13,Long-only Global Minimum Variance Portfolio,-0.005976523411115283,GARCH-t,0.018746565770677865,0.02714437826892922,False,False
2025-01-14,Long-only Global Minimum Variance Portfolio,-0.004687418663275623,GARCH-t,0.018154003581327002,0.026309026670890644,False,False
2025-01-15,Long-only Global Minimum Variance Portfolio,0.0252589212603076,GARCH-t,0.017485818581596268,0.025367067468394216,False,False
2025-01-16,Long-only Global Minimum Variance Portfolio,-0.017978435526748396,GARCH-t,0.020271541521232263,0.029294179510198443,False,False
2025-01-17,Long-only Global Minimum Variance Portfolio,0.012174414472378018,GARCH-t,0.02154496502456923,0.03108936046775791,False,False
2025-01-21,Long-only Global Minimum Variance Portfolio,-0.0055448374835927305,GARCH-t,0.02101025077651848,0.030335558740900326,False,False
2025-01-22,Long-only Global Minimum Variance Portfolio,0.018332906056822706,GARCH-t,0.020186606038266025,0.029174443569058236,False,False
2025-01-23,Long-only Global Minimum Variance Portfolio,-0.000273132349434255,GARCH-t,0.02079995649620352,0.03003910097448105,False,False
2025-01-24,Long-only Global Minimum Variance Portfolio,-0.00042554336300840216,GARCH-t,0.01968595420004277,0.028468660580138718,False,False
2025-01-27,Long-only Global Minimum Variance Portfolio,-0.008482672125793872,GARCH-t,0.018651925542192867,0.027010961274857612,False,False
2025-01-28,Long-only Global Minimum Variance Portfolio,0.02673993136202556,GARCH-t,0.018372038877083118,0.026616397164674947,False,False
2025-01-29,Long-only Global Minimum Variance Portfolio,-0.0027077980197827306,GARCH-t,0.021385900810894087,0.030865123168328054,False,False
2025-01-30,Long-only Global Minimum Variance Portfolio,-0.01775982712440914,GARCH-t,0.020329190087170615,0.029375448316319844,False,False
2025-01-31,Long-only Global Minimum Variance Portfolio,0.0029560967011870087,GARCH-t,0.021543599356509322,0.031087435247052406,False,False
2025-02-03,Long-only Global Minimum Variance Portfolio,-0.01759196143468453,GARCH-t,0.020384545867286205,0.029382088868569536,False,False
2025-02-04,Long-only Global Minimum Variance Portfolio,0.015726809854971966,GARCH-t,0.02154708764509023,0.031017524845544014,False,False
2025-02-05,Long-only Global Minimum Variance Portfolio,-0.019865245585941927,GARCH-t,0.02152639722256415,0.030988418053836383,False,False
2025-02-06,Long-only Global Minimum Variance Portfolio,0.004068295310769383,GARCH-t,0.02302448734204794,0.033095895415021406,False,False
2025-02-07,Long-only Global Minimum Variance Portfolio,-0.02406304604678454,GARCH-t,0.021778440727465664,0.031342986830243974,True,False
2025-02-10,Long-only Global Minimum Variance Portfolio,0.005396966898902347,GARCH-t,0.024283822540848255,0.03486749806235054,False,False
2025-02-11,Long-only Global Minimum Variance Portfolio,0.004167297336651506,GARCH-t,0.02299851742320355,0.03305936155412443,False,False
2025-02-12,Long-only Global Minimum Variance Portfolio,-0.00022690496350971363,GARCH-t,0.02175688415202648,0.03131266155532766,False,False
2025-02-13,Long-only Global Minimum Variance Portfolio,0.011197273562545993,GARCH-t,0.020585345581137834,0.02966456910495249,False,False
2025-02-14,Long-only Global Minimum Variance Portfolio,-2.06374433039748e-05,GARCH-t,0.02002799354825094,0.02888049959121433,False,False
2025-02-18,Long-only Global Minimum Variance Portfolio,-0.001329139972765583,GARCH-t,0.01896740002476444,0.027388481980860257,False,False
2025-02-19,Long-only Global Minimum Variance Portfolio,0.006825494394229394,GARCH-t,0.018021866641307057,0.026058328224444222,False,False
2025-02-20,Long-only Global Minimum Variance Portfolio,0.0010357556622729287,GARCH-t,0.017260887929215853,0.024987801567056912,False,False
2025-02-21,Long-only Global Minimum Variance Portfolio,-0.01653336191255941,GARCH-t,0.016371595478653193,0.0237367662103326,True,False
2025-02-24,Long-only Global Minimum Variance Portfolio,-0.0037812597115458677,GARCH-t,0.017966942367301928,0.025981062068997435,False,False
2025-02-25,Long-only Global Minimum Variance Portfolio,-0.010964194106251702,GARCH-t,0.017242175053458337,0.024961476740860723,False,False
2025-02-26,Long-only Global Minimum Variance Portfolio,-0.009857744089068548,GARCH-t,0.017511820812207604,0.025340807947116493,False,False
2025-02-27,Long-only Global Minimum Variance Portfolio,-0.019109837416316056,GARCH-t,0.017561558000879992,0.0254107770349389,True,False
2025-02-28,Long-only Global Minimum Variance Portfolio,0.014263260948833657,GARCH-t,0.019589596577998955,0.028263773215409568,False,False
2025-03-03,Long-only Global Minimum Variance Portfolio,-0.02054910003578487,GARCH-t,0.019553596056919656,0.028213128543117347,True,False
2025-03-04,Long-only Global Minimum Variance Portfolio,0.0031501758945790812,GARCH-t,0.021592258522516096,0.031002262223245754,False,False
2025-03-05,Long-only Global Minimum Variance Portfolio,0.01655680176443169,GARCH-t,0.02042551300078888,0.0293641239687997,False,False
2025-03-06,Long-only Global Minimum Variance Portfolio,-0.008324393133569823,GARCH-t,0.0206895619478923,0.029734854923614926,False,False
2025-03-07,Long-only Global Minimum Variance Portfolio,0.003306704469430764,GARCH-t,0.020194900018541472,0.02904033789792444,False,False
2025-03-10,Long-only Global Minimum Variance Portfolio,-0.03996726280957665,GARCH-t,0.019124276063105062,0.02753715659157547,True,True
2025-03-11,Long-only Global Minimum Variance Portfolio,-0.010513154207213786,GARCH-t,0.02760749624681247,0.03944779798255141,False,False
2025-03-12,Long-only Global Minimum Variance Portfolio,0.003126166361154678,GARCH-t,0.02675592645181986,0.0382521738884104,False,False
2025-03-13,Long-only Global Minimum Variance Portfolio,-0.02295810644485108,GARCH-t,0.02525502852998543,0.03614487777628493,False,False
2025-03-14,Long-only Global Minimum Variance Portfolio,0.020960209342880835,GARCH-t,0.026859177057953296,0.0383971401767331,False,False
2025-03-17,Long-only Global Minimum Variance Portfolio,-0.001704610473084874,GARCH-t,0.027126297966261287,0.03877218423759559,False,False
2025-03-18,Long-only Global Minimum Variance Portfolio,-0.013948729912317596,GARCH-t,0.025648846881617626,0.03669780803836689,False,False
2025-03-19,Long-only Global Minimum Variance Portfolio,0.014570640850973834,GARCH-t,0.025448027636235823,0.03641585307735541,False,False
2025-03-20,Long-only Global Minimum Variance Portfolio,-0.004680546985009224,GARCH-t,0.0248713697191667,0.03560621174932898,False,False
2025-03-21,Long-only Global Minimum Variance Portfolio,0.012348130805342063,GARCH-t,0.023696120256863448,0.033956133761572,False,False
2025-03-24,Long-only Global Minimum Variance Portfolio,0.013764852412988903,GARCH-t,0.02300475479818064,0.03298544033735868,False,False
2025-03-25,Long-only Global Minimum Variance Portfolio,0.011394342846904925,GARCH-t,0.02255376063214256,0.03235223388217101,False,False
2025-03-26,Long-only Global Minimum Variance Portfolio,-0.018058688531254818,GARCH-t,0.021854042745157006,0.03136981345145502,False,False
2025-03-27,Long-only Global Minimum Variance Portfolio,-0.0010295764735720769,GARCH-t,0.022891762682909572,0.0328267967402508,False,False
2025-03-28,Long-only Global Minimum Variance Portfolio,-0.03504337116578641,GARCH-t,0.021670385534476543,0.03111195439228748,True,True
2025-03-31,Long-only Global Minimum Variance Portfolio,0.0018818989499106969,GARCH-t,0.02754037474862547,0.039353557814641366,False,False
2025-04-01,Long-only Global Minimum Variance Portfolio,0.013154811259626968,GARCH-t,0.025992651021202882,0.03720664682257229,False,False
2025-04-02,Long-only Global Minimum Variance Portfolio,0.002472705993329047,GARCH-t,0.025207895673285984,0.036103973398511874,False,False
2025-04-03,Long-only Global Minimum Variance Portfolio,-0.05372892859512093,GARCH-t,0.023816914510336854,0.0341494815102768,True,True
2025-04-04,Long-only Global Minimum Variance Portfolio,-0.04632086649834316,GARCH-t,0.03576714419062096,0.050940957624260284,True,False
2025-04-07,Long-only Global Minimum Variance Portfolio,-0.008302214583011345,GARCH-t,0.04152750431898793,0.05903494009080626,False,False
2025-04-08,Long-only Global Minimum Variance Portfolio,-0.025045745308131345,GARCH-t,0.039466276108346736,0.05613867238797265,False,False
2025-04-09,Long-only Global Minimum Variance Portfolio,0.11774556246892065,GARCH-t,0.039576776134719764,0.05629393790194837,False,False
2025-04-10,Long-only Global Minimum Variance Portfolio,-0.03452698016754634,GARCH-t,0.06976380062123293,0.09871025241461384,False,False
2025-04-11,Long-only Global Minimum Variance Portfolio,0.027265486660408338,GARCH-t,0.06826474837094298,0.0966039079569935,False,False
2025-04-14,Long-only Global Minimum Variance Portfolio,0.008254936644465416,GARCH-t,0.06561783562251793,0.09288468469684932,False,False
2025-04-15,Long-only Global Minimum Variance Portfolio,-0.008142458525919358,GARCH-t,0.06190910258774958,0.08767347923615448,False,False
2025-04-16,Long-only Global Minimum Variance Portfolio,-0.03235174187812413,GARCH-t,0.05854001653551069,0.08293951767343588,False,False
2025-04-17,Long-only Global Minimum Variance Portfolio,-0.0038999965459654037,GARCH-t,0.05780444972187019,0.08190595991664555,False,False
2025-04-21,Long-only Global Minimum Variance Portfolio,-0.022681372152549055,GARCH-t,0.054535018945284695,0.07731202571955381,False,False
2025-04-22,Long-only Global Minimum Variance Portfolio,0.027778564314882105,GARCH-t,0.05285167185881237,0.07494672537384767,False,False
2025-04-23,Long-only Global Minimum Variance Portfolio,0.024638498137777232,GARCH-t,0.051528499553770334,0.0730875128943207,False,False
2025-04-24,Long-only Global Minimum Variance Portfolio,0.026714759416681354,GARCH-t,0.049928959897749634,0.07083997183059092,False,False
2025-04-25,Long-only Global Minimum Variance Portfolio,0.010432101837207363,GARCH-t,0.048728357865507804,0.06915298497877757,False,False
2025-04-28,Long-only Global Minimum Variance Portfolio,-0.002241956096290744,GARCH-t,0.04613048376146163,0.06550266677299474,False,False
2025-04-29,Long-only Global Minimum Variance Portfolio,0.0034313911976390212,GARCH-t,0.043518057402003214,0.06183190093936734,False,False
2025-04-30,Long-only Global Minimum Variance Portfolio,-0.0002441473344014114,GARCH-t,0.04094659451249238,0.05855029246650321,False,False
2025-05-01,Long-only Global Minimum Variance Portfolio,0.03392857195623412,GARCH-t,0.038556662562087375,0.05517375546176466,False,False
2025-05-02,Long-only Global Minimum Variance Portfolio,0.0018419743801698038,GARCH-t,0.0398713578112695,0.05703117954367843,False,False
2025-05-05,Long-only Global Minimum Variance Portfolio,-0.009874620930874328,GARCH-t,0.037534205046914244,0.05372920988164049,False,False
2025-05-06,Long-only Global Minimum Variance Portfolio,-0.004834666899423622,GARCH-t,0.03583095940204034,0.05132283511138734,False,False
2025-05-07,Long-only Global Minimum Variance Portfolio,-0.021541562696903355,GARCH-t,0.033905356635030554,0.04860231037086757,False,False
2025-05-08,Long-only Global Minimum Variance Portfolio,0.012378947452335167,GARCH-t,0.034062882216079296,0.04882486522374272,False,False
2025-05-09,Long-only Global Minimum Variance Portfolio,0.00013002284666886337,GARCH-t,0.03254099868696956,0.04667472197298184,False,False
2025-05-12,Long-only Global Minimum Variance Portfolio,0.04287250455282252,GARCH-t,0.03066482022727452,0.04402402474472807,False,False
2025-05-13,Long-only Global Minimum Variance Portfolio,0.00616939900221187,GARCH-t,0.03571490859639592,0.051158876535235535,False,False
2025-05-14,Long-only Global Minimum Variance Portfolio,0.011428516860489105,GARCH-t,0.033709590377369356,0.04832572843172064,False,False
2025-05-15,Long-only Global Minimum Variance Portfolio,-0.00461542500524458,GARCH-t,0.03213569441766067,0.04610210112356054,False,False
2025-05-16,Long-only Global Minimum Variance Portfolio,0.004023095189247744,GARCH-t,0.030444294513358963,0.04371246221952475,False,False
2025-05-19,Long-only Global Minimum Variance Portfolio,0.0009949775584871486,GARCH-t,0.02871277450711437,0.04126614094475406,False,False
2025-05-20,Long-only Global Minimum Variance Portfolio,-0.008121290735815035,GARCH-t,0.02706794595289035,0.038942298845883065,False,False
2025-05-21,Long-only Global Minimum Variance Portfolio,-0.004884810213862349,GARCH-t,0.026004868293639724,0.03744036442688745,False,False
2025-05-22,Long-only Global Minimum Variance Portfolio,0.004483431824583108,GARCH-t,0.02475440949308067,0.035673694705486765,False,False
2025-05-23,Long-only Global Minimum Variance Portfolio,-0.017237392668303507,GARCH-t,0.02340166533159687,0.03376251446522091,False,False
2025-05-27,Long-only Global Minimum Variance Portfolio,0.0247364825963261,GARCH-t,0.024072663848214854,0.03471051272144798,False,False
2025-05-28,Long-only Global Minimum Variance Portfolio,-0.003674141840338925,GARCH-t,0.025533018383458544,0.0367737267503882,False,False
2025-05-29,Long-only Global Minimum Variance Portfolio,7.092632291309678e-05,GARCH-t,0.02394443070209892,0.0345488413984419,False,False
2025-05-30,Long-only Global Minimum Variance Portfolio,0.0022164652061230417,GARCH-t,0.022588670930619458,0.032632487283674454,False,False
2025-06-02,Long-only Global Minimum Variance Portfolio,-0.0006191796563704574,GARCH-t,0.021310477467785662,0.030825772441193614,False,False
2025-06-03,Long-only Global Minimum Variance Portfolio,-0.0013720823607474891,GARCH-t,0.02015177749659069,0.02918796056309273,False,False
2025-06-04,Long-only Global Minimum Variance Portfolio,0.0032611559728085546,GARCH-t,0.019101708340858982,0.027703697355326264,False,False
2025-06-05,Long-only Global Minimum Variance Portfolio,0.0005990078630807093,GARCH-t,0.01807897798257008,0.026258077289268565,False,False
2025-06-06,Long-only Global Minimum Variance Portfolio,0.01709702863458548,GARCH-t,0.017120547597489325,0.024903344650931487,False,False
2025-06-09,Long-only Global Minimum Variance Portfolio,0.003846116423964788,GARCH-t,0.017967927187847243,0.026101108000245427,False,False
2025-06-10,Long-only Global Minimum Variance Portfolio,0.0042034281881166095,GARCH-t,0.01704247877997765,0.024792995086929993,False,False
2025-06-11,Long-only Global Minimum Variance Portfolio,-0.007895742484158353,GARCH-t,0.016198127482139647,0.02359951220156942,False,False
2025-06-12,Long-only Global Minimum Variance Portfolio,0.0026738585200932587,GARCH-t,0.01609852963200427,0.023458731545627224,False,False
2025-06-13,Long-only Global Minimum Variance Portfolio,-0.009102579668261652,GARCH-t,0.015282502707672578,0.022305284904783496,False,False
2025-06-16,Long-only Global Minimum Variance Portfolio,0.010746934184251766,GARCH-t,0.01548707483637882,0.022594445749396206,False,False
2025-06-17,Long-only Global Minimum Variance Portfolio,-0.006550989664698559,GARCH-t,0.015385162764214661,0.02245039396164981,False,False
2025-06-18,Long-only Global Minimum Variance Portfolio,-0.002613129769856057,GARCH-t,0.01518256860765491,0.02216402896268878,False,False
2025-06-20,Long-only Global Minimum Variance Portfolio,-0.005889929435737535,GARCH-t,0.014586197644957529,0.02132106402720776,False,False
2025-06-23,Long-only Global Minimum Variance Portfolio,0.00398679260437605,GARCH-t,0.0143801412263854,0.021029805152360023,False,False
2025-06-24,Long-only Global Minimum Variance Portfolio,0.005629009475802504,GARCH-t,0.01373272139038035,0.020114683098431212,False,False
2025-06-25,Long-only Global Minimum Variance Portfolio,0.00904907756014777,GARCH-t,0.01323229197869943,0.019407330673319144,False,False
2025-06-26,Long-only Global Minimum Variance Portfolio,0.009376538161950717,GARCH-t,0.0131400928844831,0.019277008091622763,False,False
2025-06-27,Long-only Global Minimum Variance Portfolio,0.007132141932448405,GARCH-t,0.012892898337605027,0.018943416891163287,False,False
2025-06-30,Long-only Global Minimum Variance Portfolio,0.004448543608291419,GARCH-t,0.012593421835220336,0.01851985638012478,False,False
2025-07-01,Long-only Global Minimum Variance Portfolio,-0.00027673150544008633,GARCH-t,0.012097639450912929,0.01781865331948737,False,False
2025-07-02,Long-only Global Minimum Variance Portfolio,0.0100243994333175,GARCH-t,0.011609359424591585,0.01712806111665439,False,False
2025-07-03,Long-only Global Minimum Variance Portfolio,0.009620699543938318,GARCH-t,0.01188020538056038,0.017511128404436093,False,False
2025-07-07,Long-only Global Minimum Variance Portfolio,-0.010199300056619924,GARCH-t,0.01204437458787597,0.01774331888613891,False,False
2025-07-08,Long-only Global Minimum Variance Portfolio,-0.005743294485393341,GARCH-t,0.012990173216188812,0.019080996290401858,False,False
2025-07-09,Long-only Global Minimum Variance Portfolio,0.01147972237008798,GARCH-t,0.012941572147651837,0.01901225803126427,False,False
2025-07-10,Long-only Global Minimum Variance Portfolio,0.001811235015878543,GARCH-t,0.013289499122371224,0.019504343807753413,False,False
2025-07-11,Long-only Global Minimum Variance Portfolio,0.004386962791755507,GARCH-t,0.012655147141930135,0.01860715672671567,False,False
2025-07-14,Long-only Global Minimum Variance Portfolio,-0.001403849016256693,GARCH-t,0.012150203428410854,0.01789299646492266,False,False
2025-07-15,Long-only Global Minimum Variance Portfolio,0.003339321297866281,GARCH-t,0.011719327415373652,0.01728359284619789,False,False
2025-07-16,Long-only Global Minimum Variance Portfolio,0.0012048890261094727,GARCH-t,0.011251448923631386,0.016621855275843495,False,False
2025-07-17,Long-only Global Minimum Variance Portfolio,0.0056608895563459395,GARCH-t,0.010799230265647726,0.015982265978013846,False,False
2025-07-18,Long-only Global Minimum Variance Portfolio,0.0030889647194885894,GARCH-t,0.01057156115509263,0.015660265273295695,False,False
2025-07-21,Long-only Global Minimum Variance Portfolio,0.010364706276915195,GARCH-t,0.010202826821301301,0.015138750891985488,False,False
2025-07-22,Long-only Global Minimum Variance Portfolio,5.0222933625800525e-05,GARCH-t,0.010750389669390781,0.015913188946108874,False,False
2025-07-23,Long-only Global Minimum Variance Portfolio,-0.0004594895376798768,GARCH-t,0.010374741115347318,0.015381895531585359,False,False
2025-07-24,Long-only Global Minimum Variance Portfolio,0.00669297140707651,GARCH-t,0.010059677234581642,0.014936289224298308,False,False
2025-07-25,Long-only Global Minimum Variance Portfolio,0.003065058481260689,GARCH-t,0.010027636620543304,0.01489097301835894,False,False
2025-07-28,Long-only Global Minimum Variance Portfolio,-0.0010249886339283646,GARCH-t,0.009457228897754674,0.014114180867021762,False,False
2025-07-29,Long-only Global Minimum Variance Portfolio,-0.00036773946056113075,GARCH-t,0.009244454617132518,0.013813017170633239,False,False
2025-07-30,Long-only Global Minimum Variance Portfolio,-0.0016210059064006134,GARCH-t,0.00901075214115596,0.013482231413471008,False,False
2025-07-31,Long-only Global Minimum Variance Portfolio,0.0071844740777886615,GARCH-t,0.008897048889441919,0.013321294238745441,False,False
2025-08-01,Long-only Global Minimum Variance Portfolio,-0.024409126606919372,GARCH-t,0.009045479278540271,0.013531384690028072,True,True
2025-08-04,Long-only Global Minimum Variance Portfolio,0.016145094193543083,GARCH-t,0.015900678285804135,0.023234329362052063,False,False
2025-08-05,Long-only Global Minimum Variance Portfolio,-0.005654820518694068,GARCH-t,0.016752308602144158,0.024439738837650014,False,False
2025-08-06,Long-only Global Minimum Variance Portfolio,0.01877230949116665,GARCH-t,0.01626752122234868,0.02375356399154172,False,False
2025-08-07,Long-only Global Minimum Variance Portfolio,0.007543315311672174,GARCH-t,0.01769275839345642,0.025770864641911896,False,False
2025-08-08,Long-only Global Minimum Variance Portfolio,0.019797215366350082,GARCH-t,0.016948497372895523,0.024717427171111344,False,False
2025-08-11,Long-only Global Minimum Variance Portfolio,-0.0037893813772165745,GARCH-t,0.018510231133745794,0.02692792700604033,False,False
2025-08-12,Long-only Global Minimum Variance Portfolio,0.011724609231456578,GARCH-t,0.017672921036278523,0.025742786568768817,False,False
2025-08-13,Long-only Global Minimum Variance Portfolio,-0.0013452718892194198,GARCH-t,0.017441152297220507,0.02541473784992028,False,False
2025-08-14,Long-only Global Minimum Variance Portfolio,0.0039207343619309856,GARCH-t,0.01652824694180678,0.02412259882594914,False,False
2025-08-15,Long-only Global Minimum Variance Portfolio,-0.0016818474450981684,GARCH-t,0.01564777975351674,0.022876373237974475,False,False
2025-08-18,Long-only Global Minimum Variance Portfolio,-0.003643795078072685,GARCH-t,0.014900598381063494,0.021818802260210192,False,False
2025-08-19,Long-only Global Minimum Variance Portfolio,-0.009005450138695623,GARCH-t,0.014375625426661714,0.021075748189063315,False,False
2025-08-20,Long-only Global Minimum Variance Portfolio,-0.013227381189861382,GARCH-t,0.014693234143396577,0.021525296014380343,False,False
2025-08-21,Long-only Global Minimum Variance Portfolio,-0.0020366918400270403,GARCH-t,0.01589473667636223,0.023225919524844346,False,False
2025-08-22,Long-only Global Minimum Variance Portfolio,0.016438127794061504,GARCH-t,0.015149049411452726,0.02217046332782029,False,False
2025-08-25,Long-only Global Minimum Variance Portfolio,-8.257534191136656e-05,GARCH-t,0.01625950031368285,0.023751013705838212,False,False
2025-08-26,Long-only Global Minimum Variance Portfolio,2.3168691953924178e-05,GARCH-t,0.01539207476510061,0.022522721106111386,False,False
2025-08-27,Long-only Global Minimum Variance Portfolio,0.005349716529160151,GARCH-t,0.014592045094095405,0.021389862469351487,False,False
2025-08-28,Long-only Global Minimum Variance Portfolio,0.010867047812302494,GARCH-t,0.013952585762432823,0.02048437476935098,False,False
2025-08-29,Long-only Global Minimum Variance Portfolio,-0.0020682274724554734,GARCH-t,0.014040133204415219,0.02060834376621503,False,False
2025-09-02,Long-only Global Minimum Variance Portfolio,-0.007419743318181348,GARCH-t,0.013465928031756528,0.019795257311182327,False,False
2025-09-03,Long-only Global Minimum Variance Portfolio,0.03557056851360008,GARCH-t,0.01362617203664823,0.020022166151578796,False,False
2025-09-04,Long-only Global Minimum Variance Portfolio,0.00872838406091209,GARCH-t,0.021767959213462466,0.031551105959931186,False,False
2025-09-05,Long-only Global Minimum Variance Portfolio,-0.007502606593234952,GARCH-t,0.02077471623504455,0.030144653265385384,False,False
2025-09-08,Long-only Global Minimum Variance Portfolio,0.0003547533039088848,GARCH-t,0.020118051780092447,0.029214802753327468,False,False
2025-09-09,Long-only Global Minimum Variance Portfolio,0.003017189992226996,GARCH-t,0.018939576584727273,0.027546057390921957,False,False
2025-09-10,Long-only Global Minimum Variance Portfolio,-0.011377936660179833,GARCH-t,0.01784799158768295,0.026000350354699876,False,False
2025-09-11,Long-only Global Minimum Variance Portfolio,0.005951797919488538,GARCH-t,0.018147434537479704,0.026424367793287974,False,False
2025-09-12,Long-only Global Minimum Variance Portfolio,0.011611166168280767,GARCH-t,0.0172417221165469,0.025141860186807263,False,False
2025-09-15,Long-only Global Minimum Variance Portfolio,0.019667838697973797,GARCH-t,0.01704711480159369,0.024866292185380022,False,False
2025-09-16,Long-only Global Minimum Variance Portfolio,-0.001967784817541635,GARCH-t,0.018569130397009435,0.02702149789216781,False,False
2025-09-17,Long-only Global Minimum Variance Portfolio,-0.0007378381570112178,GARCH-t,0.017599019221663844,0.02564780031139347,False,False
2025-09-18,Long-only Global Minimum Variance Portfolio,-1.099599056723666e-05,GARCH-t,0.016647483789040338,0.02430040636827109,False,False
2025-09-19,Long-only Global Minimum Variance Portfolio,0.01937447529113416,GARCH-t,0.015746671053137616,0.023024836817596178,False,False
2025-09-22,Long-only Global Minimum Variance Portfolio,0.006769354523067762,GARCH-t,0.017446350497011594,0.02543161822521145,False,False
2025-09-23,Long-only Global Minimum Variance Portfolio,-0.008557876846149372,GARCH-t,0.016621113946350533,0.024317444608847754,False,False
2025-09-24,Long-only Global Minimum Variance Portfolio,-0.006748202004992462,GARCH-t,0.016571465586118713,0.02424701930793698,False,False
2025-09-25,Long-only Global Minimum Variance Portfolio,0.0011556465725358154,GARCH-t,0.01625584730190294,0.023799320480925288,False,False
2025-09-26,Long-only Global Minimum Variance Portfolio,0.002715164161074868,GARCH-t,0.015375248584673724,0.02255020712948841,False,False
2025-09-29,Long-only Global Minimum Variance Portfolio,-0.0011538904726117781,GARCH-t,0.014568844773675585,0.021406337910445297,False,False
2025-09-30,Long-only Global Minimum Variance Portfolio,0.0007359717125079515,GARCH-t,0.013898582950446308,0.020455583638410414,False,False
2025-10-01,Long-only Global Minimum Variance Portfolio,0.0047169469154974344,GARCH-t,0.013214350473028236,0.019485012246120762,False,False
2025-10-02,Long-only Global Minimum Variance Portfolio,0.0008610439118251594,GARCH-t,0.012664343089988133,0.01870483672223862,False,False
2025-10-03,Long-only Global Minimum Variance Portfolio,0.001119943852985848,GARCH-t,0.012082408295704679,0.017879372743035565,False,False
2025-10-06,Long-only Global Minimum Variance Portfolio,0.012087900631454844,GARCH-t,0.011546973087535793,0.017119867585615442,False,False
2025-10-07,Long-only Global Minimum Variance Portfolio,-0.007601070317357447,GARCH-t,0.0122051683150582,0.01805350560991007,False,False
2025-10-08,Long-only Global Minimum Variance Portfolio,0.0019105921967112753,GARCH-t,0.012570584462932112,0.01857184180573844,False,False
2025-10-09,Long-only Global Minimum Variance Portfolio,-0.008922277730204344,GARCH-t,0.011988289576653202,0.017745867042553452,False,False
2025-10-10,Long-only Global Minimum Variance Portfolio,-0.027312296430264324,GARCH-t,0.012654221602392686,0.018690479575169797,True,True
2025-10-13,Long-only Global Minimum Variance Portfolio,0.014384868106812691,GARCH-t,0.019120078035811953,0.027862179966547624,False,False
2025-10-14,Long-only Global Minimum Variance Portfolio,0.00012164704405636696,GARCH-t,0.019150393553023413,0.027905181979341484,False,False
2025-10-15,Long-only Global Minimum Variance Portfolio,0.0074049874638000114,GARCH-t,0.018065906346835275,0.026366856494409542,False,False
2025-10-16,Long-only Global Minimum Variance Portfolio,-0.0037701870356460355,GARCH-t,0.017285888060720244,0.025260414665131275,False,False
2025-10-17,Long-only Global Minimum Variance Portfolio,0.008701141565551757,GARCH-t,0.016566451883547183,0.024239907461531006,False,False
2025-10-20,Long-only Global Minimum Variance Portfolio,0.018716249111004765,GARCH-t,0.016053236646668283,0.023511920931453642,False,False
2025-10-21,Long-only Global Minimum Variance Portfolio,-0.002547927430615345,GARCH-t,0.017490674566274005,0.02557496129050953,False,False
2025-10-22,Long-only Global Minimum Variance Portfolio,-0.00318973827223905,GARCH-t,0.016658896328282012,0.024393895413071052,False,False
2025-10-23,Long-only Global Minimum Variance Portfolio,0.003739083766271135,GARCH-t,0.015946362528715504,0.023382148148293865,False,False
2025-10-24,Long-only Global Minimum Variance Portfolio,0.014007033111975636,GARCH-t,0.015121841900594513,0.02221138756014871,False,False
2025-10-27,Long-only Global Minimum Variance Portfolio,0.02273291491782836,GARCH-t,0.015625799685025255,0.022926971733518698,False,False
2025-10-28,Long-only Global Minimum Variance Portfolio,0.00662111052836159,GARCH-t,0.0182718913809885,0.026684233546739624,False,False
2025-10-29,Long-only Global Minimum Variance Portfolio,0.0074221523259318505,GARCH-t,0.017413262431642776,0.025465041570881693,False,False
2025-10-30,Long-only Global Minimum Variance Portfolio,-0.004645671229890251,GARCH-t,0.01669401642631778,0.024443763451819547,False,False
2025-10-31,Long-only Global Minimum Variance Portfolio,0.0011324062651751933,GARCH-t,0.016112743925539318,0.023618397885848373,False,False
2025-11-03,Long-only Global Minimum Variance Portfolio,0.0033763244516063612,GARCH-t,0.015244898337799543,0.022386118939672267,False,False
2025-11-04,Long-only Global Minimum Variance Portfolio,-0.007856514549330729,GARCH-t,0.014465907432008474,0.021280007315634345,False,False
2025-11-05,Long-only Global Minimum Variance Portfolio,0.0017719680691185673,GARCH-t,0.014567970873947378,0.021424930136528252,False,False
2025-11-06,Long-only Global Minimum Variance Portfolio,-0.009230692111607628,GARCH-t,0.013820432070559923,0.02036347825859319,False,False
2025-11-07,Long-only Global Minimum Variance Portfolio,-0.006398401503498613,GARCH-t,0.014265129688184663,0.02099491721427289,False,False
2025-11-10,Long-only Global Minimum Variance Portfolio,0.019510763814778138,GARCH-t,0.01415939596905328,0.02084478286108013,False,False
2025-11-11,Long-only Global Minimum Variance Portfolio,0.00963828914268911,GARCH-t,0.016194662779298787,0.023734716825771288,False,False
2025-11-12,Long-only Global Minimum Variance Portfolio,-0.005697142609184644,GARCH-t,0.01583490428029383,0.02322388537108092,False,False
2025-11-13,Long-only Global Minimum Variance Portfolio,-0.015835620234465587,GARCH-t,0.015459498522705064,0.022690835923246847,True,False
2025-11-14,Long-only Global Minimum Variance Portfolio,0.001277405253633932,GARCH-t,0.017175694927896116,0.025127712629767797,False,False
2025-11-17,Long-only Global Minimum Variance Portfolio,0.00024079188184755252,GARCH-t,0.01622359507468037,0.023775798625306765,False,False
2025-11-18,Long-only Global Minimum Variance Portfolio,-0.01379109849702704,GARCH-t,0.015353627527902546,0.022523149336747837,False,False
2025-11-19,Long-only Global Minimum Variance Portfolio,0.0039231319402741535,GARCH-t,0.01654803435719922,0.024218045419980384,False,False
2025-11-20,Long-only Global Minimum Variance Portfolio,-0.012990637791570562,GARCH-t,0.01568993646664033,0.023000380954184597,False,False
2025-11-21,Long-only Global Minimum Variance Portfolio,0.011315506542760426,GARCH-t,0.016636913244601724,0.024344167001375955,False,False
2025-11-24,Long-only Global Minimum Variance Portfolio,0.024898917530694373,GARCH-t,0.01646527488491112,0.024100607456640794,False,False
2025-11-25,Long-only Global Minimum Variance Portfolio,0.008870293765761714,GARCH-t,0.01954064074055253,0.02846463604001976,False,False
2025-11-26,Long-only Global Minimum Variance Portfolio,0.004063533254101916,GARCH-t,0.018773933381501694,0.027376657247562556,False,False
2025-11-28,Long-only Global Minimum Variance Portfolio,0.007474018969782056,GARCH-t,0.017747521648695884,0.02592015081855889,False,False
2025-12-01,Long-only Global Minimum Variance Portfolio,-0.003121941238475458,GARCH-t,0.017009930591398267,0.024873488857678087,False,False
2025-12-02,Long-only Global Minimum Variance Portfolio,0.006597940191667503,GARCH-t,0.016267542156220716,0.023820019285873562,False,False
2025-12-03,Long-only Global Minimum Variance Portfolio,-0.007917749586779698,GARCH-t,0.015587053454969864,0.022854387135969306,False,False
2025-12-04,Long-only Global Minimum Variance Portfolio,-0.004294458087597406,GARCH-t,0.015556611467271832,0.022811189119640495,False,False
2025-12-05,Long-only Global Minimum Variance Portfolio,0.002872102393450658,GARCH-t,0.01505189496377487,0.022094982544177796,False,False
2025-12-08,Long-only Global Minimum Variance Portfolio,-0.002176475857294719,GARCH-t,0.014283935949677352,0.021005227618845143,False,False
2025-12-09,Long-only Global Minimum Variance Portfolio,0.003087663883752759,GARCH-t,0.01371050314192147,0.0201915107210317,False,False
2025-12-10,Long-only Global Minimum Variance Portfolio,-0.003942348802887286,GARCH-t,0.013057623013670503,0.01926505589420814,False,False
2025-12-11,Long-only Global Minimum Variance Portfolio,-0.0036680367340977756,GARCH-t,0.01276563485883142,0.018850716685951546,False,False
2025-12-12,Long-only Global Minimum Variance Portfolio,-0.0074676224366361735,GARCH-t,0.012473877063928558,0.018436704364768977,False,False
2025-12-15,Long-only Global Minimum Variance Portfolio,-0.009575574544636952,GARCH-t,0.012771468874596166,0.018858995314494725,False,False
2025-12-16,Long-only Global Minimum Variance Portfolio,0.00037749393802523454,GARCH-t,0.013441019928794366,0.019809106642937974,False,False
2025-12-17,Long-only Global Minimum Variance Portfolio,-0.01197313190476054,GARCH-t,0.012808702987713822,0.018883840557444725,False,False
2025-12-18,Long-only Global Minimum Variance Portfolio,0.0132888886771445,GARCH-t,0.014021043773948454,0.02060281791018558,False,False
2025-12-19,Long-only Global Minimum Variance Portfolio,0.007482300784939269,GARCH-t,0.014544759853881198,0.02134539465996786,False,False
2025-12-22,Long-only Global Minimum Variance Portfolio,-0.0009895356839479544,GARCH-t,0.014109052130716842,0.020727604912202283,False,False
2025-12-23,Long-only Global Minimum Variance Portfolio,0.007945391431038076,GARCH-t,0.013477053098408185,0.01983149382212925,False,False
2025-12-24,Long-only Global Minimum Variance Portfolio,0.002528206083528436,GARCH-t,0.013202005178183375,0.01944150352307037,False,False
2025-12-26,Long-only Global Minimum Variance Portfolio,-0.0012193179432546605,GARCH-t,0.012582128259027325,0.018562580370756497,False,False
2025-12-29,Long-only Global Minimum Variance Portfolio,-0.0006824244477871505,GARCH-t,0.012098593370062473,0.017876976510168587,False,False
2025-12-30,Long-only Global Minimum Variance Portfolio,-0.00017422386199076836,GARCH-t,0.011629227552354331,0.01721146296814144,False,False
2025-12-31,Long-only Global Minimum Variance Portfolio,-0.005379479605521676,GARCH-t,0.011179136667736053,0.016573279343438926,False,False
2026-01-02,Long-only Global Minimum Variance Portfolio,-0.009029511566207515,GARCH-t,0.011295591944512812,0.016738401218129095,False,False
2026-01-05,Long-only Global Minimum Variance Portfolio,-0.00021582555377593115,GARCH-t,0.012088054285229723,0.01786203314741794,False,False
2026-01-06,Long-only Global Minimum Variance Portfolio,-0.0008210861450146608,GARCH-t,0.011597901223880158,0.017167045383743515,False,False
2026-01-07,Long-only Global Minimum Variance Portfolio,0.008174621358197309,GARCH-t,0.011182580958560489,0.01657816300155773,False,False
2026-01-08,Long-only Global Minimum Variance Portfolio,-0.0009294156371882081,GARCH-t,0.011199864074331444,0.016602668722170616,False,False
2026-01-09,Long-only Global Minimum Variance Portfolio,0.004138642115428975,GARCH-t,0.010828868876360411,0.01607663482928434,False,False
2026-01-12,Long-only Global Minimum Variance Portfolio,0.002035497669089074,GARCH-t,0.010479380484604828,0.015581095425434401,False,False
2026-01-13,Long-only Global Minimum Variance Portfolio,-0.002268747936147732,GARCH-t,0.010095475001992222,0.01503675604685608,False,False
2026-01-14,Long-only Global Minimum Variance Portfolio,-0.011859851974127937,GARCH-t,0.009943980511482216,0.014821952089743877,True,False
2026-01-15,Long-only Global Minimum Variance Portfolio,-0.006073271562432949,GARCH-t,0.011735675844169492,0.017362395944203832,False,False
2026-01-16,Long-only Global Minimum Variance Portfolio,-0.0025332867650724586,GARCH-t,0.011850369834584413,0.017500854321699125,False,False
2026-01-20,Long-only Global Minimum Variance Portfolio,-0.02376419707291516,GARCH-t,0.011531310260891442,0.017048635739909505,True,True
2026-01-21,Long-only Global Minimum Variance Portfolio,-0.0018004604158327526,GARCH-t,0.016939798694536237,0.024714348261176803,False,False
2026-01-22,Long-only Global Minimum Variance Portfolio,0.009510108673061868,GARCH-t,0.016112081317474665,0.023541184346848994,False,False
2026-01-23,Long-only Global Minimum Variance Portfolio,0.011046093804373306,GARCH-t,0.01575776483953442,0.023038994447626547,False,False
2026-01-26,Long-only Global Minimum Variance Portfolio,0.016114269547016977,GARCH-t,0.015659052441832903,0.02289908458697905,False,False
2026-01-27,Long-only Global Minimum Variance Portfolio,0.014384455201923163,GARCH-t,0.01654091831341089,0.02414899578430743,False,False
2026-01-28,Long-only Global Minimum Variance Portfolio,-0.0008933106328129618,GARCH-t,0.016925139815278552,0.024693571521861926,False,False
2026-01-29,Long-only Global Minimum Variance Portfolio,-0.031965359258208904,GARCH-t,0.01605439239798965,0.0234594190481227,True,True
2026-01-30,Long-only Global Minimum Variance Portfolio,-0.0021517252023450758,GARCH-t,0.02297415751023763,0.03326713717787024,False,False
2026-02-02,Long-only Global Minimum Variance Portfolio,0.012647879042128453,GARCH-t,0.021697605070817177,0.03145781759829132,False,False
2026-02-03,Long-only Global Minimum Variance Portfolio,-0.015456672757334646,GARCH-t,0.0211834406517279,0.030729067472676886,False,False
2026-02-04,Long-only Global Minimum Variance Portfolio,0.002795326078928776,GARCH-t,0.0218029614163231,0.031607144247843826,False,False
2026-02-05,Long-only Global Minimum Variance Portfolio,-0.023410330386822963,GARCH-t,0.020527364066636657,0.02979917836318776,True,False
2026-02-06,Long-only Global Minimum Variance Portfolio,-0.0018639912220439919,GARCH-t,0.023246249303983443,0.033652786051088915,False,False
2026-02-09,Long-only Global Minimum Variance Portfolio,0.007998820393640282,GARCH-t,0.021936681206332097,0.031796671780571203,False,False
2026-02-10,Long-only Global Minimum Variance Portfolio,-0.0066758409695339945,GARCH-t,0.020896583011230298,0.030322490249934865,False,False
2026-02-11,Long-only Global Minimum Variance Portfolio,-0.01282279704889474,GARCH-t,0.020140288257328942,0.029250557077500697,False,False
2026-02-12,Long-only Global Minimum Variance Portfolio,-0.020657390438558805,GARCH-t,0.02038248094268719,0.029593828496768376,True,False
2026-02-13,Long-only Global Minimum Variance Portfolio,-0.010463590126511959,GARCH-t,0.022370705462543276,0.03241183537317033,False,False
2026-02-17,Long-only Global Minimum Variance Portfolio,0.0037544388782968646,GARCH-t,0.022012611070884067,0.03190391855046317,False,False
2026-02-18,Long-only Global Minimum Variance Portfolio,0.00542435481582066,GARCH-t,0.020738418648913893,0.030097576926323005,False,False
2026-02-19,Long-only Global Minimum Variance Portfolio,-0.004788010698531209,GARCH-t,0.01962441057043268,0.028518318466539037,False,False
2026-02-20,Long-only Global Minimum Variance Portfolio,0.015414361473306262,GARCH-t,0.01879248279308402,0.02733894732400805,False,False
2026-02-23,Long-only Global Minimum Variance Portfolio,-0.014156739742691838,GARCH-t,0.019079475581845487,0.027745798762793362,False,False
2026-02-24,Long-only Global Minimum Variance Portfolio,0.01155524108175374,GARCH-t,0.01974559984245133,0.028690120796133853,False,False
2026-02-25,Long-only Global Minimum Variance Portfolio,0.015507530557815773,GARCH-t,0.01929026448486408,0.02804462079537192,False,False
2026-02-26,Long-only Global Minimum Variance Portfolio,-0.006394624100407666,GARCH-t,0.01952800954591094,0.028381656860174968,False,False
2026-02-27,Long-only Global Minimum Variance Portfolio,-0.013122434271029663,GARCH-t,0.018868448969323756,0.027446639744558177,False,False
2026-03-02,Long-only Global Minimum Variance Portfolio,0.0009717060576469681,GARCH-t,0.019351144688123986,0.028130926790713225,False,False
2026-03-03,Long-only Global Minimum Variance Portfolio,0.001427842530755735,GARCH-t,0.01824801388199077,0.026567088348707194,False,False
2026-03-04,Long-only Global Minimum Variance Portfolio,0.002748038870038075,GARCH-t,0.017224767329712735,0.025116496736900397,False,False
2026-03-05,Long-only Global Minimum Variance Portfolio,0.0008460811022369476,GARCH-t,0.01628860141152504,0.023789353806236025,False,False
2026-03-06,Long-only Global Minimum Variance Portfolio,-0.009148243016012919,GARCH-t,0.015421758852927694,0.022560486197096215,False,False
2026-03-09,Long-only Global Minimum Variance Portfolio,0.0103166565870109,GARCH-t,0.015619722123695388,0.022841126145877036,False,False
2026-03-10,Long-only Global Minimum Variance Portfolio,-0.0009659790384464832,GARCH-t,0.015439636608990573,0.022585830355769422,False,False
2026-03-11,Long-only Global Minimum Variance Portfolio,-0.00014811818823469864,GARCH-t,0.014695552583189735,0.02153098971750568,False,False
2026-03-12,Long-only Global Minimum Variance Portfolio,-0.01409830077069125,GARCH-t,0.013980800547507057,0.020517731177640695,True,False
2026-03-13,Long-only Global Minimum Variance Portfolio,-0.01444241039470296,GARCH-t,0.015516984075896578,0.022695480944318745,False,False
2026-03-16,Long-only Global Minimum Variance Portfolio,0.011364612004763582,GARCH-t,0.016844018324597986,0.024576733068218937,False,False
2026-03-17,Long-only Global Minimum Variance Portfolio,0.006828257270834534,GARCH-t,0.01667063037633596,0.024288906929160393,False,False
2026-03-18,Long-only Global Minimum Variance Portfolio,-0.01649791488547982,GARCH-t,0.01599104422401686,0.02332678450550196,True,False
2026-03-19,Long-only Global Minimum Variance Portfolio,-0.004609207568077288,GARCH-t,0.01774533864088769,0.025810422511383067,False,False
2026-03-20,Long-only Global Minimum Variance Portfolio,-0.014997281244639218,GARCH-t,0.01706641819028777,0.024849242553296225,False,False
2026-03-23,Long-only Global Minimum Variance Portfolio,0.007364674294314244,GARCH-t,0.018238645341176838,0.026508820258996795,False,False
2026-03-24,Long-only Global Minimum Variance Portfolio,-0.019115151094937617,GARCH-t,0.01746575708189051,0.025414605606882246,True,False
2026-03-25,Long-only Global Minimum Variance Portfolio,0.0016401567263761544,GARCH-t,0.019628899148938235,0.028477068667913313,False,False
2026-03-26,Long-only Global Minimum Variance Portfolio,-0.014178185441428601,GARCH-t,0.01850667391857508,0.026888281058214246,False,False
2026-03-27,Long-only Global Minimum Variance Portfolio,-0.02353334333513194,GARCH-t,0.019256000002924507,0.027949137619114616,True,False
2026-03-30,Long-only Global Minimum Variance Portfolio,-0.00037924691313397,GARCH-t,0.022299584239476245,0.03225808451611493,False,False
2026-03-31,Long-only Global Minimum Variance Portfolio,0.035992982522015216,GARCH-t,0.021008235976179956,0.03042986138851013,False,False
2026-04-01,Long-only Global Minimum Variance Portfolio,0.009679444643820983,GARCH-t,0.026564252034974156,0.03829577745835707,False,False
2026-04-02,Long-only Global Minimum Variance Portfolio,0.003581348885339344,GARCH-t,0.025288545469898175,0.03648969902653588,False,False
2026-04-06,Long-only Global Minimum Variance Portfolio,0.0069186119652157535,GARCH-t,0.023779495420756764,0.03435326513107287,False,False
2026-04-07,Long-only Global Minimum Variance Portfolio,-0.0008592895444816689,GARCH-t,0.022520465576294432,0.032570796725442934,False,False
2026-04-08,Long-only Global Minimum Variance Portfolio,0.020532523436491413,GARCH-t,0.02122660907691861,0.030739022568777717,False,False
2026-04-09,Long-only Global Minimum Variance Portfolio,0.0065279966989960645,GARCH-t,0.022222475513950943,0.03214891802760652,False,False
2026-04-10,Long-only Global Minimum Variance Portfolio,-0.001018918175787153,GARCH-t,0.021060447842822086,0.03050378021029017,False,False
2026-04-13,Long-only Global Minimum Variance Portfolio,0.014899534956278375,GARCH-t,0.01988027477451929,0.02883295309155462,False,False
2026-04-14,Long-only Global Minimum Variance Portfolio,0.02011200255025062,GARCH-t,0.019932658513483963,0.028907115241152567,False,False
2026-04-15,Long-only Global Minimum Variance Portfolio,0.028137475008462927,GARCH-t,0.021060580574338187,0.030476627094185166,False,False
2026-04-16,Long-only Global Minimum Variance Portfolio,0.003459164747532671,GARCH-t,0.024071794168788924,0.03473591160844841,False,False
2026-04-17,Long-only Global Minimum Variance Portfolio,0.015450871202708156,GARCH-t,0.02265116572032358,0.03272646904940139,False,False
2026-04-20,Long-only Global Minimum Variance Portfolio,-0.004677634702374557,GARCH-t,0.02246494430591374,0.03246306362771967,False,False
2026-04-21,Long-only Global Minimum Variance Portfolio,-0.0057221781551963094,GARCH-t,0.021389536158854604,0.030941926344159744,False,False
2026-04-22,Long-only Global Minimum Variance Portfolio,0.022787324178262378,GARCH-t,0.020495501990511138,0.029677337908631602,False,False
2026-04-23,Long-only Global Minimum Variance Portfolio,-0.013899663554700431,GARCH-t,0.022156561863261898,0.03202686456004867,False,False
2026-04-24,Long-only Global Minimum Variance Portfolio,0.01136943401149775,GARCH-t,0.022337866274159235,0.032283315006183,False,False
2026-04-27,Long-only Global Minimum Variance Portfolio,0.00024079677626854526,GARCH-t,0.02160742599434999,0.03125012593646072,False,False
2026-04-28,Long-only Global Minimum Variance Portfolio,0.005978596820233627,GARCH-t,0.020357216685693503,0.029481736886357607,False,False
2026-04-29,Long-only Global Minimum Variance Portfolio,-0.0036766703974565455,GARCH-t,0.019312587439101934,0.028004135569282808,False,False
2026-04-30,Long-only Global Minimum Variance Portfolio,0.014208351932483957,GARCH-t,0.018420996437755976,0.02674300293090483,False,False
2026-05-01,Long-only Global Minimum Variance Portfolio,0.01739120001187377,GARCH-t,0.018537888328006916,0.02690834351614472,False,False
2026-05-06,Long-only Global Minimum Variance Portfolio,0.02002975230524562,GARCH-t,0.01926278522286036,0.02793369160980925,False,False
2026-05-07,Long-only Global Minimum Variance Portfolio,0.004767355553966534,GARCH-t,0.020466409259175297,0.029636186985201686,False,False
2026-05-08,Long-only Global Minimum Variance Portfolio,0.0029774184641846854,GARCH-t,0.019352145680814174,0.028060089689125697,False,False
2026-05-11,Long-only Global Minimum Variance Portfolio,-0.010673655859186,GARCH-t,0.018266979007281657,0.026525149219778263,False,False
2026-05-12,Long-only Global Minimum Variance Portfolio,-0.005001188959927641,GARCH-t,0.018364730439719222,0.026663416117614944,False,False
2026-05-13,Long-only Global Minimum Variance Portfolio,0.013661420998831945,GARCH-t,0.01767107329272795,0.025682255847273225,False,False
2026-05-14,Long-only Global Minimum Variance Portfolio,0.0009401391037243221,GARCH-t,0.017787319599393964,0.025846683271065186,False,False
2026-05-15,Long-only Global Minimum Variance Portfolio,0.00940594397837773,GARCH-t,0.01677578799864217,0.024392779851952526,False,False
2026-05-18,Long-only Global Minimum Variance Portfolio,0.001806405946012687,GARCH-t,0.016351091357116695,0.02379281153831102,False,False
2026-05-19,Long-only Global Minimum Variance Portfolio,-0.004540674421130034,GARCH-t,0.015483785268478706,0.022567569517224956,False,False
2026-05-20,Long-only Global Minimum Variance Portfolio,-0.012484896139397867,GARCH-t,0.01501684666694831,0.021907926049529895,False,False
2026-05-21,Long-only Global Minimum Variance Portfolio,0.004074839214355054,GARCH-t,0.015951147923209258,0.023227812044244997,False,False
2026-05-22,Long-only Global Minimum Variance Portfolio,0.008509599824990525,GARCH-t,0.015163413289434673,0.022114980499062194,False,False
2026-05-26,Long-only Global Minimum Variance Portfolio,0.004463213270270062,GARCH-t,0.01479642248262023,0.021596533132265238,False,False
2026-05-27,Long-only Global Minimum Variance Portfolio,0.0023999202156858137,GARCH-t,0.014122163360953302,0.020644008274213962,False,False
2026-05-28,Long-only Global Minimum Variance Portfolio,0.006323709847090746,GARCH-t,0.013438180937927053,0.019677747322798204,False,False
2026-05-29,Long-only Global Minimum Variance Portfolio,0.01598413104048138,GARCH-t,0.01301587768601025,0.01908116014709611,False,False
2026-06-01,Long-only Global Minimum Variance Portfolio,-0.001987587773722161,GARCH-t,0.0143463733981365,0.02096074946017465,False,False
2026-06-02,Long-only Global Minimum Variance Portfolio,-0.01358058976463262,GARCH-t,0.013763213035265887,0.020136919683142948,False,False
2026-06-03,Long-only Global Minimum Variance Portfolio,-0.024147492388961182,GARCH-t,0.015191454798146285,0.022154594696700385,True,True
2026-06-04,Long-only Global Minimum Variance Portfolio,0.010813621797252116,GARCH-t,0.019493755873087486,0.028232449024530402,False,False
2026-06-05,Long-only Global Minimum Variance Portfolio,-0.017073448838503348,GARCH-t,0.018968879705252472,0.027490957243113297,False,False
2026-06-08,Long-only Global Minimum Variance Portfolio,0.00021920469705048352,GARCH-t,0.02030254791511603,0.029375028339025454,False,False
2026-06-09,Long-only Global Minimum Variance Portfolio,-0.012989957724374506,GARCH-t,0.019151462422284514,0.02774889157582741,False,False
2026-06-10,Long-only Global Minimum Variance Portfolio,-0.01928947300929109,GARCH-t,0.019560439276295517,0.028326652569034296,False,False
2026-06-11,Long-only Global Minimum Variance Portfolio,-0.030094175521519478,GARCH-t,0.021340703027043925,0.030841628521132904,True,False
2026-06-12,Long-only Global Minimum Variance Portfolio,0.016920500799687026,GARCH-t,0.025902287762832023,0.037285772490892606,False,False
2026-06-15,Long-only Global Minimum Variance Portfolio,0.026612842108453754,GARCH-t,0.02571661396906913,0.03697113714668342,False,False
2026-06-16,Long-only Global Minimum Variance Portfolio,-0.005326771723038751,GARCH-t,0.027417259229450472,0.03937074570863876,False,False
2026-06-17,Long-only Global Minimum Variance Portfolio,-0.008349634055666117,GARCH-t,0.025980076500069074,0.03734288248350935,False,False
2026-06-18,Long-only Global Minimum Variance Portfolio,-0.0070719627927777135,GARCH-t,0.02493795190989831,0.03587244585133527,False,False
2026-06-22,Long-only Global Minimum Variance Portfolio,-0.026299186898011594,GARCH-t,0.023855526759377885,0.034345145173543014,True,False
2026-06-23,Long-only Global Minimum Variance Portfolio,0.00583113815909623,GARCH-t,0.026720199717199092,0.038387195515804454,False,False
2026-06-24,Long-only Global Minimum Variance Portfolio,-0.000673875053094925,GARCH-t,0.025168923534557797,0.036198346555622866,False,False
2026-06-25,Long-only Global Minimum Variance Portfolio,-0.05102015904169352,GARCH-t,0.023665441737049354,0.034076935419454314,True,True
2026-06-26,Long-only Global Minimum Variance Portfolio,0.025970646205393355,GARCH-t,0.03539035597047199,0.050620776300417364,False,False
2026-06-29,Long-only Global Minimum Variance Portfolio,0.009280642731058955,GARCH-t,0.03551606975743618,0.05079815831334078,False,False
2026-06-30,Long-only Global Minimum Variance Portfolio,0.013347485431520747,GARCH-t,0.03350243388337816,0.04795692034524945,False,False
2026-07-01,Long-only Global Minimum Variance Portfolio,0.020484369517036267,GARCH-t,0.03197804431865017,0.045806008372898194,False,False
2026-07-02,Long-only Global Minimum Variance Portfolio,0.019345854115758322,GARCH-t,0.03154458151002757,0.04519439283431917,False,False
2026-07-06,Long-only Global Minimum Variance Portfolio,-0.0015376154997157282,GARCH-t,0.030977041436286705,0.044393594424487384,False,False
2026-07-07,Long-only Global Minimum Variance Portfolio,0.008677069853912145,GARCH-t,0.02908359010176194,0.04172193670737325,False,False
2026-07-08,Long-only Global Minimum Variance Portfolio,-0.0067250957172115215,GARCH-t,0.027517381313242332,0.039512017856984306,False,False
2026-07-09,Long-only Global Minimum Variance Portfolio,0.0029756057214137674,GARCH-t,0.02618408241403977,0.03763073460014879,False,False
2026-07-10,Long-only Global Minimum Variance Portfolio,-0.0016185841081901979,GARCH-t,0.02458664047329997,0.03537674580687969,False,False
2026-07-13,Long-only Global Minimum Variance Portfolio,0.00474960273788022,GARCH-t,0.02315639308871155,0.033358668345503044,False,False
2026-07-14,Long-only Global Minimum Variance Portfolio,-0.0027719645525851903,GARCH-t,0.021824809182021242,0.03147980494118585,False,False
2026-07-15,Long-only Global Minimum Variance Portfolio,0.033868360516793095,GARCH-t,0.020579293286399705,0.0297752461163605,False,False
2026-07-16,Long-only Global Minimum Variance Portfolio,-0.0030713966001339366,GARCH-t,0.025595368245041904,0.036864432026476206,False,False
2026-07-17,Long-only Global Minimum Variance Portfolio,-0.012608629926475714,GARCH-t,0.02414546403477867,0.03481529189536503,False,False
2026-07-20,Long-only Global Minimum Variance Portfolio,0.006116970536183914,GARCH-t,0.02385952292161226,0.03441117319153871,False,False
2026-07-21,Long-only Global Minimum Variance Portfolio,-0.007628348979567989,GARCH-t,0.022527249330312672,0.03252827964434642,False,False
2026-07-22,Long-only Global Minimum Variance Portfolio,-0.012458880058866077,GARCH-t,0.0217163884589454,0.03138229528172098,False,False
2026-07-23,Long-only Global Minimum Variance Portfolio,-0.0337223908366288,GARCH-t,0.021696832569101696,0.031354657070593185,True,True
2026-07-24,Long-only Global Minimum Variance Portfolio,0.010798863530340489,GARCH-t,0.02749576118445276,0.03955024493015769,False,False
2026-07-27,Long-only Global Minimum Variance Portfolio,0.016328748164739892,GARCH-t,0.026220149982516965,0.03774743196701233,False,False
2026-07-28,Long-only Global Minimum Variance Portfolio,0.011389467866679914,GARCH-t,0.02575926864674416,0.03709607139151561,False,False
2026-07-29,Long-only Global Minimum Variance Portfolio,-0.0031779992417664362,GARCH-t,0.024695653102127492,0.03559287050340177,False,False
2026-07-30,Long-only Global Minimum Variance Portfolio,0.05246884151386551,GARCH-t,0.02332077390944566,0.033649762738618756,False,False
2026-07-31,Long-only Global Minimum Variance Portfolio,0.01915062106854475,GARCH-t,0.0344467016032761,0.049373963531945654,False,False
2026-08-03,Long-only Global Minimum Variance Portfolio,0.027597898683225673,GARCH-t,0.03353130077083354,0.04808023352651994,False,False
2026-08-04,Long-only Global Minimum Variance Portfolio,0.009824535655549317,GARCH-t,0.034224186646223356,0.04905948459944675,False,False
2026-08-05,Long-only Global Minimum Variance Portfolio,-0.014356950749051068,GARCH-t,0.032326786849292646,0.0463779018844431,False,False
2026-08-06,Long-only Global Minimum Variance Portfolio,0.007730182405239376,GARCH-t,0.031421497925537556,0.04509846297338551,False,False
2026-08-07,Long-only Global Minimum Variance Portfolio,-0.0006925428639526608,GARCH-t,0.029604129006907766,0.04252998737490282,False,False
2026-08-10,Long-only Global Minimum Variance Portfolio,0.0022889642528878106,GARCH-t,0.027770618694153145,0.03993869924974484,False,False
2026-08-11,Long-only Global Minimum Variance Portfolio,-0.016035033390306205,GARCH-t,0.026040867334285706,0.03749405297362637,False,False
2026-08-12,Long-only Global Minimum Variance Portfolio,-0.012617399589418956,GARCH-t,0.0262212829156059,0.03779822317071197,False,False
2026-08-13,Long-only Global Minimum Variance Portfolio,0.006764210191757653,GARCH-t,0.025719308292501828,0.03708793695366939,False,False
2026-08-14,Long-only Global Minimum Variance Portfolio,-0.0014614473982207418,GARCH-t,0.024311593691094247,0.03509604287598391,False,False
2026-08-17,Long-only Global Minimum Variance Portfolio,-0.01315712240450011,GARCH-t,0.022917646794478844,0.03312362988460061,False,False
2026-08-18,Long-only Global Minimum Variance Portfolio,0.004604545565358094,GARCH-t,0.02287633773856619,0.033065178218513666,False,False
2026-08-19,Long-only Global Minimum Variance Portfolio,0.01087348686734218,GARCH-t,0.021579917199158954,0.031230763492650197,False,False
2026-08-20,Long-only Global Minimum Variance Portfolio,-0.011996414299565506,GARCH-t,0.020864963475148657,0.030219115188902187,False,False
2026-08-21,Long-only Global Minimum Variance Portfolio,0.0019712419823063746,GARCH-t,0.020873970955058656,0.03023186063167138,False,False
2026-08-24,Long-only Global Minimum Variance Portfolio,0.007218536261531159,GARCH-t,0.01967024643029809,0.028528609312378484,False,False
2026-08-25,Long-only Global Minimum Variance Portfolio,0.0015211463792987748,GARCH-t,0.018769516882625407,0.027254091132477846,False,False
2026-08-26,Long-only Global Minimum Variance Portfolio,0.0033174736544364478,GARCH-t,0.01772116187582265,0.02577068524375984,False,False
2026-08-27,Long-only Global Minimum Variance Portfolio,0.004986918929546399,GARCH-t,0.016772828807348986,0.02442880882869872,False,False
2026-08-28,Long-only Global Minimum Variance Portfolio,0.01808442091612154,GARCH-t,0.015965443124773895,0.02328637075359366,False,False
2026-08-31,Long-only Global Minimum Variance Portfolio,-0.014949861575055252,GARCH-t,0.017276110593704132,0.025140944661235655,False,False
2026-09-01,Long-only Global Minimum Variance Portfolio,3.623893038688479e-05,GARCH-t,0.018406640603435512,0.02674062688998995,False,False
2026-09-02,Long-only Global Minimum Variance Portfolio,-0.0036548330999239933,GARCH-t,0.01740551008915516,0.025324042917364186,False,False
2026-09-03,Long-only Global Minimum Variance Portfolio,0.019258044903572368,GARCH-t,0.016682246670499567,0.024300636526050138,False,False
2026-09-04,Long-only Global Minimum Variance Portfolio,-0.017675141282595327,GARCH-t,0.01815282438699202,0.026381480925425263,False,False
2026-09-08,Long-only Global Minimum Variance Portfolio,-0.009251183609839193,GARCH-t,0.019796304234155057,0.028706979127323683,False,False
2026-09-09,Long-only Global Minimum Variance Portfolio,-0.012760638773420964,GARCH-t,0.019490094387659987,0.028273696998153023,False,False
2026-09-10,Long-only Global Minimum Variance Portfolio,0.011821595085867383,GARCH-t,0.01980469329446888,0.028677920074278055,False,False
2026-09-11,Long-only Global Minimum Variance Portfolio,0.018730602638417724,GARCH-t,0.019386412362491275,0.02808672942939445,False,False
2026-09-14,Long-only Global Minimum Variance Portfolio,0.0172577947007529,GARCH-t,0.020274135317064408,0.029341420872082934,False,False
2026-09-15,Long-only Global Minimum Variance Portfolio,-0.015444558612413308,GARCH-t,0.020718575391787054,0.029969584372496732,False,False
2026-09-16,Long-only Global Minimum Variance Portfolio,0.0005821978600088044,GARCH-t,0.02140812725204349,0.030944184402716412,False,False
2026-09-17,Long-only Global Minimum Variance Portfolio,0.004834237244505749,GARCH-t,0.020165850055849213,0.02918837245769185,False,False
2026-09-18,Long-only Global Minimum Variance Portfolio,0.0012881256832307586,GARCH-t,0.0190773856097935,0.027649956650033176,False,False
2026-09-21,Long-only Global Minimum Variance Portfolio,0.010727920886964646,GARCH-t,0.018002196588684984,0.026130304086012055,False,False
2026-09-22,Long-only Global Minimum Variance Portfolio,0.0028635516389526085,GARCH-t,0.017626810272941672,0.025599739909836196,False,False
2026-09-23,Long-only Global Minimum Variance Portfolio,-0.016037959222429878,GARCH-t,0.01667296291181269,0.024251589436229244,False,False
2026-09-24,Long-only Global Minimum Variance Portfolio,-0.005875039198785787,GARCH-t,0.018181916243418816,0.026384316570105024,False,False
2026-09-25,Long-only Global Minimum Variance Portfolio,0.0254750282161594,GARCH-t,0.017599705316084065,0.025561430257879488,False,False
2026-09-28,Long-only Global Minimum Variance Portfolio,-0.007387486151272302,GARCH-t,0.020628004928290863,0.029841573730298516,False,False
2026-09-29,Long-only Global Minimum Variance Portfolio,-0.010797154550311171,GARCH-t,0.019982768828620778,0.028929608788309337,False,False
2026-09-30,Long-only Global Minimum Variance Portfolio,0.02127182169429922,GARCH-t,0.019892546349010755,0.028802089980192833,False,False
2026-10-01,Long-only Global Minimum Variance Portfolio,-0.01869946890666212,GARCH-t,0.021288318444562724,0.030774848818083345,False,False
2026-10-02,Long-only Global Minimum Variance Portfolio,0.010729500736483771,GARCH-t,0.02262166384545109,0.03265937490364248,False,False
2025-01-02,Long-only Tangency Portfolio,0.006802994210338311,GARCH-t,0.024005529672985162,0.03550139405934517,False,False
2025-01-03,Long-only Tangency Portfolio,0.0252711932661308,GARCH-t,0.023084059584086738,0.03418321888142905,False,False
2025-01-06,Long-only Tangency Portfolio,0.02275873301083904,GARCH-t,0.02464117586750966,0.036410694367248496,False,False
2025-01-07,Long-only Tangency Portfolio,-0.040654182139834634,GARCH-t,0.025453366070042047,0.037572543219016145,True,True
2025-01-08,Long-only Tangency Portfolio,0.000854892752977466,GARCH-t,0.032034893210987556,0.046987505044143826,False,False
2025-01-10,Long-only Tangency Portfolio,-0.027072814526346658,GARCH-t,0.030348658334219358,0.044575323698844274,False,False
2025-01-13,Long-only Tangency Portfolio,-0.015506408578268713,GARCH-t,0.03217541625811281,0.04718852512594278,False,False
2025-01-14,Long-only Tangency Portfolio,-0.008334030326084057,GARCH-t,0.03170830786369632,0.046520320375366284,False,False
2025-01-15,Long-only Tangency Portfolio,0.02813944449797389,GARCH-t,0.030503822114104615,0.044797287542945714,False,False
2025-01-16,Long-only Tangency Portfolio,-0.027067772020920772,GARCH-t,0.03142734398889488,0.04611839782778024,False,False
2025-01-17,Long-only Tangency Portfolio,0.021141579188311187,GARCH-t,0.03307005843541786,0.04846832262067226,False,False
2025-01-21,Long-only Tangency Portfolio,0.0006303800069655414,GARCH-t,0.032532980928634166,0.04770002612728778,False,False
2025-01-22,Long-only Tangency Portfolio,0.029110979487692795,GARCH-t,0.030809254651791063,0.045234212837165,False,False
2025-01-23,Long-only Tangency Portfolio,0.0003355161198370089,GARCH-t,0.03187233178856322,0.04675495877432116,False,False
2025-01-24,Long-only Tangency Portfolio,-0.01972078976094705,GARCH-t,0.03020788092729273,0.04437393975197747,False,False
2025-01-27,Long-only Tangency Portfolio,-0.08611187272729386,GARCH-t,0.030629900513691945,0.044977644364951816,True,True
2025-01-28,Long-only Tangency Portfolio,0.06658860233606018,GARCH-t,0.052145047175071645,0.07575534688610448,False,False
2025-01-29,Long-only Tangency Portfolio,-0.022213908898851224,GARCH-t,0.05812539268922159,0.08431031042435505,False,False
2025-01-30,Long-only Tangency Portfolio,-0.0007675349321738076,GARCH-t,0.05583191774392258,0.08102946411096054,False,False
2025-01-31,Long-only Tangency Portfolio,-0.023721558781578167,GARCH-t,0.0523691054794012,0.07607586526074459,False,False
2025-02-03,Long-only Tangency Portfolio,-0.02982001458811971,GARCH-t,0.051269960299124936,0.07453603934055872,False,False
2025-02-04,Long-only Tangency Portfolio,0.018078835235541404,GARCH-t,0.05068038447665045,0.0736922687602934,False,False
2025-02-05,Long-only Tangency Portfolio,0.029498365364495814,GARCH-t,0.04807371025861149,0.06996173074690228,False,False
2025-02-06,Long-only Tangency Portfolio,0.019221373000367838,GARCH-t,0.046991836468499464,0.06841340864674325,False,False
2025-02-07,Long-only Tangency Portfolio,-0.004642626191892388,GARCH-t,0.044811295133052716,0.06529273008807991,False,False
2025-02-10,Long-only Tangency Portfolio,0.017212472623232503,GARCH-t,0.04219207599922879,0.06154423843672102,False,False
2025-02-11,Long-only Tangency Portfolio,0.005065041191126526,GARCH-t,0.0402707709555762,0.05879456551976621,False,False
2025-02-12,Long-only Tangency Portfolio,-0.00033664927652687503,GARCH-t,0.03786704297841391,0.05535447372363765,False,False
2025-02-13,Long-only Tangency Portfolio,0.025958978800950973,GARCH-t,0.03566905583591252,0.05220882762359869,False,False
2025-02-14,Long-only Tangency Portfolio,0.019865369517726588,GARCH-t,0.03553491931244625,0.05201685833326231,False,False
2025-02-18,Long-only Tangency Portfolio,0.002184269909495889,GARCH-t,0.034555142309835245,0.05061465190194366,False,False
2025-02-19,Long-only Tangency Portfolio,0.0004024214104453768,GARCH-t,0.032597734006328954,0.047813309857193946,False,False
2025-02-20,Long-only Tangency Portfolio,0.0053525719961939585,GARCH-t,0.030824268407677127,0.04527521714678635,False,False
2025-02-21,Long-only Tangency Portfolio,-0.024477150606308274,GARCH-t,0.029211279406537057,0.04296679028534998,False,False
2025-02-24,Long-only Tangency Portfolio,-0.015702620609272053,GARCH-t,0.030760744718839682,0.045184305311959064,False,False
2025-02-25,Long-only Tangency Portfolio,-0.016778420993792842,GARCH-t,0.03049765939037506,0.04480779112702147,False,False
2025-02-26,Long-only Tangency Portfolio,0.010828478648065546,GARCH-t,0.030430086337101883,0.04471108405017544,False,False
2025-02-27,Long-only Tangency Portfolio,-0.054377084459637445,GARCH-t,0.0290979178209531,0.04280455301712802,True,True
2025-02-28,Long-only Tangency Portfolio,0.03067223657482252,GARCH-t,0.03946798725417487,0.057645662793877624,False,False
2025-03-03,Long-only Tangency Portfolio,-0.05691491556104308,GARCH-t,0.03962539417826103,0.05787093548419339,True,False
2025-03-04,Long-only Tangency Portfolio,0.0063299210182639586,GARCH-t,0.04773129751859002,0.0694787480368477,False,False
2025-03-05,Long-only Tangency Portfolio,0.007385311846644764,GARCH-t,0.04473562695377619,0.06519097802811932,False,False
2025-03-06,Long-only Tangency Portfolio,-0.034065753563787986,GARCH-t,0.042001773750997694,0.061277953041719284,False,False
2025-03-07,Long-only Tangency Portfolio,0.016843767240196345,GARCH-t,0.043490645345511475,0.06340900811993365,False,False
2025-03-10,Long-only Tangency Portfolio,-0.04917429117836403,GARCH-t,0.04139801128408881,0.06041377437387279,True,False
2025-03-11,Long-only Tangency Portfolio,-0.001700643279089279,GARCH-t,0.04673181776212964,0.06804817039776465,False,False
2025-03-12,Long-only Tangency Portfolio,0.0304873180230019,GARCH-t,0.04383157273410277,0.06389698508546714,False,False
2025-03-13,Long-only Tangency Portfolio,-0.014261876421168832,GARCH-t,0.043391437481361726,0.06326700969409614,False,False
2025-03-14,Long-only Tangency Portfolio,0.03831724614445081,GARCH-t,0.04157020683378144,0.06066024169984675,False,False
2025-03-17,Long-only Tangency Portfolio,-0.009179697543854792,GARCH-t,0.04289131895850658,0.06255117891206852,False,False
2025-03-18,Long-only Tangency Portfolio,-0.022602909287325175,GARCH-t,0.04067163592785484,0.059374097146302554,False,False
2025-03-19,Long-only Tangency Portfolio,0.015478899669504597,GARCH-t,0.04022612776233319,0.05873643138518572,False,False
2025-03-20,Long-only Tangency Portfolio,0.0027985062557186937,GARCH-t,0.03831910618067397,0.05600686891597464,False,False
2025-03-21,Long-only Tangency Portfolio,0.003941705134329537,GARCH-t,0.036032451551850614,0.05273392920993657,False,False
2025-03-24,Long-only Tangency Portfolio,0.022671138002152712,GARCH-t,0.03393983305350058,0.04973871773964825,False,False
2025-03-25,Long-only Tangency Portfolio,0.0020843637576004317,GARCH-t,0.033515804223594806,0.049131795830055974,False,False
2025-03-26,Long-only Tangency Portfolio,-0.03736651015889552,GARCH-t,0.03163065281612467,0.046433536628325334,True,False
2025-03-27,Long-only Tangency Portfolio,-0.007669069616444106,GARCH-t,0.0359046333884818,0.052550980225525255,False,False
2025-03-28,Long-only Tangency Portfolio,-0.020510288647679085,GARCH-t,0.03420597929334915,0.0501196587812175,False,False
2025-03-31,Long-only Tangency Portfolio,0.0004109134962361805,GARCH-t,0.0342532805671157,0.050187362148007245,False,False
2025-04-01,Long-only Tangency Portfolio,0.011923170174777195,GARCH-t,0.03234931664953503,0.04741919025356908,False,False
2025-04-02,Long-only Tangency Portfolio,0.0026193216244324454,GARCH-t,0.030925590584834444,0.04538260408241868,False,False
2025-04-03,Long-only Tangency Portfolio,-0.08159139680135027,GARCH-t,0.029288340962410234,0.043040580555265245,True,True
2025-04-04,Long-only Tangency Portfolio,-0.07188086418065427,GARCH-t,0.05009962716174385,0.07281033663985959,True,False
2025-04-07,Long-only Tangency Portfolio,0.005883299633895346,GARCH-t,0.05988671620830015,0.08681039655463386,False,False
2025-04-08,Long-only Tangency Portfolio,-0.02752879745306491,GARCH-t,0.0560123866531263,0.08126831497716014,False,False
2025-04-09,Long-only Tangency Portfolio,0.17086016193698958,GARCH-t,0.05452365974518788,0.07913874756352675,False,False
2025-04-10,Long-only Tangency Portfolio,-0.05130637861492053,GARCH-t,0.09872899459462314,0.14237280352243445,False,False
2025-04-11,Long-only Tangency Portfolio,0.034384709795810896,GARCH-t,0.0960007325817027,0.13847012812401982,False,False
2025-04-14,Long-only Tangency Portfolio,0.0073355660048089666,GARCH-t,0.09094222837726945,0.13123412959531305,False,False
2025-04-15,Long-only Tangency Portfolio,0.006814284113042348,GARCH-t,0.08485497622567281,0.12252654612148353,False,False
2025-04-16,Long-only Tangency Portfolio,-0.05597916630516956,GARCH-t,0.0791918636466167,0.11442567822973848,False,False
2025-04-17,Long-only Tangency Portfolio,-0.011502975292470912,GARCH-t,0.07956504563797724,0.11495950092342296,False,False
2025-04-21,Long-only Tangency Portfolio,-0.034353177132683876,GARCH-t,0.07458950484344945,0.10784217840797052,False,False
2025-04-22,Long-only Tangency Portfolio,0.02574761176621469,GARCH-t,0.0720650346870682,0.1042310195358815,False,False
2025-04-23,Long-only Tangency Portfolio,0.03241742626377177,GARCH-t,0.06827416175924797,0.09880831950052694,False,False
2025-04-24,Long-only Tangency Portfolio,0.029264819946422757,GARCH-t,0.06548728664253592,0.0948218002787885,False,False
2025-04-25,Long-only Tangency Portfolio,0.026887789048925845,GARCH-t,0.06261487962437386,0.09071293091399646,False,False
2025-04-28,Long-only Tangency Portfolio,-0.010290466495717349,GARCH-t,0.05975973361806071,0.08662875277239906,False,False
2025-04-29,Long-only Tangency Portfolio,0.0037823331855755737,GARCH-t,0.05624495640859962,0.08160099719712384,False,False
2025-04-30,Long-only Tangency Portfolio,0.001953280063790846,GARCH-t,0.052475793072472625,0.07673748751906065,False,False
2025-05-01,Long-only Tangency Portfolio,0.018566742245098144,GARCH-t,0.04907996427769064,0.07184757311248707,False,False
2025-05-02,Long-only Tangency Portfolio,0.0013036766899717819,GARCH-t,0.04663154001986142,0.06832189918270583,False,False
2025-05-05,Long-only Tangency Portfolio,-0.015519017414037654,GARCH-t,0.04369061975286155,0.06408704246546366,False,False
2025-05-06,Long-only Tangency Portfolio,-0.0024012517959873013,GARCH-t,0.04197406510224491,0.06161524373149361,False,False
2025-05-07,Long-only Tangency Portfolio,0.013430254017390952,GARCH-t,0.0394772252218975,0.058019852432444896,False,False
2025-05-08,Long-only Tangency Portfolio,0.004387657995166913,GARCH-t,0.03748686478286048,0.055153779737591606,False,False
2025-05-09,Long-only Tangency Portfolio,-0.0014421418449918324,GARCH-t,0.03528386016223519,0.05198150437179674,False,False
2025-05-12,Long-only Tangency Portfolio,0.05666478018952471,GARCH-t,0.0333167928670374,0.04914897326178684,False,False
2025-05-13,Long-only Tangency Portfolio,0.03633177058121251,GARCH-t,0.04139269958652206,0.06077809092355862,False,False
2025-05-14,Long-only Tangency Portfolio,0.023179681602066394,GARCH-t,0.04235069748573573,0.062157585595383764,False,False
2025-05-15,Long-only Tangency Portfolio,-0.0036875334006125997,GARCH-t,0.041044371200455065,0.06027650615701656,False,False
2025-05-16,Long-only Tangency Portfolio,0.002178673437808327,GARCH-t,0.03867125986523489,0.056859281082440566,False,False
2025-05-19,Long-only Tangency Portfolio,-0.0034420563013198733,GARCH-t,0.03636126376801602,0.05353294048120761,False,False
2025-05-20,Long-only Tangency Portfolio,-0.008667357604082245,GARCH-t,0.03437580951276411,0.050673932576784556,False,False
2025-05-21,Long-only Tangency Portfolio,-0.02043139981085779,GARCH-t,0.03290745602015974,0.04855953773200861,False,False
2025-05-22,Long-only Tangency Portfolio,0.0032873079228743344,GARCH-t,0.033124928822964736,0.04887269350508769,False,False
2025-05-23,Long-only Tangency Portfolio,-0.018765583117329905,GARCH-t,0.0312805474764664,0.04621682730496707,False,False
2025-05-27,Long-only Tangency Portfolio,0.029118387912320506,GARCH-t,0.031439507091465965,0.04644572544984532,False,False
2025-05-28,Long-only Tangency Portfolio,-0.0027948638426145206,GARCH-t,0.03249921897009859,0.04797168588404192,False,False
2025-05-29,Long-only Tangency Portfolio,0.01789102468963503,GARCH-t,0.030359490376281547,0.04491338272574431,False,False
2025-05-30,Long-only Tangency Portfolio,-0.014899470276673116,GARCH-t,0.029692207774083882,0.043952171366729825,False,False
2025-06-02,Long-only Tangency Portfolio,0.011348449072038693,GARCH-t,0.02944482364164475,0.04359581794561965,False,False
2025-06-03,Long-only Tangency Portfolio,0.01917440073560876,GARCH-t,0.028198658753373938,0.04180073466026812,False,False
2025-06-04,Long-only Tangency Portfolio,0.002067489984819366,GARCH-t,0.02798930053894019,0.041499157048093094,False,False
2025-06-05,Long-only Tangency Portfolio,-0.011694910963464825,GARCH-t,0.026548155561496384,0.03942320764113508,False,False
2025-06-06,Long-only Tangency Portfolio,0.01367477826610073,GARCH-t,0.026256010949554605,0.039002377368401356,False,False
2025-06-09,Long-only Tangency Portfolio,-0.0008062447261949843,GARCH-t,0.025585326401925096,0.038036265554045975,False,False
2025-06-10,Long-only Tangency Portfolio,0.007563339183025224,GARCH-t,0.024446855739128966,0.03639631431092902,False,False
2025-06-11,Long-only Tangency Portfolio,-0.011771219979254415,GARCH-t,0.023491318631781603,0.03501987632420919,False,False
2025-06-12,Long-only Tangency Portfolio,0.010054880436308379,GARCH-t,0.02363451270214293,0.03522614540199051,False,False
2025-06-13,Long-only Tangency Portfolio,-0.017672686500730266,GARCH-t,0.022934663031027612,0.03421802163064824,False,False
2025-06-16,Long-only Tangency Portfolio,0.015234723755922188,GARCH-t,0.024238322418903398,0.03609592494745144,False,False
2025-06-17,Long-only Tangency Portfolio,-0.007776843324201853,GARCH-t,0.024009168516412122,0.03576583192043159,False,False
2025-06-18,Long-only Tangency Portfolio,0.0074615588235276,GARCH-t,0.023557394423076167,0.03511505758764844,False,False
2025-06-20,Long-only Tangency Portfolio,0.002037560622746632,GARCH-t,0.02269515530440784,0.033873014063179156,False,False
2025-06-23,Long-only Tangency Portfolio,0.002919588769027277,GARCH-t,0.02180387921270183,0.03258914318067102,False,False
2025-06-24,Long-only Tangency Portfolio,0.012895473470470698,GARCH-t,0.021009543989072007,0.0314449142777989,False,False
2025-06-25,Long-only Tangency Portfolio,0.027533091682317046,GARCH-t,0.020925415084094654,0.031323727753799394,False,False
2025-06-26,Long-only Tangency Portfolio,0.0019667232328378676,GARCH-t,0.02370160052105982,0.03532278447722196,False,False
2025-06-27,Long-only Tangency Portfolio,0.01017075583726553,GARCH-t,0.022599083815866207,0.033723651182621654,False,False
2025-06-30,Long-only Tangency Portfolio,0.008861534261962912,GARCH-t,0.02201176389286514,0.032878170698701144,False,False
2025-07-01,Long-only Tangency Portfolio,-0.012481427608728998,GARCH-t,0.021393708838022926,0.031988445241768956,False,False
2025-07-02,Long-only Tangency Portfolio,0.023356062625330333,GARCH-t,0.021975835924445894,0.03282645034164231,False,False
2025-07-03,Long-only Tangency Portfolio,0.010261800244371507,GARCH-t,0.023532921971037336,0.03506796440002988,False,False
2025-07-07,Long-only Tangency Portfolio,-0.010582346787951639,GARCH-t,0.022839546072686515,0.03406981029846128,False,False
2025-07-08,Long-only Tangency Portfolio,0.006425788427898194,GARCH-t,0.022895934618052016,0.03415098482150418,False,False
2025-07-09,Long-only Tangency Portfolio,0.01295936445540252,GARCH-t,0.022035492310642654,0.03291232910770367,False,False
2025-07-10,Long-only Tangency Portfolio,0.006486046996206948,GARCH-t,0.021803124133016997,0.032577821879917514,False,False
2025-07-11,Long-only Tangency Portfolio,0.0007340823101884002,GARCH-t,0.021071493142124642,0.031524597393559034,False,False
2025-07-14,Long-only Tangency Portfolio,-0.007644350156215708,GARCH-t,0.020363481464171933,0.030505374253574153,False,False
2025-07-15,Long-only Tangency Portfolio,0.02436477211626716,GARCH-t,0.020377255344700446,0.030525202539179043,False,False
2025-07-16,Long-only Tangency Portfolio,0.004187013954360006,GARCH-t,0.02249486059675251,0.03357361592197235,False,False
2025-07-17,Long-only Tangency Portfolio,0.005665609944441987,GARCH-t,0.02161317476286605,0.03230437894173998,False,False
2025-07-18,Long-only Tangency Portfolio,5.532668335638826e-05,GARCH-t,0.020870959613811593,0.03123591795681515,False,False
2025-07-21,Long-only Tangency Portfolio,-0.0010526788081666304,GARCH-t,0.02020582479989093,0.030278418504944882,False,False
2025-07-22,Long-only Tangency Portfolio,-0.011455874936668347,GARCH-t,0.019665159511927318,0.029500100025689643,False,False
2025-07-23,Long-only Tangency Portfolio,0.012508371978342524,GARCH-t,0.02035770405860101,0.03049705734916378,False,False
2025-07-24,Long-only Tangency Portfolio,0.009637772876583664,GARCH-t,0.02030408436791443,0.030419868750149955,False,False
2025-07-25,Long-only Tangency Portfolio,-0.000369084337834508,GARCH-t,0.019962233589496642,0.029927755082204882,False,False
2025-07-28,Long-only Tangency Portfolio,0.010995038142800185,GARCH-t,0.019157425142903115,0.028787961498857668,False,False
2025-07-29,Long-only Tangency Portfolio,-0.009058970784824141,GARCH-t,0.019057287672379918,0.02864379965539026,False,False
2025-07-30,Long-only Tangency Portfolio,0.00830500418230763,GARCH-t,0.019425491138233598,0.029173879855451404,False,False
2025-07-31,Long-only Tangency Portfolio,-0.005750103769733762,GARCH-t,0.019051993414684106,0.028636177833656275,False,False
2025-08-01,Long-only Tangency Portfolio,-0.02376353429332328,GARCH-t,0.018993431306782785,0.028551869518414427,True,False
2025-08-04,Long-only Tangency Portfolio,0.02347817022371733,GARCH-t,0.022683000383172027,0.03386351836348262,False,False
2025-08-05,Long-only Tangency Portfolio,-0.006933130866784659,GARCH-t,0.024082101486517016,0.035877719373370975,False,False
2025-08-06,Long-only Tangency Portfolio,0.023252381619563535,GARCH-t,0.023495854211693673,0.035033734724820305,False,False
2025-08-07,Long-only Tangency Portfolio,0.016344071178539064,GARCH-t,0.024698669923991768,0.03676535556096156,False,False
2025-08-08,Long-only Tangency Portfolio,0.022627577205680864,GARCH-t,0.02450892136713065,0.036492186070964897,False,False
2025-08-11,Long-only Tangency Portfolio,-0.005262481487456761,GARCH-t,0.025408840595537333,0.03778774520842898,False,False
2025-08-12,Long-only Tangency Portfolio,0.008223061666846885,GARCH-t,0.024512264448717902,0.036496998902784614,False,False
2025-08-13,Long-only Tangency Portfolio,0.0006580627394790344,GARCH-t,0.023537041213597357,0.03509302915367204,False,False
2025-08-14,Long-only Tangency Portfolio,0.0005867343366737064,GARCH-t,0.0225286628265063,0.033641327942964344,False,False
2025-08-15,Long-only Tangency Portfolio,-0.007107234700912897,GARCH-t,0.021631288261873768,0.03234943220361457,False,False
2025-08-18,Long-only Tangency Portfolio,0.003581160566703606,GARCH-t,0.021375122254972352,0.03198064553868641,False,False
2025-08-19,Long-only Tangency Portfolio,-0.021219122472324554,GARCH-t,0.02058240748867508,0.030839422163898133,True,False
2025-08-20,Long-only Tangency Portfolio,-0.008724972338134074,GARCH-t,0.023181493928292413,0.034581169289211844,False,False
2025-08-21,Long-only Tangency Portfolio,-0.0033273923714373585,GARCH-t,0.0229138957935927,0.03419592448319478,False,False
2025-08-22,Long-only Tangency Portfolio,0.015042046412824304,GARCH-t,0.022155992973809168,0.033104817756629074,False,False
2025-08-25,Long-only Tangency Portfolio,0.004642304522637499,GARCH-t,0.02215686121724171,0.03304527932577425,False,False
2025-08-26,Long-only Tangency Portfolio,0.009769424949642733,GARCH-t,0.021299782347146527,0.03181331703110301,False,False
2025-08-27,Long-only Tangency Portfolio,0.0018060842365395639,GARCH-t,0.020811647124168112,0.031111673097979846,False,False
2025-08-28,Long-only Tangency Portfolio,-0.0008378540300484948,GARCH-t,0.02008968358853946,0.030073925132120816,False,False
2025-08-29,Long-only Tangency Portfolio,-0.02004221330396472,GARCH-t,0.019525895285053784,0.02926353771468992,True,False
2025-09-02,Long-only Tangency Portfolio,-0.015381653018268684,GARCH-t,0.022059429755267743,0.03290523166895442,False,False
2025-09-03,Long-only Tangency Portfolio,0.01422497850660724,GARCH-t,0.02303290719393956,0.03430450487589233,False,False
2025-09-04,Long-only Tangency Portfolio,0.005828108347181582,GARCH-t,0.022790157784007253,0.033955577687829606,False,False
2025-09-05,Long-only Tangency Portfolio,-0.016654374438909363,GARCH-t,0.021896891106633246,0.03267159916028894,False,False
2025-09-08,Long-only Tangency Portfolio,0.001762445389727159,GARCH-t,0.023156936382321344,0.034482784015486635,False,False
2025-09-09,Long-only Tangency Portfolio,0.002644473562271594,GARCH-t,0.022175242320019276,0.03307170026128737,False,False
2025-09-10,Long-only Tangency Portfolio,0.009791730903694378,GARCH-t,0.021295129933388578,0.03180662966716372,False,False
2025-09-11,Long-only Tangency Portfolio,0.005092488097378762,GARCH-t,0.02080943038373152,0.031108486762707513,False,False
2025-09-12,Long-only Tangency Portfolio,0.009576947219921788,GARCH-t,0.02011629156221679,0.030112171344286134,False,False
2025-09-15,Long-only Tangency Portfolio,0.004526019464587344,GARCH-t,0.01976095246728369,0.029601408120440036,False,False
2025-09-16,Long-only Tangency Portfolio,-0.007377514208235817,GARCH-t,0.019175950141281376,0.028760527738159947,False,False
2025-09-17,Long-only Tangency Portfolio,-0.01366086832796048,GARCH-t,0.01929691730597981,0.028934405535176705,False,False
2025-09-18,Long-only Tangency Portfolio,0.018186199234048465,GARCH-t,0.02042509915662162,0.03055605034526142,False,False
2025-09-19,Long-only Tangency Portfolio,0.01450595112806949,GARCH-t,0.021176087477669,0.03163551844038094,False,False
2025-09-22,Long-only Tangency Portfolio,0.0390300718068717,GARCH-t,0.02122685419315384,0.03170849034703251,False,False
2025-09-23,Long-only Tangency Portfolio,-0.019105210610253876,GARCH-t,0.027317272073610916,0.04045558843765514,False,False
2025-09-24,Long-only Tangency Portfolio,-0.007865127835607447,GARCH-t,0.028132057515396224,0.04162656691820466,False,False
2025-09-25,Long-only Tangency Portfolio,0.009107708933395037,GARCH-t,0.027161704115829802,0.040232012117457805,False,False
2025-09-26,Long-only Tangency Portfolio,-0.00017813931892674386,GARCH-t,0.025956359791475102,0.03849973734536662,False,False
2025-09-29,Long-only Tangency Portfolio,0.010485590027675198,GARCH-t,0.024717256693491844,0.03671894575471009,False,False
2025-09-30,Long-only Tangency Portfolio,0.015511920866160898,GARCH-t,0.023878200771554794,0.03551308666815953,False,False
2025-10-01,Long-only Tangency Portfolio,0.003409354811222118,GARCH-t,0.023685689431753643,0.035236416731992085,False,False
2025-10-02,Long-only Tangency Portfolio,0.007328503025332633,GARCH-t,0.022641205055227587,0.033735323725835424,False,False
2025-10-03,Long-only Tangency Portfolio,-0.0024103972439241854,GARCH-t,0.021826214501583285,0.032564050466365374,False,False
2025-10-06,Long-only Tangency Portfolio,-0.007558219533903899,GARCH-t,0.021135860865991344,0.03157190061955908,False,False
2025-10-07,Long-only Tangency Portfolio,-0.002193335981763838,GARCH-t,0.020997989238206352,0.031373756788146474,False,False
2025-10-08,Long-only Tangency Portfolio,0.01510048513309515,GARCH-t,0.02039225181454851,0.030503214125512906,False,False
2025-10-09,Long-only Tangency Portfolio,0.004318718703749926,GARCH-t,0.020638331716047946,0.0308568707501578,False,False
2025-10-10,Long-only Tangency Portfolio,-0.04229891172609538,GARCH-t,0.01994214755183584,0.029856341490570787,True,True
2025-10-13,Long-only Tangency Portfolio,0.02020630921567248,GARCH-t,0.029683660214607843,0.04385647098614959,False,False
2025-10-14,Long-only Tangency Portfolio,-0.025186790620803073,GARCH-t,0.029386933427689842,0.04343002659445519,False,False
2025-10-15,Long-only Tangency Portfolio,0.0018038419055956632,GARCH-t,0.03114050173302545,0.04595018790860733,False,False
2025-10-16,Long-only Tangency Portfolio,0.0032660297736951628,GARCH-t,0.029358050762832367,0.043388517532959296,False,False
2025-10-17,Long-only Tangency Portfolio,0.012178753507662732,GARCH-t,0.027742068026137528,0.041066088936956235,False,False
2025-10-20,Long-only Tangency Portfolio,0.013682760407066048,GARCH-t,0.026706510461609358,0.03957782520365272,False,False
2025-10-21,Long-only Tangency Portfolio,-0.0038157934141188066,GARCH-t,0.025889571690340066,0.038460759400699346,False,False
2025-10-22,Long-only Tangency Portfolio,-0.00895027793583705,GARCH-t,0.024842055857723123,0.036953138624638955,False,False
2025-10-23,Long-only Tangency Portfolio,0.0076931465817128356,GARCH-t,0.024384270575628215,0.03629427831840689,False,False
2025-10-24,Long-only Tangency Portfolio,0.01800038845014947,GARCH-t,0.023404416503076727,0.03488403867210438,False,False
2025-10-27,Long-only Tangency Portfolio,0.025544466567537626,GARCH-t,0.023636733048134646,0.03521839662550818,False,False
2025-10-28,Long-only Tangency Portfolio,0.029679063987763318,GARCH-t,0.02527685237458217,0.03757891271011294,False,False
2025-10-29,Long-only Tangency Portfolio,0.01816956427324942,GARCH-t,0.027560135577257037,0.04086509234272295,False,False
2025-10-30,Long-only Tangency Portfolio,-0.010186182409276791,GARCH-t,0.02724439887902525,0.04041067323878468,False,False
2025-10-31,Long-only Tangency Portfolio,-0.0031715503518787904,GARCH-t,0.026638482255590318,0.03953861721671125,False,False
2025-11-03,Long-only Tangency Portfolio,0.010524931986440576,GARCH-t,0.02547289117366701,0.03786105848510889,False,False
2025-11-04,Long-only Tangency Portfolio,-0.021545238815162245,GARCH-t,0.02455983572410199,0.03654695771202516,False,False
2025-11-05,Long-only Tangency Portfolio,-0.010456065950016287,GARCH-t,0.026354107519960573,0.039129335326860464,False,False
2025-11-06,Long-only Tangency Portfolio,-0.022287149782237985,GARCH-t,0.025891295231090693,0.038463239979763746,False,False
2025-11-07,Long-only Tangency Portfolio,-0.0016727427190121001,GARCH-t,0.027601170760623513,0.04092415158847983,False,False
2025-11-10,Long-only Tangency Portfolio,0.035781913984547255,GARCH-t,0.026263840633159456,0.038999420122054755,False,False
2025-11-11,Long-only Tangency Portfolio,-0.00846027460628163,GARCH-t,0.029922684288877056,0.04426535361915133,False,False
2025-11-12,Long-only Tangency Portfolio,-0.00041588919035752956,GARCH-t,0.028821417865802914,0.042680373146582753,False,False
2025-11-13,Long-only Tangency Portfolio,-0.021913639619448713,GARCH-t,0.02732065924206043,0.040520429773360886,False,False
2025-11-14,Long-only Tangency Portfolio,0.009938521890710608,GARCH-t,0.028687944071685404,0.04248827307629699,False,False
2025-11-17,Long-only Tangency Portfolio,-0.018032468346998707,GARCH-t,0.027391780855411475,0.0406227904428384,False,False
2025-11-18,Long-only Tangency Portfolio,-0.017197584712965692,GARCH-t,0.02799160360135875,0.04137305888894601,False,False
2025-11-19,Long-only Tangency Portfolio,0.017480995783407238,GARCH-t,0.028327317877848097,0.041855094484513466,False,False
2025-11-20,Long-only Tangency Portfolio,-0.02206648529124975,GARCH-t,0.027828441038944107,0.04113878180138715,False,False
2025-11-21,Long-only Tangency Portfolio,0.001519091785073412,GARCH-t,0.02913367098769523,0.043012897201774945,False,False
2025-11-24,Long-only Tangency Portfolio,0.018269500335854175,GARCH-t,0.027574706965572005,0.04077445754192254,False,False
2025-11-25,Long-only Tangency Portfolio,-0.013195216658720234,GARCH-t,0.027279704652265525,0.04035087824921117,False,False
2025-11-26,Long-only Tangency Portfolio,0.009374830026427652,GARCH-t,0.027073298335327175,0.04005450958430151,False,False
2025-11-28,Long-only Tangency Portfolio,-0.008086460875421472,GARCH-t,0.025918106640551063,0.038395826723360824,False,False
2025-12-01,Long-only Tangency Portfolio,0.014988504651440544,GARCH-t,0.02523897479661798,0.03742069475613423,False,False
2025-12-02,Long-only Tangency Portfolio,0.009401381691512613,GARCH-t,0.024810605848507063,0.036805620880859806,False,False
2025-12-03,Long-only Tangency Portfolio,-0.009628972941921386,GARCH-t,0.023898957680311413,0.03549663017513355,False,False
2025-12-04,Long-only Tangency Portfolio,0.007716867828923081,GARCH-t,0.023650059863582644,0.03513925005839579,False,False
2025-12-05,Long-only Tangency Portfolio,-0.005509804371819285,GARCH-t,0.022762156362985578,0.0338643531514413,False,False
2025-12-08,Long-only Tangency Portfolio,0.009277891699737768,GARCH-t,0.02220577255496766,0.033065469043602295,False,False
2025-12-09,Long-only Tangency Portfolio,-0.0027108188619824848,GARCH-t,0.021579879119967473,0.03216677948575249,False,False
2025-12-10,Long-only Tangency Portfolio,-0.0024941369426223258,GARCH-t,0.02094876789563439,0.03126059796117751,False,False
2025-12-11,Long-only Tangency Portfolio,-0.009577059951207233,GARCH-t,0.02037803349372261,0.030441108542338,False,False
2025-12-12,Long-only Tangency Portfolio,-0.018826580896798804,GARCH-t,0.020610807690075526,0.030775337546671916,False,False
2025-12-15,Long-only Tangency Portfolio,-0.0019186286086318696,GARCH-t,0.022557431550260288,0.0335703988756165,False,False
2025-12-16,Long-only Tangency Portfolio,0.005496883717017369,GARCH-t,0.021770082726422856,0.032439883476668735,False,False
2025-12-17,Long-only Tangency Portfolio,-0.02587289059491967,GARCH-t,0.020932735321089347,0.031184969215753595,True,False
2025-12-18,Long-only Tangency Portfolio,0.01188781852014964,GARCH-t,0.02463232026330773,0.036492321039292,False,False
2025-12-19,Long-only Tangency Portfolio,0.024884496315380273,GARCH-t,0.023941406148987095,0.03550114923439509,False,False
2025-12-22,Long-only Tangency Portfolio,0.004684708456620614,GARCH-t,0.025399845595512248,0.03759339779117352,False,False
2025-12-23,Long-only Tangency Portfolio,0.019422743635913935,GARCH-t,0.024210707311508345,0.035887483387634214,False,False
2025-12-24,Long-only Tangency Portfolio,0.0003271731270272322,GARCH-t,0.024571007069866157,0.03640436233741017,False,False
2025-12-26,Long-only Tangency Portfolio,0.005252455487358041,GARCH-t,0.02347340156472992,0.03482975905888198,False,False
2025-12-29,Long-only Tangency Portfolio,-0.006511710836813939,GARCH-t,0.02249740132455883,0.03342960830268935,False,False
2025-12-30,Long-only Tangency Portfolio,-0.003010706013673917,GARCH-t,0.02205757974778766,0.03279864891563218,False,False
2025-12-31,Long-only Tangency Portfolio,-0.005217282520488938,GARCH-t,0.021379027236724375,0.03182521082373671,False,False
2026-01-02,Long-only Tangency Portfolio,0.005208283209035812,GARCH-t,0.02095293567068928,0.031213948240146814,False,False
2026-01-05,Long-only Tangency Portfolio,-0.007587941711935894,GARCH-t,0.020251020106954135,0.030206993972210498,False,False
2026-01-06,Long-only Tangency Portfolio,-0.009339472448819004,GARCH-t,0.02022522795275307,0.030169993054872477,False,False
2026-01-07,Long-only Tangency Portfolio,0.0031390869920455487,GARCH-t,0.020434782876012147,0.030470616427888918,False,False
2026-01-08,Long-only Tangency Portfolio,-0.014715760128533806,GARCH-t,0.01975361107687506,0.029493420756818486,False,False
2026-01-09,Long-only Tangency Portfolio,2.5567011156333528e-05,GARCH-t,0.020965289559240388,0.03123167088578235,False,False
2026-01-12,Long-only Tangency Portfolio,0.0013979019480078844,GARCH-t,0.020264541385163842,0.030226391332099155,False,False
2026-01-13,Long-only Tangency Portfolio,0.003383617583565586,GARCH-t,0.019611014799731267,0.02928885494109888,False,False
2026-01-14,Long-only Tangency Portfolio,-0.010784259634666447,GARCH-t,0.019026066661266113,0.02844969984185229,False,False
2026-01-15,Long-only Tangency Portfolio,0.009453058747707258,GARCH-t,0.01964281218718262,0.02933447084799369,False,False
2026-01-16,Long-only Tangency Portfolio,-0.006276954497578399,GARCH-t,0.019233019127218774,0.028726238607113704,False,False
2026-01-20,Long-only Tangency Portfolio,-0.03902109134856265,GARCH-t,0.01917363575769436,0.028641048108699493,True,True
2026-01-21,Long-only Tangency Portfolio,0.017590714558351376,GARCH-t,0.0277357617112225,0.04092414661435836,False,False
2026-01-22,Long-only Tangency Portfolio,0.006458925482649642,GARCH-t,0.027335147891518412,0.04034943198894154,False,False
2026-01-23,Long-only Tangency Portfolio,0.009557918051113388,GARCH-t,0.026009009052036815,0.038446972940109105,False,False
2026-01-26,Long-only Tangency Portfolio,0.00817448107724361,GARCH-t,0.024978545151890935,0.03696868476019724,False,False
2026-01-27,Long-only Tangency Portfolio,0.011482525713131122,GARCH-t,0.023969599874346964,0.03552126687611611,False,False
2026-01-28,Long-only Tangency Portfolio,0.0064933699276435546,GARCH-t,0.023318389970698364,0.03458705083703993,False,False
2026-01-29,Long-only Tangency Portfolio,0.001996352709367506,GARCH-t,0.022400666115296307,0.033270497847971654,False,False
2026-01-30,Long-only Tangency Portfolio,-0.0026032077454416344,GARCH-t,0.021498632012331667,0.03197645314431804,False,False
2026-02-02,Long-only Tangency Portfolio,-0.0015070899396585936,GARCH-t,0.020848021380951473,0.031043096812322143,False,False
2026-02-03,Long-only Tangency Portfolio,-0.01817274196592801,GARCH-t,0.02021127478330168,0.030129629616846856,False,False
2026-02-04,Long-only Tangency Portfolio,-0.009274433375206087,GARCH-t,0.022046207454399225,0.03276199672668312,False,False
2026-02-05,Long-only Tangency Portfolio,-0.010302560103651019,GARCH-t,0.02197140589201837,0.032654687518188855,False,False
2026-02-06,Long-only Tangency Portfolio,0.049097597335788716,GARCH-t,0.022047301039735817,0.03276356556793664,False,False
2026-02-09,Long-only Tangency Portfolio,0.011018110095330828,GARCH-t,0.03133060162853964,0.04608125047572892,False,False
2026-02-10,Long-only Tangency Portfolio,-0.005895822218598846,GARCH-t,0.02986106901775411,0.04397308085599577,False,False
2026-02-11,Long-only Tangency Portfolio,0.00637274083132411,GARCH-t,0.02854523924777349,0.042085411044891156,False,False
2026-02-12,Long-only Tangency Portfolio,-0.028999640119594352,GARCH-t,0.027099351265640063,0.040011161657637635,True,False
2026-02-13,Long-only Tangency Portfolio,-0.021559212711988372,GARCH-t,0.03015984132151693,0.044401695157840884,False,False
2026-02-17,Long-only Tangency Portfolio,0.018639969804161403,GARCH-t,0.030931302725423642,0.045572479525958165,False,False
2026-02-18,Long-only Tangency Portfolio,0.010310181619050415,GARCH-t,0.03029785074841542,0.044662263201339585,False,False
2026-02-19,Long-only Tangency Portfolio,-0.005787951431709573,GARCH-t,0.028912426043963775,0.042671526368410866,False,False
2026-02-20,Long-only Tangency Portfolio,0.011705245654704,GARCH-t,0.02770957649607357,0.04094313442349861,False,False
2026-02-23,Long-only Tangency Portfolio,0.006377104555800398,GARCH-t,0.026691110140135164,0.03947968535885402,False,False
2026-02-24,Long-only Tangency Portfolio,0.01301579465100204,GARCH-t,0.025456205411569174,0.03770523286034227,False,False
2026-02-25,Long-only Tangency Portfolio,0.012177666271547961,GARCH-t,0.024807773513392684,0.03677349166993472,False,False
2026-02-26,Long-only Tangency Portfolio,-0.03308923733497631,GARCH-t,0.024151331626804894,0.0358302408111125,True,False
2026-02-27,Long-only Tangency Portfolio,-0.037237268182893975,GARCH-t,0.02902010125267799,0.04282624643604928,True,False
2026-03-02,Long-only Tangency Portfolio,0.018521723382985633,GARCH-t,0.033853733193821685,0.049771762212645766,False,False
2026-03-03,Long-only Tangency Portfolio,-0.008571829945884958,GARCH-t,0.032867668563675914,0.0483548716573006,False,False
2026-03-04,Long-only Tangency Portfolio,0.007865715115114563,GARCH-t,0.0314887984612112,0.0463735532269445,False,False
2026-03-05,Long-only Tangency Portfolio,-0.0018376706251639835,GARCH-t,0.02985713106955457,0.04402898670866143,False,False
2026-03-06,Long-only Tangency Portfolio,-0.021686900600868284,GARCH-t,0.02834196476900273,0.04185182229631271,False,False
2026-03-09,Long-only Tangency Portfolio,0.019306006085679034,GARCH-t,0.029436462150366563,0.043424521443097,False,False
2026-03-10,Long-only Tangency Portfolio,0.007757346389813375,GARCH-t,0.029076793344584656,0.042907708124390584,False,False
2026-03-11,Long-only Tangency Portfolio,0.0038429830877267242,GARCH-t,0.027667437123814188,0.04088258374889054,False,False
2026-03-12,Long-only Tangency Portfolio,-0.01671351639904629,GARCH-t,0.026278450053235657,0.038886728100454654,False,False
2026-03-13,Long-only Tangency Portfolio,-0.018205383404370536,GARCH-t,0.026757923200707478,0.03957569001372602,False,False
2026-03-16,Long-only Tangency Portfolio,0.014075981381721262,GARCH-t,0.027432732837219146,0.0405453337585665,False,False
2026-03-17,Long-only Tangency Portfolio,-0.0019417964950451,GARCH-t,0.02666336258435662,0.039411662275765875,False,False
2026-03-18,Long-only Tangency Portfolio,-0.012087885451426927,GARCH-t,0.025472537026942813,0.0377015335134527,False,False
2026-03-19,Long-only Tangency Portfolio,-0.007651163467172905,GARCH-t,0.02533275758481368,0.03750079811364799,False,False
2026-03-20,Long-only Tangency Portfolio,-0.021078185291095248,GARCH-t,0.024683327158320202,0.036568159706155456,False,False
2026-03-23,Long-only Tangency Portfolio,0.01536849657049746,GARCH-t,0.026264888150389906,0.038839418435070286,False,False
2026-03-24,Long-only Tangency Portfolio,-0.0022168493532094915,GARCH-t,0.02578700030021778,0.03815313004240743,False,False
2026-03-25,Long-only Tangency Portfolio,0.012762881656947639,GARCH-t,0.02469514868620697,0.03658513644529897,False,False
2026-03-26,Long-only Tangency Portfolio,-0.024052897543842083,GARCH-t,0.02411625255599131,0.035753791403609056,False,False
2026-03-27,Long-only Tangency Portfolio,-0.019703162781126323,GARCH-t,0.026487638167788274,0.03915930677571525,False,False
2026-03-30,Long-only Tangency Portfolio,-0.01121603233534906,GARCH-t,0.02747565615465765,0.04057818628036544,False,False
2026-03-31,Long-only Tangency Portfolio,0.04456001085447718,GARCH-t,0.02697173105179142,0.03985450613502598,False,False
2026-04-01,Long-only Tangency Portfolio,0.007178765231119728,GARCH-t,0.032937640881638475,0.04842206998169535,False,False
2026-04-02,Long-only Tangency Portfolio,0.006223413844148168,GARCH-t,0.031165444043126458,0.04587704164639337,False,False
2026-04-06,Long-only Tangency Portfolio,0.005199940054622897,GARCH-t,0.029520914084951354,0.0435153540218275,False,False
2026-04-07,Long-only Tangency Portfolio,-0.006586299001148669,GARCH-t,0.02799908195089117,0.04132987111237361,False,False
2026-04-08,Long-only Tangency Portfolio,0.021308501108739265,GARCH-t,0.02696316722570202,0.03984220773815353,False,False
2026-04-09,Long-only Tangency Portfolio,0.008032929859199775,GARCH-t,0.027240932345955624,0.04024110253710686,False,False
2026-04-10,Long-only Tangency Portfolio,0.014527592428739963,GARCH-t,0.026037472213953475,0.03851282943008374,False,False
2026-04-13,Long-only Tangency Portfolio,0.0015391211880788705,GARCH-t,0.025489528638328703,0.03772593494082226,False,False
2026-04-14,Long-only Tangency Portfolio,0.022180699375576204,GARCH-t,0.02432081594963606,0.03604756217549947,False,False
2026-04-15,Long-only Tangency Portfolio,0.02000795846586896,GARCH-t,0.025154863995842113,0.03720989797170844,False,False
2026-04-16,Long-only Tangency Portfolio,-0.0050811392517899154,GARCH-t,0.025473355695056286,0.03766687486107113,False,False
2026-04-17,Long-only Tangency Portfolio,0.019923119687437842,GARCH-t,0.024594663888148974,0.03640611406378906,False,False
2026-04-20,Long-only Tangency Portfolio,0.004704548897914042,GARCH-t,0.02498037731387096,0.03695954174151742,False,False
2026-04-21,Long-only Tangency Portfolio,-0.015414110418779188,GARCH-t,0.02388999090808107,0.035395038210811115,False,False
2026-04-22,Long-only Tangency Portfolio,0.018498411732817487,GARCH-t,0.024487011412913217,0.03625165260251139,False,False
2026-04-23,Long-only Tangency Portfolio,-0.009246672039329846,GARCH-t,0.024662846471438914,0.03650394350454819,False,False
2026-04-24,Long-only Tangency Portfolio,0.022313405017335475,GARCH-t,0.02426667370368989,0.03593550859870026,False,False
2026-04-27,Long-only Tangency Portfolio,0.018126067456339736,GARCH-t,0.025120304255229407,0.03716031111339677,False,False
2026-04-28,Long-only Tangency Portfolio,-0.004259140683573309,GARCH-t,0.025153879259398472,0.037208485056401806,False,False
2026-04-29,Long-only Tangency Portfolio,-0.01177018555147371,GARCH-t,0.024251396923644152,0.03591358923489266,False,False
2026-04-30,Long-only Tangency Portfolio,-0.026397722388052807,GARCH-t,0.02422766739655385,0.035879541736943646,True,False
2026-05-01,Long-only Tangency Portfolio,0.009926735081847838,GARCH-t,0.02712596591284247,0.04003806594239686,False,False
2026-05-06,Long-only Tangency Portfolio,0.03957083759801488,GARCH-t,0.026055805649427503,0.03850258319825769,False,False
2026-05-07,Long-only Tangency Portfolio,0.010682314400900018,GARCH-t,0.030709645442281566,0.045179985583870944,False,False
2026-05-08,Long-only Tangency Portfolio,0.0174790308004659,GARCH-t,0.029335992265510997,0.043209046443753306,False,False
2026-05-11,Long-only Tangency Portfolio,0.010266788943598436,GARCH-t,0.028753102325959564,0.04237270680892378,False,False
2026-05-12,Long-only Tangency Portfolio,0.005871864836636531,GARCH-t,0.02754282478521378,0.04063618159586442,False,False
2026-05-13,Long-only Tangency Portfolio,0.01826749234920369,GARCH-t,0.02623605199085941,0.03876120347825176,False,False
2026-05-14,Long-only Tangency Portfolio,0.024780491241898423,GARCH-t,0.02614188707512823,0.038626094179064034,False,False
2026-05-15,Long-only Tangency Portfolio,-0.02165856905967963,GARCH-t,0.027084145636507788,0.03991081217112193,False,False
2026-05-18,Long-only Tangency Portfolio,-0.014232045148737792,GARCH-t,0.028345190364566054,0.04171633633191748,False,False
2026-05-19,Long-only Tangency Portfolio,-0.0044698796948216485,GARCH-t,0.02813789659418253,0.04141953963432043,False,False
2026-05-20,Long-only Tangency Portfolio,0.009399584689060691,GARCH-t,0.02695095326665202,0.039720111527078564,False,False
2026-05-21,Long-only Tangency Portfolio,-0.004867169120808889,GARCH-t,0.02586261048747047,0.03816185658233495,False,False
2026-05-22,Long-only Tangency Portfolio,-0.0008091879452871889,GARCH-t,0.02493267106677347,0.03683039858184834,False,False
2026-05-26,Long-only Tangency Portfolio,0.004557080380714557,GARCH-t,0.02388517218022428,0.035330622637355744,False,False
2026-05-27,Long-only Tangency Portfolio,-0.014825377720967802,GARCH-t,0.02290211004812486,0.0339231052102763,False,False
2026-05-28,Long-only Tangency Portfolio,0.004690364947476959,GARCH-t,0.023550691070807112,0.03485172310988832,False,False
2026-05-29,Long-only Tangency Portfolio,0.001408803283081776,GARCH-t,0.02260398984604921,0.03349626608578494,False,False
2026-06-01,Long-only Tangency Portfolio,0.02351579135420631,GARCH-t,0.02173911418341141,0.032257964326749745,False,False
2026-06-02,Long-only Tangency Portfolio,0.01769114592508779,GARCH-t,0.023241614257950908,0.03440919665484907,False,False
2026-06-03,Long-only Tangency Portfolio,-0.026062520190538837,GARCH-t,0.023456486198421538,0.03471684353791729,True,False
2026-06-04,Long-only Tangency Portfolio,-0.011973428272608305,GARCH-t,0.026429830980438485,0.0389739850356445,False,False
2026-06-05,Long-only Tangency Portfolio,-0.026527545666066993,GARCH-t,0.026155975149308383,0.03858188687395478,True,False
2026-06-08,Long-only Tangency Portfolio,0.017771325271080062,GARCH-t,0.028671517781347314,0.0421835616588381,False,False
2026-06-09,Long-only Tangency Portfolio,-0.01985737916896386,GARCH-t,0.028194115261254274,0.041500031752821284,False,False
2026-06-10,Long-only Tangency Portfolio,-0.01970055945433873,GARCH-t,0.028927477935489113,0.04255003735333276,False,False
2026-06-11,Long-only Tangency Portfolio,-0.01775539368534445,GARCH-t,0.029521123311032474,0.04340000012201145,False,False
2026-06-12,Long-only Tangency Portfolio,0.01800491511973063,GARCH-t,0.029695775080097898,0.04365006102925529,False,False
2026-06-15,Long-only Tangency Portfolio,0.028716550560884867,GARCH-t,0.029205956526213148,0.0428121182385424,False,False
2026-06-16,Long-only Tangency Portfolio,-0.006371579753108728,GARCH-t,0.030517194337125395,0.04468489300567554,False,False
2026-06-17,Long-only Tangency Portfolio,-0.003527702175757102,GARCH-t,0.029213963566986353,0.042823554290641164,False,False
2026-06-18,Long-only Tangency Portfolio,0.004942583435837257,GARCH-t,0.027859188540967524,0.040888597517159286,False,False
2026-06-22,Long-only Tangency Portfolio,-0.00041287962725828026,GARCH-t,0.02649581655669448,0.03894136214222265,False,False
2026-06-23,Long-only Tangency Portfolio,-0.01961463253012392,GARCH-t,0.025278365619659807,0.03720253843219335,False,False
2026-06-24,Long-only Tangency Portfolio,-0.01017557755211377,GARCH-t,0.026448261521654807,0.038873441686504195,False,False
2026-06-25,Long-only Tangency Portfolio,-0.04415150256855515,GARCH-t,0.02594858230401802,0.03815977508639299,True,True
2026-06-26,Long-only Tangency Portfolio,0.004854082037234999,GARCH-t,0.03372282515129677,0.049263333660424465,False,False
2026-06-29,Long-only Tangency Portfolio,0.00406408013283803,GARCH-t,0.03182455849302606,0.04655213522691815,False,False
2026-06-30,Long-only Tangency Portfolio,0.026031543366165217,GARCH-t,0.030082468507805275,0.044063996050907786,False,False
2026-07-01,Long-only Tangency Portfolio,0.0006346743593173766,GARCH-t,0.03072748696740086,0.0449852433528181,False,False
2026-07-02,Long-only Tangency Portfolio,0.011341543060682538,GARCH-t,0.02909009950680678,0.042646645506797004,False,False
2026-07-06,Long-only Tangency Portfolio,0.007269823499527225,GARCH-t,0.027919024247341252,0.040974057835751185,False,False
2026-07-07,Long-only Tangency Portfolio,0.0013249015923915653,GARCH-t,0.026623945680942306,0.039124362501752594,False,False
2026-07-08,Long-only Tangency Portfolio,0.023873929784248505,GARCH-t,0.025359674610017827,0.037318667958215514,False,False
2026-07-09,Long-only Tangency Portfolio,-0.00018035973892832803,GARCH-t,0.026344637754966916,0.03872544109201756,False,False
2026-07-10,Long-only Tangency Portfolio,0.02217626665133558,GARCH-t,0.025135672002638065,0.036998736342926754,False,False
2026-07-13,Long-only Tangency Portfolio,-0.017242739827155476,GARCH-t,0.025839501275342566,0.038003980160120854,False,False
2026-07-14,Long-only Tangency Portfolio,0.01980293213454856,GARCH-t,0.026469424064814145,0.038903667078502006,False,False
2026-07-15,Long-only Tangency Portfolio,0.018488185204377693,GARCH-t,0.026556296909592624,0.03902708000487292,False,False
2026-07-16,Long-only Tangency Portfolio,-0.00647757898217882,GARCH-t,0.026454444429302174,0.038881620493959504,False,False
2026-07-17,Long-only Tangency Portfolio,-0.012855690260195944,GARCH-t,0.025593952967340614,0.03765271898026866,False,False
2026-07-20,Long-only Tangency Portfolio,-0.006153076948340778,GARCH-t,0.025549397837617206,0.037589088056802014,False,False
2026-07-21,Long-only Tangency Portfolio,0.01228713661375806,GARCH-t,0.024759656242609354,0.03646122719538522,False,False
2026-07-22,Long-only Tangency Portfolio,0.010352155045068333,GARCH-t,0.024144447819896678,0.03558262398393263,False,False
2026-07-23,Long-only Tangency Portfolio,-0.014820638112871523,GARCH-t,0.023432831526257747,0.03456633692115755,False,False
2026-07-24,Long-only Tangency Portfolio,0.008394166296541493,GARCH-t,0.02399768518172989,0.035373026519960944,False,False
2026-07-27,Long-only Tangency Portfolio,-0.023478985396811588,GARCH-t,0.023169535029560335,0.034190312895767044,True,False
2026-07-28,Long-only Tangency Portfolio,0.005516909176671215,GARCH-t,0.025550056758586105,0.03759002908761042,False,False
2026-07-29,Long-only Tangency Portfolio,-0.022859916502111787,GARCH-t,0.02444116696545186,0.03600638020143488,False,False
2026-07-30,Long-only Tangency Portfolio,0.015606346766848682,GARCH-t,0.02642432907225196,0.038838611574638,False,False
2026-07-31,Long-only Tangency Portfolio,-0.010494977457396876,GARCH-t,0.025966334996719458,0.038184532321602405,False,False
2026-08-03,Long-only Tangency Portfolio,0.011851760312461025,GARCH-t,0.025567228358364055,0.0376145525208953,False,False
2026-08-04,Long-only Tangency Portfolio,0.022757124132243185,GARCH-t,0.024822530539295257,0.0365510204377184,False,False
2026-08-05,Long-only Tangency Portfolio,0.02137929489032078,GARCH-t,0.02566344877598926,0.03775196866282659,False,False
2026-08-06,Long-only Tangency Portfolio,0.002107629908473051,GARCH-t,0.02613277596778357,0.038422233182473925,False,False
2026-08-07,Long-only Tangency Portfolio,0.014205576092706621,GARCH-t,0.024927650141954832,0.03670114585387588,False,False
2026-08-10,Long-only Tangency Portfolio,-0.022273160598360466,GARCH-t,0.02448869113495276,0.036074251326737417,False,False
2026-08-11,Long-only Tangency Portfolio,-0.004506718790297453,GARCH-t,0.026331795242286998,0.03870646039273977,False,False
2026-08-12,Long-only Tangency Portfolio,0.013203551084420943,GARCH-t,0.025337026863121268,0.03720594979439992,False,False
2026-08-13,Long-only Tangency Portfolio,0.007301385019559039,GARCH-t,0.024749825073704636,0.03636891465610693,False,False
2026-08-14,Long-only Tangency Portfolio,0.0003803391659905226,GARCH-t,0.02379409601175038,0.035006557078248936,False,False
2026-08-17,Long-only Tangency Portfolio,-0.0019551041706186534,GARCH-t,0.02284747128291439,0.03365717740146017,False,False
2026-08-18,Long-only Tangency Portfolio,-0.007748107545703343,GARCH-t,0.02207825705661691,0.03256069004755494,False,False
2026-08-19,Long-only Tangency Portfolio,0.002993628676743881,GARCH-t,0.021844530877343712,0.032227521742695046,False,False
2026-08-20,Long-only Tangency Portfolio,-0.008880027178584764,GARCH-t,0.02107411956172735,0.031129327980802594,False,False
2026-08-21,Long-only Tangency Portfolio,-0.00791245867396352,GARCH-t,0.021100831322689532,0.03116740464019636,False,False
2026-08-24,Long-only Tangency Portfolio,-0.015162375186015648,GARCH-t,0.02100944908639503,0.03103714253239474,False,False
2026-08-25,Long-only Tangency Portfolio,0.01240053435654741,GARCH-t,0.022015385866362504,0.032471069415639764,False,False
2026-08-26,Long-only Tangency Portfolio,-0.004362320987817319,GARCH-t,0.02174020502137859,0.03207880896822946,False,False
2026-08-27,Long-only Tangency Portfolio,0.05231995369155638,GARCH-t,0.021238037876725433,0.03136298767315381,False,False
2026-08-28,Long-only Tangency Portfolio,-0.01938668512481507,GARCH-t,0.031574958479789944,0.04609789809484333,False,False
2026-08-31,Long-only Tangency Portfolio,-0.0005290908869176223,GARCH-t,0.03172353109149451,0.04630968303628267,False,False
2026-09-01,Long-only Tangency Portfolio,0.0089675140393349,GARCH-t,0.030054031704053862,0.043929871401112465,False,False
2026-09-02,Long-only Tangency Portfolio,0.018384407750724852,GARCH-t,0.028663089043347863,0.04194713241198517,False,False
2026-09-03,Long-only Tangency Portfolio,0.0071357026248949195,GARCH-t,0.028283638154582645,0.041406238748380134,False,False
2026-09-04,Long-only Tangency Portfolio,-0.0008696006213052117,GARCH-t,0.026975281823863887,0.03954122361736753,False,False
2026-09-08,Long-only Tangency Portfolio,-0.011783010278660504,GARCH-t,0.02575062333589047,0.03779551676613174,False,False
2026-09-09,Long-only Tangency Portfolio,-0.013141200118137254,GARCH-t,0.025539291302288145,0.03749427051457008,False,False
2026-09-10,Long-only Tangency Portfolio,-0.003103479504386838,GARCH-t,0.02554185818751774,0.03752777639133988,False,False
2026-09-11,Long-only Tangency Portfolio,0.012124809479725454,GARCH-t,0.024561658643068432,0.03612904548837788,False,False
2026-09-14,Long-only Tangency Portfolio,-0.012532004680672289,GARCH-t,0.023969080261245182,0.03528344450868241,False,False
2026-09-15,Long-only Tangency Portfolio,-0.006132409600488719,GARCH-t,0.02408899462203192,0.03545456060753304,False,False
2026-09-16,Long-only Tangency Portfolio,0.013366148204630756,GARCH-t,0.023467231974013653,0.03456731409225412,False,False
2026-09-17,Long-only Tangency Portfolio,0.009090522750656112,GARCH-t,0.023124040376574583,0.03407758453086711,False,False
2026-09-18,Long-only Tangency Portfolio,0.01149020282716192,GARCH-t,0.02244986673690067,0.033115548270888986,False,False
2026-09-21,Long-only Tangency Portfolio,0.014676631314929174,GARCH-t,0.02204093342545236,0.03253200621232304,False,False
2026-09-22,Long-only Tangency Portfolio,0.009522683915363478,GARCH-t,0.02202763557378442,0.03251303036584743,False,False
2026-09-23,Long-only Tangency Portfolio,-0.01559334825355656,GARCH-t,0.021504489561291855,0.031766508396337836,False,False
2026-09-24,Long-only Tangency Portfolio,-0.00826453175855878,GARCH-t,0.022489931183761004,0.03317271967058099,False,False
2026-09-25,Long-only Tangency Portfolio,0.014675410261616617,GARCH-t,0.02226094724905949,0.032845962830545125,False,False
2026-09-28,Long-only Tangency Portfolio,0.01003049157664614,GARCH-t,0.022218780390765015,0.0327857913194367,False,False
2026-09-29,Long-only Tangency Portfolio,-0.010609794581110724,GARCH-t,0.021712449433533187,0.03206326419624325,False,False
2026-09-30,Long-only Tangency Portfolio,0.008684264636767133,GARCH-t,0.02187220223393985,0.032291229185646565,False,False
2026-10-01,Long-only Tangency Portfolio,-0.007340627340267677,GARCH-t,0.021308416928462286,0.031486715519145746,False,False
2026-10-02,Long-only Tangency Portfolio,0.013615554158054568,GARCH-t,0.021126834945129083,0.031227600594080192,False,False
