Date,Portfolio,Return,"Rolling VaR (95%, 252D)","Rolling ES (95%, 252D)",VaR Breach,Loss Exceeds ES,Model
2025-01-02,Equal Weighted Portfolio,0.0003104541637122,0.0223031363130495,0.0328172927069329,False,False,Historical VaR
2025-01-02,Equal Weighted Portfolio,0.0003104541637122,0.0201964764001685,0.0275011364176308,False,False,EWMA-t
2025-01-02,Equal Weighted Portfolio,0.0003104541637122,0.0199793934380221,0.0289953181245979,False,False,GARCH-t
2025-01-03,Equal Weighted Portfolio,0.017013153914134,0.0223031363130495,0.0328172927069329,False,False,Historical VaR
2025-01-03,Equal Weighted Portfolio,0.017013153914134,0.0195815909516018,0.0266638592477326,False,False,EWMA-t
2025-01-03,Equal Weighted Portfolio,0.017013153914134,0.0188104193327262,0.027351521958765,False,False,GARCH-t
2025-01-06,Equal Weighted Portfolio,0.0183929929649767,0.0223031363130495,0.0328172927069329,False,False,Historical VaR
2025-01-06,Equal Weighted Portfolio,0.0183929929649767,0.0201294149797891,0.0274098202279316,False,False,EWMA-t
2025-01-06,Equal Weighted Portfolio,0.0183929929649767,0.0193434554242598,0.0281010703700976,False,False,GARCH-t
2025-01-07,Equal Weighted Portfolio,-0.023368836571237,0.0223031363130495,0.0328172927069329,True,False,Historical VaR
2025-01-07,Equal Weighted Portfolio,-0.023368836571237,0.0208134032308593,0.0283411932965814,True,False,EWMA-t
2025-01-07,Equal Weighted Portfolio,-0.023368836571237,0.0200920142714626,0.0291536840741632,True,False,GARCH-t
2025-01-08,Equal Weighted Portfolio,7.474621390735066e-05,0.0234892559363594,0.0328172927069329,False,False,Historical VaR
2025-01-08,Equal Weighted Portfolio,7.474621390735066e-05,0.0221733337002609,0.0301929833126456,False,False,EWMA-t
2025-01-08,Equal Weighted Portfolio,7.474621390735066e-05,0.0232269181792992,0.0335619451302554,False,False,GARCH-t
2025-01-10,Equal Weighted Portfolio,-0.0186033470162008,0.0234892559363594,0.0328172927069329,False,False,Historical VaR
2025-01-10,Equal Weighted Portfolio,-0.0186033470162008,0.0214978647248762,0.0292732107706502,False,False,EWMA-t
2025-01-10,Equal Weighted Portfolio,-0.0186033470162008,0.0217906986381469,0.0315423519122835,False,False,GARCH-t
2025-01-13,Equal Weighted Portfolio,-0.0082024218010497,0.0234892559363594,0.0328172927069329,False,False,Historical VaR
2025-01-13,Equal Weighted Portfolio,-0.0082024218010497,0.0220895492360762,0.0300788956899549,False,False,EWMA-t
2025-01-13,Equal Weighted Portfolio,-0.0082024218010497,0.0232241185830847,0.0335580083745116,False,False,GARCH-t
2025-01-14,Equal Weighted Portfolio,-0.0058215844918577,0.0234892559363594,0.0328172927069329,False,False,Historical VaR
2025-01-14,Equal Weighted Portfolio,-0.0058215844918577,0.0216581536847156,0.0294914730290482,False,False,EWMA-t
2025-01-14,Equal Weighted Portfolio,-0.0058215844918577,0.0224474235615847,0.0324658299485063,False,False,GARCH-t
2025-01-15,Equal Weighted Portfolio,0.0271968040732229,0.0234892559363594,0.0328172927069329,False,False,Historical VaR
2025-01-15,Equal Weighted Portfolio,0.0271968040732229,0.0211227853287042,0.0287624726875713,False,False,EWMA-t
2025-01-15,Equal Weighted Portfolio,0.0271968040732229,0.0214702296148939,0.0310917125445636,False,False,GARCH-t
2025-01-16,Equal Weighted Portfolio,-0.0178294588590709,0.0234892559363594,0.0328172927069329,False,False,Historical VaR
2025-01-16,Equal Weighted Portfolio,-0.0178294588590709,0.0231038049258077,0.0314599872988571,False,False,EWMA-t
2025-01-16,Equal Weighted Portfolio,-0.0178294588590709,0.0241042285870102,0.034795607602253,False,False,GARCH-t
2025-01-17,Equal Weighted Portfolio,0.0178182299622653,0.0234892559363594,0.0328172927069329,False,False,Historical VaR
2025-01-17,Equal Weighted Portfolio,0.0178182299622653,0.0234716424906766,0.031960864325649,False,False,EWMA-t
2025-01-17,Equal Weighted Portfolio,0.0178182299622653,0.0249543287700781,0.0359910074106577,False,False,GARCH-t
2025-01-21,Equal Weighted Portfolio,0.0042291835097684,0.0234892559363594,0.0328172927069329,False,False,Historical VaR
2025-01-21,Equal Weighted Portfolio,0.0042291835097684,0.0238109295773424,0.0324228647394964,False,False,EWMA-t
2025-01-21,Equal Weighted Portfolio,0.0042291835097684,0.0247781910453121,0.0357433248355543,False,False,GARCH-t
2025-01-22,Equal Weighted Portfolio,0.0223204830290886,0.0234892559363594,0.0328172927069329,False,False,Historical VaR
2025-01-22,Equal Weighted Portfolio,0.0223204830290886,0.0231453815233962,0.0315166013170358,False,False,EWMA-t
2025-01-22,Equal Weighted Portfolio,0.0223204830290886,0.0232116939940605,0.0335405370792044,False,False,GARCH-t
2025-01-23,Equal Weighted Portfolio,0.000179641632789,0.0234892559363594,0.0328172927069329,False,False,Historical VaR
2025-01-23,Equal Weighted Portfolio,0.000179641632789,0.0240958468308932,0.0328108308432061,False,False,EWMA-t
2025-01-23,Equal Weighted Portfolio,0.000179641632789,0.024221674773304,0.0349607589001704,False,False,GARCH-t
2025-01-24,Equal Weighted Portfolio,-0.0063818627416329,0.0234892559363594,0.0328172927069329,False,False,Historical VaR
2025-01-24,Equal Weighted Portfolio,-0.0063818627416329,0.0233618970746101,0.0318114261960143,False,False,EWMA-t
2025-01-24,Equal Weighted Portfolio,-0.0063818627416329,0.0227010537386697,0.0328224814010431,False,False,GARCH-t
2025-01-27,Equal Weighted Portfolio,-0.0394270569648013,0.0234892559363594,0.0328172927069329,True,True,Historical VaR
2025-01-27,Equal Weighted Portfolio,-0.0394270569648013,0.0227888099851957,0.0310310650125636,True,True,EWMA-t
2025-01-27,Equal Weighted Portfolio,-0.0394270569648013,0.0217589723913593,0.0314977388771534,True,True,GARCH-t
2025-01-28,Equal Weighted Portfolio,0.0367032239426905,0.0252386186116375,0.0340319559226563,False,False,Historical VaR
2025-01-28,Equal Weighted Portfolio,0.0367032239426905,0.0269918735009561,0.0367542922146081,False,False,EWMA-t
2025-01-28,Equal Weighted Portfolio,0.0367032239426905,0.0301457350957515,0.0432910953893064,False,False,GARCH-t
2025-01-29,Equal Weighted Portfolio,-0.0102521682502023,0.0252386186116375,0.0340319559226563,False,False,Historical VaR
2025-01-29,Equal Weighted Portfolio,-0.0102521682502023,0.0298859672035665,0.0406951215030393,False,False,EWMA-t
2025-01-29,Equal Weighted Portfolio,-0.0102521682502023,0.0336742348107994,0.0482528257445479,False,False,GARCH-t
2025-01-30,Equal Weighted Portfolio,-0.0088268240933889,0.0252386186116375,0.0340319559226563,False,False,Historical VaR
2025-01-30,Equal Weighted Portfolio,-0.0088268240933889,0.0292546545040435,0.0398354756753334,False,False,EWMA-t
2025-01-30,Equal Weighted Portfolio,-0.0088268240933889,0.0320993837053893,0.0460382906260172,False,False,GARCH-t
2025-01-31,Equal Weighted Portfolio,-0.0031306330649435,0.0252386186116375,0.0340319559226563,False,False,Historical VaR
2025-01-31,Equal Weighted Portfolio,-0.0031306330649435,0.0285750482227018,0.0389100694468836,False,False,EWMA-t
2025-01-31,Equal Weighted Portfolio,-0.0031306330649435,0.0305177361154431,0.043814198379428,False,False,GARCH-t
2025-02-03,Equal Weighted Portfolio,-0.0175442789893011,0.0252386186116375,0.0340319559226563,False,False,Historical VaR
2025-02-03,Equal Weighted Portfolio,-0.0175442789893011,0.0277318771688214,0.0377619403516534,False,False,EWMA-t
2025-02-03,Equal Weighted Portfolio,-0.0175442789893011,0.0286979219851308,0.0411897166465198,False,False,GARCH-t
2025-02-04,Equal Weighted Portfolio,0.0172315344306124,0.0234892559363594,0.0333336257753575,False,False,Historical VaR
2025-02-04,Equal Weighted Portfolio,0.0172315344306124,0.0277581144881053,0.0377976671825403,False,False,EWMA-t
2025-02-04,Equal Weighted Portfolio,0.0172315344306124,0.0288141931619352,0.0413529818936714,False,False,GARCH-t
2025-02-05,Equal Weighted Portfolio,-0.0081617638378283,0.0234892559363594,0.0333336257753575,False,False,Historical VaR
2025-02-05,Equal Weighted Portfolio,-0.0081617638378283,0.0277524699248867,0.0377899810941348,False,False,EWMA-t
2025-02-05,Equal Weighted Portfolio,-0.0081617638378283,0.0280814321248026,0.040324056108979,False,False,GARCH-t
2025-02-06,Equal Weighted Portfolio,0.0103009322325971,0.0234892559363594,0.0333336257753575,False,False,Historical VaR
2025-02-06,Equal Weighted Portfolio,0.0103009322325971,0.0270977683438786,0.0368984870961029,False,False,EWMA-t
2025-02-06,Equal Weighted Portfolio,0.0103009322325971,0.0268066305153963,0.0385340097230269,False,False,GARCH-t
2025-02-07,Equal Weighted Portfolio,-0.0204001376475499,0.0234892559363594,0.0333336257753575,False,False,Historical VaR
2025-02-07,Equal Weighted Portfolio,-0.0204001376475499,0.0265827149440963,0.036197149222648,False,False,EWMA-t
2025-02-07,Equal Weighted Portfolio,-0.0204001376475499,0.0254210518070028,0.0365884127445552,False,False,GARCH-t
2025-02-10,Equal Weighted Portfolio,0.0118039349527054,0.0234892559363594,0.0333336257753575,False,False,Historical VaR
2025-02-10,Equal Weighted Portfolio,0.0118039349527054,0.0269925789360573,0.0367552527914219,False,False,EWMA-t
2025-02-10,Equal Weighted Portfolio,0.0118039349527054,0.0266721065615956,0.0383451143564474,False,False,GARCH-t
2025-02-11,Equal Weighted Portfolio,0.0013081443831638,0.0234892559363594,0.0333336257753575,False,False,Historical VaR
2025-02-11,Equal Weighted Portfolio,0.0013081443831638,0.0265787544711594,0.0361917563261665,False,False,EWMA-t
2025-02-11,Equal Weighted Portfolio,0.0013081443831638,0.0254487090361345,0.0366272483741052,False,False,GARCH-t
2025-02-12,Equal Weighted Portfolio,-0.0050569235046769,0.0234892559363594,0.0333336257753575,False,False,Historical VaR
2025-02-12,Equal Weighted Portfolio,-0.0050569235046769,0.025774192696266,0.0350962007109518,False,False,EWMA-t
2025-02-12,Equal Weighted Portfolio,-0.0050569235046769,0.0238050780531381,0.0343193004712768,False,False,GARCH-t
2025-02-13,Equal Weighted Portfolio,0.0148976978657663,0.0234892559363594,0.0333336257753575,False,False,Historical VaR
2025-02-13,Equal Weighted Portfolio,0.0148976978657663,0.0250680088659644,0.0341346043676962,False,False,EWMA-t
2025-02-13,Equal Weighted Portfolio,0.0148976978657663,0.0226220396080668,0.032658105758769,False,False,GARCH-t
2025-02-14,Equal Weighted Portfolio,0.004234651160314,0.0234892559363594,0.0333336257753575,False,False,Historical VaR
2025-02-14,Equal Weighted Portfolio,0.004234651160314,0.0250004482047612,0.0340426083717909,False,False,EWMA-t
2025-02-14,Equal Weighted Portfolio,0.004234651160314,0.0222490346141379,0.0321343409341894,False,False,GARCH-t
2025-02-18,Equal Weighted Portfolio,-0.001642132209759,0.0234892559363594,0.0333336257753575,False,False,Historical VaR
2025-02-18,Equal Weighted Portfolio,-0.001642132209759,0.0242959700944478,0.0330833346731964,False,False,EWMA-t
2025-02-18,Equal Weighted Portfolio,-0.001642132209759,0.0208885606563722,0.0302239954550883,False,False,GARCH-t
2025-02-19,Equal Weighted Portfolio,0.0040019760825233,0.0234892559363594,0.0333336257753575,False,False,Historical VaR
2025-02-19,Equal Weighted Portfolio,0.0040019760825233,0.0235646668262395,0.0320875336956809,False,False,EWMA-t
2025-02-19,Equal Weighted Portfolio,0.0040019760825233,0.0197195752187932,0.028582533644616,False,False,GARCH-t
2025-02-20,Equal Weighted Portfolio,-0.0007267273319549,0.0234892559363594,0.0333336257753575,False,False,Historical VaR
2025-02-20,Equal Weighted Portfolio,-0.0007267273319549,0.0229009310252695,0.0311837379817123,False,False,EWMA-t
2025-02-20,Equal Weighted Portfolio,-0.0007267273319549,0.0185687726066209,0.0269666037291977,False,False,GARCH-t
2025-02-21,Equal Weighted Portfolio,-0.0232177354285912,0.0234892559363594,0.0333336257753575,False,False,Historical VaR
2025-02-21,Equal Weighted Portfolio,-0.0232177354285912,0.0222051155195359,0.03023625997785,True,False,EWMA-t
2025-02-21,Equal Weighted Portfolio,-0.0232177354285912,0.0175616608512616,0.025552441129599,True,False,GARCH-t
2025-02-24,Equal Weighted Portfolio,-0.0109776413849333,0.0234892559363594,0.0333336257753575,False,False,Historical VaR
2025-02-24,Equal Weighted Portfolio,-0.0109776413849333,0.0233847255633074,0.0318425112907323,False,False,EWMA-t
2025-02-24,Equal Weighted Portfolio,-0.0109776413849333,0.021326542415246,0.0308389991221687,False,False,GARCH-t
2025-02-25,Equal Weighted Portfolio,-0.0128036909961351,0.0234892559363594,0.0333336257753575,False,False,Historical VaR
2025-02-25,Equal Weighted Portfolio,-0.0128036909961351,0.02307965464684,0.0314271023488662,False,False,EWMA-t
2025-02-25,Equal Weighted Portfolio,-0.0128036909961351,0.0212002668235383,0.0306616859113111,False,False,GARCH-t
2025-02-26,Equal Weighted Portfolio,0.0013021672814798,0.0234892559363594,0.0333336257753575,False,False,Historical VaR
2025-02-26,Equal Weighted Portfolio,0.0013021672814798,0.022936031180152,0.0312315331578895,False,False,EWMA-t
2025-02-26,Equal Weighted Portfolio,0.0013021672814798,0.0214316128809717,0.0309865365947093,False,False,GARCH-t
2025-02-27,Equal Weighted Portfolio,-0.0334794145264193,0.0234892559363594,0.0333336257753575,True,True,Historical VaR
2025-02-27,Equal Weighted Portfolio,-0.0334794145264193,0.0222432024049339,0.0302881221250038,True,True,EWMA-t
2025-02-27,Equal Weighted Portfolio,-0.0334794145264193,0.0201172989505742,0.0291410079385209,True,True,GARCH-t
2025-02-28,Equal Weighted Portfolio,0.0197924587472928,0.0252386186116375,0.0340907780342822,False,False,Historical VaR
2025-02-28,Equal Weighted Portfolio,0.0197924587472928,0.0252667596250059,0.0344052392858478,False,False,EWMA-t
2025-02-28,Equal Weighted Portfolio,0.0197924587472928,0.0268085795618533,0.0385367465281429,False,False,GARCH-t
2025-03-03,Equal Weighted Portfolio,-0.0357944715591506,0.0252386186116375,0.0340907780342822,True,True,Historical VaR
2025-03-03,Equal Weighted Portfolio,-0.0357944715591506,0.0257037856167665,0.0350003288044015,True,True,EWMA-t
2025-03-03,Equal Weighted Portfolio,-0.0357944715591506,0.0267617282354691,0.0384709589994386,True,False,GARCH-t
2025-03-04,Equal Weighted Portfolio,0.0051753426975785,0.027700897983589,0.0347521340903846,False,False,Historical VaR
2025-03-04,Equal Weighted Portfolio,0.0051753426975785,0.0286212988015582,0.0389730479315124,False,False,EWMA-t
2025-03-04,Equal Weighted Portfolio,0.0051753426975785,0.0323680896979618,0.0463129769804819,False,False,GARCH-t
2025-03-05,Equal Weighted Portfolio,0.015717270920421,0.027700897983589,0.0347521340903846,False,False,Historical VaR
2025-03-05,Equal Weighted Portfolio,0.015717270920421,0.0278239105895745,0.0378872604128841,False,False,EWMA-t
2025-03-05,Equal Weighted Portfolio,0.015717270920421,0.0302130788101025,0.0432880994761718,False,False,GARCH-t
2025-03-06,Equal Weighted Portfolio,-0.0221265861655465,0.027700897983589,0.0347521340903846,False,False,Historical VaR
2025-03-06,Equal Weighted Portfolio,-0.0221265861655465,0.0276752889990524,0.0376848853770329,False,False,EWMA-t
2025-03-06,Equal Weighted Portfolio,-0.0221265861655465,0.0291124486922545,0.0417432018133336,False,False,GARCH-t
2025-03-07,Equal Weighted Portfolio,0.0055322194797848,0.027700897983589,0.0347521340903846,False,False,Historical VaR
2025-03-07,Equal Weighted Portfolio,0.0055322194797848,0.0282077517541315,0.0384099292200576,False,False,EWMA-t
2025-03-07,Equal Weighted Portfolio,0.0055322194797848,0.0301656787529747,0.0432215664635933,False,False,GARCH-t
2025-03-10,Equal Weighted Portfolio,-0.0400624957862976,0.027700897983589,0.0347521340903846,True,True,Historical VaR
2025-03-10,Equal Weighted Portfolio,-0.0400624957862976,0.027434823440172,0.0373574482534732,True,True,EWMA-t
2025-03-10,Equal Weighted Portfolio,-0.0400624957862976,0.0281957940686545,0.0404565410517707,True,False,GARCH-t
2025-03-11,Equal Weighted Portfolio,-0.0024311093689995,0.0284346818608832,0.0356556364282728,False,False,Historical VaR
2025-03-11,Equal Weighted Portfolio,-0.0024311093689995,0.030914586460517,0.0420957716930379,False,False,EWMA-t
2025-03-11,Equal Weighted Portfolio,-0.0024311093689995,0.0348493087978467,0.049795736107496,False,False,GARCH-t
2025-03-12,Equal Weighted Portfolio,0.0168208149620954,0.0284346818608832,0.0356556364282728,False,False,Historical VaR
2025-03-12,Equal Weighted Portfolio,0.0168208149620954,0.0299880466361447,0.0408341210168725,False,False,EWMA-t
2025-03-12,Equal Weighted Portfolio,0.0168208149620954,0.0325568855721237,0.0465779800001308,False,False,GARCH-t
2025-03-13,Equal Weighted Portfolio,-0.0194346131220102,0.0284346818608832,0.0356556364282728,False,False,Historical VaR
2025-03-13,Equal Weighted Portfolio,-0.0194346131220102,0.0298174542496965,0.0406018287893292,False,False,EWMA-t
2025-03-13,Equal Weighted Portfolio,-0.0194346131220102,0.0313601467152718,0.0448981794631502,False,False,GARCH-t
2025-03-14,Equal Weighted Portfolio,0.0270383693972208,0.0284346818608832,0.0356556364282728,False,False,Historical VaR
2025-03-14,Equal Weighted Portfolio,0.0270383693972208,0.0299022572220634,0.0407173032941624,False,False,EWMA-t
2025-03-14,Equal Weighted Portfolio,0.0270383693972208,0.0314871683222292,0.0450764731337815,False,False,GARCH-t
2025-03-17,Equal Weighted Portfolio,-0.006453584270093,0.0284346818608832,0.0356556364282728,False,False,Historical VaR
2025-03-17,Equal Weighted Portfolio,-0.006453584270093,0.0308796300004796,0.0420481721832463,False,False,EWMA-t
2025-03-17,Equal Weighted Portfolio,-0.006453584270093,0.0322887205359062,0.046201570586115,False,False,GARCH-t
2025-03-18,Equal Weighted Portfolio,-0.0184160612482272,0.0284346818608832,0.0356556364282728,False,False,Historical VaR
2025-03-18,Equal Weighted Portfolio,-0.0184160612482272,0.0300462832394842,0.0409134206303896,False,False,EWMA-t
2025-03-18,Equal Weighted Portfolio,-0.0184160612482272,0.0304559163948299,0.0436289580543726,False,False,GARCH-t
2025-03-19,Equal Weighted Portfolio,0.0155211725228832,0.0284346818608832,0.0356556364282728,False,False,Historical VaR
2025-03-19,Equal Weighted Portfolio,0.0155211725228832,0.0300176565768179,0.0408744402785912,False,False,EWMA-t
2025-03-19,Equal Weighted Portfolio,0.0155211725228832,0.0305048258086443,0.043697609672993,False,False,GARCH-t
2025-03-20,Equal Weighted Portfolio,-0.0019287160065314,0.0284346818608832,0.0356556364282728,False,False,Historical VaR
2025-03-20,Equal Weighted Portfolio,-0.0019287160065314,0.0297363520344025,0.0404913935311,False,False,EWMA-t
2025-03-20,Equal Weighted Portfolio,-0.0019287160065314,0.0293473859641556,0.042072971130371,False,False,GARCH-t
2025-03-21,Equal Weighted Portfolio,0.0075268221949359,0.0284346818608832,0.0356556364282728,False,False,Historical VaR
2025-03-21,Equal Weighted Portfolio,0.0075268221949359,0.0288404378825561,0.0392714452183237,False,False,EWMA-t
2025-03-21,Equal Weighted Portfolio,0.0075268221949359,0.0274726328373422,0.0394414769734825,False,False,GARCH-t
2025-03-24,Equal Weighted Portfolio,0.0211018403218412,0.0284346818608832,0.0356556364282728,False,False,Historical VaR
2025-03-24,Equal Weighted Portfolio,0.0211018403218412,0.0281180652617174,0.0382878049240255,False,False,EWMA-t
2025-03-24,Equal Weighted Portfolio,0.0211018403218412,0.0258167826567245,0.0371172455786083,False,False,GARCH-t
2025-03-25,Equal Weighted Portfolio,0.0083854198723138,0.0284346818608832,0.0356556364282728,False,False,Historical VaR
2025-03-25,Equal Weighted Portfolio,0.0083854198723138,0.0284964664875305,0.0388030662758323,False,False,EWMA-t
2025-03-25,Equal Weighted Portfolio,0.0083854198723138,0.0261836318066299,0.0376321727872251,False,False,GARCH-t
2025-03-26,Equal Weighted Portfolio,-0.027087731344518,0.0284346818608832,0.0356556364282728,False,False,Historical VaR
2025-03-26,Equal Weighted Portfolio,-0.027087731344518,0.0278244395775178,0.0378879807251457,False,False,EWMA-t
2025-03-26,Equal Weighted Portfolio,-0.027087731344518,0.0246955101055664,0.0355433731980525,True,False,GARCH-t
2025-03-27,Equal Weighted Portfolio,-0.0051218505272169,0.0284346818608832,0.0356556364282728,False,False,Historical VaR
2025-03-27,Equal Weighted Portfolio,-0.0051218505272169,0.0290037222227233,0.0394937862259741,False,False,EWMA-t
2025-03-27,Equal Weighted Portfolio,-0.0051218505272169,0.0279434355559879,0.0401023184386568,False,False,GARCH-t
2025-03-28,Equal Weighted Portfolio,-0.0328644384389916,0.0284346818608832,0.0356556364282728,True,False,Historical VaR
2025-03-28,Equal Weighted Portfolio,-0.0328644384389916,0.0281921930413239,0.0383887432332089,True,False,EWMA-t
2025-03-28,Equal Weighted Portfolio,-0.0328644384389916,0.026383602406777,0.0379128611927065,True,False,GARCH-t
2025-03-31,Equal Weighted Portfolio,-0.0026054722760985,0.0289283056292859,0.0359853195741235,False,False,Historical VaR
2025-03-31,Equal Weighted Portfolio,-0.0026054722760985,0.0302346993729141,0.0411699830963401,False,False,EWMA-t
2025-03-31,Equal Weighted Portfolio,-0.0026054722760985,0.0310562072108853,0.044471555275463,False,False,GARCH-t
2025-04-01,Equal Weighted Portfolio,0.0132438564076771,0.0289283056292859,0.0359853195741235,False,False,Historical VaR
2025-04-01,Equal Weighted Portfolio,0.0132438564076771,0.0293315293505207,0.0399401546103202,False,False,EWMA-t
2025-04-01,Equal Weighted Portfolio,0.0132438564076771,0.0290772198407827,0.0416479026201199,False,False,GARCH-t
2025-04-02,Equal Weighted Portfolio,0.0050626065189619,0.0289283056292859,0.0359853195741235,False,False,Historical VaR
2025-04-02,Equal Weighted Portfolio,0.0050626065189619,0.0289109427016489,0.0393674502149158,False,False,EWMA-t
2025-04-02,Equal Weighted Portfolio,0.0050626065189619,0.0278047782698055,0.0398634030487064,False,False,GARCH-t
2025-04-03,Equal Weighted Portfolio,-0.0646320279122746,0.0289283056292859,0.0359853195741235,True,True,Historical VaR
2025-04-03,Equal Weighted Portfolio,-0.0646320279122746,0.0281008103931913,0.0382643093159896,True,True,EWMA-t
2025-04-03,Equal Weighted Portfolio,-0.0646320279122746,0.0260374497593158,0.0373848633330527,True,True,GARCH-t
2025-04-04,Equal Weighted Portfolio,-0.0511201539450449,0.0297968507767121,0.038698877451021,True,True,Historical VaR
2025-04-04,Equal Weighted Portfolio,-0.0511201539450449,0.0372594356970804,0.0507354255092143,True,True,EWMA-t
2025-04-04,Equal Weighted Portfolio,-0.0511201539450449,0.0434534993054009,0.0618095077800566,True,False,GARCH-t
2025-04-07,Equal Weighted Portfolio,0.005627501777698,0.0306532760042227,0.0402976629263187,False,False,Historical VaR
2025-04-07,Equal Weighted Portfolio,0.005627501777698,0.0413411792364502,0.0562934537352199,False,False,EWMA-t
2025-04-07,Equal Weighted Portfolio,0.005627501777698,0.0497389822599087,0.0706244049779155,False,False,GARCH-t
2025-04-08,Equal Weighted Portfolio,-0.0233667647621158,0.0306532760042227,0.0402976629263187,False,False,Historical VaR
2025-04-08,Equal Weighted Portfolio,-0.0233667647621158,0.0401428058778364,0.0546616527932388,False,False,EWMA-t
2025-04-08,Equal Weighted Portfolio,-0.0233667647621158,0.0463364902168759,0.0658526765693042,False,False,GARCH-t
2025-04-09,Equal Weighted Portfolio,0.1320817713666068,0.0306532760042227,0.0402976629263187,False,False,Historical VaR
2025-04-09,Equal Weighted Portfolio,0.1320817713666068,0.0399899241916973,0.0544534768707182,False,False,EWMA-t
2025-04-09,Equal Weighted Portfolio,0.1320817713666068,0.0453099991470984,0.0644131032986266,False,False,GARCH-t
2025-04-10,Equal Weighted Portfolio,-0.0423913308674986,0.0306532760042227,0.0402976629263187,True,True,Historical VaR
2025-04-10,Equal Weighted Portfolio,-0.0423913308674986,0.0648157267983407,0.088258273838014,False,False,EWMA-t
2025-04-10,Equal Weighted Portfolio,-0.0423913308674986,0.0825603743394153,0.1166538348825784,False,False,GARCH-t
2025-04-11,Equal Weighted Portfolio,0.0273054971597109,0.031621924169556,0.0411707554746175,False,False,Historical VaR
2025-04-11,Equal Weighted Portfolio,0.0273054971597109,0.065014696429706,0.0885292067902144,False,False,EWMA-t
2025-04-11,Equal Weighted Portfolio,0.0273054971597109,0.0805795748324926,0.1138759188259337,False,False,GARCH-t
2025-04-14,Equal Weighted Portfolio,0.0033067833508237,0.031621924169556,0.0411707554746175,False,False,Historical VaR
2025-04-14,Equal Weighted Portfolio,0.0033067833508237,0.0639421322765318,0.0870687177173353,False,False,EWMA-t
2025-04-14,Equal Weighted Portfolio,0.0033067833508237,0.07620400427405,0.1077395240677573,False,False,GARCH-t
2025-04-15,Equal Weighted Portfolio,-0.0049903682306915,0.031621924169556,0.0411707554746175,False,False,Historical VaR
2025-04-15,Equal Weighted Portfolio,-0.0049903682306915,0.0620078341353492,0.0844348227745231,False,False,EWMA-t
2025-04-15,Equal Weighted Portfolio,-0.0049903682306915,0.0708838657866599,0.100278446822916,False,False,GARCH-t
2025-04-16,Equal Weighted Portfolio,-0.0387170344711327,0.031621924169556,0.0411707554746175,True,False,Historical VaR
2025-04-16,Equal Weighted Portfolio,-0.0387170344711327,0.0601508469991697,0.0819062006750052,False,False,EWMA-t
2025-04-16,Equal Weighted Portfolio,-0.0387170344711327,0.0660521623878842,0.0935023615071156,False,False,GARCH-t
2025-04-17,Equal Weighted Portfolio,-0.0097392378898401,0.0325714798575959,0.0416619283975648,False,False,Historical VaR
2025-04-17,Equal Weighted Portfolio,-0.0097392378898401,0.06027311079452,0.0820726848303719,False,False,EWMA-t
2025-04-17,Equal Weighted Portfolio,-0.0097392378898401,0.0653797351625753,0.0925593350273624,False,False,GARCH-t
2025-04-21,Equal Weighted Portfolio,-0.028307227916288,0.0325714798575959,0.0416619283975648,False,False,Historical VaR
2025-04-21,Equal Weighted Portfolio,-0.028307227916288,0.0585623198823226,0.0797431351937833,False,False,EWMA-t
2025-04-21,Equal Weighted Portfolio,-0.028307227916288,0.0611678937235403,0.0866525575263352,False,False,GARCH-t
2025-04-22,Equal Weighted Portfolio,0.0275837301089611,0.0325714798575959,0.0416619283975648,False,False,Historical VaR
2025-04-22,Equal Weighted Portfolio,0.0275837301089611,0.0578592063419116,0.0787857196026277,False,False,EWMA-t
2025-04-22,Equal Weighted Portfolio,0.0275837301089611,0.0592868567358704,0.0840145505837202,False,False,GARCH-t
2025-04-23,Equal Weighted Portfolio,0.0302528565295614,0.0325714798575959,0.0416619283975648,False,False,Historical VaR
2025-04-23,Equal Weighted Portfolio,0.0302528565295614,0.0571357013635852,0.0778005373998736,False,False,EWMA-t
2025-04-23,Equal Weighted Portfolio,0.0302528565295614,0.0568767660272336,0.0806345872638115,False,False,GARCH-t
2025-04-24,Equal Weighted Portfolio,0.0291587428004502,0.0318616175543343,0.0416619283975648,False,False,Historical VaR
2025-04-24,Equal Weighted Portfolio,0.0291587428004502,0.056658217830045,0.0771503576589683,False,False,EWMA-t
2025-04-24,Equal Weighted Portfolio,0.0291587428004502,0.0550925526957958,0.0781323679101826,False,False,GARCH-t
2025-04-25,Equal Weighted Portfolio,0.0174044522294162,0.0318616175543343,0.0416619283975648,False,False,Historical VaR
2025-04-25,Equal Weighted Portfolio,0.0174044522294162,0.0561161897624346,0.0764122889219179,False,False,EWMA-t
2025-04-25,Equal Weighted Portfolio,0.0174044522294162,0.0533331094183196,0.0756648866157988,False,False,GARCH-t
2025-04-28,Equal Weighted Portfolio,-0.0067487420976075,0.0318616175543343,0.0416619283975648,False,False,Historical VaR
2025-04-28,Equal Weighted Portfolio,-0.0067487420976075,0.0548354700349351,0.0746683585827415,False,False,EWMA-t
2025-04-28,Equal Weighted Portfolio,-0.0067487420976075,0.0503218401082136,0.0714418174267216,False,False,GARCH-t
2025-04-29,Equal Weighted Portfolio,0.0022507338050064,0.0318616175543343,0.0416619283975648,False,False,Historical VaR
2025-04-29,Equal Weighted Portfolio,0.0022507338050064,0.0532311594418399,0.0724838010588067,False,False,EWMA-t
2025-04-29,Equal Weighted Portfolio,0.0022507338050064,0.0470884617893743,0.0669072577614355,False,False,GARCH-t
2025-04-30,Equal Weighted Portfolio,-0.0029564956194054,0.0318616175543343,0.0416619283975648,False,False,Historical VaR
2025-04-30,Equal Weighted Portfolio,-0.0029564956194054,0.0516171129126924,0.0702859863062235,False,False,EWMA-t
2025-04-30,Equal Weighted Portfolio,-0.0029564956194054,0.0437724476064785,0.0626375699758464,False,False,GARCH-t
2025-05-01,Equal Weighted Portfolio,0.0295920465709703,0.0318616175543343,0.0416619283975648,False,False,Historical VaR
2025-05-01,Equal Weighted Portfolio,0.0295920465709703,0.0500581509547418,0.0681631791082738,False,False,EWMA-t
2025-05-01,Equal Weighted Portfolio,0.0295920465709703,0.0408178264915643,0.0584697700639078,False,False,GARCH-t
2025-05-02,Equal Weighted Portfolio,0.0058304400403103,0.0318616175543343,0.0416619283975648,False,False,Historical VaR
2025-05-02,Equal Weighted Portfolio,0.0058304400403103,0.0499088010875757,0.0679598123927386,False,False,EWMA-t
2025-05-02,Equal Weighted Portfolio,0.0058304400403103,0.0408320287060163,0.0584898037622536,False,False,GARCH-t
2025-05-05,Equal Weighted Portfolio,-0.0106024641011815,0.0318616175543343,0.0416619283975648,False,False,Historical VaR
2025-05-05,Equal Weighted Portfolio,-0.0106024641011815,0.0484426676963972,0.0659634079903891,False,False,EWMA-t
2025-05-05,Equal Weighted Portfolio,-0.0106024641011815,0.0380515675235054,0.0545676745210044,False,False,GARCH-t
2025-05-06,Equal Weighted Portfolio,-0.0046475049359943,0.0318616175543343,0.0416619283975648,False,False,Historical VaR
2025-05-06,Equal Weighted Portfolio,-0.0046475049359943,0.0471516094934248,0.0642053999567327,False,False,EWMA-t
2025-05-06,Equal Weighted Portfolio,-0.0046475049359943,0.0361036993953348,0.051820004245422,False,False,GARCH-t
2025-05-07,Equal Weighted Portfolio,-0.0070703370490625,0.0318616175543343,0.0416619283975648,False,False,Historical VaR
2025-05-07,Equal Weighted Portfolio,-0.0070703370490625,0.045751699403617,0.0622991704942557,False,False,EWMA-t
2025-05-07,Equal Weighted Portfolio,-0.0070703370490625,0.0338293914879442,0.0486118567613683,False,False,GARCH-t
2025-05-08,Equal Weighted Portfolio,0.0114507183576085,0.0318616175543343,0.0416619283975648,False,False,Historical VaR
2025-05-08,Equal Weighted Portfolio,0.0114507183576085,0.0444449711637544,0.0605198248859826,False,False,EWMA-t
2025-05-08,Equal Weighted Portfolio,0.0114507183576085,0.0319205577027211,0.0459192484801238,False,False,GARCH-t
2025-05-09,Equal Weighted Portfolio,-0.0006569079914231,0.0318616175543343,0.0416619283975648,False,False,Historical VaR
2025-05-09,Equal Weighted Portfolio,-0.0006569079914231,0.0433256360534476,0.058995648739824,False,False,EWMA-t
2025-05-09,Equal Weighted Portfolio,-0.0006569079914231,0.0301828205403747,0.0434679897533648,False,False,GARCH-t
2025-05-12,Equal Weighted Portfolio,0.0511934260837611,0.0318616175543343,0.0416619283975648,False,False,Historical VaR
2025-05-12,Equal Weighted Portfolio,0.0511934260837611,0.0420065569619421,0.0571994852248441,False,False,EWMA-t
2025-05-12,Equal Weighted Portfolio,0.0511934260837611,0.0281994535549596,0.0406702446531796,False,False,GARCH-t
2025-05-13,Equal Weighted Portfolio,0.0175040547078452,0.0318616175543343,0.0416619283975648,False,False,Historical VaR
2025-05-13,Equal Weighted Portfolio,0.0175040547078452,0.0454308329167345,0.0618622530412922,False,False,EWMA-t
2025-05-13,Equal Weighted Portfolio,0.0175040547078452,0.0374364800676717,0.0537000297893946,False,False,GARCH-t
2025-05-14,Equal Weighted Portfolio,0.0157554524786711,0.0318616175543343,0.0416619283975648,False,False,Historical VaR
2025-05-14,Equal Weighted Portfolio,0.0157554524786711,0.0445814340225498,0.0607056436209597,False,False,EWMA-t
2025-05-14,Equal Weighted Portfolio,0.0157554524786711,0.0358437723716968,0.0514533501858675,False,False,GARCH-t
2025-05-15,Equal Weighted Portfolio,-0.0076542271011241,0.0318616175543343,0.0416619283975648,False,False,Historical VaR
2025-05-15,Equal Weighted Portfolio,-0.0076542271011241,0.0436651079865463,0.0594579008553478,False,False,EWMA-t
2025-05-15,Equal Weighted Portfolio,-0.0076542271011241,0.0341927478131334,0.0491244085916121,False,False,GARCH-t
2025-05-16,Equal Weighted Portfolio,0.004033021163074,0.0318616175543343,0.0416619283975648,False,False,Historical VaR
2025-05-16,Equal Weighted Portfolio,0.004033021163074,0.0424417629852111,0.0577920965288434,False,False,EWMA-t
2025-05-16,Equal Weighted Portfolio,0.004033021163074,0.0323032211378023,0.0464590349938609,False,False,GARCH-t
2025-05-19,Equal Weighted Portfolio,0.001008628752474,0.0318616175543343,0.0416619283975648,False,False,Historical VaR
2025-05-19,Equal Weighted Portfolio,0.001008628752474,0.041179368090542,0.0560731187466137,False,False,EWMA-t
2025-05-19,Equal Weighted Portfolio,0.001008628752474,0.0301313812004774,0.0433954292226043,False,False,GARCH-t
2025-05-20,Equal Weighted Portfolio,-0.0089654743566838,0.0318616175543343,0.0416619283975648,False,False,Historical VaR
2025-05-20,Equal Weighted Portfolio,-0.0089654743566838,0.0399268488369379,0.0543675884265432,False,False,EWMA-t
2025-05-20,Equal Weighted Portfolio,-0.0089654743566838,0.0281175378385229,0.0405546940284217,False,False,GARCH-t
2025-05-21,Equal Weighted Portfolio,-0.0080530568327761,0.0318616175543343,0.0416619283975648,False,False,Historical VaR
2025-05-21,Equal Weighted Portfolio,-0.0080530568327761,0.0388707372120345,0.0529295024310835,False,False,EWMA-t
2025-05-21,Equal Weighted Portfolio,-0.0080530568327761,0.0269330130658068,0.0388837988268355,False,False,GARCH-t
2025-05-22,Equal Weighted Portfolio,0.0060795351278394,0.0318616175543343,0.0416619283975648,False,False,Historical VaR
2025-05-22,Equal Weighted Portfolio,0.0060795351278394,0.0378193999527702,0.0514979175934569,False,False,EWMA-t
2025-05-22,Equal Weighted Portfolio,0.0060795351278394,0.0257589915292256,0.0372277195305501,False,False,GARCH-t
2025-05-23,Equal Weighted Portfolio,-0.0152826072479207,0.0318616175543343,0.0416619283975648,False,False,Historical VaR
2025-05-23,Equal Weighted Portfolio,-0.0152826072479207,0.0367451262962141,0.0500351007241455,False,False,EWMA-t
2025-05-23,Equal Weighted Portfolio,-0.0152826072479207,0.0241745108758372,0.0349926450249473,False,False,GARCH-t
2025-05-27,Equal Weighted Portfolio,0.0263245897804159,0.0318616175543343,0.0416619283975648,False,False,Historical VaR
2025-05-27,Equal Weighted Portfolio,0.0263245897804159,0.0361290759752951,0.0491962373709531,False,False,EWMA-t
2025-05-27,Equal Weighted Portfolio,0.0263245897804159,0.0244905499128971,0.0354384509065131,False,False,GARCH-t
2025-05-28,Equal Weighted Portfolio,-0.0042060476368685,0.0318616175543343,0.0416619283975648,False,False,Historical VaR
2025-05-28,Equal Weighted Portfolio,-0.0042060476368685,0.0365261075506553,0.0497368672956856,False,False,EWMA-t
2025-05-28,Equal Weighted Portfolio,-0.0042060476368685,0.0263428249925546,0.03805127726009,False,False,GARCH-t
2025-05-29,Equal Weighted Portfolio,0.0070791668646157,0.0318616175543343,0.0416619283975648,False,False,Historical VaR
2025-05-29,Equal Weighted Portfolio,0.0070791668646157,0.035451980224769,0.0482742496819093,False,False,EWMA-t
2025-05-29,Equal Weighted Portfolio,0.0070791668646157,0.0246072143538156,0.0356406708791559,False,False,GARCH-t
2025-05-30,Equal Weighted Portfolio,-0.0049990641542465,0.0318616175543343,0.0416619283975648,False,False,Historical VaR
2025-05-30,Equal Weighted Portfolio,-0.0049990641542465,0.034484521045869,0.0469568799422454,False,False,EWMA-t
2025-05-30,Equal Weighted Portfolio,-0.0049990641542465,0.0231443313379013,0.0335753066242122,False,False,GARCH-t
2025-06-02,Equal Weighted Portfolio,0.0036063740267077,0.0318616175543343,0.0416619283975648,False,False,Historical VaR
2025-06-02,Equal Weighted Portfolio,0.0036063740267077,0.0334917285889868,0.0456050143865842,False,False,EWMA-t
2025-06-02,Equal Weighted Portfolio,0.0036063740267077,0.0219960040127753,0.031954046287952,False,False,GARCH-t
2025-06-03,Equal Weighted Portfolio,0.0035476464067363,0.0318616175543343,0.0416619283975648,False,False,Historical VaR
2025-06-03,Equal Weighted Portfolio,0.0035476464067363,0.032502390761352,0.0442578529302086,False,False,EWMA-t
2025-06-03,Equal Weighted Portfolio,0.0035476464067363,0.0206176516954569,0.0300080262877614,False,False,GARCH-t
2025-06-04,Equal Weighted Portfolio,0.0044186872938221,0.0318616175543343,0.0416619283975648,False,False,Historical VaR
2025-06-04,Equal Weighted Portfolio,0.0044186872938221,0.0315431035858725,0.0429516108435283,False,False,EWMA-t
2025-06-04,Equal Weighted Portfolio,0.0044186872938221,0.019358969189622,0.0282309615275628,False,False,GARCH-t
2025-06-05,Equal Weighted Portfolio,-0.002084517881869,0.0318616175543343,0.0416619283975648,False,False,Historical VaR
2025-06-05,Equal Weighted Portfolio,-0.002084517881869,0.0306314986686688,0.0417102967305975,False,False,EWMA-t
2025-06-05,Equal Weighted Portfolio,-0.002084517881869,0.0182374458301828,0.0266475442395971,False,False,GARCH-t
2025-06-06,Equal Weighted Portfolio,0.0183690251637271,0.0318616175543343,0.0416619283975648,False,False,Historical VaR
2025-06-06,Equal Weighted Portfolio,0.0183690251637271,0.02970965069389,0.0404550348518226,False,False,EWMA-t
2025-06-06,Equal Weighted Portfolio,0.0183690251637271,0.0173280790088318,0.0253636591257376,False,False,GARCH-t
2025-06-09,Equal Weighted Portfolio,0.0064054414362905,0.0318616175543343,0.0416619283975648,False,False,Historical VaR
2025-06-09,Equal Weighted Portfolio,0.0064054414362905,0.0296965199077225,0.0404371549239328,False,False,EWMA-t
2025-06-09,Equal Weighted Portfolio,0.0064054414362905,0.0184842555325152,0.0269960013147187,False,False,GARCH-t
2025-06-10,Equal Weighted Portfolio,0.0055623934437328,0.0318616175543343,0.0416619283975648,False,False,Historical VaR
2025-06-10,Equal Weighted Portfolio,0.0055623934437328,0.0289018207506862,0.0393550290374366,False,False,EWMA-t
2025-06-10,Equal Weighted Portfolio,0.0055623934437328,0.0175474872905004,0.025673429638668,False,False,GARCH-t
2025-06-11,Equal Weighted Portfolio,-0.0100814497919739,0.0318616175543343,0.0416619283975648,False,False,Historical VaR
2025-06-11,Equal Weighted Portfolio,-0.0100814497919739,0.0281066008509482,0.0382721940660588,False,False,EWMA-t
2025-06-11,Equal Weighted Portfolio,-0.0100814497919739,0.0166494566337501,0.02440554943354,False,False,GARCH-t
2025-06-12,Equal Weighted Portfolio,0.0041075923335403,0.0318616175543343,0.0416619283975648,False,False,Historical VaR
2025-06-12,Equal Weighted Portfolio,0.0041075923335403,0.0275372360988151,0.0374969015145486,False,False,EWMA-t
2025-06-12,Equal Weighted Portfolio,0.0041075923335403,0.0170304811409249,0.0249434970266253,False,False,GARCH-t
2025-06-13,Equal Weighted Portfolio,-0.0108744256343112,0.0318616175543343,0.0416619283975648,False,False,Historical VaR
2025-06-13,Equal Weighted Portfolio,-0.0108744256343112,0.0267471604496472,0.036421071365888,False,False,EWMA-t
2025-06-13,Equal Weighted Portfolio,-0.0108744256343112,0.0161162731520482,0.0236527769339937,False,False,GARCH-t
2025-06-16,Equal Weighted Portfolio,0.0137118404738809,0.0318616175543343,0.0416619283975648,False,False,Historical VaR
2025-06-16,Equal Weighted Portfolio,0.0137118404738809,0.0262825599114515,0.0357884341410838,False,False,EWMA-t
2025-06-16,Equal Weighted Portfolio,0.0137118404738809,0.0167514014771387,0.0245494797637304,False,False,GARCH-t
2025-06-17,Equal Weighted Portfolio,-0.0060318437260626,0.0318616175543343,0.0416619283975648,False,False,Historical VaR
2025-06-17,Equal Weighted Portfolio,-0.0060318437260626,0.0260461452595768,0.0354665130562613,False,False,EWMA-t
2025-06-17,Equal Weighted Portfolio,-0.0060318437260626,0.0169714122641875,0.0248601009209449,False,False,GARCH-t
2025-06-18,Equal Weighted Portfolio,-0.0020401993289584,0.0318616175543343,0.0416619283975648,False,False,Historical VaR
2025-06-18,Equal Weighted Portfolio,-0.0020401993289584,0.0253638319932437,0.0345374207806984,False,False,EWMA-t
2025-06-18,Equal Weighted Portfolio,-0.0020401993289584,0.0166118767739562,0.0243524924916794,False,False,GARCH-t
2025-06-20,Equal Weighted Portfolio,-0.0087746859923303,0.0318616175543343,0.0416619283975648,False,False,Historical VaR
2025-06-20,Equal Weighted Portfolio,-0.0087746859923303,0.024604231797469,0.0335030884450498,False,False,EWMA-t
2025-06-20,Equal Weighted Portfolio,-0.0087746859923303,0.0158632890064382,0.023295602501229,False,False,GARCH-t
2025-06-23,Equal Weighted Portfolio,0.0013307245005453,0.0318616175543343,0.0416619283975648,False,False,Historical VaR
2025-06-23,Equal Weighted Portfolio,0.0013307245005453,0.0241029639510876,0.0328205220828802,False,False,EWMA-t
2025-06-23,Equal Weighted Portfolio,0.0013307245005453,0.0161067878750339,0.0236393851918787,False,False,GARCH-t
2025-06-24,Equal Weighted Portfolio,0.0118842066615036,0.0318616175543343,0.0416619283975648,False,False,Historical VaR
2025-06-24,Equal Weighted Portfolio,0.0118842066615036,0.0233745490813606,0.0318286541795846,False,False,EWMA-t
2025-06-24,Equal Weighted Portfolio,0.0118842066615036,0.015255000189093,0.0224367928996686,False,False,GARCH-t
2025-06-25,Equal Weighted Portfolio,0.0145456285257653,0.0318616175543343,0.0416619283975648,False,False,Historical VaR
2025-06-25,Equal Weighted Portfolio,0.0145456285257653,0.0231393226817169,0.031508351113968,False,False,EWMA-t
2025-06-25,Equal Weighted Portfolio,0.0145456285257653,0.015357015929048,0.0225808233248307,False,False,GARCH-t
2025-06-26,Equal Weighted Portfolio,0.0107377285609226,0.0318616175543343,0.0416619283975648,False,False,Historical VaR
2025-06-26,Equal Weighted Portfolio,0.0107377285609226,0.0231521308545016,0.0315257917456917,False,False,EWMA-t
2025-06-26,Equal Weighted Portfolio,0.0107377285609226,0.0159676730169837,0.0234429765576799,False,False,GARCH-t
2025-06-27,Equal Weighted Portfolio,0.0130902568125746,0.0318616175543343,0.0416619283975648,False,False,Historical VaR
2025-06-27,Equal Weighted Portfolio,0.0130902568125746,0.0228405347594722,0.0311014975991873,False,False,EWMA-t
2025-06-27,Equal Weighted Portfolio,0.0130902568125746,0.0157247226857993,0.0230894123602432,False,False,GARCH-t
2025-06-30,Equal Weighted Portfolio,0.0004758400561866,0.0318616175543343,0.0416619283975648,False,False,Historical VaR
2025-06-30,Equal Weighted Portfolio,0.0004758400561866,0.0227351582560033,0.0309580085301195,False,False,EWMA-t
2025-06-30,Equal Weighted Portfolio,0.0004758400561866,0.0159820147826194,0.0234524297718635,False,False,GARCH-t
2025-07-01,Equal Weighted Portfolio,-0.0050747587233789,0.0318616175543343,0.0416619283975648,False,False,Historical VaR
2025-07-01,Equal Weighted Portfolio,-0.0050747587233789,0.0220433479871015,0.0300159843768356,False,False,EWMA-t
2025-07-01,Equal Weighted Portfolio,-0.0050747587233789,0.0151431254688693,0.0222688278226499,False,False,GARCH-t
2025-07-02,Equal Weighted Portfolio,0.0119413002574612,0.0318616175543343,0.0416619283975648,False,False,Historical VaR
2025-07-02,Equal Weighted Portfolio,0.0119413002574612,0.0214647893779083,0.0292281727347571,False,False,EWMA-t
2025-07-02,Equal Weighted Portfolio,0.0119413002574612,0.0148747859219664,0.0218902233922924,False,False,GARCH-t
2025-07-03,Equal Weighted Portfolio,0.0109122667488719,0.0318616175543343,0.0416619283975648,False,False,Historical VaR
2025-07-03,Equal Weighted Portfolio,0.0109122667488719,0.0213341086595352,0.0290502274243017,False,False,EWMA-t
2025-07-03,Equal Weighted Portfolio,0.0109122667488719,0.0150441104112066,0.022129125941448,False,False,GARCH-t
2025-07-07,Equal Weighted Portfolio,-0.0084596807855413,0.0318616175543343,0.0416619283975648,False,False,Historical VaR
2025-07-07,Equal Weighted Portfolio,-0.0084596807855413,0.0211246309381697,0.0287649858169251,False,False,EWMA-t
2025-07-07,Equal Weighted Portfolio,-0.0084596807855413,0.0150086573900913,0.0220791047238574,False,False,GARCH-t
2025-07-08,Equal Weighted Portfolio,-0.0045420815992268,0.0318616175543343,0.0416619283975648,False,False,Historical VaR
2025-07-08,Equal Weighted Portfolio,-0.0045420815992268,0.0207495115545061,0.0282541932836818,False,False,EWMA-t
2025-07-08,Equal Weighted Portfolio,-0.0045420815992268,0.0153322508411652,0.0225356677449449,False,False,GARCH-t
2025-07-09,Equal Weighted Portfolio,0.0132048007155355,0.0318616175543343,0.0416619283975648,False,False,Historical VaR
2025-07-09,Equal Weighted Portfolio,0.0132048007155355,0.0201965357337452,0.0275012172109709,False,False,EWMA-t
2025-07-09,Equal Weighted Portfolio,0.0132048007155355,0.0149686592376978,0.0220226707100227,False,False,GARCH-t
2025-07-10,Equal Weighted Portfolio,0.0028138258826668,0.0318616175543343,0.0416619283975648,False,False,Historical VaR
2025-07-10,Equal Weighted Portfolio,0.0028138258826668,0.0202581001456012,0.0275850482345306,False,False,EWMA-t
2025-07-10,Equal Weighted Portfolio,0.0028138258826668,0.0153690617765286,0.0225876048648179,False,False,GARCH-t
2025-07-11,Equal Weighted Portfolio,0.0059609034482704,0.0318616175543343,0.0416619283975648,False,False,Historical VaR
2025-07-11,Equal Weighted Portfolio,0.0059609034482704,0.0196721017373424,0.0267871059674375,False,False,EWMA-t
2025-07-11,Equal Weighted Portfolio,0.0059609034482704,0.0145679626997256,0.0214573217472771,False,False,GARCH-t
2025-07-14,Equal Weighted Portfolio,-0.0013056631896298,0.0318616175543343,0.0416619283975648,False,False,Historical VaR
2025-07-14,Equal Weighted Portfolio,-0.0013056631896298,0.0192163190474701,0.0261664758296543,False,False,EWMA-t
2025-07-14,Equal Weighted Portfolio,-0.0013056631896298,0.0139893614915605,0.0206409643249372,False,False,GARCH-t
2025-07-15,Equal Weighted Portfolio,0.0105671281995253,0.0318616175543343,0.0416619283975648,False,False,Historical VaR
2025-07-15,Equal Weighted Portfolio,0.0105671281995253,0.0186379862382094,0.0253789716548104,False,False,EWMA-t
2025-07-15,Equal Weighted Portfolio,0.0105671281995253,0.0134570134990725,0.0198898662822739,False,False,GARCH-t
2025-07-16,Equal Weighted Portfolio,-0.0003501247248306,0.0314737658189422,0.0416619283975648,False,False,Historical VaR
2025-07-16,Equal Weighted Portfolio,-0.0003501247248306,0.018541847982267,0.0252480621219177,False,False,EWMA-t
2025-07-16,Equal Weighted Portfolio,-0.0003501247248306,0.0135947715785887,0.0200842312941567,False,False,GARCH-t
2025-07-17,Equal Weighted Portfolio,0.0058045040412225,0.0314737658189422,0.0416619283975648,False,False,Historical VaR
2025-07-17,Equal Weighted Portfolio,0.0058045040412225,0.0179775158531974,0.0244796223921901,False,False,EWMA-t
2025-07-17,Equal Weighted Portfolio,0.0058045040412225,0.0130460277400288,0.0193100000978681,False,False,GARCH-t
2025-07-18,Equal Weighted Portfolio,0.0031304000128904,0.0314737658189422,0.0416619283975648,False,False,Historical VaR
2025-07-18,Equal Weighted Portfolio,0.0031304000128904,0.017578676831843,0.0239365313045363,False,False,EWMA-t
2025-07-18,Equal Weighted Portfolio,0.0031304000128904,0.0126315290547981,0.0187251774713973,False,False,GARCH-t
2025-07-21,Equal Weighted Portfolio,0.0084479179588852,0.0314737658189422,0.0416619283975648,False,False,Historical VaR
2025-07-21,Equal Weighted Portfolio,0.0084479179588852,0.0170875596266687,0.023267786866698,False,False,EWMA-t
2025-07-21,Equal Weighted Portfolio,0.0084479179588852,0.0121293538102779,0.0180166506270109,False,False,GARCH-t
2025-07-22,Equal Weighted Portfolio,-0.0057391722304868,0.0314737658189422,0.0416619283975648,False,False,Historical VaR
2025-07-22,Equal Weighted Portfolio,-0.0057391722304868,0.0168968060953661,0.0230080416129935,False,False,EWMA-t
2025-07-22,Equal Weighted Portfolio,-0.0057391722304868,0.0121266086136386,0.0180127773864773,False,False,GARCH-t
2025-07-23,Equal Weighted Portfolio,0.0045908355227849,0.0314737658189422,0.0416619283975648,False,False,Historical VaR
2025-07-23,Equal Weighted Portfolio,0.0045908355227849,0.0165367945341023,0.0225178210981835,False,False,EWMA-t
2025-07-23,Equal Weighted Portfolio,0.0045908355227849,0.0123944391479937,0.0183906636431331,False,False,GARCH-t
2025-07-24,Equal Weighted Portfolio,0.0102996541187903,0.0314737658189422,0.0416619283975648,False,False,Historical VaR
2025-07-24,Equal Weighted Portfolio,0.0102996541187903,0.0161343377879947,0.0219698038273685,False,False,EWMA-t
2025-07-24,Equal Weighted Portfolio,0.0102996541187903,0.0119752733513334,0.0177992561167301,False,False,GARCH-t
2025-07-25,Equal Weighted Portfolio,0.00117452740679,0.0314737658189422,0.0416619283975648,False,False,Historical VaR
2025-07-25,Equal Weighted Portfolio,0.00117452740679,0.0161586756979067,0.0220029442706492,False,False,EWMA-t
2025-07-25,Equal Weighted Portfolio,0.00117452740679,0.0122970408544305,0.0182532428794853,False,False,GARCH-t
2025-07-28,Equal Weighted Portfolio,0.0039207358564801,0.0314737658189422,0.0416619283975648,False,False,Historical VaR
2025-07-28,Equal Weighted Portfolio,0.0039207358564801,0.0156732244396385,0.0213419150389544,False,False,EWMA-t
2025-07-28,Equal Weighted Portfolio,0.0039207358564801,0.0116237811403425,0.0173195887009982,False,False,GARCH-t
2025-07-29,Equal Weighted Portfolio,-0.0023902274622507,0.0293693808933915,0.0407208917446809,False,False,Historical VaR
2025-07-29,Equal Weighted Portfolio,-0.0023902274622507,0.0152737736746949,0.0207979909523375,False,False,EWMA-t
2025-07-29,Equal Weighted Portfolio,-0.0023902274622507,0.0112314361554268,0.0167660347745084,False,False,GARCH-t
2025-07-30,Equal Weighted Portfolio,0.002762979661216,0.0293693808933915,0.0407208917446809,False,False,Historical VaR
2025-07-30,Equal Weighted Portfolio,0.002762979661216,0.0148382740227777,0.0202049798201033,False,False,EWMA-t
2025-07-30,Equal Weighted Portfolio,0.002762979661216,0.011115756024363,0.0166028233324635,False,False,GARCH-t
2025-07-31,Equal Weighted Portfolio,0.0036836164167759,0.0293693808933915,0.0407208917446809,False,False,Historical VaR
2025-07-31,Equal Weighted Portfolio,0.0036836164167759,0.0144272126733058,0.0196452458336467,False,False,EWMA-t
2025-07-31,Equal Weighted Portfolio,0.0036836164167759,0.0107518509099177,0.0160893948123713,False,False,GARCH-t
2025-08-01,Equal Weighted Portfolio,-0.032744169114916,0.0293693808933915,0.0407208917446809,True,False,Historical VaR
2025-08-01,Equal Weighted Portfolio,-0.032744169114916,0.0140625086933171,0.0191486357464714,True,True,EWMA-t
2025-08-01,Equal Weighted Portfolio,-0.032744169114916,0.0104549820942257,0.015670546847196,True,True,GARCH-t
2025-08-04,Equal Weighted Portfolio,0.0158082827855037,0.0314196446231082,0.0409061399253533,False,False,Historical VaR
2025-08-04,Equal Weighted Portfolio,0.0158082827855037,0.0187535048376149,0.0255362710122863,False,False,EWMA-t
2025-08-04,Equal Weighted Portfolio,0.0158082827855037,0.0213136983343416,0.0309909542499954,False,False,GARCH-t
2025-08-05,Equal Weighted Portfolio,-0.0037572383607838,0.0314196446231082,0.0409061399253533,False,False,Historical VaR
2025-08-05,Equal Weighted Portfolio,-0.0037572383607838,0.0192155621542295,0.0261654451833252,False,False,EWMA-t
2025-08-05,Equal Weighted Portfolio,-0.0037572383607838,0.0212480414668041,0.0308983199148473,False,False,GARCH-t
2025-08-06,Equal Weighted Portfolio,0.020065659624724,0.0314196446231082,0.0409061399253533,False,False,Historical VaR
2025-08-06,Equal Weighted Portfolio,0.020065659624724,0.0186886764444841,0.0254479954909576,False,False,EWMA-t
2025-08-06,Equal Weighted Portfolio,0.020065659624724,0.0201319299716332,0.0293236141729479,False,False,GARCH-t
2025-08-07,Equal Weighted Portfolio,0.0074048410107985,0.0314196446231082,0.0409061399253533,False,False,Historical VaR
2025-08-07,Equal Weighted Portfolio,0.0074048410107985,0.019762959777657,0.026910825536724,False,False,EWMA-t
2025-08-07,Equal Weighted Portfolio,0.0074048410107985,0.0211895049195969,0.0308157315377928,False,False,GARCH-t
2025-08-08,Equal Weighted Portfolio,0.0155495612785655,0.0292255052113421,0.0396787647666443,False,False,Historical VaR
2025-08-08,Equal Weighted Portfolio,0.0155495612785655,0.0193809037200453,0.0263905874738372,False,False,EWMA-t
2025-08-08,Equal Weighted Portfolio,0.0155495612785655,0.0200112182688501,0.0291533037583439,False,False,GARCH-t
2025-08-11,Equal Weighted Portfolio,-0.004175118545925,0.0292255052113421,0.0396787647666443,False,False,Historical VaR
2025-08-11,Equal Weighted Portfolio,-0.004175118545925,0.0197603941197652,0.0269073319318849,False,False,EWMA-t
2025-08-11,Equal Weighted Portfolio,-0.004175118545925,0.0200818600080655,0.0292529711776309,False,False,GARCH-t
2025-08-12,Equal Weighted Portfolio,0.0089094122485677,0.0292255052113421,0.0396787647666443,False,False,Historical VaR
2025-08-12,Equal Weighted Portfolio,0.0089094122485677,0.0192286364427035,0.0261832481794401,False,False,EWMA-t
2025-08-12,Equal Weighted Portfolio,0.0089094122485677,0.0191236106109405,0.0279009908115535,False,False,GARCH-t
2025-08-13,Equal Weighted Portfolio,-9.860408657251736e-05,0.0292255052113421,0.0396787647666443,False,False,Historical VaR
2025-08-13,Equal Weighted Portfolio,-9.860408657251736e-05,0.0189692174997142,0.0258300026132776,False,False,EWMA-t
2025-08-13,Equal Weighted Portfolio,-9.860408657251736e-05,0.0182933827330727,0.0267296341755723,False,False,GARCH-t
2025-08-14,Equal Weighted Portfolio,0.0072281686362587,0.0292255052113421,0.0396787647666443,False,False,Historical VaR
2025-08-14,Equal Weighted Portfolio,0.0072281686362587,0.0183913795935593,0.0250431723380563,False,False,EWMA-t
2025-08-14,Equal Weighted Portfolio,0.0072281686362587,0.017228272724851,0.025226885702003,False,False,GARCH-t
2025-08-15,Equal Weighted Portfolio,-0.0025189202595996,0.0292255052113421,0.0396787647666443,False,False,Historical VaR
2025-08-15,Equal Weighted Portfolio,-0.0025189202595996,0.0180562401176691,0.0245868196425281,False,False,EWMA-t
2025-08-15,Equal Weighted Portfolio,-0.0025189202595996,0.0164376364674588,0.0241113883169693,False,False,GARCH-t
2025-08-18,Equal Weighted Portfolio,-0.0002628241500652,0.0292255052113421,0.0396787647666443,False,False,Historical VaR
2025-08-18,Equal Weighted Portfolio,-0.0002628241500652,0.0175341763765068,0.0238759359279666,False,False,EWMA-t
2025-08-18,Equal Weighted Portfolio,-0.0002628241500652,0.0157115339609425,0.0230869406778528,False,False,GARCH-t
2025-08-19,Equal Weighted Portfolio,-0.0148892975247864,0.0292255052113421,0.0396787647666443,False,False,Historical VaR
2025-08-19,Equal Weighted Portfolio,-0.0148892975247864,0.0170003289062552,0.0231490065460932,False,False,EWMA-t
2025-08-19,Equal Weighted Portfolio,-0.0148892975247864,0.0149091448823965,0.0219548614055841,False,False,GARCH-t
2025-08-20,Equal Weighted Portfolio,-0.0117649096947228,0.0292255052113421,0.0396787647666443,False,False,Historical VaR
2025-08-20,Equal Weighted Portfolio,-0.0117649096947228,0.0174915254657877,0.0238178590391677,False,False,EWMA-t
2025-08-20,Equal Weighted Portfolio,-0.0117649096947228,0.0168384174533837,0.0246768444766009,False,False,GARCH-t
2025-08-21,Equal Weighted Portfolio,-0.002951230763237,0.0292255052113421,0.0396787647666443,False,False,Historical VaR
2025-08-21,Equal Weighted Portfolio,-0.002951230763237,0.0175784199685612,0.0239361815389626,False,False,EWMA-t
2025-08-21,Equal Weighted Portfolio,-0.002951230763237,0.0175601212803911,0.0256950860817241,False,False,GARCH-t
2025-08-22,Equal Weighted Portfolio,0.0194595086578295,0.0292255052113421,0.0396787647666443,False,False,Historical VaR
2025-08-22,Equal Weighted Portfolio,0.0194595086578295,0.0170823798125832,0.023260733617856,False,False,EWMA-t
2025-08-22,Equal Weighted Portfolio,0.0194595086578295,0.0167519014470916,0.0245547802809862,False,False,GARCH-t
2025-08-25,Equal Weighted Portfolio,0.0019212217908565,0.0292255052113421,0.0396787647666443,False,False,Historical VaR
2025-08-25,Equal Weighted Portfolio,0.0019212217908565,0.0182444024533476,0.0248430365171761,False,False,EWMA-t
2025-08-25,Equal Weighted Portfolio,0.0019212217908565,0.0183172028318624,0.0268383914785259,False,False,GARCH-t
2025-08-26,Equal Weighted Portfolio,0.002711116657594,0.0292255052113421,0.0396787647666443,False,False,Historical VaR
2025-08-26,Equal Weighted Portfolio,0.002711116657594,0.017704731817051,0.0241081778470143,False,False,EWMA-t
2025-08-26,Equal Weighted Portfolio,0.002711116657594,0.0172176455556436,0.0252829935658515,False,False,GARCH-t
2025-08-27,Equal Weighted Portfolio,0.0033231131660294,0.0292255052113421,0.0396787647666443,False,False,Historical VaR
2025-08-27,Equal Weighted Portfolio,0.0033231131660294,0.0171984512535388,0.023418785768571,False,False,EWMA-t
2025-08-27,Equal Weighted Portfolio,0.0033231131660294,0.0162231685178439,0.0238762387362027,False,False,GARCH-t
2025-08-28,Equal Weighted Portfolio,0.0075265801353723,0.0292255052113421,0.0396787647666443,False,False,Historical VaR
2025-08-28,Equal Weighted Portfolio,0.0075265801353723,0.0167256466327691,0.022774977209244,False,False,EWMA-t
2025-08-28,Equal Weighted Portfolio,0.0075265801353723,0.0153338781026018,0.0226182774771171,False,False,GARCH-t
2025-08-29,Equal Weighted Portfolio,-0.0093209719246219,0.0292255052113421,0.0396787647666443,False,False,Historical VaR
2025-08-29,Equal Weighted Portfolio,-0.0093209719246219,0.0164840178572048,0.0224459561568805,False,False,EWMA-t
2025-08-29,Equal Weighted Portfolio,-0.0093209719246219,0.0147906400823516,0.0218498306657893,False,False,GARCH-t
2025-09-02,Equal Weighted Portfolio,-0.011247586490037,0.0292255052113421,0.0396787647666443,False,False,Historical VaR
2025-09-02,Equal Weighted Portfolio,-0.011247586490037,0.0163967961196857,0.0223271880681026,False,False,EWMA-t
2025-09-02,Equal Weighted Portfolio,-0.011247586490037,0.015315521517,0.0225923108489601,False,False,GARCH-t
2025-09-03,Equal Weighted Portfolio,0.0261277709124955,0.0292255052113421,0.0396787647666443,False,False,Historical VaR
2025-09-03,Equal Weighted Portfolio,0.0261277709124955,0.0165011276502863,0.0224692542185962,False,False,EWMA-t
2025-09-03,Equal Weighted Portfolio,0.0261277709124955,0.0161837339274633,0.0238204558489519,False,False,GARCH-t
2025-09-04,Equal Weighted Portfolio,0.0132802716194403,0.0292255052113421,0.0396787647666443,False,False,Historical VaR
2025-09-04,Equal Weighted Portfolio,0.0132802716194403,0.0190136403096726,0.0258904922616951,False,False,EWMA-t
2025-09-04,Equal Weighted Portfolio,0.0132802716194403,0.0199518667246101,0.0291507337836467,False,False,GARCH-t
2025-09-05,Equal Weighted Portfolio,-0.0112728459535845,0.0292255052113421,0.0396787647666443,False,False,Historical VaR
2025-09-05,Equal Weighted Portfolio,-0.0112728459535845,0.0191598821536001,0.0260896268443881,False,False,EWMA-t
2025-09-05,Equal Weighted Portfolio,-0.0112728459535845,0.0196257487992617,0.0286894179874229,False,False,GARCH-t
2025-09-08,Equal Weighted Portfolio,0.0036679486544594,0.0283116097811467,0.0388895028029936,False,False,Historical VaR
2025-09-08,Equal Weighted Portfolio,0.0036679486544594,0.0190978159591434,0.0260051125535358,False,False,EWMA-t
2025-09-08,Equal Weighted Portfolio,0.0036679486544594,0.0197928049728499,0.0289257302099129,False,False,GARCH-t
2025-09-09,Equal Weighted Portfolio,0.0069997752659425,0.0283116097811467,0.0388895028029936,False,False,Historical VaR
2025-09-09,Equal Weighted Portfolio,0.0069997752659425,0.0185721167599657,0.025289278508786,False,False,EWMA-t
2025-09-09,Equal Weighted Portfolio,0.0069997752659425,0.0185723836644068,0.027199361973541,False,False,GARCH-t
2025-09-10,Equal Weighted Portfolio,-0.0049274816805797,0.0283116097811467,0.0388895028029936,False,False,Historical VaR
2025-09-10,Equal Weighted Portfolio,-0.0049274816805797,0.0182155187059734,0.0248037060982926,False,False,EWMA-t
2025-09-10,Equal Weighted Portfolio,-0.0049274816805797,0.0176343074109858,0.0258723898566195,False,False,GARCH-t
2025-09-11,Equal Weighted Portfolio,0.0036324837223334,0.0276965161187303,0.0388887537662656,False,False,Historical VaR
2025-09-11,Equal Weighted Portfolio,0.0036324837223334,0.017766585321895,0.0241924025226913,False,False,EWMA-t
2025-09-11,Equal Weighted Portfolio,0.0036324837223334,0.0170353683708759,0.0250251501966632,False,False,GARCH-t
2025-09-12,Equal Weighted Portfolio,0.0067280082449671,0.0276965161187303,0.0388887537662656,False,False,Historical VaR
2025-09-12,Equal Weighted Portfolio,0.0067280082449671,0.0172844717387842,0.0235359181362459,False,False,EWMA-t
2025-09-12,Equal Weighted Portfolio,0.0067280082449671,0.0160736521150277,0.0236647377022133,False,False,GARCH-t
2025-09-15,Equal Weighted Portfolio,0.0157858771228405,0.0276965161187303,0.0388887537662656,False,False,Historical VaR
2025-09-15,Equal Weighted Portfolio,0.0157858771228405,0.0169654903387304,0.0231015675681689,False,False,EWMA-t
2025-09-15,Equal Weighted Portfolio,0.0157858771228405,0.0153749597093116,0.0226763901800273,False,False,GARCH-t
2025-09-16,Equal Weighted Portfolio,-0.0024626278650145,0.0276965161187303,0.0388887537662656,False,False,Historical VaR
2025-09-16,Equal Weighted Portfolio,-0.0024626278650145,0.017581076266876,0.0239397985670458,False,False,EWMA-t
2025-09-16,Equal Weighted Portfolio,-0.0024626278650145,0.0162475135394987,0.0239106764109695,False,False,GARCH-t
2025-09-17,Equal Weighted Portfolio,-0.0074842370218153,0.0276965161187303,0.0388887537662656,False,False,Historical VaR
2025-09-17,Equal Weighted Portfolio,-0.0074842370218153,0.0170729735294815,0.0232479252710119,False,False,EWMA-t
2025-09-17,Equal Weighted Portfolio,-0.0074842370218153,0.0155476448041956,0.0229206648912604,False,False,GARCH-t
2025-09-18,Equal Weighted Portfolio,0.0070919577781918,0.0276965161187303,0.0388887537662656,False,False,Historical VaR
2025-09-18,Equal Weighted Portfolio,0.0070919577781918,0.0168124766963595,0.022893211963497,False,False,EWMA-t
2025-09-18,Equal Weighted Portfolio,0.0070919577781918,0.0155960401671892,0.0229891233956161,False,False,GARCH-t
2025-09-19,Equal Weighted Portfolio,0.013146256451076,0.0276965161187303,0.0388887537662656,False,False,Historical VaR
2025-09-19,Equal Weighted Portfolio,0.013146256451076,0.0165371613384492,0.0225183205682982,False,False,EWMA-t
2025-09-19,Equal Weighted Portfolio,0.013146256451076,0.0149814019893687,0.0221196762467421,False,False,GARCH-t
2025-09-22,Equal Weighted Portfolio,0.0099561539760114,0.0276965161187303,0.0388887537662656,False,False,Historical VaR
2025-09-22,Equal Weighted Portfolio,0.0099561539760114,0.0168462174993149,0.0229391561374475,False,False,EWMA-t
2025-09-22,Equal Weighted Portfolio,0.0099561539760114,0.0153403438465149,0.0226274237078808,False,False,GARCH-t
2025-09-23,Equal Weighted Portfolio,-0.0154675461173092,0.0276965161187303,0.0388887537662656,False,False,Historical VaR
2025-09-23,Equal Weighted Portfolio,-0.0154675461173092,0.0167957230282628,0.0228703988300229,False,False,EWMA-t
2025-09-23,Equal Weighted Portfolio,-0.0154675461173092,0.0150461884605693,0.0222056396790369,True,False,GARCH-t
2025-09-24,Equal Weighted Portfolio,-0.0069692810415103,0.0276965161187303,0.0388887537662656,False,False,Historical VaR
2025-09-24,Equal Weighted Portfolio,-0.0069692810415103,0.0173829817378231,0.0236700572240943,False,False,EWMA-t
2025-09-24,Equal Weighted Portfolio,-0.0069692810415103,0.0170842081725684,0.0250869274912114,False,False,GARCH-t
2025-09-25,Equal Weighted Portfolio,0.0003173728753939,0.0276965161187303,0.0388887537662656,False,False,Historical VaR
2025-09-25,Equal Weighted Portfolio,0.0003173728753939,0.0170748091886355,0.0232504248512262,False,False,EWMA-t
2025-09-25,Equal Weighted Portfolio,0.0003173728753939,0.0168340067712074,0.0247332006631116,False,False,GARCH-t
2025-09-26,Equal Weighted Portfolio,0.0032015497961592,0.0276965161187303,0.0388887537662656,False,False,Historical VaR
2025-09-26,Equal Weighted Portfolio,0.0032015497961592,0.0165551121645642,0.0225427638478097,False,False,EWMA-t
2025-09-26,Equal Weighted Portfolio,0.0032015497961592,0.0159091856281661,0.0234257177804889,False,False,GARCH-t
2025-09-29,Equal Weighted Portfolio,0.0044226076497954,0.0276965161187303,0.0388887537662656,False,False,Historical VaR
2025-09-29,Equal Weighted Portfolio,0.0044226076497954,0.0161000779886728,0.0219231529464859,False,False,EWMA-t
2025-09-29,Equal Weighted Portfolio,0.0044226076497954,0.0150489677196904,0.0222095689076823,False,False,GARCH-t
2025-09-30,Equal Weighted Portfolio,0.0036578001836007,0.0276965161187303,0.0388887537662656,False,False,Historical VaR
2025-09-30,Equal Weighted Portfolio,0.0036578001836007,0.0157061927447386,0.0213868073180853,False,False,EWMA-t
2025-09-30,Equal Weighted Portfolio,0.0036578001836007,0.0143115024019385,0.0211669637653328,False,False,GARCH-t
2025-10-01,Equal Weighted Portfolio,0.0046308123221059,0.0276965161187303,0.0388887537662656,False,False,Historical VaR
2025-10-01,Equal Weighted Portfolio,0.0046308123221059,0.0152955047370066,0.0208275817035802,False,False,EWMA-t
2025-10-01,Equal Weighted Portfolio,0.0046308123221059,0.0136232960351249,0.0201939993699021,False,False,GARCH-t
2025-10-02,Equal Weighted Portfolio,0.0038884599818458,0.0276965161187303,0.0388887537662656,False,False,Historical VaR
2025-10-02,Equal Weighted Portfolio,0.0038884599818458,0.0149409351593036,0.0203447714285229,False,False,EWMA-t
2025-10-02,Equal Weighted Portfolio,0.0038884599818458,0.0130462351444462,0.0193781689334221,False,False,GARCH-t
2025-10-03,Equal Weighted Portfolio,-0.0026196641050439,0.0276965161187303,0.0388887537662656,False,False,Historical VaR
2025-10-03,Equal Weighted Portfolio,-0.0026196641050439,0.0145662578964792,0.0198345809223497,False,False,EWMA-t
2025-10-03,Equal Weighted Portfolio,-0.0026196641050439,0.0125003085354294,0.0186063551596686,False,False,GARCH-t
2025-10-06,Equal Weighted Portfolio,0.0064621329394161,0.0276965161187303,0.0388887537662656,False,False,Historical VaR
2025-10-06,Equal Weighted Portfolio,0.0064621329394161,0.0141600344287079,0.0192814345822719,False,False,EWMA-t
2025-10-06,Equal Weighted Portfolio,0.0064621329394161,0.0122511117335937,0.0182540486026052,False,False,GARCH-t
2025-10-07,Equal Weighted Portfolio,-0.0051255775988204,0.0276965161187303,0.0388887537662656,False,False,Historical VaR
2025-10-07,Equal Weighted Portfolio,-0.0051255775988204,0.013961874353174,0.0190116039859931,False,False,EWMA-t
2025-10-07,Equal Weighted Portfolio,-0.0051255775988204,0.0119647956714553,0.0178492640093001,False,False,GARCH-t
2025-10-08,Equal Weighted Portfolio,0.0077138185569006,0.0276965161187303,0.0388887537662656,False,False,Historical VaR
2025-10-08,Equal Weighted Portfolio,0.0077138185569006,0.0136857811416506,0.0186356534031468,False,False,EWMA-t
2025-10-08,Equal Weighted Portfolio,0.0077138185569006,0.0121322464798793,0.0180860006662668,False,False,GARCH-t
2025-10-09,Equal Weighted Portfolio,-0.000800166169755,0.0276965161187303,0.0388887537662656,False,False,Historical VaR
2025-10-09,Equal Weighted Portfolio,-0.000800166169755,0.013611182198031,0.0185340735193867,False,False,EWMA-t
2025-10-09,Equal Weighted Portfolio,-0.000800166169755,0.0119979674269435,0.0178961611880829,False,False,GARCH-t
2025-10-10,Equal Weighted Portfolio,-0.0349397976578514,0.0276965161187303,0.0388887537662656,True,False,Historical VaR
2025-10-10,Equal Weighted Portfolio,-0.0349397976578514,0.0132002816828941,0.0179745585378148,True,True,EWMA-t
2025-10-10,Equal Weighted Portfolio,-0.0349397976578514,0.0116470057094938,0.0173999826118533,True,True,GARCH-t
2025-10-13,Equal Weighted Portfolio,0.0182341666011433,0.0292201495987369,0.0393989514386935,False,False,Historical VaR
2025-10-13,Equal Weighted Portfolio,0.0182341666011433,0.018777085105516,0.0255683797896524,False,False,EWMA-t
2025-10-13,Equal Weighted Portfolio,0.0182341666011433,0.0227899851644472,0.03315357454516,False,False,GARCH-t
2025-10-14,Equal Weighted Portfolio,-0.0109793468277961,0.0292201495987369,0.0393989514386935,False,False,Historical VaR
2025-10-14,Equal Weighted Portfolio,-0.0109793468277961,0.0195663124845175,0.0266430548658587,False,False,EWMA-t
2025-10-14,Equal Weighted Portfolio,-0.0109793468277961,0.0229770290958676,0.0334180113397454,False,False,GARCH-t
2025-10-15,Equal Weighted Portfolio,0.0047170804319989,0.0292201495987369,0.0393989514386935,False,False,Historical VaR
2025-10-15,Equal Weighted Portfolio,0.0047170804319989,0.0194553779796032,0.0264919975778139,False,False,EWMA-t
2025-10-15,Equal Weighted Portfolio,0.0047170804319989,0.0226236592390748,0.0329184282122749,False,False,GARCH-t
2025-10-16,Equal Weighted Portfolio,-0.0009083674905669,0.0292201495987369,0.0393989514386935,False,False,Historical VaR
2025-10-16,Equal Weighted Portfolio,-0.0009083674905669,0.0189536793900967,0.0258088446813791,False,False,EWMA-t
2025-10-16,Equal Weighted Portfolio,-0.0009083674905669,0.0211817216638522,0.0308798624727267,False,False,GARCH-t
2025-10-17,Equal Weighted Portfolio,0.0064161618701742,0.0292201495987369,0.0393989514386935,False,False,Historical VaR
2025-10-17,Equal Weighted Portfolio,0.0064161618701742,0.018379745519067,0.0250273304524043,False,False,EWMA-t
2025-10-17,Equal Weighted Portfolio,0.0064161618701742,0.0198973980885048,0.0290641264213284,False,False,GARCH-t
2025-10-20,Equal Weighted Portfolio,0.0142795089973793,0.0292201495987369,0.0393989514386935,False,False,Historical VaR
2025-10-20,Equal Weighted Portfolio,0.0142795089973793,0.0179975649608964,0.0245069228596062,False,False,EWMA-t
2025-10-20,Equal Weighted Portfolio,0.0142795089973793,0.0187876121020811,0.027495146093033,False,False,GARCH-t
2025-10-21,Equal Weighted Portfolio,-0.0001721489612857,0.0292201495987369,0.0393989514386935,False,False,Historical VaR
2025-10-21,Equal Weighted Portfolio,-0.0001721489612857,0.0183305742794986,0.0249603749627238,False,False,EWMA-t
2025-10-21,Equal Weighted Portfolio,-0.0001721489612857,0.0187819495636827,0.0275787013478954,False,False,GARCH-t
2025-10-22,Equal Weighted Portfolio,-0.0058750954127274,0.0292201495987369,0.0393989514386935,False,False,Historical VaR
2025-10-22,Equal Weighted Portfolio,-0.0058750954127274,0.0177722800757927,0.0242001569547369,False,False,EWMA-t
2025-10-22,Equal Weighted Portfolio,-0.0058750954127274,0.0176956829585573,0.0260378849291549,False,False,GARCH-t
2025-10-23,Equal Weighted Portfolio,0.0067995224421864,0.0292201495987369,0.0393989514386935,False,False,Historical VaR
2025-10-23,Equal Weighted Portfolio,0.0067995224421864,0.0173850645665776,0.0236728933701911,False,False,EWMA-t
2025-10-23,Equal Weighted Portfolio,0.0067995224421864,0.017211788148923,0.025351503644754,False,False,GARCH-t
2025-10-24,Equal Weighted Portfolio,0.0163363284522012,0.0292201495987369,0.0393989514386935,False,False,Historical VaR
2025-10-24,Equal Weighted Portfolio,0.0163363284522012,0.0170662158026435,0.0232387234100554,False,False,EWMA-t
2025-10-24,Equal Weighted Portfolio,0.0163363284522012,0.0164034649100942,0.0242049363912268,False,False,GARCH-t
2025-10-27,Equal Weighted Portfolio,0.0228893670444972,0.0292201495987369,0.0393989514386935,False,False,Historical VaR
2025-10-27,Equal Weighted Portfolio,0.0228893670444972,0.0177496698641417,0.0241693690834902,False,False,EWMA-t
2025-10-27,Equal Weighted Portfolio,0.0228893670444972,0.0172015749989311,0.0253370167875494,False,False,GARCH-t
2025-10-28,Equal Weighted Portfolio,0.0149727240686981,0.0292201495987369,0.0393989514386935,False,False,Historical VaR
2025-10-28,Equal Weighted Portfolio,0.0149727240686981,0.0194208312658615,0.0264449560113264,False,False,EWMA-t
2025-10-28,Equal Weighted Portfolio,0.0149727240686981,0.0195977824147842,0.0287359206216849,False,False,GARCH-t
2025-10-29,Equal Weighted Portfolio,0.0122456337647499,0.0292201495987369,0.0393989514386935,False,False,Historical VaR
2025-10-29,Equal Weighted Portfolio,0.0122456337647499,0.0197283242168726,0.0268636629890022,False,False,EWMA-t
2025-10-29,Equal Weighted Portfolio,0.0122456337647499,0.0196107373721222,0.0287542965994388,False,False,GARCH-t
2025-10-30,Equal Weighted Portfolio,-0.010149264848972,0.0292201495987369,0.0393989514386935,False,False,Historical VaR
2025-10-30,Equal Weighted Portfolio,-0.010149264848972,0.019724196297953,0.026858042084688,False,False,EWMA-t
2025-10-30,Equal Weighted Portfolio,-0.010149264848972,0.0191637408761205,0.0281202537807521,False,False,GARCH-t
2025-10-31,Equal Weighted Portfolio,0.014934713899006,0.0292201495987369,0.0393989514386935,False,False,Historical VaR
2025-10-31,Equal Weighted Portfolio,0.014934713899006,0.01953536965224,0.0266009206324037,False,False,EWMA-t
2025-10-31,Equal Weighted Portfolio,0.014934713899006,0.0191741003416434,0.0281349481794307,False,False,GARCH-t
2025-11-03,Equal Weighted Portfolio,0.0126997452705077,0.0292201495987369,0.0393989514386935,False,False,Historical VaR
2025-11-03,Equal Weighted Portfolio,0.0126997452705077,0.0198299077670704,0.0270019872697541,False,False,EWMA-t
2025-11-03,Equal Weighted Portfolio,0.0126997452705077,0.0192400108203152,0.0282284389921147,False,False,GARCH-t
2025-11-04,Equal Weighted Portfolio,-0.0161769588239205,0.0292201495987369,0.0393989514386935,False,False,Historical VaR
2025-11-04,Equal Weighted Portfolio,-0.0161769588239205,0.0198638633888965,0.0270482239582479,False,False,EWMA-t
2025-11-04,Equal Weighted Portfolio,-0.0161769588239205,0.0189089933078814,0.0277589067284493,False,False,GARCH-t
2025-11-05,Equal Weighted Portfolio,-0.0006991561368633,0.0276965161187303,0.0388319663020647,False,False,Historical VaR
2025-11-05,Equal Weighted Portfolio,-0.0006991561368633,0.0202822036373169,0.0276178694752598,False,False,EWMA-t
2025-11-05,Equal Weighted Portfolio,-0.0006991561368633,0.0203121895504643,0.029749272444458,False,False,GARCH-t
2025-11-06,Equal Weighted Portfolio,-0.0168551097929903,0.0276965161187303,0.0388319663020647,False,False,Historical VaR
2025-11-06,Equal Weighted Portfolio,-0.0168551097929903,0.0196662479828268,0.026779135027443,False,False,EWMA-t
2025-11-06,Equal Weighted Portfolio,-0.0168551097929903,0.0191061940133724,0.0280386263510301,False,False,GARCH-t
2025-11-07,Equal Weighted Portfolio,-0.0038277791292188,0.0276965161187303,0.0388319663020647,False,False,Historical VaR
2025-11-07,Equal Weighted Portfolio,-0.0038277791292188,0.0201863528913476,0.027487351438925,False,False,EWMA-t
2025-11-07,Equal Weighted Portfolio,-0.0038277791292188,0.0206496859102428,0.0302279946384002,False,False,GARCH-t
2025-11-10,Equal Weighted Portfolio,0.0272436196291502,0.0276965161187303,0.0388319663020647,False,False,Historical VaR
2025-11-10,Equal Weighted Portfolio,0.0272436196291502,0.0196291956700173,0.0267286816370113,False,False,EWMA-t
2025-11-10,Equal Weighted Portfolio,0.0272436196291502,0.0196198607506278,0.0287672376687209,False,False,GARCH-t
2025-11-11,Equal Weighted Portfolio,0.0008165256587237,0.0276965161187303,0.0388319663020647,False,False,Historical VaR
2025-11-11,Equal Weighted Portfolio,0.0008165256587237,0.021839532977882,0.0297384535708946,False,False,EWMA-t
2025-11-11,Equal Weighted Portfolio,0.0008165256587237,0.0227860056885693,0.033258260481605,False,False,GARCH-t
2025-11-12,Equal Weighted Portfolio,-0.0065523053285935,0.0276965161187303,0.0388319663020647,False,False,Historical VaR
2025-11-12,Equal Weighted Portfolio,-0.0065523053285935,0.0211766473081179,0.0288358154635204,False,False,EWMA-t
2025-11-12,Equal Weighted Portfolio,-0.0065523053285935,0.0213128796391372,0.0311687027311141,False,False,GARCH-t
2025-11-13,Equal Weighted Portfolio,-0.0218179950939022,0.0276965161187303,0.0388319663020647,False,False,Historical VaR
2025-11-13,Equal Weighted Portfolio,-0.0218179950939022,0.0206925736118044,0.0281766620302814,True,False,EWMA-t
2025-11-13,Equal Weighted Portfolio,-0.0218179950939022,0.0205037060740441,0.0300209293310819,True,False,GARCH-t
2025-11-14,Equal Weighted Portfolio,0.0019188418276591,0.0276965161187303,0.0388319663020647,False,False,Historical VaR
2025-11-14,Equal Weighted Portfolio,0.0019188418276591,0.0218198415407736,0.0297116401363406,False,False,EWMA-t
2025-11-14,Equal Weighted Portfolio,0.0019188418276591,0.0231641546729822,0.0337946464490684,False,False,GARCH-t
2025-11-17,Equal Weighted Portfolio,-0.0037700262289941,0.0276965161187303,0.0388319663020647,False,False,Historical VaR
2025-11-17,Equal Weighted Portfolio,-0.0037700262289941,0.0211685744334868,0.0288248227922192,False,False,EWMA-t
2025-11-17,Equal Weighted Portfolio,-0.0037700262289941,0.0216455339948856,0.0316405567775187,False,False,GARCH-t
2025-11-18,Equal Weighted Portfolio,-0.0203418440407,0.0276965161187303,0.0388319663020647,False,False,Historical VaR
2025-11-18,Equal Weighted Portfolio,-0.0203418440407,0.0205771714423773,0.0280195212131694,False,False,EWMA-t
2025-11-18,Equal Weighted Portfolio,-0.0203418440407,0.0205223315425356,0.029976711678555,False,False,GARCH-t
2025-11-19,Equal Weighted Portfolio,0.0095880624486199,0.0276965161187303,0.0388319663020647,False,False,Historical VaR
2025-11-19,Equal Weighted Portfolio,0.0095880624486199,0.0214942908019856,0.0292683442316058,False,False,EWMA-t
2025-11-19,Equal Weighted Portfolio,0.0095880624486199,0.0227340605992859,0.0331072314933224,False,False,GARCH-t
2025-11-20,Equal Weighted Portfolio,-0.0182646936775769,0.0276365048018145,0.0388319663020647,False,False,Historical VaR
2025-11-20,Equal Weighted Portfolio,-0.0182646936775769,0.0211778357167951,0.0288374336957559,False,False,EWMA-t
2025-11-20,Equal Weighted Portfolio,-0.0182646936775769,0.021621743689215,0.0315328387725457,False,False,GARCH-t
2025-11-21,Equal Weighted Portfolio,0.0092889081884726,0.0276365048018145,0.0388319663020647,False,False,Historical VaR
2025-11-21,Equal Weighted Portfolio,0.0092889081884726,0.021752686739212,0.0296201967913604,False,False,EWMA-t
2025-11-21,Equal Weighted Portfolio,0.0092889081884726,0.0230442444781892,0.0335462711560535,False,False,GARCH-t
2025-11-24,Equal Weighted Portfolio,0.0257904960287608,0.0276365048018145,0.0388319663020647,False,False,Historical VaR
2025-11-24,Equal Weighted Portfolio,0.0257904960287608,0.0214040134269181,0.029145415342528,False,False,EWMA-t
2025-11-24,Equal Weighted Portfolio,0.0257904960287608,0.0218726109482157,0.0318879206587203,False,False,GARCH-t
2025-11-25,Equal Weighted Portfolio,0.003083550868117,0.0276365048018145,0.0388319663020647,False,False,Historical VaR
2025-11-25,Equal Weighted Portfolio,0.003083550868117,0.0230977165935478,0.0314516969390579,False,False,EWMA-t
2025-11-25,Equal Weighted Portfolio,0.003083550868117,0.024074881039996,0.0350050520897816,False,False,GARCH-t
2025-11-26,Equal Weighted Portfolio,0.0042108863568294,0.0276365048018145,0.0388319663020647,False,False,Historical VaR
2025-11-26,Equal Weighted Portfolio,0.0042108863568294,0.0224268729286309,0.0305382225894614,False,False,EWMA-t
2025-11-26,Equal Weighted Portfolio,0.0042108863568294,0.0224894326323474,0.0327609808097632,False,False,GARCH-t
2025-11-28,Equal Weighted Portfolio,0.0034450209521962,0.0276365048018145,0.0388319663020647,False,False,Historical VaR
2025-11-28,Equal Weighted Portfolio,0.0034450209521962,0.0218066230945174,0.0296936408434681,False,False,EWMA-t
2025-11-28,Equal Weighted Portfolio,0.0034450209521962,0.0210614276818737,0.0307397577402377,False,False,GARCH-t
2025-12-01,Equal Weighted Portfolio,0.0016475890257511,0.0276365048018145,0.0388319663020647,False,False,Historical VaR
2025-12-01,Equal Weighted Portfolio,0.0016475890257511,0.021185665186967,0.028848094928092,False,False,EWMA-t
2025-12-01,Equal Weighted Portfolio,0.0016475890257511,0.0197416217602082,0.0288716814599125,False,False,GARCH-t
2025-12-02,Equal Weighted Portfolio,0.0062673595139173,0.0276365048018145,0.0388319663020647,False,False,Historical VaR
2025-12-02,Equal Weighted Portfolio,0.0062673595139173,0.0205504805412524,0.0279831767489965,False,False,EWMA-t
2025-12-02,Equal Weighted Portfolio,0.0062673595139173,0.0185310594398389,0.0271582304748741,False,False,GARCH-t
2025-12-03,Equal Weighted Portfolio,-0.0073241020203702,0.0276365048018145,0.0388319663020647,False,False,Historical VaR
2025-12-03,Equal Weighted Portfolio,-0.0073241020203702,0.020076285863651,0.0273374753771907,False,False,EWMA-t
2025-12-03,Equal Weighted Portfolio,-0.0073241020203702,0.0175587307454505,0.0257819795118731,False,False,GARCH-t
2025-12-04,Equal Weighted Portfolio,-0.0010996049539317,0.0276365048018145,0.0388319663020647,False,False,Historical VaR
2025-12-04,Equal Weighted Portfolio,-0.0010996049539317,0.0196766166341497,0.0267932538117718,False,False,EWMA-t
2025-12-04,Equal Weighted Portfolio,-0.0010996049539317,0.0173047416827545,0.0254224789703953,False,False,GARCH-t
2025-12-05,Equal Weighted Portfolio,0.0012298542807501,0.0276365048018145,0.0388319663020647,False,False,Historical VaR
2025-12-05,Equal Weighted Portfolio,0.0012298542807501,0.0190820877024286,0.0259836957021526,False,False,EWMA-t
2025-12-05,Equal Weighted Portfolio,0.0012298542807501,0.0164104477812962,0.0241566798119512,False,False,GARCH-t
2025-12-08,Equal Weighted Portfolio,-0.0008590743318274,0.0276365048018145,0.0388319663020647,False,False,Historical VaR
2025-12-08,Equal Weighted Portfolio,-0.0008590743318274,0.0185070908173457,0.0252007339882843,False,False,EWMA-t
2025-12-08,Equal Weighted Portfolio,-0.0008590743318274,0.0155150222424577,0.0228892789142566,False,False,GARCH-t
2025-12-09,Equal Weighted Portfolio,0.00227797411284,0.0276365048018145,0.0388319663020647,False,False,Historical VaR
2025-12-09,Equal Weighted Portfolio,0.00227797411284,0.0179464702279848,0.0244373481876593,False,False,EWMA-t
2025-12-09,Equal Weighted Portfolio,0.00227797411284,0.0147874424776455,0.0218594498474381,False,False,GARCH-t
2025-12-10,Equal Weighted Portfolio,-0.0001707667262799,0.0276365048018145,0.0388319663020647,False,False,Historical VaR
2025-12-10,Equal Weighted Portfolio,-0.0001707667262799,0.0174227929259473,0.0237242673196505,False,False,EWMA-t
2025-12-10,Equal Weighted Portfolio,-0.0001707667262799,0.014042439757362,0.0208049600260991,False,False,GARCH-t
2025-12-11,Equal Weighted Portfolio,-0.0074302139213376,0.0276365048018145,0.0388319663020647,False,False,Historical VaR
2025-12-11,Equal Weighted Portfolio,-0.0074302139213376,0.0168921579474626,0.0230017123233169,False,False,EWMA-t
2025-12-11,Equal Weighted Portfolio,-0.0074302139213376,0.013432267948608,0.019941312224445,False,False,GARCH-t
2025-12-12,Equal Weighted Portfolio,-0.0139762488781444,0.0276365048018145,0.0388319663020647,False,False,Historical VaR
2025-12-12,Equal Weighted Portfolio,-0.0139762488781444,0.016636160421678,0.0226531256322682,False,False,EWMA-t
2025-12-12,Equal Weighted Portfolio,-0.0139762488781444,0.0137838678003086,0.0204389727761562,True,False,GARCH-t
2025-12-15,Equal Weighted Portfolio,-0.0070965903644289,0.0276365048018145,0.0388319663020647,False,False,Historical VaR
2025-12-15,Equal Weighted Portfolio,-0.0070965903644289,0.0170400517246619,0.0232030963103793,False,False,EWMA-t
2025-12-15,Equal Weighted Portfolio,-0.0070965903644289,0.0156568674873694,0.0230900491435355,False,False,GARCH-t
2025-12-16,Equal Weighted Portfolio,0.0016383963444413,0.0276365048018145,0.0388319663020647,False,False,Historical VaR
2025-12-16,Equal Weighted Portfolio,0.0016383963444413,0.0167549879278713,0.0228149306616823,False,False,EWMA-t
2025-12-16,Equal Weighted Portfolio,0.0016383963444413,0.015619753755188,0.0230375177208283,False,False,GARCH-t
2025-12-17,Equal Weighted Portfolio,-0.0172047193847202,0.0276365048018145,0.0388319663020647,False,False,Historical VaR
2025-12-17,Equal Weighted Portfolio,-0.0172047193847202,0.016257335500133,0.0221372873424901,True,False,EWMA-t
2025-12-17,Equal Weighted Portfolio,-0.0172047193847202,0.0147721831921607,0.0218228972744555,True,False,GARCH-t
2025-12-18,Equal Weighted Portfolio,0.0160834901925055,0.0276365048018145,0.0388319663020647,False,False,Historical VaR
2025-12-18,Equal Weighted Portfolio,0.0160834901925055,0.0171527707269546,0.023356583512676,False,False,EWMA-t
2025-12-18,Equal Weighted Portfolio,0.0160834901925055,0.017393510632744,0.0255331899471705,False,False,GARCH-t
2025-12-19,Equal Weighted Portfolio,0.0134767888282191,0.0276365048018145,0.0388319663020647,False,False,Historical VaR
2025-12-19,Equal Weighted Portfolio,0.0134767888282191,0.0177923379594498,0.0242274693721989,False,False,EWMA-t
2025-12-19,Equal Weighted Portfolio,0.0134767888282191,0.0179821281322023,0.0263663339342436,False,False,GARCH-t
2025-12-22,Equal Weighted Portfolio,0.0033116078594671,0.0276365048018145,0.0388319663020647,False,False,Historical VaR
2025-12-22,Equal Weighted Portfolio,0.0033116078594671,0.0180460543192538,0.0245729498453321,False,False,EWMA-t
2025-12-22,Equal Weighted Portfolio,0.0033116078594671,0.0179595239528908,0.026334339411326,False,False,GARCH-t
2025-12-23,Equal Weighted Portfolio,0.0138748267540839,0.0250423392192134,0.0385821038850142,False,False,Historical VaR
2025-12-23,Equal Weighted Portfolio,0.0138748267540839,0.0175446972221271,0.0238902619522146,False,False,EWMA-t
2025-12-23,Equal Weighted Portfolio,0.0138748267540839,0.0169119257665299,0.024851542636445,False,False,GARCH-t
2025-12-24,Equal Weighted Portfolio,0.0011116065874578,0.0250423392192134,0.0385821038850142,False,False,Historical VaR
2025-12-24,Equal Weighted Portfolio,0.0011116065874578,0.0178638695092173,0.0243248724473365,False,False,EWMA-t
2025-12-24,Equal Weighted Portfolio,0.0011116065874578,0.0171188869038273,0.025144480626321,False,False,GARCH-t
2025-12-26,Equal Weighted Portfolio,0.0012800875554184,0.0250423392192134,0.0385821038850142,False,False,Historical VaR
2025-12-26,Equal Weighted Portfolio,0.0012800875554184,0.0173251796871599,0.0235913493322319,False,False,EWMA-t
2025-12-26,Equal Weighted Portfolio,0.0012800875554184,0.0161507077504808,0.0237740955447313,False,False,GARCH-t
2025-12-29,Equal Weighted Portfolio,-0.0031605858233568,0.0250423392192134,0.0385821038850142,False,False,Historical VaR
2025-12-29,Equal Weighted Portfolio,-0.0031605858233568,0.016804926110924,0.022882930482907,False,False,EWMA-t
2025-12-29,Equal Weighted Portfolio,-0.0031605858233568,0.0152733740460391,0.022532295392366,False,False,GARCH-t
2025-12-30,Equal Weighted Portfolio,-0.0005651716047408,0.0250423392192134,0.0385821038850142,False,False,Historical VaR
2025-12-30,Equal Weighted Portfolio,-0.0005651716047408,0.016340317718029,0.0222502825625166,False,False,EWMA-t
2025-12-30,Equal Weighted Portfolio,-0.0005651716047408,0.0147489048805789,0.0217899485677973,False,False,GARCH-t
2025-12-31,Equal Weighted Portfolio,-0.005533887094613,0.0250423392192134,0.0385821038850142,False,False,Historical VaR
2025-12-31,Equal Weighted Portfolio,-0.005533887094613,0.0158440847002043,0.0215745720253055,False,False,EWMA-t
2025-12-31,Equal Weighted Portfolio,-0.005533887094613,0.0140788845390088,0.0208415849542288,False,False,GARCH-t
2026-01-02,Equal Weighted Portfolio,-0.0052962794528572,0.0250423392192134,0.0385821038850142,False,False,Historical VaR
2026-01-02,Equal Weighted Portfolio,-0.0052962794528572,0.0155147892760218,0.0211261770576531,False,False,EWMA-t
2026-01-02,Equal Weighted Portfolio,-0.0052962794528572,0.0140049727599769,0.0207369683664941,False,False,GARCH-t
2026-01-05,Equal Weighted Portfolio,0.0034824521868427,0.0250423392192134,0.0385821038850142,False,False,Historical VaR
2026-01-05,Equal Weighted Portfolio,0.0034824521868427,0.0151856506450475,0.0206779955921644,False,False,EWMA-t
2026-01-05,Equal Weighted Portfolio,0.0034824521868427,0.0139052613385064,0.0205958343171036,False,False,GARCH-t
2026-01-06,Equal Weighted Portfolio,0.0027993219484197,0.0250423392192134,0.0385821038850142,False,False,Historical VaR
2026-01-06,Equal Weighted Portfolio,0.0027993219484197,0.0147865876097881,0.0201345994692738,False,False,EWMA-t
2026-01-06,Equal Weighted Portfolio,0.0027993219484197,0.0132638291046744,0.0196879350289856,False,False,GARCH-t
2026-01-07,Equal Weighted Portfolio,0.0080563343888437,0.0250423392192134,0.0385821038850142,False,False,Historical VaR
2026-01-07,Equal Weighted Portfolio,0.0080563343888437,0.0143783307586365,0.0195786843118725,False,False,EWMA-t
2026-01-07,Equal Weighted Portfolio,0.0080563343888437,0.0126770919777596,0.0188574525684207,False,False,GARCH-t
2026-01-08,Equal Weighted Portfolio,-0.0013758764902551,0.0250423392192134,0.0385821038850142,False,False,Historical VaR
2026-01-08,Equal Weighted Portfolio,-0.0013758764902551,0.0142957766770149,0.0194662720764149,False,False,EWMA-t
2026-01-08,Equal Weighted Portfolio,-0.0013758764902551,0.0125280453442756,0.0186464882212938,False,False,GARCH-t
2026-01-09,Equal Weighted Portfolio,0.0033549974990776,0.0250423392192134,0.0385821038850142,False,False,Historical VaR
2026-01-09,Equal Weighted Portfolio,0.0033549974990776,0.013870826269909,0.0188876256390368,False,False,EWMA-t
2026-01-09,Equal Weighted Portfolio,0.0033549974990776,0.0121608146817996,0.0181267007216147,False,False,GARCH-t
2026-01-12,Equal Weighted Portfolio,0.0013345150174426,0.0250411997241968,0.0385821038850142,False,False,Historical VaR
2026-01-12,Equal Weighted Portfolio,0.0013345150174426,0.0135128269829141,0.0184001451976972,False,False,EWMA-t
2026-01-12,Equal Weighted Portfolio,0.0013345150174426,0.0117064117010469,0.0174835273340232,False,False,GARCH-t
2026-01-13,Equal Weighted Portfolio,-0.0020891950684869,0.0250411997241968,0.0385821038850142,False,False,Historical VaR
2026-01-13,Equal Weighted Portfolio,-0.0020891950684869,0.0131116784428702,0.0178539092848135,False,False,EWMA-t
2026-01-13,Equal Weighted Portfolio,-0.0020891950684869,0.0112970335382071,0.0169040832041376,False,False,GARCH-t
2026-01-14,Equal Weighted Portfolio,-0.0134829479855537,0.0250411997241968,0.0385821038850142,False,False,Historical VaR
2026-01-14,Equal Weighted Portfolio,-0.0134829479855537,0.0127387644620027,0.0173461198042784,True,False,EWMA-t
2026-01-14,Equal Weighted Portfolio,-0.0134829479855537,0.0111488454701458,0.0166943340920658,True,False,GARCH-t
2026-01-15,Equal Weighted Portfolio,0.0011592114568707,0.0250411997241968,0.0385821038850142,False,False,Historical VaR
2026-01-15,Equal Weighted Portfolio,0.0011592114568707,0.0134406865516071,0.018301913020792,False,False,EWMA-t
2026-01-15,Equal Weighted Portfolio,0.0011592114568707,0.0135386037770765,0.0200768579990339,False,False,GARCH-t
2026-01-16,Equal Weighted Portfolio,-0.0024547328882224,0.0250411997241968,0.0385821038850142,False,False,Historical VaR
2026-01-16,Equal Weighted Portfolio,-0.0024547328882224,0.0130391999853855,0.017755216824449,False,False,EWMA-t
2026-01-16,Equal Weighted Portfolio,-0.0024547328882224,0.0128554945501168,0.019111116743594,False,False,GARCH-t
2026-01-20,Equal Weighted Portfolio,-0.0297409590386466,0.0250411997241968,0.0385821038850142,True,False,Historical VaR
2026-01-20,Equal Weighted Portfolio,-0.0297409590386466,0.0126787746043852,0.0172644328196121,True,True,EWMA-t
2026-01-20,Equal Weighted Portfolio,-0.0297409590386466,0.0125335739020153,0.0186552267361948,True,True,GARCH-t
2026-01-21,Equal Weighted Portfolio,0.0062159233074127,0.0276365048018145,0.0387861983230241,False,False,Historical VaR
2026-01-21,Equal Weighted Portfolio,0.0062159233074127,0.0169673698183099,0.023104126817777,False,False,EWMA-t
2026-01-21,Equal Weighted Portfolio,0.0062159233074127,0.0208059741223106,0.0303702397988232,False,False,GARCH-t
2026-01-22,Equal Weighted Portfolio,0.0095075965733788,0.0276365048018145,0.0387861983230241,False,False,Historical VaR
2026-01-22,Equal Weighted Portfolio,0.0095075965733788,0.0166310908793244,0.0226462225382295,False,False,EWMA-t
2026-01-22,Equal Weighted Portfolio,0.0095075965733788,0.0196045029533669,0.0286687686340196,False,False,GARCH-t
2026-01-23,Equal Weighted Portfolio,0.012034841625657,0.0276365048018145,0.0387861983230241,False,False,Historical VaR
2026-01-23,Equal Weighted Portfolio,0.012034841625657,0.0165522336054131,0.0225388441716081,False,False,EWMA-t
2026-01-23,Equal Weighted Portfolio,0.012034841625657,0.0188048014062727,0.0275362661171047,False,False,GARCH-t
2026-01-26,Equal Weighted Portfolio,0.0090457337128991,0.0276365048018145,0.0387861983230241,False,False,Historical VaR
2026-01-26,Equal Weighted Portfolio,0.0090457337128991,0.0167312856126325,0.0227826556949069,False,False,EWMA-t
2026-01-26,Equal Weighted Portfolio,0.0090457337128991,0.0184335641375705,0.0270105360585528,False,False,GARCH-t
2026-01-27,Equal Weighted Portfolio,0.0149152033045496,0.0276365048018145,0.0387861983230241,False,False,Historical VaR
2026-01-27,Equal Weighted Portfolio,0.0149152033045496,0.0166070304003128,0.0226134598670357,False,False,EWMA-t
2026-01-27,Equal Weighted Portfolio,0.0149152033045496,0.0177097508631643,0.0259855032097106,False,False,GARCH-t
2026-01-28,Equal Weighted Portfolio,0.0016016931563316,0.0276365048018145,0.0387861983230241,False,False,Historical VaR
2026-01-28,Equal Weighted Portfolio,0.0016016931563316,0.0171361665334577,0.0233339739157633,False,False,EWMA-t
2026-01-28,Equal Weighted Portfolio,0.0016016931563316,0.0180030009580585,0.0264007912277968,False,False,GARCH-t
2026-01-29,Equal Weighted Portfolio,-0.0171554152156886,0.0250411997241968,0.0378370194291561,False,False,Historical VaR
2026-01-29,Equal Weighted Portfolio,-0.0171554152156886,0.0166260649345665,0.0226393788101616,True,False,EWMA-t
2026-01-29,Equal Weighted Portfolio,-0.0171554152156886,0.0169372825646593,0.0248915672338796,True,False,GARCH-t
2026-01-30,Equal Weighted Portfolio,-0.0040726740020414,0.0250411997241968,0.0378370194291561,False,False,Historical VaR
2026-01-30,Equal Weighted Portfolio,-0.0040726740020414,0.0174743565406378,0.0237944804585016,False,False,EWMA-t
2026-01-30,Equal Weighted Portfolio,-0.0040726740020414,0.0190174224746835,0.0278373708179763,False,False,GARCH-t
2026-02-02,Equal Weighted Portfolio,0.0059458507507541,0.0250411997241968,0.0378370194291561,False,False,Historical VaR
2026-02-02,Equal Weighted Portfolio,0.0059458507507541,0.0170175485432766,0.0231724541800964,False,False,EWMA-t
2026-02-02,Equal Weighted Portfolio,0.0059458507507541,0.0181661225876941,0.0266317969783756,False,False,GARCH-t
2026-02-03,Equal Weighted Portfolio,-0.0178236299122782,0.0250411997241968,0.0378370194291561,False,False,Historical VaR
2026-02-03,Equal Weighted Portfolio,-0.0178236299122782,0.0166639806363696,0.022691007860051,True,False,EWMA-t
2026-02-03,Equal Weighted Portfolio,-0.0178236299122782,0.017200538013838,0.0252643781404858,True,False,GARCH-t
2026-02-04,Equal Weighted Portfolio,-0.0092078061901713,0.0250411997241968,0.0378370194291561,False,False,Historical VaR
2026-02-04,Equal Weighted Portfolio,-0.0092078061901713,0.0176111943100893,0.0239808097017918,False,False,EWMA-t
2026-02-04,Equal Weighted Portfolio,-0.0092078061901713,0.019418001817848,0.0284046538450086,False,False,GARCH-t
2026-02-05,Equal Weighted Portfolio,-0.0230278430769322,0.0250411997241968,0.0378370194291561,False,False,Historical VaR
2026-02-05,Equal Weighted Portfolio,-0.0230278430769322,0.0174544007481638,0.023767307056554,True,False,EWMA-t
2026-02-05,Equal Weighted Portfolio,-0.0230278430769322,0.0192152479582129,0.0281175226556475,True,False,GARCH-t
2026-02-06,Equal Weighted Portfolio,0.0050630862917513,0.0250411997241968,0.0378370194291561,False,False,Historical VaR
2026-02-06,Equal Weighted Portfolio,0.0050630862917513,0.0191932534712313,0.0261350678975911,False,False,EWMA-t
2026-02-06,Equal Weighted Portfolio,0.0050630862917513,0.0225699709253127,0.0328683352776789,False,False,GARCH-t
2026-02-09,Equal Weighted Portfolio,0.0081577382722987,0.0250411997241968,0.0378370194291561,False,False,Historical VaR
2026-02-09,Equal Weighted Portfolio,0.0081577382722987,0.0187147632812176,0.0254835174127771,False,False,EWMA-t
2026-02-09,Equal Weighted Portfolio,0.0081577382722987,0.0211513166956772,0.0308592989171364,False,False,GARCH-t
2026-02-10,Equal Weighted Portfolio,-0.0076666005538085,0.0250411997241968,0.0378370194291561,False,False,Historical VaR
2026-02-10,Equal Weighted Portfolio,-0.0076666005538085,0.0184260440952189,0.0250903742939866,False,False,EWMA-t
2026-02-10,Equal Weighted Portfolio,-0.0076666005538085,0.0200585468478562,0.0293117658311208,False,False,GARCH-t
2026-02-11,Equal Weighted Portfolio,-0.0087405761343239,0.0250411997241968,0.0378370194291561,False,False,Historical VaR
2026-02-11,Equal Weighted Portfolio,-0.0087405761343239,0.0181173220968825,0.0246699937472442,False,False,EWMA-t
2026-02-11,Equal Weighted Portfolio,-0.0087405761343239,0.0195313185650059,0.0285651280892203,False,False,GARCH-t
2026-02-12,Equal Weighted Portfolio,-0.0201700411463556,0.0250411997241968,0.0378370194291561,False,False,Historical VaR
2026-02-12,Equal Weighted Portfolio,-0.0201700411463556,0.0178985326297334,0.0243720725225915,True,False,EWMA-t
2026-02-12,Equal Weighted Portfolio,-0.0201700411463556,0.0192356215083247,0.028146374790377,True,False,GARCH-t
2026-02-13,Equal Weighted Portfolio,-0.0122013379237874,0.0250411997241968,0.0378370194291561,False,False,Historical VaR
2026-02-13,Equal Weighted Portfolio,-0.0122013379237874,0.0190800799379125,0.0259809617695222,False,False,EWMA-t
2026-02-13,Equal Weighted Portfolio,-0.0122013379237874,0.0216882968376277,0.0316197468173587,False,False,GARCH-t
2026-02-17,Equal Weighted Portfolio,0.006757009247562,0.0250411997241968,0.0378370194291561,False,False,Historical VaR
2026-02-17,Equal Weighted Portfolio,0.006757009247562,0.0191109542043079,0.0260230026381921,False,False,EWMA-t
2026-02-17,Equal Weighted Portfolio,0.006757009247562,0.0217432899814115,0.0316726024056895,False,False,GARCH-t
2026-02-18,Equal Weighted Portfolio,0.0093505560159974,0.0250411997241968,0.0378370194291561,False,False,Historical VaR
2026-02-18,Equal Weighted Portfolio,0.0093505560159974,0.0187183175224718,0.0254883571517323,False,False,EWMA-t
2026-02-18,Equal Weighted Portfolio,0.0093505560159974,0.0205058059254514,0.0299206681242303,False,False,GARCH-t
2026-02-19,Equal Weighted Portfolio,-0.0032344974318771,0.0250411997241968,0.0378370194291561,False,False,Historical VaR
2026-02-19,Equal Weighted Portfolio,-0.0032344974318771,0.0185168506180518,0.0252140237129526,False,False,EWMA-t
2026-02-19,Equal Weighted Portfolio,-0.0032344974318771,0.0196113426508714,0.0286543561530208,False,False,GARCH-t
2026-02-20,Equal Weighted Portfolio,0.0170931757680396,0.0250411997241968,0.0378370194291561,False,False,Historical VaR
2026-02-20,Equal Weighted Portfolio,0.0170931757680396,0.0179977554321068,0.0245071822204291,False,False,EWMA-t
2026-02-20,Equal Weighted Portfolio,0.0170931757680396,0.0186358396312446,0.0272733143743247,False,False,GARCH-t
2026-02-23,Equal Weighted Portfolio,-0.0100381107260319,0.0250411997241968,0.0378370194291561,False,False,Historical VaR
2026-02-23,Equal Weighted Portfolio,-0.0100381107260319,0.0186993869752249,0.0254625798056258,False,False,EWMA-t
2026-02-23,Equal Weighted Portfolio,-0.0100381107260319,0.0192614809520785,0.0281590490006314,False,False,GARCH-t
2026-02-24,Equal Weighted Portfolio,0.0109035007407516,0.0250411997241968,0.0378370194291561,False,False,Historical VaR
2026-02-24,Equal Weighted Portfolio,0.0109035007407516,0.0185544988422513,0.0252652885439596,False,False,EWMA-t
2026-02-24,Equal Weighted Portfolio,0.0109035007407516,0.0192311570733963,0.0281161187969215,False,False,GARCH-t
2026-02-25,Equal Weighted Portfolio,0.0136623229573889,0.0250411997241968,0.0378370194291561,False,False,Historical VaR
2026-02-25,Equal Weighted Portfolio,0.0136623229573889,0.0184931927936749,0.0251818093284905,False,False,EWMA-t
2026-02-25,Equal Weighted Portfolio,0.0136623229573889,0.0186639771056125,0.0273131492357933,False,False,GARCH-t
2026-02-26,Equal Weighted Portfolio,-0.0176260559669473,0.0250411997241968,0.0378370194291561,False,False,Historical VaR
2026-02-26,Equal Weighted Portfolio,-0.0176260559669473,0.018717472457332,0.0254872064434983,False,False,EWMA-t
2026-02-26,Equal Weighted Portfolio,-0.0176260559669473,0.0185984040582472,0.0272203159834652,False,False,GARCH-t
2026-02-27,Equal Weighted Portfolio,-0.0144384553101962,0.0250411997241968,0.0378370194291561,False,False,Historical VaR
2026-02-27,Equal Weighted Portfolio,-0.0144384553101962,0.0194259427026979,0.0264519161522413,False,False,EWMA-t
2026-02-27,Equal Weighted Portfolio,-0.0144384553101962,0.0204425358724167,0.0298310952732773,False,False,GARCH-t
2026-03-02,Equal Weighted Portfolio,0.0045491948650814,0.0250411997241968,0.0378370194291561,False,False,Historical VaR
2026-03-02,Equal Weighted Portfolio,0.0045491948650814,0.0196713865643146,0.0267861321306846,False,False,EWMA-t
2026-03-02,Equal Weighted Portfolio,0.0045491948650814,0.0211345833020865,0.0308108425359551,False,False,GARCH-t
2026-03-03,Equal Weighted Portfolio,-0.0021979632693628,0.0231803578352648,0.0370591232934405,False,False,Historical VaR
2026-03-03,Equal Weighted Portfolio,-0.0021979632693628,0.0191558346888176,0.0260841154928571,False,False,EWMA-t
2026-03-03,Equal Weighted Portfolio,-0.0021979632693628,0.0198422479480072,0.0289812540260677,False,False,GARCH-t
2026-03-04,Equal Weighted Portfolio,0.0106966163626551,0.0231803578352648,0.0370591232934405,False,False,Historical VaR
2026-03-04,Equal Weighted Portfolio,0.0106966163626551,0.0185923728595394,0.0253168608328819,False,False,EWMA-t
2026-03-04,Equal Weighted Portfolio,0.0106966163626551,0.0187670600136495,0.0274590860497287,False,False,GARCH-t
2026-03-05,Equal Weighted Portfolio,0.0016151552859057,0.02253215177567,0.0360770749486545,False,False,Historical VaR
2026-03-05,Equal Weighted Portfolio,0.0016151552859057,0.0185102568955628,0.0252050451734253,False,False,EWMA-t
2026-03-05,Equal Weighted Portfolio,0.0016151552859057,0.0182266413077738,0.0266940030148358,False,False,GARCH-t
2026-03-06,Equal Weighted Portfolio,-0.0160027911119673,0.02253215177567,0.0360770749486545,False,False,Historical VaR
2026-03-06,Equal Weighted Portfolio,-0.0160027911119673,0.0179575960133393,0.0244524979461976,False,False,EWMA-t
2026-03-06,Equal Weighted Portfolio,-0.0160027911119673,0.0171573985392697,0.0251802517448113,False,False,GARCH-t
2026-03-09,Equal Weighted Portfolio,0.0131089285112372,0.02253215177567,0.0360770749486545,False,False,Historical VaR
2026-03-09,Equal Weighted Portfolio,0.0131089285112372,0.0185129445667672,0.0252087049213424,False,False,EWMA-t
2026-03-09,Equal Weighted Portfolio,0.0131089285112372,0.0188546051473705,0.0275830256836997,False,False,GARCH-t
2026-03-10,Equal Weighted Portfolio,0.002657652137595,0.0223624266862657,0.0360770749486545,False,False,Historical VaR
2026-03-10,Equal Weighted Portfolio,0.002657652137595,0.018674576641548,0.0254287960723896,False,False,EWMA-t
2026-03-10,Equal Weighted Portfolio,0.002657652137595,0.018667763695953,0.0273185099977324,False,False,GARCH-t
2026-03-11,Equal Weighted Portfolio,0.0003288823384696,0.0223624266862657,0.0360770749486545,False,False,Historical VaR
2026-03-11,Equal Weighted Portfolio,0.0003288823384696,0.0181358121968098,0.0246951713450787,False,False,EWMA-t
2026-03-11,Equal Weighted Portfolio,0.0003288823384696,0.0175576293943521,0.0257468676556503,False,False,GARCH-t
2026-03-12,Equal Weighted Portfolio,-0.0147843026679005,0.021006112014641,0.0346736518184702,False,False,Historical VaR
2026-03-12,Equal Weighted Portfolio,-0.0147843026679005,0.0175837979321742,0.0239435046040379,False,False,EWMA-t
2026-03-12,Equal Weighted Portfolio,-0.0147843026679005,0.0165766207004868,0.0243580313689,False,False,GARCH-t
2026-03-13,Equal Weighted Portfolio,-0.0136365443457196,0.021006112014641,0.0346736518184702,False,False,Historical VaR
2026-03-13,Equal Weighted Portfolio,-0.0136365443457196,0.0180122098177595,0.0245268644671633,False,False,EWMA-t
2026-03-13,Equal Weighted Portfolio,-0.0136365443457196,0.0180634486257693,0.0264629674287933,False,False,GARCH-t
2026-03-16,Equal Weighted Portfolio,0.0135626373598385,0.021006112014641,0.0346736518184702,False,False,Historical VaR
2026-03-16,Equal Weighted Portfolio,0.0135626373598385,0.0182682779790296,0.0248755473411344,False,False,EWMA-t
2026-03-16,Equal Weighted Portfolio,0.0135626373598385,0.0189775485429359,0.0277570794408634,False,False,GARCH-t
2026-03-17,Equal Weighted Portfolio,0.0059837287583159,0.021006112014641,0.0346736518184702,False,False,Historical VaR
2026-03-17,Equal Weighted Portfolio,0.0059837287583159,0.0184973505390096,0.0251874708468352,False,False,EWMA-t
2026-03-17,Equal Weighted Portfolio,0.0059837287583159,0.0188450727288992,0.0275047822653572,False,False,GARCH-t
2026-03-18,Equal Weighted Portfolio,-0.0158363000768463,0.021006112014641,0.0346736518184702,False,False,Historical VaR
2026-03-18,Equal Weighted Portfolio,-0.0158363000768463,0.0180875605411918,0.0246294680344004,False,False,EWMA-t
2026-03-18,Equal Weighted Portfolio,-0.0158363000768463,0.017844334118548,0.0260908034197307,False,False,GARCH-t
2026-03-19,Equal Weighted Portfolio,-0.00566809356293,0.021006112014641,0.0346736518184702,False,False,Historical VaR
2026-03-19,Equal Weighted Portfolio,-0.00566809356293,0.0186094836848539,0.0253401603001687,False,False,EWMA-t
2026-03-19,Equal Weighted Portfolio,-0.00566809356293,0.0193394002722868,0.0282032350700462,False,False,GARCH-t
2026-03-20,Equal Weighted Portfolio,-0.0188064733658567,0.021006112014641,0.0346736518184702,False,False,Historical VaR
2026-03-20,Equal Weighted Portfolio,-0.0188064733658567,0.0181797239856233,0.0247549651462634,True,False,EWMA-t
2026-03-20,Equal Weighted Portfolio,-0.0188064733658567,0.0186428853410829,0.0272191045806275,True,False,GARCH-t
2026-03-23,Equal Weighted Portfolio,0.0116184939667998,0.021006112014641,0.0346736518184702,False,False,Historical VaR
2026-03-23,Equal Weighted Portfolio,0.0116184939667998,0.0191145711395477,0.0260279277462886,False,False,EWMA-t
2026-03-23,Equal Weighted Portfolio,0.0116184939667998,0.0207920160726113,0.0302556871201983,False,False,GARCH-t
2026-03-24,Equal Weighted Portfolio,-0.0150676164669445,0.021006112014641,0.0346736518184702,False,False,Historical VaR
2026-03-24,Equal Weighted Portfolio,-0.0150676164669445,0.0190871674945198,0.0259906127530533,False,False,EWMA-t
2026-03-24,Equal Weighted Portfolio,-0.0150676164669445,0.0201469334029212,0.0293442270853926,False,False,GARCH-t
2026-03-25,Equal Weighted Portfolio,0.0084228709176473,0.021006112014641,0.0346736518184702,False,False,Historical VaR
2026-03-25,Equal Weighted Portfolio,0.0084228709176473,0.0194311554107784,0.0264590141921758,False,False,EWMA-t
2026-03-25,Equal Weighted Portfolio,0.0084228709176473,0.0210237157729389,0.0305830637912014,False,False,GARCH-t
2026-03-26,Equal Weighted Portfolio,-0.0208982763016131,0.021006112014641,0.0346736518184702,False,False,Historical VaR
2026-03-26,Equal Weighted Portfolio,-0.0208982763016131,0.0191281653600231,0.026046438723371,True,False,EWMA-t
2026-03-26,Equal Weighted Portfolio,-0.0208982763016131,0.0199948321384373,0.0291293178492058,True,False,GARCH-t
2026-03-27,Equal Weighted Portfolio,-0.0254817826698036,0.0213121497581432,0.0346736518184702,True,False,Historical VaR
2026-03-27,Equal Weighted Portfolio,-0.0254817826698036,0.020284770138199,0.0276213642279819,True,False,EWMA-t
2026-03-27,Equal Weighted Portfolio,-0.0254817826698036,0.022453636091578,0.0326034485955587,True,False,GARCH-t
2026-03-30,Equal Weighted Portfolio,-0.002159946278658,0.0213121497581432,0.0345501173050306,False,False,Historical VaR
2026-03-30,Equal Weighted Portfolio,-0.002159946278658,0.0220725272628069,0.0300557172107142,False,False,EWMA-t
2026-03-30,Equal Weighted Portfolio,-0.002159946278658,0.0257350228132592,0.03723983552096,False,False,GARCH-t
2026-03-31,Equal Weighted Portfolio,0.0405599604090271,0.0213121497581432,0.0345501173050306,False,False,Historical VaR
2026-03-31,Equal Weighted Portfolio,0.0405599604090271,0.0214169591182295,0.0291630432304685,False,False,EWMA-t
2026-03-31,Equal Weighted Portfolio,0.0405599604090271,0.0241297285233194,0.0349716586528933,False,False,GARCH-t
2026-04-01,Equal Weighted Portfolio,0.0103801578009613,0.0205922385581109,0.033629643294463,False,False,Historical VaR
2026-04-01,Equal Weighted Portfolio,0.0103801578009613,0.0261833819950371,0.0356533855635554,False,False,EWMA-t
2026-04-01,Equal Weighted Portfolio,0.0103801578009613,0.030666365809943,0.044207503806879,False,False,GARCH-t
2026-04-02,Equal Weighted Portfolio,0.003249504243565,0.0205922385581109,0.033629643294463,False,False,Historical VaR
2026-04-02,Equal Weighted Portfolio,0.003249504243565,0.0257118207927113,0.0350112701421586,False,False,EWMA-t
2026-04-02,Equal Weighted Portfolio,0.003249504243565,0.0288965036278662,0.0417068031651275,False,False,GARCH-t
2026-04-06,Equal Weighted Portfolio,0.0073216502916765,0.0205922385581109,0.033629643294463,False,False,Historical VaR
2026-04-06,Equal Weighted Portfolio,0.0073216502916765,0.0249612656200508,0.0339892542328823,False,False,EWMA-t
2026-04-06,Equal Weighted Portfolio,0.0073216502916765,0.0269276159191902,0.0389248923437745,False,False,GARCH-t
2026-04-07,Equal Weighted Portfolio,0.0011941985021457,0.0205922385581109,0.033629643294463,False,False,Historical VaR
2026-04-07,Equal Weighted Portfolio,0.0011941985021457,0.0243715154428861,0.0331862032573967,False,False,EWMA-t
2026-04-07,Equal Weighted Portfolio,0.0011941985021457,0.0252689019325216,0.0365812369038481,False,False,GARCH-t
2026-04-08,Equal Weighted Portfolio,0.0239372995539971,0.0202473524488106,0.0302227060735727,False,False,Historical VaR
2026-04-08,Equal Weighted Portfolio,0.0239372995539971,0.0236337271029604,0.0321815716879282,False,False,EWMA-t
2026-04-08,Equal Weighted Portfolio,0.0239372995539971,0.0235971084866382,0.0342191010351157,False,False,GARCH-t
2026-04-09,Equal Weighted Portfolio,0.0148099981095172,0.0194200788670812,0.0278419281659812,False,False,Historical VaR
2026-04-09,Equal Weighted Portfolio,0.0148099981095172,0.0247719465117341,0.0337314622041581,False,False,EWMA-t
2026-04-09,Equal Weighted Portfolio,0.0148099981095172,0.0249895244953322,0.0361864946784108,False,False,GARCH-t
2026-04-10,Equal Weighted Portfolio,0.0075837608871284,0.0194200788670812,0.0278419281659812,False,False,Historical VaR
2026-04-10,Equal Weighted Portfolio,0.0075837608871284,0.0247133389104767,0.033651657410225,False,False,EWMA-t
2026-04-10,Equal Weighted Portfolio,0.0075837608871284,0.0243147295037478,0.0352330530570265,False,False,GARCH-t
2026-04-13,Equal Weighted Portfolio,0.0104960623770269,0.0185084945373028,0.0274911365201151,False,False,Historical VaR
2026-04-13,Equal Weighted Portfolio,0.0104960623770269,0.0241453559146593,0.0328782463685475,False,False,EWMA-t
2026-04-13,Equal Weighted Portfolio,0.0104960623770269,0.0229063610827479,0.0332431196882688,False,False,GARCH-t
2026-04-14,Equal Weighted Portfolio,0.02660440741376,0.0185084945373028,0.0274911365201151,False,False,Historical VaR
2026-04-14,Equal Weighted Portfolio,0.02660440741376,0.0237708835823415,0.0323683349121306,False,False,EWMA-t
2026-04-14,Equal Weighted Portfolio,0.02660440741376,0.0218942343597991,0.03181305017707,False,False,GARCH-t
2026-04-15,Equal Weighted Portfolio,0.0194240274450655,0.0180221086066626,0.0256352413516596,False,False,Historical VaR
2026-04-15,Equal Weighted Portfolio,0.0194240274450655,0.0253102144240775,0.0344644108132761,False,False,EWMA-t
2026-04-15,Equal Weighted Portfolio,0.0194240274450655,0.0243740055929919,0.0352735682388096,False,False,GARCH-t
2026-04-16,Equal Weighted Portfolio,0.0015484584678987,0.0180221086066626,0.0256352413516596,False,False,Historical VaR
2026-04-16,Equal Weighted Portfolio,0.0015484584678987,0.0257005091214615,0.0349958672665288,False,False,EWMA-t
2026-04-16,Equal Weighted Portfolio,0.0015484584678987,0.0246041092063543,0.0355982864445835,False,False,GARCH-t
2026-04-17,Equal Weighted Portfolio,0.0144213100090888,0.0180221086066626,0.0256352413516596,False,False,Historical VaR
2026-04-17,Equal Weighted Portfolio,0.0144213100090888,0.0249250073163276,0.0339398820286817,False,False,EWMA-t
2026-04-17,Equal Weighted Portfolio,0.0144213100090888,0.0229860924818512,0.0333149694639617,False,False,GARCH-t
2026-04-20,Equal Weighted Portfolio,-0.0039458761990145,0.0180221086066626,0.0256352413516596,False,False,Historical VaR
2026-04-20,Equal Weighted Portfolio,-0.0039458761990145,0.0248222147699101,0.0337999114820511,False,False,EWMA-t
2026-04-20,Equal Weighted Portfolio,-0.0039458761990145,0.0224929633292326,0.0326190742048077,False,False,GARCH-t
2026-04-21,Equal Weighted Portfolio,-0.0059104540662692,0.0177149642423462,0.0240280563855939,False,False,Historical VaR
2026-04-21,Equal Weighted Portfolio,-0.0059104540662692,0.0241160026686927,0.0328382766428571,False,False,EWMA-t
2026-04-21,Equal Weighted Portfolio,-0.0059104540662692,0.0213036178936412,0.030940690670333,False,False,GARCH-t
2026-04-22,Equal Weighted Portfolio,0.0207672041961955,0.0177149642423462,0.0240280563855939,False,False,Historical VaR
2026-04-22,Equal Weighted Portfolio,0.0207672041961955,0.0234965720863593,0.031994810455564,False,False,EWMA-t
2026-04-22,Equal Weighted Portfolio,0.0207672041961955,0.0204253528651351,0.0297012983805591,False,False,GARCH-t
2026-04-23,Equal Weighted Portfolio,-0.0107740005007871,0.0173943208467224,0.0232064277741061,False,False,Historical VaR
2026-04-23,Equal Weighted Portfolio,-0.0107740005007871,0.024200360023643,0.0329531443594009,False,False,EWMA-t
2026-04-23,Equal Weighted Portfolio,-0.0107740005007871,0.0216046546886521,0.0313655085448524,False,False,GARCH-t
2026-04-24,Equal Weighted Portfolio,0.0208711938299301,0.0173943208467224,0.0232064277741061,False,False,Historical VaR
2026-04-24,Equal Weighted Portfolio,0.0208711938299301,0.0238425832918614,0.0324659669670267,False,False,EWMA-t
2026-04-24,Equal Weighted Portfolio,0.0208711938299301,0.0213898461953586,0.0310623745457465,False,False,GARCH-t
2026-04-27,Equal Weighted Portfolio,0.0070054760405251,0.0173943208467224,0.0232064277741061,False,False,Historical VaR
2026-04-27,Equal Weighted Portfolio,0.0070054760405251,0.0245300653960201,0.033402097545279,False,False,EWMA-t
2026-04-27,Equal Weighted Portfolio,0.0070054760405251,0.0224217786765403,0.0325186196645112,False,False,GARCH-t
2026-04-28,Equal Weighted Portfolio,-0.0004467467585263,0.0173943208467224,0.0232064277741061,False,False,Historical VaR
2026-04-28,Equal Weighted Portfolio,-0.0004467467585263,0.023941804875067,0.0326010750047481,False,False,EWMA-t
2026-04-28,Equal Weighted Portfolio,-0.0004467467585263,0.0211495945383563,0.0307233355977873,False,False,GARCH-t
2026-04-29,Equal Weighted Portfolio,-0.0038457170985446,0.0173943208467224,0.0232064277741061,False,False,Historical VaR
2026-04-29,Equal Weighted Portfolio,-0.0038457170985446,0.023213105855598,0.0316088201804538,False,False,EWMA-t
2026-04-29,Equal Weighted Portfolio,-0.0038457170985446,0.0198744802034634,0.0289239164885755,False,False,GARCH-t
2026-04-30,Equal Weighted Portfolio,0.00523977498703,0.0173943208467224,0.0232064277741061,False,False,Historical VaR
2026-04-30,Equal Weighted Portfolio,0.00523977498703,0.0225566948542675,0.03071499849909,False,False,EWMA-t
2026-04-30,Equal Weighted Portfolio,0.00523977498703,0.0189348613206558,0.0275979427097282,False,False,GARCH-t
2026-05-01,Equal Weighted Portfolio,0.0117075676814717,0.0173943208467224,0.0232064277741061,False,False,Historical VaR
2026-05-01,Equal Weighted Portfolio,0.0117075676814717,0.0219663827254556,0.029911182325329,False,False,EWMA-t
2026-05-01,Equal Weighted Portfolio,0.0117075676814717,0.017886521806496,0.0261185442721918,False,False,GARCH-t
2026-05-06,Equal Weighted Portfolio,0.0259108788905696,0.0173943208467224,0.0232064277741061,False,False,Historical VaR
2026-05-06,Equal Weighted Portfolio,0.0259108788905696,0.021789151020028,0.0296698494704329,False,False,EWMA-t
2026-05-06,Equal Weighted Portfolio,0.0259108788905696,0.0176069809198245,0.0257240610485952,False,False,GARCH-t
2026-05-07,Equal Weighted Portfolio,0.0040759079554998,0.0173943208467224,0.0232064277741061,False,False,Historical VaR
2026-05-07,Equal Weighted Portfolio,0.0040759079554998,0.023454300143924,0.0319372496002684,False,False,EWMA-t
2026-05-07,Equal Weighted Portfolio,0.0040759079554998,0.0208870620856023,0.0303528543794788,False,False,GARCH-t
2026-05-08,Equal Weighted Portfolio,0.0069036378896258,0.0173943208467224,0.0232064277741061,False,False,Historical VaR
2026-05-08,Equal Weighted Portfolio,0.0069036378896258,0.0227962064563263,0.0310411366387989,False,False,EWMA-t
2026-05-08,Equal Weighted Portfolio,0.0069036378896258,0.0196146271480956,0.0285572163891252,False,False,GARCH-t
2026-05-11,Equal Weighted Portfolio,-0.0055657228733922,0.0173943208467224,0.0232064277741061,False,False,Historical VaR
2026-05-11,Equal Weighted Portfolio,-0.0055657228733922,0.0222678539083075,0.0303216895822051,False,False,EWMA-t
2026-05-11,Equal Weighted Portfolio,-0.0055657228733922,0.0186025131880195,0.0271289388216754,False,False,GARCH-t
2026-05-12,Equal Weighted Portfolio,-0.0035824291421401,0.0173943208467224,0.0232064277741061,False,False,Historical VaR
2026-05-12,Equal Weighted Portfolio,-0.0035824291421401,0.0217001449634098,0.0295486517101627,False,False,EWMA-t
2026-05-12,Equal Weighted Portfolio,-0.0035824291421401,0.0179799057271084,0.0262503260321836,False,False,GARCH-t
2026-05-13,Equal Weighted Portfolio,0.0172538783545922,0.0173943208467224,0.0232064277741061,False,False,Historical VaR
2026-05-13,Equal Weighted Portfolio,0.0172538783545922,0.0210861843122971,0.0287126338183899,False,False,EWMA-t
2026-05-13,Equal Weighted Portfolio,0.0172538783545922,0.017212195258512,0.0251669464090926,False,False,GARCH-t
2026-05-14,Equal Weighted Portfolio,0.0073259538792958,0.0173943208467224,0.0232064277741061,False,False,Historical VaR
2026-05-14,Equal Weighted Portfolio,0.0073259538792958,0.0215403374930054,0.0293310450862611,False,False,EWMA-t
2026-05-14,Equal Weighted Portfolio,0.0073259538792958,0.0181191557599875,0.0264468332498223,False,False,GARCH-t
2026-05-15,Equal Weighted Portfolio,-0.0056282335859957,0.0173943208467224,0.0232064277741061,False,False,Historical VaR
2026-05-15,Equal Weighted Portfolio,-0.0056282335859957,0.0210819019474409,0.0287068026081447,False,False,EWMA-t
2026-05-15,Equal Weighted Portfolio,-0.0056282335859957,0.0172194334690207,0.0251777226877929,False,False,GARCH-t
2026-05-18,Equal Weighted Portfolio,-0.0001878110989241,0.0173943208467224,0.0232064277741061,False,False,Historical VaR
2026-05-18,Equal Weighted Portfolio,-0.0001878110989241,0.020559144370874,0.0279949741118434,False,False,EWMA-t
2026-05-18,Equal Weighted Portfolio,-0.0001878110989241,0.0167659798741384,0.0245381609279592,False,False,GARCH-t
2026-05-19,Equal Weighted Portfolio,-0.0106062586166922,0.0173943208467224,0.0232064277741061,False,False,Historical VaR
2026-05-19,Equal Weighted Portfolio,-0.0106062586166922,0.0199329668374917,0.0271423207367696,False,False,EWMA-t
2026-05-19,Equal Weighted Portfolio,-0.0106062586166922,0.0158932337556215,0.0233072189975251,False,False,GARCH-t
2025-01-02,Long-only Global Minimum Variance Portfolio,-0.0097727015600661,0.0193004001536083,0.0280859147734532,False,False,Historical VaR
2025-01-02,Long-only Global Minimum Variance Portfolio,-0.0097727015600661,0.019131905391955,0.0261303657686545,False,False,EWMA-t
2025-01-02,Long-only Global Minimum Variance Portfolio,-0.0097727015600661,0.0189578799736404,0.0274422536527355,False,False,GARCH-t
2025-01-03,Long-only Global Minimum Variance Portfolio,0.0083590845925544,0.0189141760098266,0.0280859147734532,False,False,Historical VaR
2025-01-03,Long-only Global Minimum Variance Portfolio,0.0083590845925544,0.0189419468335636,0.0258709202764277,False,False,EWMA-t
2025-01-03,Long-only Global Minimum Variance Portfolio,0.0083590845925544,0.0188321967974496,0.0272650746705547,False,False,GARCH-t
2025-01-06,Long-only Global Minimum Variance Portfolio,0.0136218851339429,0.0189141760098266,0.0280859147734532,False,False,Historical VaR
2025-01-06,Long-only Global Minimum Variance Portfolio,0.0136218851339429,0.0186559869421783,0.0254803561165086,False,False,EWMA-t
2025-01-06,Long-only Global Minimum Variance Portfolio,0.0136218851339429,0.0181236982493767,0.0262662850518585,False,False,GARCH-t
2025-01-07,Long-only Global Minimum Variance Portfolio,-0.011587013189272,0.0189141760098266,0.0280859147734532,False,False,Historical VaR
2025-01-07,Long-only Global Minimum Variance Portfolio,-0.011587013189272,0.0188621412457123,0.0257619217653953,False,False,EWMA-t
2025-01-07,Long-only Global Minimum Variance Portfolio,-0.011587013189272,0.0181455525869604,0.0262970937042706,False,False,GARCH-t
2025-01-08,Long-only Global Minimum Variance Portfolio,0.0006921151922508,0.0189141760098266,0.0280859147734532,False,False,Historical VaR
2025-01-08,Long-only Global Minimum Variance Portfolio,0.0006921151922508,0.0188451473939996,0.0257387115543904,False,False,EWMA-t
2025-01-08,Long-only Global Minimum Variance Portfolio,0.0006921151922508,0.0184136839218731,0.0266750857191962,False,False,GARCH-t
2025-01-10,Long-only Global Minimum Variance Portfolio,-0.0160873774759025,0.0189141760098266,0.0280859147734532,False,False,Historical VaR
2025-01-10,Long-only Global Minimum Variance Portfolio,-0.0160873774759025,0.0182730698765703,0.0249573678004779,False,False,EWMA-t
2025-01-10,Long-only Global Minimum Variance Portfolio,-0.0160873774759025,0.0174424094246055,0.0253058537180665,False,False,GARCH-t
2025-01-13,Long-only Global Minimum Variance Portfolio,-0.0059764573076892,0.0189141760098266,0.0280859147734532,False,False,Historical VaR
2025-01-13,Long-only Global Minimum Variance Portfolio,-0.0059764573076892,0.018809165171247,0.0256895670169055,False,False,EWMA-t
2025-01-13,Long-only Global Minimum Variance Portfolio,-0.0059764573076892,0.0187466047495291,0.0271444132392244,False,False,GARCH-t
2025-01-14,Long-only Global Minimum Variance Portfolio,-0.0046874430892069,0.0189141760098266,0.0280859147734532,False,False,Historical VaR
2025-01-14,Long-only Global Minimum Variance Portfolio,-0.0046874430892069,0.0183865770579597,0.0251123959644954,False,False,EWMA-t
2025-01-14,Long-only Global Minimum Variance Portfolio,-0.0046874430892069,0.0181540341117051,0.0263090503397341,False,False,GARCH-t
2025-01-15,Long-only Global Minimum Variance Portfolio,0.025258960132347,0.0189141760098266,0.0280859147734532,False,False,Historical VaR
2025-01-15,Long-only Global Minimum Variance Portfolio,0.025258960132347,0.0179212412033506,0.0244768400260201,False,False,EWMA-t
2025-01-15,Long-only Global Minimum Variance Portfolio,0.025258960132347,0.0174858512917418,0.0253670948963731,False,False,GARCH-t
2025-01-16,Long-only Global Minimum Variance Portfolio,-0.01797841188022,0.0189141760098266,0.0280859147734532,False,False,Historical VaR
2025-01-16,Long-only Global Minimum Variance Portfolio,-0.01797841188022,0.0200074559729415,0.0273261931816291,False,False,EWMA-t
2025-01-16,Long-only Global Minimum Variance Portfolio,-0.01797841188022,0.0202715899201137,0.029294226193942,False,False,GARCH-t
2025-01-17,Long-only Global Minimum Variance Portfolio,0.012174358132651,0.0189141760098266,0.0280859147734532,False,False,Historical VaR
2025-01-17,Long-only Global Minimum Variance Portfolio,0.012174358132651,0.0206429019706285,0.0281940856369604,False,False,EWMA-t
2025-01-17,Long-only Global Minimum Variance Portfolio,0.012174358132651,0.0215450058429635,0.0310893951572157,False,False,GARCH-t
2025-01-21,Long-only Global Minimum Variance Portfolio,-0.0055448059975388,0.0189141760098266,0.0280859147734532,False,False,Historical VaR
2025-01-21,Long-only Global Minimum Variance Portfolio,-0.0055448059975388,0.0205771729374204,0.0281043128911642,False,False,EWMA-t
2025-01-21,Long-only Global Minimum Variance Portfolio,-0.0055448059975388,0.0210102785182724,0.0303355755450409,False,False,GARCH-t
2025-01-22,Long-only Global Minimum Variance Portfolio,0.0183329448909362,0.0189141760098266,0.0280859147734532,False,False,Historical VaR
2025-01-22,Long-only Global Minimum Variance Portfolio,0.0183329448909362,0.0200687932179364,0.0274099676209295,False,False,EWMA-t
2025-01-22,Long-only Global Minimum Variance Portfolio,0.0183329448909362,0.0201866267260159,0.0291744512749009,False,False,GARCH-t
2025-01-23,Long-only Global Minimum Variance Portfolio,-0.000273187618816,0.0189141760098266,0.0280859147734532,False,False,Historical VaR
2025-01-23,Long-only Global Minimum Variance Portfolio,-0.000273187618816,0.0207466985625784,0.0283358510731585,False,False,EWMA-t
2025-01-23,Long-only Global Minimum Variance Portfolio,-0.000273187618816,0.020799984781164,0.0300391187603769,False,False,GARCH-t
2025-01-24,Long-only Global Minimum Variance Portfolio,-0.0004254906971144,0.0189141760098266,0.0280859147734532,False,False,Historical VaR
2025-01-24,Long-only Global Minimum Variance Portfolio,-0.0004254906971144,0.0201149566538463,0.0274730176643387,False,False,EWMA-t
2025-01-24,Long-only Global Minimum Variance Portfolio,-0.0004254906971144,0.0196859791625434,0.028468674826407,False,False,GARCH-t
2025-01-27,Long-only Global Minimum Variance Portfolio,-0.008482710192187,0.0189141760098266,0.0280859147734532,False,False,Historical VaR
2025-01-27,Long-only Global Minimum Variance Portfolio,-0.008482710192187,0.0195028898758253,0.0266370565586949,False,False,EWMA-t
2025-01-27,Long-only Global Minimum Variance Portfolio,-0.008482710192187,0.0186519462499255,0.0270109705850614,False,False,GARCH-t
2025-01-28,Long-only Global Minimum Variance Portfolio,0.0267398432022449,0.0189141760098266,0.0280859147734532,False,False,Historical VaR
2025-01-28,Long-only Global Minimum Variance Portfolio,0.0267398432022449,0.0191999582879575,0.0262233124473952,False,False,EWMA-t
2025-01-28,Long-only Global Minimum Variance Portfolio,0.0267398432022449,0.0183720657533522,0.026616415458289,False,False,GARCH-t
2025-01-29,Long-only Global Minimum Variance Portfolio,-0.0027076977781385,0.0189141760098266,0.0280859147734532,False,False,Historical VaR
2025-01-29,Long-only Global Minimum Variance Portfolio,-0.0027076977781385,0.0213727325068429,0.0291908885413085,False,False,EWMA-t
2025-01-29,Long-only Global Minimum Variance Portfolio,-0.0027076977781385,0.021385907161253,0.0308651094306281,False,False,GARCH-t
2025-01-30,Long-only Global Minimum Variance Portfolio,-0.0177598514470099,0.0189141760098266,0.0280859147734532,False,False,Historical VaR
2025-01-30,Long-only Global Minimum Variance Portfolio,-0.0177598514470099,0.0207488985465468,0.0283388558123415,False,False,EWMA-t
2025-01-30,Long-only Global Minimum Variance Portfolio,-0.0177598514470099,0.0203291871866413,0.0293754226226849,False,False,GARCH-t
2025-01-31,Long-only Global Minimum Variance Portfolio,0.0029561010691574,0.0189141760098266,0.0280859147734532,False,False,Historical VaR
2025-01-31,Long-only Global Minimum Variance Portfolio,0.0029561010691574,0.0212915510020676,0.0290800108022665,False,False,EWMA-t
2025-01-31,Long-only Global Minimum Variance Portfolio,0.0029561010691574,0.0215436078474755,0.0310874243650606,False,False,GARCH-t
2025-02-03,Long-only Global Minimum Variance Portfolio,-0.0175919572322302,0.0189141760098266,0.0280859147734532,False,False,Historical VaR
2025-02-03,Long-only Global Minimum Variance Portfolio,-0.0175919572322302,0.0206755418999235,0.0282386652684015,False,False,EWMA-t
2025-02-03,Long-only Global Minimum Variance Portfolio,-0.0175919572322302,0.0203845141230953,0.029381988495661,False,False,GARCH-t
2025-02-04,Long-only Global Minimum Variance Portfolio,0.0157267917011493,0.0185582793346793,0.0266915760826987,False,False,Historical VaR
2025-02-04,Long-only Global Minimum Variance Portfolio,0.0157267917011493,0.0212027906642976,0.0289587818894026,False,False,EWMA-t
2025-02-04,Long-only Global Minimum Variance Portfolio,0.0157267917011493,0.0215470250614043,0.0310173782574301,False,False,GARCH-t
2025-02-05,Long-only Global Minimum Variance Portfolio,-0.0198652647818683,0.0185582793346793,0.0266915760826987,True,False,Historical VaR
2025-02-05,Long-only Global Minimum Variance Portfolio,-0.0198652647818683,0.0214646109661359,0.0293163761860779,False,False,EWMA-t
2025-02-05,Long-only Global Minimum Variance Portfolio,-0.0198652647818683,0.0215263434065978,0.0309882838503046,False,False,GARCH-t
2025-02-06,Long-only Global Minimum Variance Portfolio,0.0040682861490293,0.0189141760098266,0.0267920565594988,False,False,Historical VaR
2025-02-06,Long-only Global Minimum Variance Portfolio,0.0040682861490293,0.0222249238325435,0.0303548118719558,False,False,EWMA-t
2025-02-06,Long-only Global Minimum Variance Portfolio,0.0040682861490293,0.0230244043176147,0.033095716473646,False,False,GARCH-t
2025-02-07,Long-only Global Minimum Variance Portfolio,-0.0240630123838545,0.0189141760098266,0.0267920565594988,True,False,Historical VaR
2025-02-07,Long-only Global Minimum Variance Portfolio,-0.0240630123838545,0.0216070120584775,0.0295108676678467,True,False,EWMA-t
2025-02-07,Long-only Global Minimum Variance Portfolio,-0.0240630123838545,0.021778408778971,0.03134288277552,True,False,GARCH-t
2025-02-10,Long-only Global Minimum Variance Portfolio,0.005396960389189,0.0195809106716312,0.0271547300268176,False,False,Historical VaR
2025-02-10,Long-only Global Minimum Variance Portfolio,0.005396960389189,0.022981550854207,0.0313882134292742,False,False,EWMA-t
2025-02-10,Long-only Global Minimum Variance Portfolio,0.005396960389189,0.0242837167744485,0.0348672840614486,False,False,GARCH-t
2025-02-11,Long-only Global Minimum Variance Portfolio,0.0041672408816235,0.0195809106716312,0.0271547300268176,False,False,Historical VaR
2025-02-11,Long-only Global Minimum Variance Portfolio,0.0041672408816235,0.0223820175308466,0.0305693705221537,False,False,EWMA-t
2025-02-11,Long-only Global Minimum Variance Portfolio,0.0041672408816235,0.0229984679515136,0.0330592298771061,False,False,GARCH-t
2025-02-12,Long-only Global Minimum Variance Portfolio,-0.0002268855162783,0.0195809106716312,0.0271547300268176,False,False,Historical VaR
2025-02-12,Long-only Global Minimum Variance Portfolio,-0.0002268855162783,0.0217617939482416,0.029722268848808,False,False,EWMA-t
2025-02-12,Long-only Global Minimum Variance Portfolio,-0.0002268855162783,0.0217568820348734,0.0313125995190436,False,False,GARCH-t
2025-02-13,Long-only Global Minimum Variance Portfolio,0.0111972751302601,0.0195809106716312,0.0271547300268176,False,False,Historical VaR
2025-02-13,Long-only Global Minimum Variance Portfolio,0.0111972751302601,0.0210990301749621,0.028817065762173,False,False,EWMA-t
2025-02-13,Long-only Global Minimum Variance Portfolio,0.0111972751302601,0.020585383906557,0.0296645668151388,False,False,GARCH-t
2025-02-14,Long-only Global Minimum Variance Portfolio,-2.0673413024504487e-05,0.0195809106716312,0.0271547300268176,False,False,Historical VaR
2025-02-14,Long-only Global Minimum Variance Portfolio,-2.0673413024504487e-05,0.0209235623125784,0.0285774116696613,False,False,EWMA-t
2025-02-14,Long-only Global Minimum Variance Portfolio,-2.0673413024504487e-05,0.0200280479440906,0.0288805212661059,False,False,GARCH-t
2025-02-18,Long-only Global Minimum Variance Portfolio,-0.0013290604693624,0.0195809106716312,0.0271547300268176,False,False,Historical VaR
2025-02-18,Long-only Global Minimum Variance Portfolio,-0.0013290604693624,0.0202861479382246,0.0277068308045129,False,False,EWMA-t
2025-02-18,Long-only Global Minimum Variance Portfolio,-0.0013290604693624,0.0189674852053673,0.027388549545698,False,False,GARCH-t
2025-02-19,Long-only Global Minimum Variance Portfolio,0.0068254546273818,0.0195809106716312,0.0271547300268176,False,False,Historical VaR
2025-02-19,Long-only Global Minimum Variance Portfolio,0.0068254546273818,0.0196750744090208,0.0268722262785909,False,False,EWMA-t
2025-02-19,Long-only Global Minimum Variance Portfolio,0.0068254546273818,0.0180219700317236,0.0260584237089264,False,False,GARCH-t
2025-02-20,Long-only Global Minimum Variance Portfolio,0.0010358005099886,0.0195809106716312,0.0271547300268176,False,False,Historical VaR
2025-02-20,Long-only Global Minimum Variance Portfolio,0.0010358005099886,0.01926309628047,0.0263095463485383,False,False,EWMA-t
2025-02-20,Long-only Global Minimum Variance Portfolio,0.0010358005099886,0.0172610004342702,0.0249879117269033,False,False,GARCH-t
2025-02-21,Long-only Global Minimum Variance Portfolio,-0.0165334652239968,0.0195809106716312,0.0271547300268176,False,False,Historical VaR
2025-02-21,Long-only Global Minimum Variance Portfolio,-0.0165334652239968,0.0186806940606848,0.0255141011110837,False,False,EWMA-t
2025-02-21,Long-only Global Minimum Variance Portfolio,-0.0165334652239968,0.016371721567527,0.0237368976451391,True,False,GARCH-t
2025-02-24,Long-only Global Minimum Variance Portfolio,-0.003781139795915,0.0195809106716312,0.0271547300268176,False,False,Historical VaR
2025-02-24,Long-only Global Minimum Variance Portfolio,-0.003781139795915,0.0192402803388526,0.0262783843242859,False,False,EWMA-t
2025-02-24,Long-only Global Minimum Variance Portfolio,-0.003781139795915,0.0179670154668047,0.0259811150747716,False,False,GARCH-t
2025-02-25,Long-only Global Minimum Variance Portfolio,-0.0109642915776664,0.0195809106716312,0.0271547300268176,False,False,Historical VaR
2025-02-25,Long-only Global Minimum Variance Portfolio,-0.0109642915776664,0.0187131514485051,0.0255584314272892,False,False,EWMA-t
2025-02-25,Long-only Global Minimum Variance Portfolio,-0.0109642915776664,0.0172422510258528,0.0249615355530931,False,False,GARCH-t
2025-02-26,Long-only Global Minimum Variance Portfolio,-0.0098577120875078,0.0195809106716312,0.0271547300268176,False,False,Historical VaR
2025-02-26,Long-only Global Minimum Variance Portfolio,-0.0098577120875078,0.0186470195920614,0.0254681085053203,False,False,EWMA-t
2025-02-26,Long-only Global Minimum Variance Portfolio,-0.0098577120875078,0.0175118897714073,0.0253408562367311,False,False,GARCH-t
2025-02-27,Long-only Global Minimum Variance Portfolio,-0.0191098413822392,0.0195809106716312,0.0271547300268176,False,False,Historical VaR
2025-02-27,Long-only Global Minimum Variance Portfolio,-0.0191098413822392,0.0184887901795667,0.0252519986961225,True,False,EWMA-t
2025-02-27,Long-only Global Minimum Variance Portfolio,-0.0191098413822392,0.0175616064038713,0.0254107962855014,True,False,GARCH-t
2025-02-28,Long-only Global Minimum Variance Portfolio,0.0142633265719813,0.0195809106716312,0.0271547300268176,False,False,Historical VaR
2025-02-28,Long-only Global Minimum Variance Portfolio,0.0142633265719813,0.0194331144110994,0.026541757194747,False,False,EWMA-t
2025-02-28,Long-only Global Minimum Variance Portfolio,0.0142633265719813,0.0195895713408395,0.0282636839322781,False,False,GARCH-t
2025-03-03,Long-only Global Minimum Variance Portfolio,-0.0205492138191766,0.0195809106716312,0.0271547300268176,True,False,Historical VaR
2025-03-03,Long-only Global Minimum Variance Portfolio,-0.0205492138191766,0.0196561193808499,0.0268463374918176,True,False,EWMA-t
2025-03-03,Long-only Global Minimum Variance Portfolio,-0.0205492138191766,0.0195535852326088,0.0282130596232698,True,False,GARCH-t
2025-03-04,Long-only Global Minimum Variance Portfolio,0.003150208913131,0.020173041848657,0.0272073414912259,False,False,Historical VaR
2025-03-04,Long-only Global Minimum Variance Portfolio,0.003150208913131,0.0206955484754655,0.0282659902590902,False,False,EWMA-t
2025-03-04,Long-only Global Minimum Variance Portfolio,0.003150208913131,0.0215923104526131,0.031002357696198,False,False,GARCH-t
2025-03-05,Long-only Global Minimum Variance Portfolio,0.0165568312622685,0.020173041848657,0.0272073414912259,False,False,Historical VaR
2025-03-05,Long-only Global Minimum Variance Portfolio,0.0165568312622685,0.0201031808515285,0.0274569342677569,False,False,EWMA-t
2025-03-05,Long-only Global Minimum Variance Portfolio,0.0165568312622685,0.0204255592449468,0.0293642103355111,False,False,GARCH-t
2025-03-06,Long-only Global Minimum Variance Portfolio,-0.0083243964740668,0.020173041848657,0.0272073414912259,False,False,Historical VaR
2025-03-06,Long-only Global Minimum Variance Portfolio,-0.0083243964740668,0.020546703120679,0.0280626972005132,False,False,EWMA-t
2025-03-06,Long-only Global Minimum Variance Portfolio,-0.0083243964740668,0.0206896084662897,0.0297349419295236,False,False,GARCH-t
2025-03-07,Long-only Global Minimum Variance Portfolio,0.0033067024494117,0.020173041848657,0.0272073414912259,False,False,Historical VaR
2025-03-07,Long-only Global Minimum Variance Portfolio,0.0033067024494117,0.0201872255606083,0.0275717225726425,False,False,EWMA-t
2025-03-07,Long-only Global Minimum Variance Portfolio,0.0033067024494117,0.0201949415418581,0.0290404174144836,False,False,GARCH-t
2025-03-10,Long-only Global Minimum Variance Portfolio,-0.039967244711749,0.0195809106716312,0.0270850630895781,True,True,Historical VaR
2025-03-10,Long-only Global Minimum Variance Portfolio,-0.039967244711749,0.0196152738229057,0.0267905506087423,True,True,EWMA-t
2025-03-10,Long-only Global Minimum Variance Portfolio,-0.039967244711749,0.0191243120626032,0.0275372273220363,True,True,GARCH-t
2025-03-11,Long-only Global Minimum Variance Portfolio,-0.0105131643541338,0.020173041848657,0.0286313692380304,False,False,Historical VaR
2025-03-11,Long-only Global Minimum Variance Portfolio,-0.0105131643541338,0.0246582426045739,0.0336782398443533,False,False,EWMA-t
2025-03-11,Long-only Global Minimum Variance Portfolio,-0.0105131643541338,0.0276075305943257,0.0394478745590486,False,False,GARCH-t
2025-03-12,Long-only Global Minimum Variance Portfolio,0.0031261999865324,0.020173041848657,0.0286313692380304,False,False,Historical VaR
2025-03-12,Long-only Global Minimum Variance Portfolio,0.0031261999865324,0.0242609382458689,0.0331356013563537,False,False,EWMA-t
2025-03-12,Long-only Global Minimum Variance Portfolio,0.0031261999865324,0.026755957445178,0.038252244935919,False,False,GARCH-t
2025-03-13,Long-only Global Minimum Variance Portfolio,-0.0229580895126882,0.020173041848657,0.0286313692380304,True,False,Historical VaR
2025-03-13,Long-only Global Minimum Variance Portfolio,-0.0229580895126882,0.0235538700483824,0.0321698872654052,False,False,EWMA-t
2025-03-13,Long-only Global Minimum Variance Portfolio,-0.0229580895126882,0.0252550546682929,0.0361449405625044,False,False,GARCH-t
2025-03-14,Long-only Global Minimum Variance Portfolio,0.0209602356357047,0.0208974165114737,0.0288166673683006,False,False,Historical VaR
2025-03-14,Long-only Global Minimum Variance Portfolio,0.0209602356357047,0.0245516903584367,0.0335327107343147,False,False,EWMA-t
2025-03-14,Long-only Global Minimum Variance Portfolio,0.0209602356357047,0.0268591994705505,0.0383971992760257,False,False,GARCH-t
2025-03-17,Long-only Global Minimum Variance Portfolio,-0.0017045909876714,0.0208974165114737,0.0288166673683006,False,False,Historical VaR
2025-03-17,Long-only Global Minimum Variance Portfolio,-0.0017045909876714,0.0251867846397752,0.0344001228152845,False,False,EWMA-t
2025-03-17,Long-only Global Minimum Variance Portfolio,-0.0017045909876714,0.0271263235273948,0.0387722480146258,False,False,GARCH-t
2025-03-18,Long-only Global Minimum Variance Portfolio,-0.0139487414378018,0.0208974165114737,0.0288166673683006,False,False,Historical VaR
2025-03-18,Long-only Global Minimum Variance Portfolio,-0.0139487414378018,0.024428667445198,0.0333646859790697,False,False,EWMA-t
2025-03-18,Long-only Global Minimum Variance Portfolio,-0.0139487414378018,0.0256488668678429,0.0366978625659789,False,False,GARCH-t
2025-03-19,Long-only Global Minimum Variance Portfolio,0.0145705605483106,0.0208974165114737,0.0288166673683006,False,False,Historical VaR
2025-03-19,Long-only Global Minimum Variance Portfolio,0.0145705605483106,0.024309695518223,0.0332021940628507,False,False,EWMA-t
2025-03-19,Long-only Global Minimum Variance Portfolio,0.0145705605483106,0.025448047290644,0.0364159069457909,False,False,GARCH-t
2025-03-20,Long-only Global Minimum Variance Portfolio,-0.0046805178074353,0.0208974165114737,0.0288166673683006,False,False,Historical VaR
2025-03-20,Long-only Global Minimum Variance Portfolio,-0.0046805178074353,0.0242537771429294,0.0331258207184463,False,False,EWMA-t
2025-03-20,Long-only Global Minimum Variance Portfolio,-0.0046805178074353,0.0248713760108893,0.0356062463011676,False,False,GARCH-t
2025-03-21,Long-only Global Minimum Variance Portfolio,0.0123480952379498,0.0208974165114737,0.0288166673683006,False,False,Historical VaR
2025-03-21,Long-only Global Minimum Variance Portfolio,0.0123480952379498,0.0235866403124304,0.032214644908116,False,False,EWMA-t
2025-03-21,Long-only Global Minimum Variance Portfolio,0.0123480952379498,0.0236961215296524,0.0339561601354765,False,False,GARCH-t
2025-03-24,Long-only Global Minimum Variance Portfolio,0.0137649069039374,0.0208974165114737,0.0288166673683006,False,False,Historical VaR
2025-03-24,Long-only Global Minimum Variance Portfolio,0.0137649069039374,0.0233765973063587,0.0319277680673957,False,False,EWMA-t
2025-03-24,Long-only Global Minimum Variance Portfolio,0.0137649069039374,0.0230047503651704,0.0329854580347119,False,False,GARCH-t
2025-03-25,Long-only Global Minimum Variance Portfolio,0.011394337437568,0.0208974165114737,0.0288166673683006,False,False,Historical VaR
2025-03-25,Long-only Global Minimum Variance Portfolio,0.011394337437568,0.0233001875913364,0.0318234076411389,False,False,EWMA-t
2025-03-25,Long-only Global Minimum Variance Portfolio,0.011394337437568,0.0225537630074703,0.0323522607044967,False,False,GARCH-t
2025-03-26,Long-only Global Minimum Variance Portfolio,-0.0180587437390011,0.0208974165114737,0.0288166673683006,False,False,Historical VaR
2025-03-26,Long-only Global Minimum Variance Portfolio,-0.0180587437390011,0.0230292845870733,0.0314534081850367,False,False,EWMA-t
2025-03-26,Long-only Global Minimum Variance Portfolio,-0.0180587437390011,0.0218540427458269,0.0313698362661942,False,False,GARCH-t
2025-03-27,Long-only Global Minimum Variance Portfolio,-0.0010294927177589,0.0208974165114737,0.0288166673683006,False,False,Historical VaR
2025-03-27,Long-only Global Minimum Variance Portfolio,-0.0010294927177589,0.0234269619559345,0.0319965561304907,False,False,EWMA-t
2025-03-27,Long-only Global Minimum Variance Portfolio,-0.0010294927177589,0.0228917774653997,0.0328268413078788,False,False,GARCH-t
2025-03-28,Long-only Global Minimum Variance Portfolio,-0.0350433763177967,0.0208974165114737,0.0288166673683006,True,True,Historical VaR
2025-03-28,Long-only Global Minimum Variance Portfolio,-0.0350433763177967,0.022716880277008,0.0310267262251132,True,True,EWMA-t
2025-03-28,Long-only Global Minimum Variance Portfolio,-0.0350433763177967,0.0216703938370327,0.0311119886863011,True,True,GARCH-t
2025-03-31,Long-only Global Minimum Variance Portfolio,0.0018818140448368,0.0214588079374575,0.0298720811173744,False,False,Historical VaR
2025-03-31,Long-only Global Minimum Variance Portfolio,0.0018818140448368,0.0259708882597835,0.0354710519240997,False,False,EWMA-t
2025-03-31,Long-only Global Minimum Variance Portfolio,0.0018818140448368,0.0275403960689787,0.0393536160360786,False,False,GARCH-t
2025-04-01,Long-only Global Minimum Variance Portfolio,0.0131549491677385,0.0214588079374575,0.0298720811173744,False,False,Historical VaR
2025-04-01,Long-only Global Minimum Variance Portfolio,0.0131549491677385,0.0251905529691287,0.034405269601364,False,False,EWMA-t
2025-04-01,Long-only Global Minimum Variance Portfolio,0.0131549491677385,0.0259926592311568,0.0372066494638667,False,False,GARCH-t
2025-04-02,Long-only Global Minimum Variance Portfolio,0.0024726575467771,0.0214588079374575,0.0298720811173744,False,False,Historical VaR
2025-04-02,Long-only Global Minimum Variance Portfolio,0.0024726575467771,0.0249635557267654,0.0340952366564006,False,False,EWMA-t
2025-04-02,Long-only Global Minimum Variance Portfolio,0.0024726575467771,0.0252079169438198,0.036103994643605,False,False,GARCH-t
2025-04-03,Long-only Global Minimum Variance Portfolio,-0.0537289583316462,0.0214588079374575,0.0298720811173744,True,True,Historical VaR
2025-04-03,Long-only Global Minimum Variance Portfolio,-0.0537289583316462,0.0242225370826112,0.0330831530287404,True,True,EWMA-t
2025-04-03,Long-only Global Minimum Variance Portfolio,-0.0537289583316462,0.0238169309906414,0.0341494964714809,True,True,GARCH-t
2025-04-04,Long-only Global Minimum Variance Portfolio,-0.0463208475381721,0.0220932005385412,0.0323416318833049,True,True,Historical VaR
2025-04-04,Long-only Global Minimum Variance Portfolio,-0.0463208475381721,0.0315712423355899,0.0431200182678457,True,True,EWMA-t
2025-04-04,Long-only Global Minimum Variance Portfolio,-0.0463208475381721,0.0357671838490085,0.0509410013135889,True,False,GARCH-t
2025-04-07,Long-only Global Minimum Variance Portfolio,-0.0083022098324863,0.0227972709204796,0.0341612592268328,False,False,Historical VaR
2025-04-07,Long-only Global Minimum Variance Portfolio,-0.0083022098324863,0.0356068310021479,0.0486318272481128,False,False,EWMA-t
2025-04-07,Long-only Global Minimum Variance Portfolio,-0.0083022098324863,0.0415275387253142,0.0590349745494793,False,False,GARCH-t
2025-04-08,Long-only Global Minimum Variance Portfolio,-0.0250457449606107,0.0227972709204796,0.0341612592268328,True,False,Historical VaR
2025-04-08,Long-only Global Minimum Variance Portfolio,-0.0250457449606107,0.0346757238527659,0.0473601206467728,False,False,EWMA-t
2025-04-08,Long-only Global Minimum Variance Portfolio,-0.0250457449606107,0.0394663036929094,0.0561386979235738,False,False,GARCH-t
2025-04-09,Long-only Global Minimum Variance Portfolio,0.1177455791852592,0.023455304804713,0.0343218481074423,False,False,Historical VaR
2025-04-09,Long-only Global Minimum Variance Portfolio,0.1177455791852592,0.0350286306479684,0.0478421209207634,False,False,EWMA-t
2025-04-09,Long-only Global Minimum Variance Portfolio,0.1177455791852592,0.0395768003676974,0.0562939586926747,False,False,GARCH-t
2025-04-10,Long-only Global Minimum Variance Portfolio,-0.0345269900897633,0.023455304804713,0.0343218481074423,True,True,Historical VaR
2025-04-10,Long-only Global Minimum Variance Portfolio,-0.0345269900897633,0.0573721078342027,0.0783588530213413,False,False,EWMA-t
2025-04-10,Long-only Global Minimum Variance Portfolio,-0.0345269900897633,0.0697638634156957,0.0987103176891774,False,False,GARCH-t
2025-04-11,Long-only Global Minimum Variance Portfolio,0.0272655762304225,0.0243417350372397,0.0351267694694353,False,False,Historical VaR
2025-04-11,Long-only Global Minimum Variance Portfolio,0.0272655762304225,0.0572531088200488,0.0781963241094401,False,False,EWMA-t
2025-04-11,Long-only Global Minimum Variance Portfolio,0.0272655762304225,0.0682648036156774,0.0966039631049734,False,False,GARCH-t
2025-04-14,Long-only Global Minimum Variance Portfolio,0.0082548167660786,0.0243417350372397,0.0351267694694353,False,False,Historical VaR
2025-04-14,Long-only Global Minimum Variance Portfolio,0.0082548167660786,0.0565322542918432,0.0772117806412332,False,False,EWMA-t
2025-04-14,Long-only Global Minimum Variance Portfolio,0.0082548167660786,0.0656178904259782,0.0928847400752821,False,False,GARCH-t
2025-04-15,Long-only Global Minimum Variance Portfolio,-0.0081424370645992,0.0243417350372397,0.0351267694694353,False,False,Historical VaR
2025-04-15,Long-only Global Minimum Variance Portfolio,-0.0081424370645992,0.0549058394531154,0.0749904224567317,False,False,EWMA-t
2025-04-15,Long-only Global Minimum Variance Portfolio,-0.0081424370645992,0.0619091435171222,0.0876735163115435,False,False,GARCH-t
2025-04-16,Long-only Global Minimum Variance Portfolio,-0.0323517111315196,0.0243417350372397,0.0351267694694353,True,False,Historical VaR
2025-04-16,Long-only Global Minimum Variance Portfolio,-0.0323517111315196,0.0533291394857898,0.0728369648679771,False,False,EWMA-t
2025-04-16,Long-only Global Minimum Variance Portfolio,-0.0323517111315196,0.0585400473403078,0.0829395416051509,False,False,GARCH-t
2025-04-17,Long-only Global Minimum Variance Portfolio,-0.0039000575545394,0.0248365922864201,0.0357167167827795,False,False,Historical VaR
2025-04-17,Long-only Global Minimum Variance Portfolio,-0.0039000575545394,0.053242595262135,0.0727187627248588,False,False,EWMA-t
2025-04-17,Long-only Global Minimum Variance Portfolio,-0.0039000575545394,0.0578044710575183,0.0819059707794463,False,False,GARCH-t
2025-04-21,Long-only Global Minimum Variance Portfolio,-0.0226813547064711,0.0248365922864201,0.0357167167827795,False,False,Historical VaR
2025-04-21,Long-only Global Minimum Variance Portfolio,-0.0226813547064711,0.0516433281233668,0.0705344828822785,False,False,EWMA-t
2025-04-21,Long-only Global Minimum Variance Portfolio,-0.0226813547064711,0.054535034134358,0.0773120289962167,False,False,GARCH-t
2025-04-22,Long-only Global Minimum Variance Portfolio,0.0277786149692429,0.0248365922864201,0.0357167167827795,False,False,Historical VaR
2025-04-22,Long-only Global Minimum Variance Portfolio,0.0277786149692429,0.0508561822306549,0.0694593986359124,False,False,EWMA-t
2025-04-22,Long-only Global Minimum Variance Portfolio,0.0277786149692429,0.0528516802343682,0.0749467196176065,False,False,GARCH-t
2025-04-23,Long-only Global Minimum Variance Portfolio,0.0246384479643794,0.0248365922864201,0.0357167167827795,False,False,Historical VaR
2025-04-23,Long-only Global Minimum Variance Portfolio,0.0246384479643794,0.0504992859640387,0.0689719495399081,False,False,EWMA-t
2025-04-23,Long-only Global Minimum Variance Portfolio,0.0246384479643794,0.0515285110023037,0.0730875118811289,False,False,GARCH-t
2025-04-24,Long-only Global Minimum Variance Portfolio,0.0267146881170095,0.0248365922864201,0.0357167167827795,False,False,Historical VaR
2025-04-24,Long-only Global Minimum Variance Portfolio,0.0267146881170095,0.0499078127657242,0.0681641151555288,False,False,EWMA-t
2025-04-24,Long-only Global Minimum Variance Portfolio,0.0267146881170095,0.0499289611403886,0.0708399569908794,False,False,GARCH-t
2025-04-25,Long-only Global Minimum Variance Portfolio,0.0104322228806682,0.0248365922864201,0.0357167167827795,False,False,Historical VaR
2025-04-25,Long-only Global Minimum Variance Portfolio,0.0104322228806682,0.0495117017511406,0.0676231065375154,False,False,EWMA-t
2025-04-25,Long-only Global Minimum Variance Portfolio,0.0104322228806682,0.0487283470147267,0.0691529535321669,False,False,GARCH-t
2025-04-28,Long-only Global Minimum Variance Portfolio,-0.0022420143674343,0.0248365922864201,0.0357167167827795,False,False,Historical VaR
2025-04-28,Long-only Global Minimum Variance Portfolio,-0.0022420143674343,0.0481778845605876,0.0658013783644123,False,False,EWMA-t
2025-04-28,Long-only Global Minimum Variance Portfolio,-0.0022420143674343,0.0461304742671768,0.0655026380671579,False,False,GARCH-t
2025-04-29,Long-only Global Minimum Variance Portfolio,0.0034314166210965,0.0248365922864201,0.0357167167827795,False,False,Historical VaR
2025-04-29,Long-only Global Minimum Variance Portfolio,0.0034314166210965,0.0467184896714937,0.0638081361090452,False,False,EWMA-t
2025-04-29,Long-only Global Minimum Variance Portfolio,0.0034314166210965,0.0435180445683626,0.0618318683807583,False,False,GARCH-t
2025-04-30,Long-only Global Minimum Variance Portfolio,-0.0002441589659231,0.0248365922864201,0.0357167167827795,False,False,Historical VaR
2025-04-30,Long-only Global Minimum Variance Portfolio,-0.0002441589659231,0.0453152973885234,0.0618916554006896,False,False,EWMA-t
2025-04-30,Long-only Global Minimum Variance Portfolio,-0.0002441589659231,0.0409465959999104,0.0585503576944433,False,False,GARCH-t
2025-05-01,Long-only Global Minimum Variance Portfolio,0.0339286089199481,0.0248365922864201,0.0357167167827795,False,False,Historical VaR
2025-05-01,Long-only Global Minimum Variance Portfolio,0.0339286089199481,0.0439349155075257,0.0600063291505367,False,False,EWMA-t
2025-05-01,Long-only Global Minimum Variance Portfolio,0.0339286089199481,0.0385566589361239,0.055173809939612,False,False,GARCH-t
2025-05-02,Long-only Global Minimum Variance Portfolio,0.0018420153952531,0.0248365922864201,0.0357167167827795,False,False,Historical VaR
2025-05-02,Long-only Global Minimum Variance Portfolio,0.0018420153952531,0.044631782352435,0.0609581102291316,False,False,EWMA-t
2025-05-02,Long-only Global Minimum Variance Portfolio,0.0018420153952531,0.0398713679609071,0.0570312554234922,False,False,GARCH-t
2025-05-05,Long-only Global Minimum Variance Portfolio,-0.0098745862977818,0.0244959312656159,0.0357167167827795,False,False,Historical VaR
2025-05-05,Long-only Global Minimum Variance Portfolio,-0.0098745862977818,0.0432781645138613,0.0591093383212493,False,False,EWMA-t
2025-05-05,Long-only Global Minimum Variance Portfolio,-0.0098745862977818,0.0375342095205828,0.0537292742943912,False,False,GARCH-t
2025-05-06,Long-only Global Minimum Variance Portfolio,-0.0048346669664574,0.0244959312656159,0.0357167167827795,False,False,Historical VaR
2025-05-06,Long-only Global Minimum Variance Portfolio,-0.0048346669664574,0.042138552502456,0.057552855677085,False,False,EWMA-t
2025-05-06,Long-only Global Minimum Variance Portfolio,-0.0048346669664574,0.0358309573375333,0.0513228877741221,False,False,GARCH-t
2025-05-07,Long-only Global Minimum Variance Portfolio,-0.0215415734206054,0.0244959312656159,0.0357167167827795,False,False,Historical VaR
2025-05-07,Long-only Global Minimum Variance Portfolio,-0.0215415734206054,0.0408989364003042,0.0558597873967264,False,False,EWMA-t
2025-05-07,Long-only Global Minimum Variance Portfolio,-0.0215415734206054,0.0339053506031568,0.0486023545876349,False,False,GARCH-t
2025-05-08,Long-only Global Minimum Variance Portfolio,0.0123788978652475,0.0244959312656159,0.0357167167827795,False,False,Historical VaR
2025-05-08,Long-only Global Minimum Variance Portfolio,0.0123788978652475,0.0405453565599656,0.0553768678773587,False,False,EWMA-t
2025-05-08,Long-only Global Minimum Variance Portfolio,0.0123788978652475,0.0340628808105829,0.0488249162091364,False,False,GARCH-t
2025-05-09,Long-only Global Minimum Variance Portfolio,0.0001300910917142,0.0244959312656159,0.0357167167827795,False,False,Historical VaR
2025-05-09,Long-only Global Minimum Variance Portfolio,0.0001300910917142,0.039609636768433,0.054098861327107,False,False,EWMA-t
2025-05-09,Long-only Global Minimum Variance Portfolio,0.0001300910917142,0.0325409900737188,0.0466747605299255,False,False,GARCH-t
2025-05-12,Long-only Global Minimum Variance Portfolio,0.0428724285511671,0.0244959312656159,0.0357167167827795,False,False,Historical VaR
2025-05-12,Long-only Global Minimum Variance Portfolio,0.0428724285511671,0.038403001646777,0.052450838486087,False,False,EWMA-t
2025-05-12,Long-only Global Minimum Variance Portfolio,0.0428724285511671,0.0306648070243923,0.0440240540494715,False,False,GARCH-t
2025-05-13,Long-only Global Minimum Variance Portfolio,0.0061693534219072,0.0244959312656159,0.0357167167827795,False,False,Historical VaR
2025-05-13,Long-only Global Minimum Variance Portfolio,0.0061693534219072,0.0408628804899579,0.0558105422166898,False,False,EWMA-t
2025-05-13,Long-only Global Minimum Variance Portfolio,0.0061693534219072,0.03571489034321,0.0511589061550952,False,False,GARCH-t
2025-05-14,Long-only Global Minimum Variance Portfolio,0.0114286418675588,0.0244959312656159,0.0357167167827795,False,False,Historical VaR
2025-05-14,Long-only Global Minimum Variance Portfolio,0.0114286418675588,0.0396920449812933,0.0542114145046533,False,False,EWMA-t
2025-05-14,Long-only Global Minimum Variance Portfolio,0.0114286418675588,0.0337095673059545,0.0483257482858964,False,False,GARCH-t
2025-05-15,Long-only Global Minimum Variance Portfolio,-0.0046154515983768,0.0244959312656159,0.0357167167827795,False,False,Historical VaR
2025-05-15,Long-only Global Minimum Variance Portfolio,-0.0046154515983768,0.0387437066764107,0.0529161735826787,False,False,EWMA-t
2025-05-15,Long-only Global Minimum Variance Portfolio,-0.0046154515983768,0.0321356795955515,0.0461021303105769,False,False,GARCH-t
2025-05-16,Long-only Global Minimum Variance Portfolio,0.0040230304100715,0.0244959312656159,0.0357167167827795,False,False,Historical VaR
2025-05-16,Long-only Global Minimum Variance Portfolio,0.0040230304100715,0.0376071226385249,0.0513638265462325,False,False,EWMA-t
2025-05-16,Long-only Global Minimum Variance Portfolio,0.0040230304100715,0.0304442784468174,0.0437124871531003,False,False,GARCH-t
2025-05-19,Long-only Global Minimum Variance Portfolio,0.000995099510564,0.0244959312656159,0.0357167167827795,False,False,Historical VaR
2025-05-19,Long-only Global Minimum Variance Portfolio,0.000995099510564,0.036495671306277,0.0498458057714743,False,False,EWMA-t
2025-05-19,Long-only Global Minimum Variance Portfolio,0.000995099510564,0.0287127541398387,0.0412661572477002,False,False,GARCH-t
2025-05-20,Long-only Global Minimum Variance Portfolio,-0.008121329138048,0.0244959312656159,0.0357167167827795,False,False,Historical VaR
2025-05-20,Long-only Global Minimum Variance Portfolio,-0.008121329138048,0.0353860240697977,0.0483302490316017,False,False,EWMA-t
2025-05-20,Long-only Global Minimum Variance Portfolio,-0.008121329138048,0.0270679222363961,0.0389423079904128,False,False,GARCH-t
2025-05-21,Long-only Global Minimum Variance Portfolio,-0.0048848504911845,0.0244959312656159,0.0357167167827795,False,False,Historical VaR
2025-05-21,Long-only Global Minimum Variance Portfolio,-0.0048848504911845,0.0344559501050968,0.047059953554406,False,False,EWMA-t
2025-05-21,Long-only Global Minimum Variance Portfolio,-0.0048848504911845,0.0260048480540019,0.0374403769152509,False,False,GARCH-t
2025-05-22,Long-only Global Minimum Variance Portfolio,0.004483440178531,0.0244959312656159,0.0357167167827795,False,False,Historical VaR
2025-05-22,Long-only Global Minimum Variance Portfolio,0.004483440178531,0.033461318271239,0.0457014849078497,False,False,EWMA-t
2025-05-22,Long-only Global Minimum Variance Portfolio,0.004483440178531,0.0247543906412201,0.0356737073097546,False,False,GARCH-t
2025-05-23,Long-only Global Minimum Variance Portfolio,-0.0172373841021801,0.0244959312656159,0.0357167167827795,False,False,Historical VaR
2025-05-23,Long-only Global Minimum Variance Portfolio,-0.0172373841021801,0.0324896958685443,0.0443744425536622,False,False,EWMA-t
2025-05-23,Long-only Global Minimum Variance Portfolio,-0.0172373841021801,0.0234016446983617,0.033762522557057,False,False,GARCH-t
2025-05-27,Long-only Global Minimum Variance Portfolio,0.0247365258385977,0.0244959312656159,0.0357167167827795,False,False,Historical VaR
2025-05-27,Long-only Global Minimum Variance Portfolio,0.0247365258385977,0.0322190920639097,0.0440048517445594,False,False,EWMA-t
2025-05-27,Long-only Global Minimum Variance Portfolio,0.0247365258385977,0.0240726470073724,0.0347105271611562,False,False,GARCH-t
2025-05-28,Long-only Global Minimum Variance Portfolio,-0.0036741919871438,0.0244959312656159,0.0357167167827795,False,False,Historical VaR
2025-05-28,Long-only Global Minimum Variance Portfolio,-0.0036741919871438,0.0327132253405753,0.0446797392162049,False,False,EWMA-t
2025-05-28,Long-only Global Minimum Variance Portfolio,-0.0036741919871438,0.0255330189941552,0.0367737680003846,False,False,GARCH-t
2025-05-29,Long-only Global Minimum Variance Portfolio,7.095484246026412e-05,0.0244959312656159,0.0357167167827795,False,False,Historical VaR
2025-05-29,Long-only Global Minimum Variance Portfolio,7.095484246026412e-05,0.0317494533834967,0.0433634190044906,False,False,EWMA-t
2025-05-29,Long-only Global Minimum Variance Portfolio,7.095484246026412e-05,0.0239444323887297,0.0345488823827333,False,False,GARCH-t
2025-05-30,Long-only Global Minimum Variance Portfolio,0.0022164769426703,0.0244959312656159,0.0357167167827795,False,False,Historical VaR
2025-05-30,Long-only Global Minimum Variance Portfolio,0.0022164769426703,0.0307822497423385,0.0420424117969771,False,False,EWMA-t
2025-05-30,Long-only Global Minimum Variance Portfolio,0.0022164769426703,0.022588668880114,0.0326325209605966,False,False,GARCH-t
2025-06-02,Long-only Global Minimum Variance Portfolio,-0.0006191630535025,0.0244959312656159,0.0357167167827795,False,False,Historical VaR
2025-06-02,Long-only Global Minimum Variance Portfolio,-0.0006191630535025,0.0298571893448146,0.0407789638522909,False,False,EWMA-t
2025-06-02,Long-only Global Minimum Variance Portfolio,-0.0006191630535025,0.0213104726044651,0.0308258002331197,False,False,GARCH-t
2025-06-03,Long-only Global Minimum Variance Portfolio,-0.0013720995846911,0.0244959312656159,0.0357167167827795,False,False,Historical VaR
2025-06-03,Long-only Global Minimum Variance Portfolio,-0.0013720995846911,0.0289486402832922,0.0395380670984144,False,False,EWMA-t
2025-06-03,Long-only Global Minimum Variance Portfolio,-0.0013720995846911,0.0201517696922462,0.0291879824672758,False,False,GARCH-t
2025-06-04,Long-only Global Minimum Variance Portfolio,0.0032612459477625,0.0244959312656159,0.0357167167827795,False,False,Historical VaR
2025-06-04,Long-only Global Minimum Variance Portfolio,0.0032612459477625,0.0280719201336043,0.0383406422879338,False,False,EWMA-t
2025-06-04,Long-only Global Minimum Variance Portfolio,0.0032612459477625,0.019101699202472,0.0277037158054725,False,False,GARCH-t
2025-06-05,Long-only Global Minimum Variance Portfolio,0.0005989476364093,0.0244959312656159,0.0357167167827795,False,False,Historical VaR
2025-06-05,Long-only Global Minimum Variance Portfolio,0.0005989476364093,0.027246853564363,0.0372137659629637,False,False,EWMA-t
2025-06-05,Long-only Global Minimum Variance Portfolio,0.0005989476364093,0.0180789687739191,0.0262580941125524,False,False,GARCH-t
2025-06-06,Long-only Global Minimum Variance Portfolio,0.0170969912110806,0.0244959312656159,0.0357167167827795,False,False,Historical VaR
2025-06-06,Long-only Global Minimum Variance Portfolio,0.0170969912110806,0.0264178517994722,0.0360815149458451,False,False,EWMA-t
2025-06-06,Long-only Global Minimum Variance Portfolio,0.0170969912110806,0.0171205374333276,0.0249033586921016,False,False,GARCH-t
2025-06-09,Long-only Global Minimum Variance Portfolio,0.0038460913242076,0.0244959312656159,0.0357167167827795,False,False,Historical VaR
2025-06-09,Long-only Global Minimum Variance Portfolio,0.0038460913242076,0.0264784759119896,0.0361643153884579,False,False,EWMA-t
2025-06-09,Long-only Global Minimum Variance Portfolio,0.0038460913242076,0.0179679124365719,0.026101116823207,False,False,GARCH-t
2025-06-10,Long-only Global Minimum Variance Portfolio,0.004203435370275,0.0244959312656159,0.0357167167827795,False,False,Historical VaR
2025-06-10,Long-only Global Minimum Variance Portfolio,0.004203435370275,0.025716229530042,0.0351232389061071,False,False,EWMA-t
2025-06-10,Long-only Global Minimum Variance Portfolio,0.004203435370275,0.0170424617638356,0.0247929993262748,False,False,GARCH-t
2025-06-11,Long-only Global Minimum Variance Portfolio,-0.0078956813488136,0.0244959312656159,0.0357167167827795,False,False,Historical VaR
2025-06-11,Long-only Global Minimum Variance Portfolio,-0.0078956813488136,0.0249873962028121,0.0341277979902791,False,False,EWMA-t
2025-06-11,Long-only Global Minimum Variance Portfolio,-0.0078956813488136,0.0161981095839745,0.0235995139330626,False,False,GARCH-t
2025-06-12,Long-only Global Minimum Variance Portfolio,0.0026738019504848,0.0244959312656159,0.0357167167827795,False,False,Historical VaR
2025-06-12,Long-only Global Minimum Variance Portfolio,0.0026738019504848,0.0244238082973381,0.0333580493525392,False,False,EWMA-t
2025-06-12,Long-only Global Minimum Variance Portfolio,0.0026738019504848,0.0160985042378289,0.0234587225328079,False,False,GARCH-t
2025-06-13,Long-only Global Minimum Variance Portfolio,-0.0091025110648881,0.0244959312656159,0.0357167167827795,False,False,Historical VaR
2025-06-13,Long-only Global Minimum Variance Portfolio,-0.0091025110648881,0.0237030304525286,0.0323736106185522,False,False,EWMA-t
2025-06-13,Long-only Global Minimum Variance Portfolio,-0.0091025110648881,0.0152824758432861,0.0223052725950185,False,False,GARCH-t
2025-06-16,Long-only Global Minimum Variance Portfolio,0.0107468651274163,0.0244959312656159,0.0357167167827795,False,False,Historical VaR
2025-06-16,Long-only Global Minimum Variance Portfolio,0.0107468651274163,0.023257300518867,0.0317648324565238,False,False,EWMA-t
2025-06-16,Long-only Global Minimum Variance Portfolio,0.0107468651274163,0.0154870397937332,0.0225944221852719,False,False,GARCH-t
2025-06-17,Long-only Global Minimum Variance Portfolio,-0.0065509595287997,0.0244959312656159,0.0357167167827795,False,False,Historical VaR
2025-06-17,Long-only Global Minimum Variance Portfolio,-0.0065509595287997,0.0229403596462835,0.0313319544572877,False,False,EWMA-t
2025-06-17,Long-only Global Minimum Variance Portfolio,-0.0065509595287997,0.0153851208297243,0.0224503605037399,False,False,GARCH-t
2025-06-18,Long-only Global Minimum Variance Portfolio,-0.0026130706511517,0.0244959312656159,0.0357167167827795,False,False,Historical VaR
2025-06-18,Long-only Global Minimum Variance Portfolio,-0.0026130706511517,0.0223897980599598,0.0305799971726328,False,False,EWMA-t
2025-06-18,Long-only Global Minimum Variance Portfolio,-0.0026130706511517,0.0151825262874463,0.0221639946569756,False,False,GARCH-t
2025-06-20,Long-only Global Minimum Variance Portfolio,-0.0058900248283358,0.0244959312656159,0.0357167167827795,False,False,Historical VaR
2025-06-20,Long-only Global Minimum Variance Portfolio,-0.0058900248283358,0.021731956678636,0.0296815170913453,False,False,EWMA-t
2025-06-20,Long-only Global Minimum Variance Portfolio,-0.0058900248283358,0.0145861526540396,0.0213210250557307,False,False,GARCH-t
2025-06-23,Long-only Global Minimum Variance Portfolio,0.0039868407716064,0.0244959312656159,0.0357167167827795,False,False,Historical VaR
2025-06-23,Long-only Global Minimum Variance Portfolio,0.0039868407716064,0.0211965017704334,0.0289501925150781,False,False,EWMA-t
2025-06-23,Long-only Global Minimum Variance Portfolio,0.0039868407716064,0.0143801125723381,0.0210297889651606,False,False,GARCH-t
2025-06-24,Long-only Global Minimum Variance Portfolio,0.0056290528588112,0.0244959312656159,0.0357167167827795,False,False,Historical VaR
2025-06-24,Long-only Global Minimum Variance Portfolio,0.0056290528588112,0.0206103268200063,0.0281495944802622,False,False,EWMA-t
2025-06-24,Long-only Global Minimum Variance Portfolio,0.0056290528588112,0.0137326947540316,0.0201146687962505,False,False,GARCH-t
2025-06-25,Long-only Global Minimum Variance Portfolio,0.0090490248319786,0.0244959312656159,0.0357167167827795,False,False,Historical VaR
2025-06-25,Long-only Global Minimum Variance Portfolio,0.0090490248319786,0.0201043586455136,0.0274585428993595,False,False,EWMA-t
2025-06-25,Long-only Global Minimum Variance Portfolio,0.0090490248319786,0.0132322688740302,0.0194073206157018,False,False,GARCH-t
2025-06-26,Long-only Global Minimum Variance Portfolio,0.0093765451300546,0.0244959312656159,0.0357167167827795,False,False,Historical VaR
2025-06-26,Long-only Global Minimum Variance Portfolio,0.0093765451300546,0.0198131972726144,0.0270608745534372,False,False,EWMA-t
2025-06-26,Long-only Global Minimum Variance Portfolio,0.0093765451300546,0.0131400641704891,0.0192769899675594,False,False,GARCH-t
2025-06-27,Long-only Global Minimum Variance Portfolio,0.0071321167155683,0.0244959312656159,0.0357167167827795,False,False,Historical VaR
2025-06-27,Long-only Global Minimum Variance Portfolio,0.0071321167155683,0.0195593555576521,0.0267141774146308,False,False,EWMA-t
2025-06-27,Long-only Global Minimum Variance Portfolio,0.0071321167155683,0.012892878171478,0.0189434105516173,False,False,GARCH-t
2025-06-30,Long-only Global Minimum Variance Portfolio,0.0044485747610131,0.0244959312656159,0.0357167167827795,False,False,Historical VaR
2025-06-30,Long-only Global Minimum Variance Portfolio,0.0044485747610131,0.0191692265439396,0.0261813390163414,False,False,EWMA-t
2025-06-30,Long-only Global Minimum Variance Portfolio,0.0044485747610131,0.0125933997795644,0.0185198469158565,False,False,GARCH-t
2025-07-01,Long-only Global Minimum Variance Portfolio,-0.0002767468724262,0.0244959312656159,0.0357167167827795,False,False,Historical VaR
2025-07-01,Long-only Global Minimum Variance Portfolio,-0.0002767468724262,0.0186671842954376,0.0254956494670825,False,False,EWMA-t
2025-07-01,Long-only Global Minimum Variance Portfolio,-0.0002767468724262,0.0120976195854994,0.017818646204197,False,False,GARCH-t
2025-07-02,Long-only Global Minimum Variance Portfolio,0.0100244003069883,0.0244959312656159,0.0357167167827795,False,False,Historical VaR
2025-07-02,Long-only Global Minimum Variance Portfolio,0.0100244003069883,0.0180988329799377,0.0247193949615927,False,False,EWMA-t
2025-07-02,Long-only Global Minimum Variance Portfolio,0.0100244003069883,0.011609340361218,0.0171280543982855,False,False,GARCH-t
2025-07-03,Long-only Global Minimum Variance Portfolio,0.0096206581046654,0.0244959312656159,0.0357167167827795,False,False,Historical VaR
2025-07-03,Long-only Global Minimum Variance Portfolio,0.0096206581046654,0.0179836456552789,0.0245620720570736,False,False,EWMA-t
2025-07-03,Long-only Global Minimum Variance Portfolio,0.0096206581046654,0.0118801886814863,0.0175111254390358,False,False,GARCH-t
2025-07-07,Long-only Global Minimum Variance Portfolio,-0.0101992278566403,0.0244959312656159,0.0357167167827795,False,False,Historical VaR
2025-07-07,Long-only Global Minimum Variance Portfolio,-0.0101992278566403,0.0178404428907587,0.02436648565105,False,False,EWMA-t
2025-07-07,Long-only Global Minimum Variance Portfolio,-0.0101992278566403,0.0120443526042321,0.0177433086945109,False,False,GARCH-t
2025-07-08,Long-only Global Minimum Variance Portfolio,-0.005743327217952,0.0244959312656159,0.0357167167827795,False,False,Historical VaR
2025-07-08,Long-only Global Minimum Variance Portfolio,-0.005743327217952,0.0177546507585031,0.0242493107147338,False,False,EWMA-t
2025-07-08,Long-only Global Minimum Variance Portfolio,-0.005743327217952,0.0129901391018994,0.0190809703703527,False,False,GARCH-t
2025-07-09,Long-only Global Minimum Variance Portfolio,0.0114797067203056,0.0244959312656159,0.0357167167827795,False,False,Historical VaR
2025-07-09,Long-only Global Minimum Variance Portfolio,0.0114797067203056,0.0173609098648192,0.0237115392090078,False,False,EWMA-t
2025-07-09,Long-only Global Minimum Variance Portfolio,0.0114797067203056,0.0129415462790971,0.0190122437000693,False,False,GARCH-t
2025-07-10,Long-only Global Minimum Variance Portfolio,0.0018112849976041,0.0244959312656159,0.0357167167827795,False,False,Historical VaR
2025-07-10,Long-only Global Minimum Variance Portfolio,0.0018112849976041,0.0174253095224765,0.0237994962930246,False,False,EWMA-t
2025-07-10,Long-only Global Minimum Variance Portfolio,0.0018112849976041,0.0132894739017117,0.0195043309183646,False,False,GARCH-t
2025-07-11,Long-only Global Minimum Variance Portfolio,0.0043869458496256,0.0244959312656159,0.0357167167827795,False,False,Historical VaR
2025-07-11,Long-only Global Minimum Variance Portfolio,0.0043869458496256,0.0169094322888001,0.0230949109142282,False,False,EWMA-t
2025-07-11,Long-only Global Minimum Variance Portfolio,0.0043869458496256,0.0126551224168972,0.0186071435802681,False,False,GARCH-t
2025-07-14,Long-only Global Minimum Variance Portfolio,-0.0014038705794465,0.0244959312656159,0.0357167167827795,False,False,Historical VaR
2025-07-14,Long-only Global Minimum Variance Portfolio,-0.0014038705794465,0.0164845765901364,0.022514642792599,False,False,EWMA-t
2025-07-14,Long-only Global Minimum Variance Portfolio,-0.0014038705794465,0.0121501783826669,0.0178929821022805,False,False,GARCH-t
2025-07-15,Long-only Global Minimum Variance Portfolio,0.0033393571959352,0.0244959312656159,0.0357167167827795,False,False,Historical VaR
2025-07-15,Long-only Global Minimum Variance Portfolio,0.0033393571959352,0.0159918961828101,0.0218417396506097,False,False,EWMA-t
2025-07-15,Long-only Global Minimum Variance Portfolio,0.0033393571959352,0.0117193046530257,0.0172835810623105,False,False,GARCH-t
2025-07-16,Long-only Global Minimum Variance Portfolio,0.0012048356273836,0.023455304804713,0.035642713555128,False,False,Historical VaR
2025-07-16,Long-only Global Minimum Variance Portfolio,0.0012048356273836,0.0155600805088628,0.0212519655913243,False,False,EWMA-t
2025-07-16,Long-only Global Minimum Variance Portfolio,0.0012048356273836,0.0112514278231004,0.0166218451357044,False,False,GARCH-t
2025-07-17,Long-only Global Minimum Variance Portfolio,0.0056609496992059,0.023455304804713,0.035642713555128,False,False,Historical VaR
2025-07-17,Long-only Global Minimum Variance Portfolio,0.0056609496992059,0.0150934759448632,0.020614676848941,False,False,EWMA-t
2025-07-17,Long-only Global Minimum Variance Portfolio,0.0056609496992059,0.0107992099399052,0.0159822562507157,False,False,GARCH-t
2025-07-18,Long-only Global Minimum Variance Portfolio,0.0030889662010521,0.023455304804713,0.035642713555128,False,False,Historical VaR
2025-07-18,Long-only Global Minimum Variance Portfolio,0.0030889662010521,0.0148015733295189,0.0202159961137236,False,False,EWMA-t
2025-07-18,Long-only Global Minimum Variance Portfolio,0.0030889662010521,0.0105715471177731,0.0156602640961108,False,False,GARCH-t
2025-07-21,Long-only Global Minimum Variance Portfolio,0.0103647408275809,0.023455304804713,0.035642713555128,False,False,Historical VaR
2025-07-21,Long-only Global Minimum Variance Portfolio,0.0103647408275809,0.0144018382866654,0.0196700377961218,False,False,EWMA-t
2025-07-21,Long-only Global Minimum Variance Portfolio,0.0103647408275809,0.0102028123947394,0.0151387486073923,False,False,GARCH-t
2025-07-22,Long-only Global Minimum Variance Portfolio,5.009489135457109e-05,0.023455304804713,0.035642713555128,False,False,Historical VaR
2025-07-22,Long-only Global Minimum Variance Portfolio,5.009489135457109e-05,0.0145442838967293,0.0198645900802175,False,False,EWMA-t
2025-07-22,Long-only Global Minimum Variance Portfolio,5.009489135457109e-05,0.0107503842564335,0.0159132002367655,False,False,GARCH-t
2025-07-23,Long-only Global Minimum Variance Portfolio,-0.0004593999326359,0.023455304804713,0.035642713555128,False,False,Historical VaR
2025-07-23,Long-only Global Minimum Variance Portfolio,-0.0004593999326359,0.0141012201405075,0.0192594533846442,False,False,EWMA-t
2025-07-23,Long-only Global Minimum Variance Portfolio,-0.0004593999326359,0.010374739579352,0.0153819117382456,False,False,GARCH-t
2025-07-24,Long-only Global Minimum Variance Portfolio,0.0066929543862471,0.023455304804713,0.035642713555128,False,False,Historical VaR
2025-07-24,Long-only Global Minimum Variance Portfolio,0.0066929543862471,0.0136728304947273,0.0186743585963097,False,False,EWMA-t
2025-07-24,Long-only Global Minimum Variance Portfolio,0.0066929543862471,0.0100596693544897,0.0149362959824313,False,False,GARCH-t
2025-07-25,Long-only Global Minimum Variance Portfolio,0.0030650461282109,0.023455304804713,0.035642713555128,False,False,Historical VaR
2025-07-25,Long-only Global Minimum Variance Portfolio,0.0030650461282109,0.01351436674592,0.0184579287304613,False,False,EWMA-t
2025-07-25,Long-only Global Minimum Variance Portfolio,0.0030650461282109,0.0100276262850558,0.014890976255343,False,False,GARCH-t
2025-07-28,Long-only Global Minimum Variance Portfolio,-0.0010249609518599,0.023455304804713,0.035642713555128,False,False,Historical VaR
2025-07-28,Long-only Global Minimum Variance Portfolio,-0.0010249609518599,0.0131578374691792,0.0179709808694087,False,False,EWMA-t
2025-07-28,Long-only Global Minimum Variance Portfolio,-0.0010249609518599,0.0094572179084063,0.0141141768045237,False,False,GARCH-t
2025-07-29,Long-only Global Minimum Variance Portfolio,-0.0003677467631822,0.0228058853692688,0.034559230957682,False,False,Historical VaR
2025-07-29,Long-only Global Minimum Variance Portfolio,-0.0003677467631822,0.0127633453921462,0.0174321833970961,False,False,EWMA-t
2025-07-29,Long-only Global Minimum Variance Portfolio,-0.0003677467631822,0.0092444412816788,0.0138130095723833,False,False,GARCH-t
2025-07-30,Long-only Global Minimum Variance Portfolio,-0.0016209725108061,0.0228058853692688,0.034559230957682,False,False,Historical VaR
2025-07-30,Long-only Global Minimum Variance Portfolio,-0.0016209725108061,0.0123753651845006,0.016902279839187,False,False,EWMA-t
2025-07-30,Long-only Global Minimum Variance Portfolio,-0.0016209725108061,0.0090107390792017,0.0134822239661461,False,False,GARCH-t
2025-07-31,Long-only Global Minimum Variance Portfolio,0.0071844867679523,0.0228058853692688,0.034559230957682,False,False,Historical VaR
2025-07-31,Long-only Global Minimum Variance Portfolio,0.0071844867679523,0.0120152368664673,0.0164104164057718,False,False,EWMA-t
2025-07-31,Long-only Global Minimum Variance Portfolio,0.0071844867679523,0.0088970328530973,0.0133212824665102,False,False,GARCH-t
2025-08-01,Long-only Global Minimum Variance Portfolio,-0.0244090939861152,0.0228058853692688,0.034559230957682,True,False,Historical VaR
2025-08-01,Long-only Global Minimum Variance Portfolio,-0.0244090939861152,0.0119860149121805,0.0163705050462734,True,True,EWMA-t
2025-08-01,Long-only Global Minimum Variance Portfolio,-0.0244090939861152,0.0090454662658523,0.0135313773475323,True,True,GARCH-t
2025-08-04,Long-only Global Minimum Variance Portfolio,0.0161450937167714,0.023455304804713,0.0346708466864072,False,False,Historical VaR
2025-08-04,Long-only Global Minimum Variance Portfolio,0.0161450937167714,0.0150642734227682,0.0205747920299397,False,False,EWMA-t
2025-08-04,Long-only Global Minimum Variance Portfolio,0.0161450937167714,0.0159006654562477,0.0232343292069328,False,False,GARCH-t
2025-08-05,Long-only Global Minimum Variance Portfolio,-0.0056548938470047,0.023455304804713,0.0346708466864072,False,False,Historical VaR
2025-08-05,Long-only Global Minimum Variance Portfolio,-0.0056548938470047,0.0159222240998062,0.0217465814854684,False,False,EWMA-t
2025-08-05,Long-only Global Minimum Variance Portfolio,-0.0056548938470047,0.0167522986391032,0.0244397436005355,False,False,GARCH-t
2025-08-06,Long-only Global Minimum Variance Portfolio,0.0187723490979039,0.023455304804713,0.0346708466864072,False,False,Historical VaR
2025-08-06,Long-only Global Minimum Variance Portfolio,0.0187723490979039,0.0155960878555723,0.0213011444431218,False,False,EWMA-t
2025-08-06,Long-only Global Minimum Variance Portfolio,0.0187723490979039,0.0162675200141243,0.0237535806561783,False,False,GARCH-t
2025-08-07,Long-only Global Minimum Variance Portfolio,0.0075433002453858,0.023455304804713,0.0346708466864072,False,False,Historical VaR
2025-08-07,Long-only Global Minimum Variance Portfolio,0.0075433002453858,0.0168223844911066,0.0229760209894409,False,False,EWMA-t
2025-08-07,Long-only Global Minimum Variance Portfolio,0.0075433002453858,0.0176927693612403,0.0257708999810615,False,False,GARCH-t
2025-08-08,Long-only Global Minimum Variance Portfolio,0.0197971125472215,0.0228058853692688,0.0332430932946971,False,False,Historical VaR
2025-08-08,Long-only Global Minimum Variance Portfolio,0.0197971125472215,0.0165767505545935,0.0226405340384664,False,False,EWMA-t
2025-08-08,Long-only Global Minimum Variance Portfolio,0.0197971125472215,0.0169485044588298,0.0247174562636495,False,False,GARCH-t
2025-08-11,Long-only Global Minimum Variance Portfolio,-0.0037893619153884,0.0228058853692688,0.0332430932946971,False,False,Historical VaR
2025-08-11,Long-only Global Minimum Variance Portfolio,-0.0037893619153884,0.0178534575005416,0.0243842610114753,False,False,EWMA-t
2025-08-11,Long-only Global Minimum Variance Portfolio,-0.0037893619153884,0.0185102120206811,0.0269279205944796,False,False,GARCH-t
2025-08-12,Long-only Global Minimum Variance Portfolio,0.0117246746977977,0.0228058853692688,0.0332430932946971,False,False,Historical VaR
2025-08-12,Long-only Global Minimum Variance Portfolio,0.0117246746977977,0.017373420524197,0.0237286262737225,False,False,EWMA-t
2025-08-12,Long-only Global Minimum Variance Portfolio,0.0117246746977977,0.0176729003711513,0.0257427771141725,False,False,GARCH-t
2025-08-13,Long-only Global Minimum Variance Portfolio,-0.0013453187604113,0.0228058853692688,0.0332430932946971,False,False,Historical VaR
2025-08-13,Long-only Global Minimum Variance Portfolio,-0.0013453187604113,0.0174621462692885,0.0238498079398891,False,False,EWMA-t
2025-08-13,Long-only Global Minimum Variance Portfolio,-0.0013453187604113,0.0174411432484968,0.0254147446031202,False,False,GARCH-t
2025-08-14,Long-only Global Minimum Variance Portfolio,0.0039207423203124,0.0228058853692688,0.0332430932946971,False,False,Historical VaR
2025-08-14,Long-only Global Minimum Variance Portfolio,0.0039207423203124,0.0169384204613929,0.0231345029745745,False,False,EWMA-t
2025-08-14,Long-only Global Minimum Variance Portfolio,0.0039207423203124,0.0165282391580946,0.0241226064470426,False,False,GARCH-t
2025-08-15,Long-only Global Minimum Variance Portfolio,-0.0016818339188337,0.0228058853692688,0.0332430932946971,False,False,Historical VaR
2025-08-15,Long-only Global Minimum Variance Portfolio,-0.0016818339188337,0.0164944311217701,0.022528102116738,False,False,EWMA-t
2025-08-15,Long-only Global Minimum Variance Portfolio,-0.0016818339188337,0.0156477710345128,0.0228763786454024,False,False,GARCH-t
2025-08-18,Long-only Global Minimum Variance Portfolio,-0.0036437611275435,0.0228058853692688,0.0332430932946971,False,False,Historical VaR
2025-08-18,Long-only Global Minimum Variance Portfolio,-0.0036437611275435,0.0160055776870416,0.0218604258558001,False,False,EWMA-t
2025-08-18,Long-only Global Minimum Variance Portfolio,-0.0036437611275435,0.0149005879246123,0.0218188044532945,False,False,GARCH-t
2025-08-19,Long-only Global Minimum Variance Portfolio,-0.0090055280382032,0.0228058853692688,0.0332430932946971,False,False,Historical VaR
2025-08-19,Long-only Global Minimum Variance Portfolio,-0.0090055280382032,0.0155838200140479,0.0212843890191504,False,False,EWMA-t
2025-08-19,Long-only Global Minimum Variance Portfolio,-0.0090055280382032,0.0143756113021599,0.0210757446597727,False,False,GARCH-t
2025-08-20,Long-only Global Minimum Variance Portfolio,-0.0132273741772107,0.0228058853692688,0.0332430932946971,False,False,Historical VaR
2025-08-20,Long-only Global Minimum Variance Portfolio,-0.0132273741772107,0.0155174633331504,0.0211937590318322,False,False,EWMA-t
2025-08-20,Long-only Global Minimum Variance Portfolio,-0.0132273741772107,0.014693237019305,0.0215253168687151,False,False,GARCH-t
2025-08-21,Long-only Global Minimum Variance Portfolio,-0.0020366683477368,0.0228058853692688,0.0332430932946971,False,False,Historical VaR
2025-08-21,Long-only Global Minimum Variance Portfolio,-0.0020366683477368,0.015916276091088,0.0217384576922436,False,False,EWMA-t
2025-08-21,Long-only Global Minimum Variance Portfolio,-0.0020366683477368,0.0158947387752975,0.0232259404937317,False,False,GARCH-t
2025-08-22,Long-only Global Minimum Variance Portfolio,0.0164380911864707,0.0228058853692688,0.0332430932946971,False,False,Historical VaR
2025-08-22,Long-only Global Minimum Variance Portfolio,0.0164380911864707,0.0154521163799909,0.0211045081311539,False,False,EWMA-t
2025-08-22,Long-only Global Minimum Variance Portfolio,0.0164380911864707,0.0151490481575722,0.022170478797457,False,False,GARCH-t
2025-08-25,Long-only Global Minimum Variance Portfolio,-8.256418295062435e-05,0.0228058853692688,0.0332430932946971,False,False,Historical VaR
2025-08-25,Long-only Global Minimum Variance Portfolio,-8.256418295062435e-05,0.0163130317158237,0.0222803467191188,False,False,EWMA-t
2025-08-25,Long-only Global Minimum Variance Portfolio,-8.256418295062435e-05,0.0162594898361144,0.0237509952859014,False,False,GARCH-t
2025-08-26,Long-only Global Minimum Variance Portfolio,2.3183846131807985e-05,0.0228058853692688,0.0332430932946971,False,False,Historical VaR
2025-08-26,Long-only Global Minimum Variance Portfolio,2.3183846131807985e-05,0.0158161042883931,0.021601642994988,False,False,EWMA-t
2025-08-26,Long-only Global Minimum Variance Portfolio,2.3183846131807985e-05,0.015392062714862,0.0225227006302219,False,False,GARCH-t
2025-08-27,Long-only Global Minimum Variance Portfolio,0.0053497257471058,0.0228058853692688,0.0332430932946971,False,False,Historical VaR
2025-08-27,Long-only Global Minimum Variance Portfolio,0.0053497257471058,0.0153342847392363,0.020943573618414,False,False,EWMA-t
2025-08-27,Long-only Global Minimum Variance Portfolio,0.0053497257471058,0.0145920315548596,0.0213898400427075,False,False,GARCH-t
2025-08-28,Long-only Global Minimum Variance Portfolio,0.0108669966447014,0.0228058853692688,0.0332430932946971,False,False,Historical VaR
2025-08-28,Long-only Global Minimum Variance Portfolio,0.0108669966447014,0.0150148497872433,0.0205072892042971,False,False,EWMA-t
2025-08-28,Long-only Global Minimum Variance Portfolio,0.0108669966447014,0.0139525722742814,0.0204843525410892,False,False,GARCH-t
2025-08-29,Long-only Global Minimum Variance Portfolio,-0.0020681999877557,0.0228058853692688,0.0332430932946971,False,False,Historical VaR
2025-08-29,Long-only Global Minimum Variance Portfolio,-0.0020681999877557,0.0151700893696189,0.0207193155020517,False,False,EWMA-t
2025-08-29,Long-only Global Minimum Variance Portfolio,-0.0020681999877557,0.0140401121402627,0.020608310792923,False,False,GARCH-t
2025-09-02,Long-only Global Minimum Variance Portfolio,-0.0074197754599241,0.0228058853692688,0.0332430932946971,False,False,Historical VaR
2025-09-02,Long-only Global Minimum Variance Portfolio,-0.0074197754599241,0.0147303565224924,0.0201187281637546,False,False,EWMA-t
2025-09-02,Long-only Global Minimum Variance Portfolio,-0.0074197754599241,0.0134659051511168,0.0197952218788903,False,False,GARCH-t
2025-09-03,Long-only Global Minimum Variance Portfolio,0.035570624654393,0.0228058853692688,0.0332430932946971,False,False,Historical VaR
2025-09-03,Long-only Global Minimum Variance Portfolio,0.035570624654393,0.0145758341153534,0.0199076813842899,False,False,EWMA-t
2025-09-03,Long-only Global Minimum Variance Portfolio,0.035570624654393,0.0136261573107255,0.0200221422349476,False,False,GARCH-t
2025-09-04,Long-only Global Minimum Variance Portfolio,0.0087283077983391,0.0228058853692688,0.0332430932946971,False,False,Historical VaR
2025-09-04,Long-only Global Minimum Variance Portfolio,0.0087283077983391,0.0198706664824381,0.0271393660284034,False,False,EWMA-t
2025-09-04,Long-only Global Minimum Variance Portfolio,0.0087283077983391,0.0217679846787174,0.0315511373499842,False,False,GARCH-t
2025-09-05,Long-only Global Minimum Variance Portfolio,-0.0075025559038244,0.0228058853692688,0.0332430932946971,False,False,Historical VaR
2025-09-05,Long-only Global Minimum Variance Portfolio,-0.0075025559038244,0.0195678853266587,0.0267258273773238,False,False,EWMA-t
2025-09-05,Long-only Global Minimum Variance Portfolio,-0.0075025559038244,0.0207747305313863,0.0301446690358083,False,False,GARCH-t
2025-09-08,Long-only Global Minimum Variance Portfolio,0.0003547748196399,0.0226727402576819,0.0329786350132448,False,False,Historical VaR
2025-09-08,Long-only Global Minimum Variance Portfolio,0.0003547748196399,0.0191991942351898,0.0262222689037502,False,False,EWMA-t
2025-09-08,Long-only Global Minimum Variance Portfolio,0.0003547748196399,0.0201180568414632,0.0292148055762785,False,False,GARCH-t
2025-09-09,Long-only Global Minimum Variance Portfolio,0.0030171655995123,0.0226727402576819,0.0329786350132448,False,False,Historical VaR
2025-09-09,Long-only Global Minimum Variance Portfolio,0.0030171655995123,0.0186148308409742,0.0254241450932966,False,False,EWMA-t
2025-09-09,Long-only Global Minimum Variance Portfolio,0.0030171655995123,0.0189395784483464,0.0275460559180834,False,False,GARCH-t
2025-09-10,Long-only Global Minimum Variance Portfolio,-0.0113779357747896,0.0226727402576819,0.0329786350132448,False,False,Historical VaR
2025-09-10,Long-only Global Minimum Variance Portfolio,-0.0113779357747896,0.0180866017594786,0.0247026895546902,False,False,EWMA-t
2025-09-10,Long-only Global Minimum Variance Portfolio,-0.0113779357747896,0.0178479905473232,0.0260003449849328,False,False,GARCH-t
2025-09-11,Long-only Global Minimum Variance Portfolio,0.0059518431049658,0.0226727402576819,0.0329786350132448,False,False,Historical VaR
2025-09-11,Long-only Global Minimum Variance Portfolio,0.0059518431049658,0.0180959437809594,0.024715448892211,False,False,EWMA-t
2025-09-11,Long-only Global Minimum Variance Portfolio,0.0059518431049658,0.0181474333728608,0.0264243621885434,False,False,GARCH-t
2025-09-12,Long-only Global Minimum Variance Portfolio,0.0116111418386702,0.0226727402576819,0.0329786350132448,False,False,Historical VaR
2025-09-12,Long-only Global Minimum Variance Portfolio,0.0116111418386702,0.0176996811370418,0.0241742331787789,False,False,EWMA-t
2025-09-12,Long-only Global Minimum Variance Portfolio,0.0116111418386702,0.0172417219773442,0.0251418562126006,False,False,GARCH-t
2025-09-15,Long-only Global Minimum Variance Portfolio,0.0196678765832976,0.0226727402576819,0.0329786350132448,False,False,Historical VaR
2025-09-15,Long-only Global Minimum Variance Portfolio,0.0196678765832976,0.0177559664794915,0.0242511077271051,False,False,EWMA-t
2025-09-15,Long-only Global Minimum Variance Portfolio,0.0196678765832976,0.0170471100305736,0.0248662816907842,False,False,GARCH-t
2025-09-16,Long-only Global Minimum Variance Portfolio,-0.0019678112168038,0.0226727402576819,0.0329786350132448,False,False,Historical VaR
2025-09-16,Long-only Global Minimum Variance Portfolio,-0.0019678112168038,0.0188683835755749,0.0257704475425835,False,False,EWMA-t
2025-09-16,Long-only Global Minimum Variance Portfolio,-0.0019678112168038,0.0185691381562589,0.0270215048406829,False,False,GARCH-t
2025-09-17,Long-only Global Minimum Variance Portfolio,-0.0007378531977575,0.0226727402576819,0.0329786350132448,False,False,Historical VaR
2025-09-17,Long-only Global Minimum Variance Portfolio,-0.0007378531977575,0.0183098920279779,0.0250076595129318,False,False,EWMA-t
2025-09-17,Long-only Global Minimum Variance Portfolio,-0.0007378531977575,0.0175990257288029,0.0256478056781157,False,False,GARCH-t
2025-09-18,Long-only Global Minimum Variance Portfolio,-1.0983670354721358e-05,0.0226727402576819,0.0329786350132448,False,False,Historical VaR
2025-09-18,Long-only Global Minimum Variance Portfolio,-1.0983670354721358e-05,0.0177544637045793,0.0242490552363928,False,False,EWMA-t
2025-09-18,Long-only Global Minimum Variance Portfolio,-1.0983670354721358e-05,0.0166474882416559,0.0243004090133056,False,False,GARCH-t
2025-09-19,Long-only Global Minimum Variance Portfolio,0.0193744746033629,0.0226727402576819,0.0329786350132448,False,False,Historical VaR
2025-09-19,Long-only Global Minimum Variance Portfolio,0.0193744746033629,0.0172135917564235,0.0235103320643005,False,False,EWMA-t
2025-09-19,Long-only Global Minimum Variance Portfolio,0.0193744746033629,0.0157466726830532,0.0230248356431911,False,False,GARCH-t
2025-09-22,Long-only Global Minimum Variance Portfolio,0.0067693232335221,0.0226727402576819,0.0329786350132448,False,False,Historical VaR
2025-09-22,Long-only Global Minimum Variance Portfolio,0.0067693232335221,0.0183417728447556,0.0250512023481245,False,False,EWMA-t
2025-09-22,Long-only Global Minimum Variance Portfolio,0.0067693232335221,0.0174463535810999,0.0254316187749163,False,False,GARCH-t
2025-09-23,Long-only Global Minimum Variance Portfolio,-0.0085578419513974,0.0226727402576819,0.0329786350132448,False,False,Historical VaR
2025-09-23,Long-only Global Minimum Variance Portfolio,-0.0085578419513974,0.017980615779816,0.0245579338516802,False,False,EWMA-t
2025-09-23,Long-only Global Minimum Variance Portfolio,-0.0085578419513974,0.0166211096956572,0.0243174268613115,False,False,GARCH-t
2025-09-24,Long-only Global Minimum Variance Portfolio,-0.0067482481285867,0.0226727402576819,0.0329786350132448,False,False,Historical VaR
2025-09-24,Long-only Global Minimum Variance Portfolio,-0.0067482481285867,0.0177538528364285,0.0242482209123728,False,False,EWMA-t
2025-09-24,Long-only Global Minimum Variance Portfolio,-0.0067482481285867,0.0165714551320794,0.0242469927926384,False,False,GARCH-t
2025-09-25,Long-only Global Minimum Variance Portfolio,0.0011556554782645,0.0226727402576819,0.0329786350132448,False,False,Historical VaR
2025-09-25,Long-only Global Minimum Variance Portfolio,0.0011556554782645,0.0174158131457315,0.0237865261370083,False,False,EWMA-t
2025-09-25,Long-only Global Minimum Variance Portfolio,0.0011556554782645,0.0162558428603561,0.0237993026949125,False,False,GARCH-t
2025-09-26,Long-only Global Minimum Variance Portfolio,0.0027151873716356,0.0226727402576819,0.0329786350132448,False,False,Historical VaR
2025-09-26,Long-only Global Minimum Variance Portfolio,0.0027151873716356,0.016891355417001,0.0230702215138583,False,False,EWMA-t
2025-09-26,Long-only Global Minimum Variance Portfolio,0.0027151873716356,0.0153752420775462,0.0225501869733943,False,False,GARCH-t
2025-09-29,Long-only Global Minimum Variance Portfolio,-0.0011538845835047,0.0226727402576819,0.0329786350132448,False,False,Historical VaR
2025-09-29,Long-only Global Minimum Variance Portfolio,-0.0011538845835047,0.0164114532018024,0.0224147708329449,False,False,EWMA-t
2025-09-29,Long-only Global Minimum Variance Portfolio,-0.0011538845835047,0.0145688369154349,0.0214063163505537,False,False,GARCH-t
2025-09-30,Long-only Global Minimum Variance Portfolio,0.0007359547091621,0.0226727402576819,0.0329786350132448,False,False,Historical VaR
2025-09-30,Long-only Global Minimum Variance Portfolio,0.0007359547091621,0.0159179455583861,0.0217407378514982,False,False,EWMA-t
2025-09-30,Long-only Global Minimum Variance Portfolio,0.0007359547091621,0.0138985733400213,0.020455560019247,False,False,GARCH-t
2025-10-01,Long-only Global Minimum Variance Portfolio,0.004716935230966,0.0226727402576819,0.0329786350132448,False,False,Historical VaR
2025-10-01,Long-only Global Minimum Variance Portfolio,0.004716935230966,0.015435726868391,0.0210821233281716,False,False,EWMA-t
2025-10-01,Long-only Global Minimum Variance Portfolio,0.004716935230966,0.0132143398212823,0.0194849875849149,False,False,GARCH-t
2025-10-02,Long-only Global Minimum Variance Portfolio,0.000861021100428,0.0226727402576819,0.0329786350132448,False,False,Historical VaR
2025-10-02,Long-only Global Minimum Variance Portfolio,0.000861021100428,0.0150797010068364,0.0205958630318274,False,False,EWMA-t
2025-10-02,Long-only Global Minimum Variance Portfolio,0.000861021100428,0.0126643306830456,0.0187048099210273,False,False,GARCH-t
2025-10-03,Long-only Global Minimum Variance Portfolio,0.0011199929477345,0.0226727402576819,0.0329786350132448,False,False,Historical VaR
2025-10-03,Long-only Global Minimum Variance Portfolio,0.0011199929477345,0.0146242222048431,0.0199737698606496,False,False,EWMA-t
2025-10-03,Long-only Global Minimum Variance Portfolio,0.0011199929477345,0.0120823952671349,0.0178793454300662,False,False,GARCH-t
2025-10-06,Long-only Global Minimum Variance Portfolio,0.0120879215594952,0.0226727402576819,0.0329786350132448,False,False,Historical VaR
2025-10-06,Long-only Global Minimum Variance Portfolio,0.0120879215594952,0.0141855299364233,0.0193746037452605,False,False,EWMA-t
2025-10-06,Long-only Global Minimum Variance Portfolio,0.0120879215594952,0.0115469584007027,0.0171198382608733,False,False,GARCH-t
2025-10-07,Long-only Global Minimum Variance Portfolio,-0.0076010891370237,0.0226727402576819,0.0329786350132448,False,False,Historical VaR
2025-10-07,Long-only Global Minimum Variance Portfolio,-0.0076010891370237,0.0145495869506775,0.0198718329939011,False,False,EWMA-t
2025-10-07,Long-only Global Minimum Variance Portfolio,-0.0076010891370237,0.0122051602080908,0.0180534852000877,False,False,GARCH-t
2025-10-08,Long-only Global Minimum Variance Portfolio,0.001910590884903,0.0226727402576819,0.0329786350132448,False,False,Historical VaR
2025-10-08,Long-only Global Minimum Variance Portfolio,0.001910590884903,0.0144187246920447,0.0196931012568717,False,False,EWMA-t
2025-10-08,Long-only Global Minimum Variance Portfolio,0.001910590884903,0.0125705803871113,0.0185718268816814,False,False,GARCH-t
2025-10-09,Long-only Global Minimum Variance Portfolio,-0.0089222591450537,0.0226727402576819,0.0329786350132448,False,False,Historical VaR
2025-10-09,Long-only Global Minimum Variance Portfolio,-0.0089222591450537,0.013999593551803,0.019120651739943,False,False,EWMA-t
2025-10-09,Long-only Global Minimum Variance Portfolio,-0.0089222591450537,0.0119882837113766,0.0177458499504243,False,False,GARCH-t
2025-10-10,Long-only Global Minimum Variance Portfolio,-0.0273123086010371,0.0226727402576819,0.0329786350132448,True,False,Historical VaR
2025-10-10,Long-only Global Minimum Variance Portfolio,-0.0273123086010371,0.0140180819134192,0.0191459031533071,True,True,EWMA-t
2025-10-10,Long-only Global Minimum Variance Portfolio,-0.0273123086010371,0.0126542124199947,0.0186904573543502,True,True,GARCH-t
2025-10-13,Long-only Global Minimum Variance Portfolio,0.0143848551163663,0.0228058853692688,0.0333348622359037,False,False,Historical VaR
2025-10-13,Long-only Global Minimum Variance Portfolio,0.0143848551163663,0.0173136361161746,0.023646972699921,False,False,EWMA-t
2025-10-13,Long-only Global Minimum Variance Portfolio,0.0143848551163663,0.0191200844434638,0.027862175748772,False,False,GARCH-t
2025-10-14,Long-only Global Minimum Variance Portfolio,0.0001216774409222,0.0228058853692688,0.0333348622359037,False,False,Historical VaR
2025-10-14,Long-only Global Minimum Variance Portfolio,0.0001216774409222,0.0177112695656534,0.0241900606602608,False,False,EWMA-t
2025-10-14,Long-only Global Minimum Variance Portfolio,0.0001216774409222,0.0191503961270823,0.0279051723044107,False,False,GARCH-t
2025-10-15,Long-only Global Minimum Variance Portfolio,0.0074049778665681,0.0228058853692688,0.0333348622359037,False,False,Historical VaR
2025-10-15,Long-only Global Minimum Variance Portfolio,0.0074049778665681,0.0171717794304328,0.0234532247689533,False,False,EWMA-t
2025-10-15,Long-only Global Minimum Variance Portfolio,0.0074049778665681,0.0180659055145994,0.0263668426772569,False,False,GARCH-t
2025-10-16,Long-only Global Minimum Variance Portfolio,-0.0037701777382775,0.0228058853692688,0.0333348622359037,False,False,Historical VaR
2025-10-16,Long-only Global Minimum Variance Portfolio,-0.0037701777382775,0.0169007253390364,0.0230830189579702,False,False,EWMA-t
2025-10-16,Long-only Global Minimum Variance Portfolio,-0.0037701777382775,0.0172858844267847,0.0252603973697748,False,False,GARCH-t
2025-10-17,Long-only Global Minimum Variance Portfolio,0.0087010914071136,0.0228058853692688,0.0333348622359037,False,False,Historical VaR
2025-10-17,Long-only Global Minimum Variance Portfolio,0.0087010914071136,0.0164526177986483,0.0224709934595086,False,False,EWMA-t
2025-10-17,Long-only Global Minimum Variance Portfolio,0.0087010914071136,0.0165664457487906,0.0242398870762418,False,False,GARCH-t
2025-10-20,Long-only Global Minimum Variance Portfolio,0.0187162665089997,0.0228058853692688,0.0333348622359037,False,False,Historical VaR
2025-10-20,Long-only Global Minimum Variance Portfolio,0.0187162665089997,0.0163132923879011,0.02228070274517,False,False,EWMA-t
2025-10-20,Long-only Global Minimum Variance Portfolio,0.0187162665089997,0.0160532237436888,0.0235118912718819,False,False,GARCH-t
2025-10-21,Long-only Global Minimum Variance Portfolio,-0.0025479529728596,0.0228058853692688,0.0333348622359037,False,False,Historical VaR
2025-10-21,Long-only Global Minimum Variance Portfolio,-0.0025479529728596,0.0174407794548357,0.0238206251342289,False,False,EWMA-t
2025-10-21,Long-only Global Minimum Variance Portfolio,-0.0025479529728596,0.0174906751545995,0.0255749787401981,False,False,GARCH-t
2025-10-22,Long-only Global Minimum Variance Portfolio,-0.003189673671161,0.0228058853692688,0.0333348622359037,False,False,Historical VaR
2025-10-22,Long-only Global Minimum Variance Portfolio,-0.003189673671161,0.0169390429829214,0.0231353532147834,False,False,EWMA-t
2025-10-22,Long-only Global Minimum Variance Portfolio,-0.003189673671161,0.0166588965900711,0.0243939116900278,False,False,GARCH-t
2025-10-23,Long-only Global Minimum Variance Portfolio,0.0037390687850761,0.0228058853692688,0.0333348622359037,False,False,Historical VaR
2025-10-23,Long-only Global Minimum Variance Portfolio,0.0037390687850761,0.0164707131329306,0.0224957080759472,False,False,EWMA-t
2025-10-23,Long-only Global Minimum Variance Portfolio,0.0037390687850761,0.0159463557165101,0.0233821537732563,False,False,GARCH-t
2025-10-24,Long-only Global Minimum Variance Portfolio,0.0140069988137118,0.0228058853692688,0.0333348622359037,False,False,Historical VaR
2025-10-24,Long-only Global Minimum Variance Portfolio,0.0140069988137118,0.0160363177344581,0.0219024106276397,False,False,EWMA-t
2025-10-24,Long-only Global Minimum Variance Portfolio,0.0140069988137118,0.0151218329125632,0.0222113893927052,False,False,GARCH-t
2025-10-27,Long-only Global Minimum Variance Portfolio,0.0227328865725386,0.0228058853692688,0.0333348622359037,False,False,Historical VaR
2025-10-27,Long-only Global Minimum Variance Portfolio,0.0227328865725386,0.0164921782231209,0.0225250251066579,False,False,EWMA-t
2025-10-27,Long-only Global Minimum Variance Portfolio,0.0227328865725386,0.0156257855629053,0.0229269667056438,False,False,GARCH-t
2025-10-28,Long-only Global Minimum Variance Portfolio,0.0066211276862899,0.0228058853692688,0.0333348622359037,False,False,Historical VaR
2025-10-28,Long-only Global Minimum Variance Portfolio,0.0066211276862899,0.0183131997965027,0.0250121772648055,False,False,EWMA-t
2025-10-28,Long-only Global Minimum Variance Portfolio,0.0066211276862899,0.0182718768720361,0.0266842302253262,False,False,GARCH-t
2025-10-29,Long-only Global Minimum Variance Portfolio,0.0074221864086474,0.0228058853692688,0.0333348622359037,False,False,Historical VaR
2025-10-29,Long-only Global Minimum Variance Portfolio,0.0074221864086474,0.0179446926957675,0.0245088700858662,False,False,EWMA-t
2025-10-29,Long-only Global Minimum Variance Portfolio,0.0074221864086474,0.0174132483546717,0.0254650381308885,False,False,GARCH-t
2025-10-30,Long-only Global Minimum Variance Portfolio,-0.0046456602027615,0.0228058853692688,0.0333348622359037,False,False,Historical VaR
2025-10-30,Long-only Global Minimum Variance Portfolio,-0.0046456602027615,0.0176405027115911,0.024093407256271,False,False,EWMA-t
2025-10-30,Long-only Global Minimum Variance Portfolio,-0.0046456602027615,0.0166940047975238,0.0244437628749239,False,False,GARCH-t
2025-10-31,Long-only Global Minimum Variance Portfolio,0.0011322993661417,0.0228058853692688,0.0333348622359037,False,False,Historical VaR
2025-10-31,Long-only Global Minimum Variance Portfolio,0.0011322993661417,0.0172001336334952,0.0234919509534037,False,False,EWMA-t
2025-10-31,Long-only Global Minimum Variance Portfolio,0.0011322993661417,0.0161127307444523,0.0236183946092835,False,False,GARCH-t
2025-11-03,Long-only Global Minimum Variance Portfolio,0.0033764031835728,0.0228058853692688,0.0333348622359037,False,False,Historical VaR
2025-11-03,Long-only Global Minimum Variance Portfolio,0.0033764031835728,0.0166820757977361,0.0227843873072133,False,False,EWMA-t
2025-11-03,Long-only Global Minimum Variance Portfolio,0.0033764031835728,0.0152448850644071,0.0223861147922204,False,False,GARCH-t
2025-11-04,Long-only Global Minimum Variance Portfolio,-0.0078566155100433,0.0228058853692688,0.0333348622359037,False,False,Historical VaR
2025-11-04,Long-only Global Minimum Variance Portfolio,-0.0078566155100433,0.0162281339080521,0.0221643932516215,False,False,EWMA-t
2025-11-04,Long-only Global Minimum Variance Portfolio,-0.0078566155100433,0.0144658953091573,0.0212800041377972,False,False,GARCH-t
2025-11-05,Long-only Global Minimum Variance Portfolio,0.0017719812428029,0.0226727402576819,0.0324018879227493,False,False,Historical VaR
2025-11-05,Long-only Global Minimum Variance Portfolio,0.0017719812428029,0.0160334314777854,0.0218984685768604,False,False,EWMA-t
2025-11-05,Long-only Global Minimum Variance Portfolio,0.0017719812428029,0.0145679772815189,0.0214249533575947,False,False,GARCH-t
2025-11-06,Long-only Global Minimum Variance Portfolio,-0.0092306802293221,0.0226727402576819,0.0324018879227493,False,False,Historical VaR
2025-11-06,Long-only Global Minimum Variance Portfolio,-0.0092306802293221,0.0155605566157254,0.0212526158583107,False,False,EWMA-t
2025-11-06,Long-only Global Minimum Variance Portfolio,-0.0092306802293221,0.0138204357552406,0.0203634969760854,False,False,GARCH-t
2025-11-07,Long-only Global Minimum Variance Portfolio,-0.0063984008478628,0.0226727402576819,0.0324018879227493,False,False,Historical VaR
2025-11-07,Long-only Global Minimum Variance Portfolio,-0.0063984008478628,0.0155159224731138,0.0211916545244384,False,False,EWMA-t
2025-11-07,Long-only Global Minimum Variance Portfolio,-0.0063984008478628,0.0142651308937853,0.0209949327907409,False,False,GARCH-t
2025-11-10,Long-only Global Minimum Variance Portfolio,0.0195107980180072,0.0226727402576819,0.0324018879227493,False,False,Historical VaR
2025-11-10,Long-only Global Minimum Variance Portfolio,0.0195107980180072,0.0152516590933096,0.020830723470679,False,False,EWMA-t
2025-11-10,Long-only Global Minimum Variance Portfolio,0.0195107980180072,0.014159396203205,0.0208447969680234,False,False,GARCH-t
2025-11-11,Long-only Global Minimum Variance Portfolio,0.0096382651422285,0.0226727402576819,0.0324018879227493,False,False,Historical VaR
2025-11-11,Long-only Global Minimum Variance Portfolio,0.0096382651422285,0.0166542851546694,0.0227464308332813,False,False,EWMA-t
2025-11-11,Long-only Global Minimum Variance Portfolio,0.0096382651422285,0.0161946762143276,0.0237347514120527,False,False,GARCH-t
2025-11-12,Long-only Global Minimum Variance Portfolio,-0.0056971197717176,0.0226727402576819,0.0324018879227493,False,False,Historical VaR
2025-11-12,Long-only Global Minimum Variance Portfolio,-0.0056971197717176,0.0165846368594681,0.0226513051575324,False,False,EWMA-t
2025-11-12,Long-only Global Minimum Variance Portfolio,-0.0056971197717176,0.0158349119953224,0.023223911528678,False,False,GARCH-t
2025-11-13,Long-only Global Minimum Variance Portfolio,-0.0158356757849407,0.0226727402576819,0.0324018879227493,False,False,Historical VaR
2025-11-13,Long-only Global Minimum Variance Portfolio,-0.0158356757849407,0.0162343113740063,0.0221728304376518,False,False,EWMA-t
2025-11-13,Long-only Global Minimum Variance Portfolio,-0.0158356757849407,0.0154595014248386,0.0226908549268461,True,False,GARCH-t
2025-11-14,Long-only Global Minimum Variance Portfolio,0.0012775185715469,0.0226727402576819,0.0324018879227493,False,False,Historical VaR
2025-11-14,Long-only Global Minimum Variance Portfolio,0.0012775185715469,0.0169237821419775,0.0231145099507366,False,False,EWMA-t
2025-11-14,Long-only Global Minimum Variance Portfolio,0.0012775185715469,0.0171757154464422,0.0251277581104542,False,False,GARCH-t
2025-11-17,Long-only Global Minimum Variance Portfolio,0.0002407729403279,0.0226727402576819,0.0324018879227493,False,False,Historical VaR
2025-11-17,Long-only Global Minimum Variance Portfolio,0.0002407729403279,0.0164158837961505,0.0224208221408788,False,False,EWMA-t
2025-11-17,Long-only Global Minimum Variance Portfolio,0.0002407729403279,0.0162236107839807,0.0237758364655578,False,False,GARCH-t
2025-11-18,Long-only Global Minimum Variance Portfolio,-0.0137911547422553,0.0226727402576819,0.0324018879227493,False,False,Historical VaR
2025-11-18,Long-only Global Minimum Variance Portfolio,-0.0137911547422553,0.0159160707152322,0.021738177189799,False,False,EWMA-t
2025-11-18,Long-only Global Minimum Variance Portfolio,-0.0137911547422553,0.0153536391240046,0.0225231683435118,False,False,GARCH-t
2025-11-19,Long-only Global Minimum Variance Portfolio,0.0039231728478681,0.0226727402576819,0.0324018879227493,False,False,Historical VaR
2025-11-19,Long-only Global Minimum Variance Portfolio,0.0039231728478681,0.0163540495156861,0.0223363688502904,False,False,EWMA-t
2025-11-19,Long-only Global Minimum Variance Portfolio,0.0039231728478681,0.0165480586757783,0.0242180826547167,False,False,GARCH-t
2025-11-20,Long-only Global Minimum Variance Portfolio,-0.0129906468930005,0.0220544749992449,0.0324018879227493,False,False,Historical VaR
2025-11-20,Long-only Global Minimum Variance Portfolio,-0.0129906468930005,0.0159305164783121,0.0217579072200993,False,False,EWMA-t
2025-11-20,Long-only Global Minimum Variance Portfolio,-0.0129906468930005,0.0156899585524459,0.0230004148952405,False,False,GARCH-t
2025-11-21,Long-only Global Minimum Variance Portfolio,0.0113154762381971,0.0220544749992449,0.0324018879227493,False,False,Historical VaR
2025-11-21,Long-only Global Minimum Variance Portfolio,0.0113154762381971,0.016265944538668,0.022216035029463,False,False,EWMA-t
2025-11-21,Long-only Global Minimum Variance Portfolio,0.0113154762381971,0.0166369345388268,0.02434419995745,False,False,GARCH-t
2025-11-24,Long-only Global Minimum Variance Portfolio,0.0248989527689057,0.0220544749992449,0.0324018879227493,False,False,Historical VaR
2025-11-24,Long-only Global Minimum Variance Portfolio,0.0248989527689057,0.0163845360451058,0.0223780073671256,False,False,EWMA-t
2025-11-24,Long-only Global Minimum Variance Portfolio,0.0248989527689057,0.0164652884535059,0.0241006294247667,False,False,GARCH-t
2025-11-25,Long-only Global Minimum Variance Portfolio,0.0088702089520603,0.0220544749992449,0.0324018879227493,False,False,Historical VaR
2025-11-25,Long-only Global Minimum Variance Portfolio,0.0088702089520603,0.0186536493242079,0.025477163396738,False,False,EWMA-t
2025-11-25,Long-only Global Minimum Variance Portfolio,0.0088702089520603,0.0195406654624058,0.0284646742840413,False,False,GARCH-t
2025-11-26,Long-only Global Minimum Variance Portfolio,0.0040636097662448,0.0220544749992449,0.0324018879227493,False,False,Historical VaR
2025-11-26,Long-only Global Minimum Variance Portfolio,0.0040636097662448,0.0184178067515237,0.0251550494952835,False,False,EWMA-t
2025-11-26,Long-only Global Minimum Variance Portfolio,0.0040636097662448,0.0187739460277999,0.0273766782440714,False,False,GARCH-t
2025-11-28,Long-only Global Minimum Variance Portfolio,0.0074739869270107,0.0220544749992449,0.0324018879227493,False,False,Historical VaR
2025-11-28,Long-only Global Minimum Variance Portfolio,0.0074739869270107,0.0179278936148422,0.0244859258928984,False,False,EWMA-t
2025-11-28,Long-only Global Minimum Variance Portfolio,0.0074739869270107,0.017747534044804,0.025920171310148,False,False,GARCH-t
2025-12-01,Long-only Global Minimum Variance Portfolio,-0.0031219767375633,0.0220544749992449,0.0324018879227493,False,False,Historical VaR
2025-12-01,Long-only Global Minimum Variance Portfolio,-0.0031219767375633,0.0176278152738507,0.0240760787475819,False,False,EWMA-t
2025-12-01,Long-only Global Minimum Variance Portfolio,-0.0031219767375633,0.0170099375982648,0.0248735015940698,False,False,GARCH-t
2025-12-02,Long-only Global Minimum Variance Portfolio,0.006597959404757,0.0220544749992449,0.0324018879227493,False,False,Historical VaR
2025-12-02,Long-only Global Minimum Variance Portfolio,0.006597959404757,0.0171347210829339,0.0234026104597618,False,False,EWMA-t
2025-12-02,Long-only Global Minimum Variance Portfolio,0.006597959404757,0.0162675497689792,0.0238200327736273,False,False,GARCH-t
2025-12-03,Long-only Global Minimum Variance Portfolio,-0.0079177753925639,0.0220544749992449,0.0324018879227493,False,False,Historical VaR
2025-12-03,Long-only Global Minimum Variance Portfolio,-0.0079177753925639,0.0168135843760165,0.0229640017879345,False,False,EWMA-t
2025-12-03,Long-only Global Minimum Variance Portfolio,-0.0079177753925639,0.0155870604194724,0.0228543996044543,False,False,GARCH-t
2025-12-04,Long-only Global Minimum Variance Portfolio,-0.0042944161435452,0.0220544749992449,0.0324018879227493,False,False,Historical VaR
2025-12-04,Long-only Global Minimum Variance Portfolio,-0.0042944161435452,0.0165952808590999,0.0226658427374504,False,False,EWMA-t
2025-12-04,Long-only Global Minimum Variance Portfolio,-0.0042944161435452,0.0155566211461459,0.0228112054354479,False,False,GARCH-t
2025-12-05,Long-only Global Minimum Variance Portfolio,0.0028720991991091,0.0220544749992449,0.0324018879227493,False,False,Historical VaR
2025-12-05,Long-only Global Minimum Variance Portfolio,0.0028720991991091,0.016177866325417,0.0220957377626019,False,False,EWMA-t
2025-12-05,Long-only Global Minimum Variance Portfolio,0.0028720991991091,0.0150518981195141,0.0220949895297701,False,False,GARCH-t
2025-12-08,Long-only Global Minimum Variance Portfolio,-0.0021764859136775,0.0220544749992449,0.0324018879227493,False,False,Historical VaR
2025-12-08,Long-only Global Minimum Variance Portfolio,-0.0021764859136775,0.0157255254115429,0.0214779303205565,False,False,EWMA-t
2025-12-08,Long-only Global Minimum Variance Portfolio,-0.0021764859136775,0.0142839370661098,0.0210052315984552,False,False,GARCH-t
2025-12-09,Long-only Global Minimum Variance Portfolio,0.00308772523448,0.0220544749992449,0.0324018879227493,False,False,Historical VaR
2025-12-09,Long-only Global Minimum Variance Portfolio,0.00308772523448,0.015270402639545,0.0208563234153211,False,False,EWMA-t
2025-12-09,Long-only Global Minimum Variance Portfolio,0.00308772523448,0.0137105034153862,0.0201915134207055,False,False,GARCH-t
2025-12-10,Long-only Global Minimum Variance Portfolio,-0.0039424067929208,0.0220544749992449,0.0324018879227493,False,False,Historical VaR
2025-12-10,Long-only Global Minimum Variance Portfolio,-0.0039424067929208,0.0148547793727399,0.0202886649536528,False,False,EWMA-t
2025-12-10,Long-only Global Minimum Variance Portfolio,-0.0039424067929208,0.0130576231878716,0.0192650583576801,False,False,GARCH-t
2025-12-11,Long-only Global Minimum Variance Portfolio,-0.0036680539076387,0.0220544749992449,0.0324018879227493,False,False,Historical VaR
2025-12-11,Long-only Global Minimum Variance Portfolio,-0.0036680539076387,0.0144852217756754,0.0197839230063118,False,False,EWMA-t
2025-12-11,Long-only Global Minimum Variance Portfolio,-0.0036680539076387,0.0127656403766173,0.0188507266894771,False,False,GARCH-t
2025-12-12,Long-only Global Minimum Variance Portfolio,-0.0074676344169997,0.0220544749992449,0.0324018879227493,False,False,Historical VaR
2025-12-12,Long-only Global Minimum Variance Portfolio,-0.0074676344169997,0.0141176267519715,0.0192818615426293,False,False,EWMA-t
2025-12-12,Long-only Global Minimum Variance Portfolio,-0.0074676344169997,0.0124738827047552,0.0184367145002857,False,False,GARCH-t
2025-12-15,Long-only Global Minimum Variance Portfolio,-0.0095755515679597,0.0220544749992449,0.0324018879227493,False,False,Historical VaR
2025-12-15,Long-only Global Minimum Variance Portfolio,-0.0095755515679597,0.0139981915803987,0.0191187369267114,False,False,EWMA-t
2025-12-15,Long-only Global Minimum Variance Portfolio,-0.0095755515679597,0.0127714755740442,0.0188590069956834,False,False,GARCH-t
2025-12-16,Long-only Global Minimum Variance Portfolio,0.000377538350504,0.0220544749992449,0.0324018879227493,False,False,Historical VaR
2025-12-16,Long-only Global Minimum Variance Portfolio,0.000377538350504,0.0140830908683099,0.0192346924157842,False,False,EWMA-t
2025-12-16,Long-only Global Minimum Variance Portfolio,0.000377538350504,0.0134410208803917,0.0198091102655465,False,False,GARCH-t
2025-12-17,Long-only Global Minimum Variance Portfolio,-0.0119731414910823,0.0220544749992449,0.0324018879227493,False,False,Historical VaR
2025-12-17,Long-only Global Minimum Variance Portfolio,-0.0119731414910823,0.0136548681409051,0.0186498256046487,False,False,EWMA-t
2025-12-17,Long-only Global Minimum Variance Portfolio,-0.0119731414910823,0.0128085156707208,0.0188837779771332,False,False,GARCH-t
2025-12-18,Long-only Global Minimum Variance Portfolio,0.0132888644450831,0.0220544749992449,0.0324018879227493,False,False,Historical VaR
2025-12-18,Long-only Global Minimum Variance Portfolio,0.0132888644450831,0.014049097763907,0.0191882646171168,False,False,EWMA-t
2025-12-18,Long-only Global Minimum Variance Portfolio,0.0132888644450831,0.0140208102621729,0.0206027067711282,False,False,GARCH-t
2025-12-19,Long-only Global Minimum Variance Portfolio,0.0074822878318998,0.0220544749992449,0.0324018879227493,False,False,Historical VaR
2025-12-19,Long-only Global Minimum Variance Portfolio,0.0074822878318998,0.01458662597668,0.0199224209137833,False,False,EWMA-t
2025-12-19,Long-only Global Minimum Variance Portfolio,0.0074822878318998,0.0145445025147973,0.0213452570543478,False,False,GARCH-t
2025-12-22,Long-only Global Minimum Variance Portfolio,-0.0009894898424916,0.0220544749992449,0.0324018879227493,False,False,Historical VaR
2025-12-22,Long-only Global Minimum Variance Portfolio,-0.0009894898424916,0.014444296073521,0.0197280266622349,False,False,EWMA-t
2025-12-22,Long-only Global Minimum Variance Portfolio,-0.0009894898424916,0.0141088083165207,0.0207274803950481,False,False,GARCH-t
2025-12-23,Long-only Global Minimum Variance Portfolio,0.0079453667730606,0.0209957756398195,0.0315346388993868,False,False,Historical VaR
2025-12-23,Long-only Global Minimum Variance Portfolio,0.0079453667730606,0.0140096547983284,0.0191343933953825,False,False,EWMA-t
2025-12-23,Long-only Global Minimum Variance Portfolio,0.0079453667730606,0.0134768265217758,0.019831384914686,False,False,GARCH-t
2025-12-24,Long-only Global Minimum Variance Portfolio,0.0025281856033813,0.0209957756398195,0.0315346388993868,False,False,Historical VaR
2025-12-24,Long-only Global Minimum Variance Portfolio,0.0025281856033813,0.0139366505404906,0.0190346841442187,False,False,EWMA-t
2025-12-24,Long-only Global Minimum Variance Portfolio,0.0025281856033813,0.0132017814729114,0.0194413948434011,False,False,GARCH-t
2025-12-26,Long-only Global Minimum Variance Portfolio,-0.0012193001625301,0.0209957756398195,0.0315346388993868,False,False,Historical VaR
2025-12-26,Long-only Global Minimum Variance Portfolio,-0.0012193001625301,0.013548511942567,0.0185045642567901,False,False,EWMA-t
2025-12-26,Long-only Global Minimum Variance Portfolio,-0.0012193001625301,0.0125819207844047,0.018562486042477,False,False,GARCH-t
2025-12-29,Long-only Global Minimum Variance Portfolio,-0.0006824111919923,0.0209957756398195,0.0315346388993868,False,False,Historical VaR
2025-12-29,Long-only Global Minimum Variance Portfolio,-0.0006824111919923,0.0131444942855227,0.0179527567426257,False,False,EWMA-t
2025-12-29,Long-only Global Minimum Variance Portfolio,-0.0006824111919923,0.0120983947329721,0.0178768879557458,False,False,GARCH-t
2025-12-30,Long-only Global Minimum Variance Portfolio,-0.0001742757381185,0.0209957756398195,0.0315346388993868,False,False,Historical VaR
2025-12-30,Long-only Global Minimum Variance Portfolio,-0.0001742757381185,0.0127468775133512,0.0174096915601604,False,False,EWMA-t
2025-12-30,Long-only Global Minimum Variance Portfolio,-0.0001742757381185,0.0116290363251204,0.0172113783612555,False,False,GARCH-t
2025-12-31,Long-only Global Minimum Variance Portfolio,-0.005379434448734,0.0209957756398195,0.0315346388993868,False,False,Historical VaR
2025-12-31,Long-only Global Minimum Variance Portfolio,-0.005379434448734,0.0123587457808883,0.0168795810495814,False,False,EWMA-t
2025-12-31,Long-only Global Minimum Variance Portfolio,-0.005379434448734,0.0111789538190242,0.0165732003269252,False,False,GARCH-t
2026-01-02,Long-only Global Minimum Variance Portfolio,-0.0090294852027821,0.0209957756398195,0.0315346388993868,False,False,Historical VaR
2026-01-02,Long-only Global Minimum Variance Portfolio,-0.0090294852027821,0.0121670573040672,0.0166177728339147,False,False,EWMA-t
2026-01-02,Long-only Global Minimum Variance Portfolio,-0.0090294852027821,0.0112953883048298,0.0167382943491838,False,False,GARCH-t
2026-01-05,Long-only Global Minimum Variance Portfolio,-0.0002158581799938,0.0209957756398195,0.0315346388993868,False,False,Historical VaR
2026-01-05,Long-only Global Minimum Variance Portfolio,-0.0002158581799938,0.012317841969393,0.0168237146037775,False,False,EWMA-t
2026-01-05,Long-only Global Minimum Variance Portfolio,-0.0002158581799938,0.0120878130288799,0.0178618840152993,False,False,GARCH-t
2026-01-06,Long-only Global Minimum Variance Portfolio,-0.0008210401749401,0.0209957756398195,0.0315346388993868,False,False,Historical VaR
2026-01-06,Long-only Global Minimum Variance Portfolio,-0.0008210401749401,0.0119428917351023,0.0163116073898678,False,False,EWMA-t
2026-01-06,Long-only Global Minimum Variance Portfolio,-0.0008210401749401,0.0115976739472985,0.0171669092242436,False,False,GARCH-t
2026-01-07,Long-only Global Minimum Variance Portfolio,0.0081746172789015,0.0209957756398195,0.0315346388993868,False,False,Historical VaR
2026-01-07,Long-only Global Minimum Variance Portfolio,0.0081746172789015,0.0115835515771101,0.0158208204258235,False,False,EWMA-t
2026-01-07,Long-only Global Minimum Variance Portfolio,0.0081746172789015,0.0111823594921229,0.0165780292765828,False,False,GARCH-t
2026-01-08,Long-only Global Minimum Variance Portfolio,-0.0009294508927478,0.0209957756398195,0.0315346388993868,False,False,Historical VaR
2026-01-08,Long-only Global Minimum Variance Portfolio,-0.0009294508927478,0.011680492839713,0.0159532228498367,False,False,EWMA-t
2026-01-08,Long-only Global Minimum Variance Portfolio,-0.0009294508927478,0.0111996363576691,0.0166025263764352,False,False,GARCH-t
2026-01-09,Long-only Global Minimum Variance Portfolio,0.0041386437873364,0.0209957756398195,0.0315346388993868,False,False,Historical VaR
2026-01-09,Long-only Global Minimum Variance Portfolio,0.0041386437873364,0.0113305388064889,0.0154752554596046,False,False,EWMA-t
2026-01-09,Long-only Global Minimum Variance Portfolio,0.0041386437873364,0.0108286498491162,0.0160764996200415,False,False,GARCH-t
2026-01-12,Long-only Global Minimum Variance Portfolio,0.0020354713902045,0.0209957756398195,0.0315346388993868,False,False,Historical VaR
2026-01-12,Long-only Global Minimum Variance Portfolio,0.0020354713902045,0.0111049475730716,0.0151671428423493,False,False,EWMA-t
2026-01-12,Long-only Global Minimum Variance Portfolio,0.0020354713902045,0.0104791661209314,0.0155809619449208,False,False,GARCH-t
2026-01-13,Long-only Global Minimum Variance Portfolio,-0.0022687463831924,0.0209957756398195,0.0315346388993868,False,False,Historical VaR
2026-01-13,Long-only Global Minimum Variance Portfolio,-0.0022687463831924,0.0107962791708813,0.0147455633872339,False,False,EWMA-t
2026-01-13,Long-only Global Minimum Variance Portfolio,-0.0022687463831924,0.0100952650194398,0.015036623413632,False,False,GARCH-t
2026-01-14,Long-only Global Minimum Variance Portfolio,-0.0118598408216696,0.0209957756398195,0.0315346388993868,False,False,Historical VaR
2026-01-14,Long-only Global Minimum Variance Portfolio,-0.0118598408216696,0.0105052316524871,0.0143480505438505,True,False,EWMA-t
2026-01-14,Long-only Global Minimum Variance Portfolio,-0.0118598408216696,0.0099437670350436,0.0148218123854817,True,False,GARCH-t
2026-01-15,Long-only Global Minimum Variance Portfolio,-0.0060732437232724,0.0209957756398195,0.0315346388993868,False,False,Historical VaR
2026-01-15,Long-only Global Minimum Variance Portfolio,-0.0060732437232724,0.0111995935753386,0.0152964103986701,False,False,EWMA-t
2026-01-15,Long-only Global Minimum Variance Portfolio,-0.0060732437232724,0.011735401690756,0.0173621952427,False,False,GARCH-t
2026-01-16,Long-only Global Minimum Variance Portfolio,-0.0025333336311288,0.0209957756398195,0.0315346388993868,False,False,Historical VaR
2026-01-16,Long-only Global Minimum Variance Portfolio,-0.0025333336311288,0.0111172617908295,0.0151839616070032,False,False,EWMA-t
2026-01-16,Long-only Global Minimum Variance Portfolio,-0.0025333336311288,0.0118503519178404,0.0175008398495624,False,False,GARCH-t
2026-01-20,Long-only Global Minimum Variance Portfolio,-0.0237641590043076,0.0209957756398195,0.0315346388993868,True,False,Historical VaR
2026-01-20,Long-only Global Minimum Variance Portfolio,-0.0237641590043076,0.0108244020166187,0.0147839735837366,True,True,EWMA-t
2026-01-20,Long-only Global Minimum Variance Portfolio,-0.0237641590043076,0.0115312969787548,0.0170486275825093,True,True,GARCH-t
2026-01-21,Long-only Global Minimum Variance Portfolio,-0.0018004648725936,0.0220544749992449,0.0317056070212101,False,False,Historical VaR
2026-01-21,Long-only Global Minimum Variance Portfolio,-0.0018004648725936,0.0140439924805686,0.0191812918186291,False,False,EWMA-t
2026-01-21,Long-only Global Minimum Variance Portfolio,-0.0018004648725936,0.0169397840695522,0.0247143425081753,False,False,GARCH-t
2026-01-22,Long-only Global Minimum Variance Portfolio,0.0095101226198443,0.0220544749992449,0.0317056070212101,False,False,Historical VaR
2026-01-22,Long-only Global Minimum Variance Portfolio,0.0095101226198443,0.0136345020944387,0.0186220096483952,False,False,EWMA-t
2026-01-22,Long-only Global Minimum Variance Portfolio,0.0095101226198443,0.016112066290085,0.0235411773642486,False,False,GARCH-t
2026-01-23,Long-only Global Minimum Variance Portfolio,0.0110460783150947,0.0220544749992449,0.0317056070212101,False,False,Historical VaR
2026-01-23,Long-only Global Minimum Variance Portfolio,0.0110460783150947,0.0137365979245772,0.0187614521832771,False,False,EWMA-t
2026-01-23,Long-only Global Minimum Variance Portfolio,0.0110460783150947,0.0157577521299817,0.0230389904680092,False,False,GARCH-t
2026-01-26,Long-only Global Minimum Variance Portfolio,0.0161142857670026,0.0220544749992449,0.0317056070212101,False,False,Historical VaR
2026-01-26,Long-only Global Minimum Variance Portfolio,0.0161142857670026,0.0140067957956906,0.0191304885681775,False,False,EWMA-t
2026-01-26,Long-only Global Minimum Variance Portfolio,0.0161142857670026,0.0156590382642323,0.022899078448004,False,False,GARCH-t
2026-01-27,Long-only Global Minimum Variance Portfolio,0.0143844985043303,0.0220544749992449,0.0317056070212101,False,False,Historical VaR
2026-01-27,Long-only Global Minimum Variance Portfolio,0.0143844985043303,0.0149822047723635,0.0204627026269617,False,False,EWMA-t
2026-01-27,Long-only Global Minimum Variance Portfolio,0.0143844985043303,0.0165409114081896,0.0241490006552105,False,False,GARCH-t
2026-01-28,Long-only Global Minimum Variance Portfolio,-0.0008933530300461,0.0220544749992449,0.0317056070212101,False,False,Historical VaR
2026-01-28,Long-only Global Minimum Variance Portfolio,-0.0008933530300461,0.0155855601048108,0.0212867656359679,False,False,EWMA-t
2026-01-28,Long-only Global Minimum Variance Portfolio,-0.0008933530300461,0.0169251427413413,0.0246935906331475,False,False,GARCH-t
2026-01-29,Long-only Global Minimum Variance Portfolio,-0.0319654258420222,0.0220544749992449,0.0317056070212101,True,True,Historical VaR
2026-01-29,Long-only Global Minimum Variance Portfolio,-0.0319654258420222,0.0151148333209531,0.0206438467636805,True,True,EWMA-t
2026-01-29,Long-only Global Minimum Variance Portfolio,-0.0319654258420222,0.0160543949164921,0.0234594368882314,True,True,GARCH-t
2026-01-30,Long-only Global Minimum Variance Portfolio,-0.0021516892423239,0.0228058853692688,0.0324197663393294,False,False,Historical VaR
2026-01-30,Long-only Global Minimum Variance Portfolio,-0.0021516892423239,0.0192960016259652,0.0263544884855559,False,False,EWMA-t
2026-01-30,Long-only Global Minimum Variance Portfolio,-0.0021516892423239,0.0229741965287967,0.0332672122626697,False,False,GARCH-t
2026-02-02,Long-only Global Minimum Variance Portfolio,0.0126477697569744,0.0228058853692688,0.0324197663393294,False,False,Historical VaR
2026-02-02,Long-only Global Minimum Variance Portfolio,0.0126477697569744,0.0187272411806179,0.02557767519032,False,False,EWMA-t
2026-02-02,Long-only Global Minimum Variance Portfolio,0.0126477697569744,0.0216976373153129,0.0314578820651455,False,False,GARCH-t
2026-02-03,Long-only Global Minimum Variance Portfolio,-0.015456645053895,0.0228058853692688,0.0324197663393294,False,False,Historical VaR
2026-02-03,Long-only Global Minimum Variance Portfolio,-0.015456645053895,0.0188238599638453,0.0257096371718441,False,False,EWMA-t
2026-02-03,Long-only Global Minimum Variance Portfolio,-0.015456645053895,0.0211834538290135,0.0307291045051209,False,False,GARCH-t
2026-02-04,Long-only Global Minimum Variance Portfolio,0.0027953356043198,0.0228058853692688,0.0324197663393294,False,False,Historical VaR
2026-02-04,Long-only Global Minimum Variance Portfolio,0.0027953356043198,0.0192333806034257,0.0262689606622555,False,False,EWMA-t
2026-02-04,Long-only Global Minimum Variance Portfolio,0.0027953356043198,0.0218029683531985,0.0316071729288752,False,False,GARCH-t
2026-02-05,Long-only Global Minimum Variance Portfolio,-0.0234103970367539,0.0228058853692688,0.0324197663393294,True,False,Historical VaR
2026-02-05,Long-only Global Minimum Variance Portfolio,-0.0234103970367539,0.0186797390231657,0.0255127967203717,True,False,EWMA-t
2026-02-05,Long-only Global Minimum Variance Portfolio,-0.0234103970367539,0.0205273683303557,0.0297992022394519,True,False,GARCH-t
2026-02-06,Long-only Global Minimum Variance Portfolio,-0.0018639432327957,0.0231616278985178,0.032454559225796,False,False,Historical VaR
2026-02-06,Long-only Global Minimum Variance Portfolio,-0.0018639432327957,0.0203105639828006,0.0277401782501712,False,False,EWMA-t
2026-02-06,Long-only Global Minimum Variance Portfolio,-0.0018639432327957,0.0232462770039741,0.0336528453102365,False,False,GARCH-t
2026-02-09,Long-only Global Minimum Variance Portfolio,0.0079988445309774,0.0231616278985178,0.032454559225796,False,False,Historical VaR
2026-02-09,Long-only Global Minimum Variance Portfolio,0.0079988445309774,0.0197054228346723,0.0269136761732318,False,False,EWMA-t
2026-02-09,Long-only Global Minimum Variance Portfolio,0.0079988445309774,0.0219367025733068,0.0317967210205958,False,False,GARCH-t
2026-02-10,Long-only Global Minimum Variance Portfolio,-0.006675828993305,0.0231616278985178,0.032454559225796,False,False,Historical VaR
2026-02-10,Long-only Global Minimum Variance Portfolio,-0.006675828993305,0.0193616372094315,0.0264441335976489,False,False,EWMA-t
2026-02-10,Long-only Global Minimum Variance Portfolio,-0.006675828993305,0.0208966027151998,0.0303225363044966,False,False,GARCH-t
2026-02-11,Long-only Global Minimum Variance Portfolio,-0.0128228214871284,0.0228058853692688,0.0323695651587832,False,False,Historical VaR
2026-02-11,Long-only Global Minimum Variance Portfolio,-0.0128228214871284,0.0189539942773086,0.025887374681004,False,False,EWMA-t
2026-02-11,Long-only Global Minimum Variance Portfolio,-0.0128228214871284,0.0201403035494088,0.0292505962765103,False,False,GARCH-t
2026-02-12,Long-only Global Minimum Variance Portfolio,-0.020657381505103,0.0228058853692688,0.0323695651587832,False,False,Historical VaR
2026-02-12,Long-only Global Minimum Variance Portfolio,-0.020657381505103,0.0190540551489062,0.0260240378685125,True,False,EWMA-t
2026-02-12,Long-only Global Minimum Variance Portfolio,-0.020657381505103,0.0203824994320365,0.0295938724203238,True,False,GARCH-t
2026-02-13,Long-only Global Minimum Variance Portfolio,-0.0104635746482314,0.0228058853692688,0.0323695651587832,False,False,Historical VaR
2026-02-13,Long-only Global Minimum Variance Portfolio,-0.0104635746482314,0.0201763596687512,0.0275568819322143,False,False,EWMA-t
2026-02-13,Long-only Global Minimum Variance Portfolio,-0.0104635746482314,0.0223707218974929,0.0324118779684791,False,False,GARCH-t
2026-02-17,Long-only Global Minimum Variance Portfolio,0.0037543977315622,0.0228058853692688,0.0323695651587832,False,False,Historical VaR
2026-02-17,Long-only Global Minimum Variance Portfolio,0.0037543977315622,0.0199886433472554,0.0273004988882393,False,False,EWMA-t
2026-02-17,Long-only Global Minimum Variance Portfolio,0.0037543977315622,0.0220126194902175,0.0319039114678471,False,False,GARCH-t
2026-02-18,Long-only Global Minimum Variance Portfolio,0.0054243615458095,0.0228058853692688,0.0323695651587832,False,False,Historical VaR
2026-02-18,Long-only Global Minimum Variance Portfolio,0.0054243615458095,0.0194357141687231,0.0265453079449847,False,False,EWMA-t
2026-02-18,Long-only Global Minimum Variance Portfolio,0.0054243615458095,0.020738422648645,0.0300975645987094,False,False,GARCH-t
2026-02-19,Long-only Global Minimum Variance Portfolio,-0.0047879934390632,0.0228058853692688,0.0323695651587832,False,False,Historical VaR
2026-02-19,Long-only Global Minimum Variance Portfolio,-0.0047879934390632,0.0189636501284703,0.025900562647257,False,False,EWMA-t
2026-02-19,Long-only Global Minimum Variance Portfolio,-0.0047879934390632,0.0196244122187461,0.0285183036975828,False,False,GARCH-t
2026-02-20,Long-only Global Minimum Variance Portfolio,0.0154143706050373,0.0228058853692688,0.0323695651587832,False,False,Historical VaR
2026-02-20,Long-only Global Minimum Variance Portfolio,0.0154143706050373,0.0184818399190767,0.0252425060269362,False,False,EWMA-t
2026-02-20,Long-only Global Minimum Variance Portfolio,0.0154143706050373,0.0187924808797818,0.027338928172196,False,False,GARCH-t
2026-02-23,Long-only Global Minimum Variance Portfolio,-0.0141567645633083,0.0228058853692688,0.0323695651587832,False,False,Historical VaR
2026-02-23,Long-only Global Minimum Variance Portfolio,-0.0141567645633083,0.0189136965826627,0.0258323360698903,False,False,EWMA-t
2026-02-23,Long-only Global Minimum Variance Portfolio,-0.0141567645633083,0.0190794759370307,0.0277457825970428,False,False,GARCH-t
2026-02-24,Long-only Global Minimum Variance Portfolio,0.0115552408664736,0.0228058853692688,0.0323695651587832,False,False,Historical VaR
2026-02-24,Long-only Global Minimum Variance Portfolio,0.0115552408664736,0.019161759395865,0.0261711403818385,False,False,EWMA-t
2026-02-24,Long-only Global Minimum Variance Portfolio,0.0115552408664736,0.0197456063154835,0.0286901127698212,False,False,GARCH-t
2026-02-25,Long-only Global Minimum Variance Portfolio,0.015507530902054,0.0228058853692688,0.0323695651587832,False,False,Historical VaR
2026-02-25,Long-only Global Minimum Variance Portfolio,0.015507530902054,0.0191242064730914,0.0261198505814943,False,False,EWMA-t
2026-02-25,Long-only Global Minimum Variance Portfolio,0.015507530902054,0.0192902691428579,0.0280446105606341,False,False,GARCH-t
2026-02-26,Long-only Global Minimum Variance Portfolio,-0.0063946279372076,0.0228058853692688,0.0323695651587832,False,False,Historical VaR
2026-02-26,Long-only Global Minimum Variance Portfolio,-0.0063946279372076,0.0195161381135508,0.0266551510082788,False,False,EWMA-t
2026-02-26,Long-only Global Minimum Variance Portfolio,-0.0063946279372076,0.0195280138263102,0.0283816458997565,False,False,GARCH-t
2026-02-27,Long-only Global Minimum Variance Portfolio,-0.0131224070204178,0.0228058853692688,0.0323695651587832,False,False,Historical VaR
2026-02-27,Long-only Global Minimum Variance Portfolio,-0.0131224070204178,0.0190875171255588,0.026069740252638,False,False,EWMA-t
2026-02-27,Long-only Global Minimum Variance Portfolio,-0.0131224070204178,0.0188684517498997,0.0274466271861207,False,False,GARCH-t
2026-03-02,Long-only Global Minimum Variance Portfolio,0.0009717357893369,0.0228058853692688,0.0323695651587832,False,False,Historical VaR
2026-03-02,Long-only Global Minimum Variance Portfolio,0.0009717357893369,0.0192101645942975,0.0262372522256006,False,False,EWMA-t
2026-03-02,Long-only Global Minimum Variance Portfolio,0.0009717357893369,0.0193511421339972,0.0281309062830625,False,False,GARCH-t
2026-03-03,Long-only Global Minimum Variance Portfolio,0.0014278038646907,0.0228058853692688,0.0323695651587832,False,False,Historical VaR
2026-03-03,Long-only Global Minimum Variance Portfolio,0.0014278038646907,0.01862885471817,0.0254432989116494,False,False,EWMA-t
2026-03-03,Long-only Global Minimum Variance Portfolio,0.0014278038646907,0.018248008855912,0.0265670652201294,False,False,GARCH-t
2026-03-04,Long-only Global Minimum Variance Portfolio,0.0027480710690223,0.0228058853692688,0.0323695651587832,False,False,Historical VaR
2026-03-04,Long-only Global Minimum Variance Portfolio,0.0027480710690223,0.0180700465000235,0.024680078373206,False,False,EWMA-t
2026-03-04,Long-only Global Minimum Variance Portfolio,0.0027480710690223,0.0172247606252671,0.0251164720484378,False,False,GARCH-t
2026-03-05,Long-only Global Minimum Variance Portfolio,0.0008460924535319,0.0228058853692688,0.0323695651587832,False,False,Historical VaR
2026-03-05,Long-only Global Minimum Variance Portfolio,0.0008460924535319,0.0175527682749543,0.0239735795196781,False,False,EWMA-t
2026-03-05,Long-only Global Minimum Variance Portfolio,0.0008460924535319,0.016288593754353,0.0237893285168472,False,False,GARCH-t
2026-03-06,Long-only Global Minimum Variance Portfolio,-0.0091482853529093,0.0228058853692688,0.0323695651587832,False,False,Historical VaR
2026-03-06,Long-only Global Minimum Variance Portfolio,-0.0091482853529093,0.0170212837017729,0.0232476776289304,False,False,EWMA-t
2026-03-06,Long-only Global Minimum Variance Portfolio,-0.0091482853529093,0.0154217497476147,0.0225604595489489,False,False,GARCH-t
2026-03-09,Long-only Global Minimum Variance Portfolio,0.0103166763825187,0.0228058853692688,0.0323695651587832,False,False,Historical VaR
2026-03-09,Long-only Global Minimum Variance Portfolio,0.0103166763825187,0.0168892832534657,0.0230673913518853,False,False,EWMA-t
2026-03-09,Long-only Global Minimum Variance Portfolio,0.0103166763825187,0.015619721931764,0.0228411119751259,False,False,GARCH-t
2026-03-10,Long-only Global Minimum Variance Portfolio,-0.0009660049644868,0.0228058853692688,0.0323695651587832,False,False,Historical VaR
2026-03-10,Long-only Global Minimum Variance Portfolio,-0.0009660049644868,0.0168685427546175,0.0230390639683851,False,False,EWMA-t
2026-03-10,Long-only Global Minimum Variance Portfolio,-0.0009660049644868,0.0154396387435652,0.0225858196273709,False,False,GARCH-t
2026-03-11,Long-only Global Minimum Variance Portfolio,-0.0001480609354047,0.0228058853692688,0.0323695651587832,False,False,Historical VaR
2026-03-11,Long-only Global Minimum Variance Portfolio,-0.0001480609354047,0.016359058277827,0.0223432098200792,False,False,EWMA-t
2026-03-11,Long-only Global Minimum Variance Portfolio,-0.0001480609354047,0.0146955540810828,0.0215309786823959,False,False,GARCH-t
2026-03-12,Long-only Global Minimum Variance Portfolio,-0.0140983175595307,0.0220544749992449,0.0310398813122234,False,False,Historical VaR
2026-03-12,Long-only Global Minimum Variance Portfolio,-0.0140983175595307,0.0158608020412751,0.0216626912077987,False,False,EWMA-t
2026-03-12,Long-only Global Minimum Variance Portfolio,-0.0140983175595307,0.0139807984091891,0.0205177155600904,True,False,GARCH-t
2026-03-13,Long-only Global Minimum Variance Portfolio,-0.0144423986511124,0.0220544749992449,0.0310398813122234,False,False,Historical VaR
2026-03-13,Long-only Global Minimum Variance Portfolio,-0.0144423986511124,0.0163439661124159,0.0223225969331579,False,False,EWMA-t
2026-03-13,Long-only Global Minimum Variance Portfolio,-0.0144423986511124,0.0155169892158665,0.022695474414535,False,False,GARCH-t
2026-03-16,Long-only Global Minimum Variance Portfolio,0.0113645991648133,0.0220544749992449,0.0310398813122234,False,False,Historical VaR
2026-03-16,Long-only Global Minimum Variance Portfolio,0.0113645991648133,0.0168305181045524,0.0229871298826749,False,False,EWMA-t
2026-03-16,Long-only Global Minimum Variance Portfolio,0.0113645991648133,0.0168440216372858,0.0245767228853102,False,False,GARCH-t
2026-03-17,Long-only Global Minimum Variance Portfolio,0.00682823384483,0.0210552678670791,0.0309309185359093,False,False,Historical VaR
2026-03-17,Long-only Global Minimum Variance Portfolio,0.00682823384483,0.0169171247430866,0.0231054172720661,False,False,EWMA-t
2026-03-17,Long-only Global Minimum Variance Portfolio,0.00682823384483,0.0166706284076523,0.0242889067353918,False,False,GARCH-t
2026-03-18,Long-only Global Minimum Variance Portfolio,-0.0164978813840557,0.0210552678670791,0.0309309185359093,False,False,Historical VaR
2026-03-18,Long-only Global Minimum Variance Portfolio,-0.0164978813840557,0.016619520263412,0.0226989489277495,False,False,EWMA-t
2026-03-18,Long-only Global Minimum Variance Portfolio,-0.0164978813840557,0.0159910394979445,0.0233267803072446,True,False,GARCH-t
2026-03-19,Long-only Global Minimum Variance Portfolio,-0.0046092308179368,0.0210552678670791,0.0309309185359093,False,False,Historical VaR
2026-03-19,Long-only Global Minimum Variance Portfolio,-0.0046092308179368,0.0173670040709893,0.0237198626787842,False,False,EWMA-t
2026-03-19,Long-only Global Minimum Variance Portfolio,-0.0046092308179368,0.0177453263217911,0.0258104078233246,False,False,GARCH-t
2026-03-20,Long-only Global Minimum Variance Portfolio,-0.014997278376467,0.0210552678670791,0.0309309185359093,False,False,Historical VaR
2026-03-20,Long-only Global Minimum Variance Portfolio,-0.014997278376467,0.016934950988434,0.0231297643667054,False,False,EWMA-t
2026-03-20,Long-only Global Minimum Variance Portfolio,-0.014997278376467,0.0170664081546188,0.0248492309973717,False,False,GARCH-t
2026-03-23,Long-only Global Minimum Variance Portfolio,0.0073646285064996,0.0210552678670791,0.0309309185359093,False,False,Historical VaR
2026-03-23,Long-only Global Minimum Variance Portfolio,0.0073646285064996,0.0174434219726392,0.0238242342863412,False,False,EWMA-t
2026-03-23,Long-only Global Minimum Variance Portfolio,0.0073646285064996,0.0182386364150352,0.0265088104476198,False,False,GARCH-t
2026-03-24,Long-only Global Minimum Variance Portfolio,-0.0191151543735622,0.0210552678670791,0.0309309185359093,False,False,Historical VaR
2026-03-24,Long-only Global Minimum Variance Portfolio,-0.0191151543735622,0.0171575461918225,0.0234337850046777,True,False,EWMA-t
2026-03-24,Long-only Global Minimum Variance Portfolio,-0.0191151543735622,0.0174657439476452,0.0254145897233418,True,False,GARCH-t
2026-03-25,Long-only Global Minimum Variance Portfolio,0.0016401646641386,0.0210552678670791,0.0309309185359093,False,False,Historical VaR
2026-03-25,Long-only Global Minimum Variance Portfolio,0.0016401646641386,0.0182502198435662,0.0249261592141928,False,False,EWMA-t
2026-03-25,Long-only Global Minimum Variance Portfolio,0.0016401646641386,0.0196288902883312,0.0284770591553675,False,False,GARCH-t
2026-03-26,Long-only Global Minimum Variance Portfolio,-0.0141781962241719,0.0210552678670791,0.0309309185359093,False,False,Historical VaR
2026-03-26,Long-only Global Minimum Variance Portfolio,-0.0141781962241719,0.0177059644991159,0.0241828149977818,False,False,EWMA-t
2026-03-26,Long-only Global Minimum Variance Portfolio,-0.0141781962241719,0.0185066643308232,0.0268882703498888,False,False,GARCH-t
2026-03-27,Long-only Global Minimum Variance Portfolio,-0.0235333887114979,0.0210552678670791,0.0309309185359093,True,False,Historical VaR
2026-03-27,Long-only Global Minimum Variance Portfolio,-0.0235333887114979,0.0180469815544543,0.024648576259234,True,False,EWMA-t
2026-03-27,Long-only Global Minimum Variance Portfolio,-0.0235333887114979,0.0192559939778597,0.0279491320657134,True,False,GARCH-t
2026-03-30,Long-only Global Minimum Variance Portfolio,-0.0003792106398567,0.0220544749992449,0.0310841350967472,False,False,Historical VaR
2026-03-30,Long-only Global Minimum Variance Portfolio,-0.0003792106398567,0.0197879937113707,0.0270264515171281,False,False,EWMA-t
2026-03-30,Long-only Global Minimum Variance Portfolio,-0.0003792106398567,0.0222995942349415,0.0322581020948343,False,False,GARCH-t
2026-03-31,Long-only Global Minimum Variance Portfolio,0.0359930002161666,0.0220544749992449,0.0310841350967472,False,False,Historical VaR
2026-03-31,Long-only Global Minimum Variance Portfolio,0.0359930002161666,0.0191857496864347,0.026203906332466,False,False,EWMA-t
2026-03-31,Long-only Global Minimum Variance Portfolio,0.0359930002161666,0.021008242721016,0.0304298741737669,False,False,GARCH-t
2026-04-01,Long-only Global Minimum Variance Portfolio,0.0096794296627853,0.0210552678670791,0.0300455348738863,False,False,Historical VaR
2026-04-01,Long-only Global Minimum Variance Portfolio,0.0096794296627853,0.0233624669304397,0.0319084687930345,False,False,EWMA-t
2026-04-01,Long-only Global Minimum Variance Portfolio,0.0096794296627853,0.026564265349247,0.0382958003677406,False,False,GARCH-t
2026-04-02,Long-only Global Minimum Variance Portfolio,0.0035813525218314,0.0210552678670791,0.0300455348738863,False,False,Historical VaR
2026-04-02,Long-only Global Minimum Variance Portfolio,0.0035813525218314,0.0229675006915652,0.0313690237102464,False,False,EWMA-t
2026-04-02,Long-only Global Minimum Variance Portfolio,0.0035813525218314,0.0252885547320252,0.0364897160100297,False,False,GARCH-t
2026-04-06,Long-only Global Minimum Variance Portfolio,0.0069186128261627,0.0210552678670791,0.0300455348738863,False,False,Historical VaR
2026-04-06,Long-only Global Minimum Variance Portfolio,0.0069186128261627,0.0223121899768741,0.0304740000146871,False,False,EWMA-t
2026-04-06,Long-only Global Minimum Variance Portfolio,0.0069186128261627,0.0237795022849269,0.0343532784960073,False,False,GARCH-t
2026-04-07,Long-only Global Minimum Variance Portfolio,-0.0008593096225521,0.0210552678670791,0.0300455348738863,False,False,Historical VaR
2026-04-07,Long-only Global Minimum Variance Portfolio,-0.0008593096225521,0.0218024332539678,0.0297777740325028,False,False,EWMA-t
2026-04-07,Long-only Global Minimum Variance Portfolio,-0.0008593096225521,0.022520470368635,0.0325708069705875,False,False,GARCH-t
2026-04-08,Long-only Global Minimum Variance Portfolio,0.0205325603960987,0.0198091565827555,0.0275015674256907,False,False,Historical VaR
2026-04-08,Long-only Global Minimum Variance Portfolio,0.0205325603960987,0.0211409368654646,0.0288743019406168,False,False,EWMA-t
2026-04-08,Long-only Global Minimum Variance Portfolio,0.0205325603960987,0.0212266125449527,0.030739030747275,False,False,GARCH-t
2026-04-09,Long-only Global Minimum Variance Portfolio,0.0065279780213205,0.018082380724302,0.0254088217976438,False,False,Historical VaR
2026-04-09,Long-only Global Minimum Variance Portfolio,0.0065279780213205,0.022025935282055,0.0300830332120934,False,False,EWMA-t
2026-04-09,Long-only Global Minimum Variance Portfolio,0.0065279780213205,0.0222224867011945,0.0321489372821549,False,False,GARCH-t
2026-04-10,Long-only Global Minimum Variance Portfolio,-0.0010189635364853,0.018082380724302,0.0254088217976438,False,False,Historical VaR
2026-04-10,Long-only Global Minimum Variance Portfolio,-0.0010189635364853,0.0215082663684051,0.0293760007559105,False,False,EWMA-t
2026-04-10,Long-only Global Minimum Variance Portfolio,-0.0010189635364853,0.0210604555317737,0.0305037943399148,False,False,GARCH-t
2026-04-13,Long-only Global Minimum Variance Portfolio,0.0148995520208192,0.0168306576072117,0.0248081786546876,False,False,Historical VaR
2026-04-13,Long-only Global Minimum Variance Portfolio,0.0148995520208192,0.0208568770496186,0.0284863329048011,False,False,EWMA-t
2026-04-13,Long-only Global Minimum Variance Portfolio,0.0148995520208192,0.0198802820140585,0.0288329664100103,False,False,GARCH-t
2026-04-14,Long-only Global Minimum Variance Portfolio,0.0201120387951595,0.0168306576072117,0.0248081786546876,False,False,Historical VaR
2026-04-14,Long-only Global Minimum Variance Portfolio,0.0201120387951595,0.0210510360931118,0.0287515154216405,False,False,EWMA-t
2026-04-14,Long-only Global Minimum Variance Portfolio,0.0201120387951595,0.0199326672349957,0.0289071306654711,False,False,GARCH-t
2026-04-15,Long-only Global Minimum Variance Portfolio,0.0281374897567619,0.0161336683045425,0.0234213241388639,False,False,Historical VaR
2026-04-15,Long-only Global Minimum Variance Portfolio,0.0281374897567619,0.0218847052079067,0.0298901411075474,False,False,EWMA-t
2026-04-15,Long-only Global Minimum Variance Portfolio,0.0281374897567619,0.0210606001098535,0.0304766722350645,False,False,GARCH-t
2026-04-16,Long-only Global Minimum Variance Portfolio,0.0034592006304363,0.0161336683045425,0.0234213241388639,False,False,Historical VaR
2026-04-16,Long-only Global Minimum Variance Portfolio,0.0034592006304363,0.023922926215285,0.0326739443591852,False,False,EWMA-t
2026-04-16,Long-only Global Minimum Variance Portfolio,0.0034592006304363,0.0240718179265319,0.0347359650191792,False,False,GARCH-t
2026-04-17,Long-only Global Minimum Variance Portfolio,0.0154508353227366,0.0161336683045425,0.0234213241388639,False,False,Historical VaR
2026-04-17,Long-only Global Minimum Variance Portfolio,0.0154508353227366,0.0232338864116653,0.0317328534574229,False,False,EWMA-t
2026-04-17,Long-only Global Minimum Variance Portfolio,0.0154508353227366,0.0226511859989956,0.0327265164551052,False,False,GARCH-t
2026-04-20,Long-only Global Minimum Variance Portfolio,-0.0046776283850874,0.0161336683045425,0.0234213241388639,False,False,Historical VaR
2026-04-20,Long-only Global Minimum Variance Portfolio,-0.0046776283850874,0.0233290047716416,0.0318627661601347,False,False,EWMA-t
2026-04-20,Long-only Global Minimum Variance Portfolio,-0.0046776283850874,0.0224649558317382,0.0324630985106474,False,False,GARCH-t
2026-04-21,Long-only Global Minimum Variance Portfolio,-0.0057221444520631,0.0156272088828655,0.0221508598814348,False,False,Historical VaR
2026-04-21,Long-only Global Minimum Variance Portfolio,-0.0057221444520631,0.0226927826303694,0.0309938136475142,False,False,EWMA-t
2026-04-21,Long-only Global Minimum Variance Portfolio,-0.0057221444520631,0.0213895443022073,0.0309419556221078,False,False,GARCH-t
2026-04-22,Long-only Global Minimum Variance Portfolio,0.0227872816514544,0.0156272088828655,0.0221508598814348,False,False,Historical VaR
2026-04-22,Long-only Global Minimum Variance Portfolio,0.0227872816514544,0.0221159311149909,0.0302059495648607,False,False,EWMA-t
2026-04-22,Long-only Global Minimum Variance Portfolio,0.0227872816514544,0.0204955045641779,0.0296773586262315,False,False,GARCH-t
2026-04-23,Long-only Global Minimum Variance Portfolio,-0.013899690260133,0.0152039933813096,0.0215951129850828,False,False,Historical VaR
2026-04-23,Long-only Global Minimum Variance Portfolio,-0.013899690260133,0.0232346783255258,0.0317339350537621,False,False,EWMA-t
2026-04-23,Long-only Global Minimum Variance Portfolio,-0.013899690260133,0.0221565554884396,0.0320268738876545,False,False,GARCH-t
2026-04-24,Long-only Global Minimum Variance Portfolio,0.0113694568711893,0.0152039933813096,0.0215951129850828,False,False,Historical VaR
2026-04-24,Long-only Global Minimum Variance Portfolio,0.0113694568711893,0.0231787765048649,0.0316575843196832,False,False,EWMA-t
2026-04-24,Long-only Global Minimum Variance Portfolio,0.0113694568711893,0.0223378658490243,0.0322833328878127,False,False,GARCH-t
2026-04-27,Long-only Global Minimum Variance Portfolio,0.0002408016733231,0.0152039933813096,0.0215951129850828,False,False,Historical VaR
2026-04-27,Long-only Global Minimum Variance Portfolio,0.0002408016733231,0.0229119209493728,0.0312931128710978,False,False,EWMA-t
2026-04-27,Long-only Global Minimum Variance Portfolio,0.0002408016733231,0.0216074268875812,0.0312501451255463,False,False,GARCH-t
2026-04-28,Long-only Global Minimum Variance Portfolio,0.0059786152818058,0.0152039933813096,0.0215951129850828,False,False,Historical VaR
2026-04-28,Long-only Global Minimum Variance Portfolio,0.0059786152818058,0.0222141328230698,0.0303400735059236,False,False,EWMA-t
2026-04-28,Long-only Global Minimum Variance Portfolio,0.0059786152818058,0.020357215131118,0.029481751659147,False,False,GARCH-t
2026-04-29,Long-only Global Minimum Variance Portfolio,-0.0036766664663461,0.0152039933813096,0.0215951129850828,False,False,Historical VaR
2026-04-29,Long-only Global Minimum Variance Portfolio,-0.0036766664663461,0.0216649998198288,0.0295900673807437,False,False,EWMA-t
2026-04-29,Long-only Global Minimum Variance Portfolio,-0.0036766664663461,0.0193125850852454,0.0280041484144363,False,False,GARCH-t
2026-04-30,Long-only Global Minimum Variance Portfolio,0.0142083177069198,0.0152039933813096,0.0215951129850828,False,False,Historical VaR
2026-04-30,Long-only Global Minimum Variance Portfolio,0.0142083177069198,0.0210545642115171,0.028756334127489,False,False,EWMA-t
2026-04-30,Long-only Global Minimum Variance Portfolio,0.0142083177069198,0.018420992263156,0.0267430125203605,False,False,GARCH-t
2026-05-01,Long-only Global Minimum Variance Portfolio,0.0173911884483251,0.0152039933813096,0.0215951129850828,False,False,Historical VaR
2026-05-01,Long-only Global Minimum Variance Portfolio,0.0173911884483251,0.0211620248951172,0.0289031039818602,False,False,EWMA-t
2026-05-01,Long-only Global Minimum Variance Portfolio,0.0173911884483251,0.0185378784498132,0.0269083451271995,False,False,GARCH-t
2026-05-06,Long-only Global Minimum Variance Portfolio,0.0179836177799454,0.0152039933813096,0.0215951129850828,False,False,Historical VaR
2026-05-06,Long-only Global Minimum Variance Portfolio,0.0179836177799454,0.0216242271602725,0.0295343800623225,False,False,EWMA-t
2026-05-06,Long-only Global Minimum Variance Portfolio,0.0179836177799454,0.0192627751697598,0.0279336935265733,False,False,GARCH-t
2026-05-07,Long-only Global Minimum Variance Portfolio,0.0047673698590486,0.0152039933813096,0.0215951129850828,False,False,Historical VaR
2026-05-07,Long-only Global Minimum Variance Portfolio,0.0047673698590486,0.0221230342928047,0.0302156510886031,False,False,EWMA-t
2026-05-07,Long-only Global Minimum Variance Portfolio,0.0047673698590486,0.020003954820743,0.028982073727328,False,False,GARCH-t
2026-05-08,Long-only Global Minimum Variance Portfolio,0.0029773990299828,0.0152039933813096,0.0215951129850828,False,False,Historical VaR
2026-05-08,Long-only Global Minimum Variance Portfolio,0.0029773990299828,0.0215306320693346,0.0294065478412105,False,False,EWMA-t
2026-05-08,Long-only Global Minimum Variance Portfolio,0.0029773990299828,0.0189251005386865,0.0274560611508804,False,False,GARCH-t
2026-05-11,Long-only Global Minimum Variance Portfolio,-0.0106736581901389,0.0152039933813096,0.0215951129850828,False,False,Historical VaR
2026-05-11,Long-only Global Minimum Variance Portfolio,-0.0106736581901389,0.0209074440639753,0.0285553973578131,False,False,EWMA-t
2026-05-11,Long-only Global Minimum Variance Portfolio,-0.0106736581901389,0.0178720819715767,0.0259665925513033,False,False,GARCH-t
2026-05-12,Long-only Global Minimum Variance Portfolio,-0.0050011977885799,0.0152039933813096,0.0215951129850828,False,False,Historical VaR
2026-05-12,Long-only Global Minimum Variance Portfolio,-0.0050011977885799,0.0206993790898432,0.0282712221140862,False,False,EWMA-t
2026-05-12,Long-only Global Minimum Variance Portfolio,-0.0050011977885799,0.0180204844210205,0.026176504128792,False,False,GARCH-t
2026-05-13,Long-only Global Minimum Variance Portfolio,0.0136614109629457,0.014692094527522,0.0210917056739952,False,False,Historical VaR
2026-05-13,Long-only Global Minimum Variance Portfolio,0.0136614109629457,0.0201646696281198,0.0275409156689859,False,False,EWMA-t
2026-05-13,Long-only Global Minimum Variance Portfolio,0.0136614109629457,0.0173584321908202,0.0252400476987123,False,False,GARCH-t
2026-05-14,Long-only Global Minimum Variance Portfolio,0.0009401490681769,0.014692094527522,0.0210917056739952,False,False,Historical VaR
2026-05-14,Long-only Global Minimum Variance Portfolio,0.0009401490681769,0.0202731511301589,0.0276890797576819,False,False,EWMA-t
2026-05-14,Long-only Global Minimum Variance Portfolio,0.0009401490681769,0.0175150139033653,0.0254615286406334,False,False,GARCH-t
2026-05-15,Long-only Global Minimum Variance Portfolio,0.009405961798279,0.014692094527522,0.0210917056739952,False,False,Historical VaR
2026-05-15,Long-only Global Minimum Variance Portfolio,0.009405961798279,0.0196590165949901,0.0268502945083114,False,False,EWMA-t
2026-05-15,Long-only Global Minimum Variance Portfolio,0.009405961798279,0.0165224475572126,0.0240347676522778,False,False,GARCH-t
2026-05-18,Long-only Global Minimum Variance Portfolio,0.0018064071752983,0.014692094527522,0.0210917056739952,False,False,Historical VaR
2026-05-18,Long-only Global Minimum Variance Portfolio,0.0018064071752983,0.0194147598577551,0.0265166885367863,False,False,EWMA-t
2026-05-18,Long-only Global Minimum Variance Portfolio,0.0018064071752983,0.0161233507291077,0.0234709673030018,False,False,GARCH-t
2026-05-19,Long-only Global Minimum Variance Portfolio,-0.0045406623675094,0.014692094527522,0.0210917056739952,False,False,Historical VaR
2026-05-19,Long-only Global Minimum Variance Portfolio,-0.0045406623675094,0.0188366710935753,0.0257271346191133,False,False,EWMA-t
2026-05-19,Long-only Global Minimum Variance Portfolio,-0.0045406623675094,0.0152733466319895,0.0222701744800748,False,False,GARCH-t
2025-01-02,Long-only Tangency Portfolio,0.0068027697814729,0.0293571716875828,0.0446198856330223,False,False,Historical VaR
2025-01-02,Long-only Tangency Portfolio,0.0068027697814729,0.0227210801369109,0.0313025685489307,False,False,EWMA-t
2025-01-02,Long-only Tangency Portfolio,0.0068027697814729,0.0240054839124075,0.0355013828253388,False,False,GARCH-t
2025-01-03,Long-only Tangency Portfolio,0.025271275747264,0.0284575039711541,0.044515949807632,False,False,Historical VaR
2025-01-03,Long-only Tangency Portfolio,0.025271275747264,0.0221890042077717,0.0305695337132294,False,False,EWMA-t
2025-01-03,Long-only Tangency Portfolio,0.025271275747264,0.0230840075973731,0.034183196820195,False,False,GARCH-t
2025-01-06,Long-only Tangency Portfolio,0.0227586340281379,0.0284575039711541,0.044515949807632,False,False,Historical VaR
2025-01-06,Long-only Tangency Portfolio,0.0227586340281379,0.0236749996396697,0.0326167723827862,False,False,EWMA-t
2025-01-06,Long-only Tangency Portfolio,0.0227586340281379,0.0246411493677947,0.036410712011096,False,False,GARCH-t
2025-01-07,Long-only Tangency Portfolio,-0.0406540811147421,0.0284575039711541,0.044515949807632,True,False,Historical VaR
2025-01-07,Long-only Tangency Portfolio,-0.0406540811147421,0.0246192791030537,0.033917695246216,True,True,EWMA-t
2025-01-07,Long-only Tangency Portfolio,-0.0406540811147421,0.0254533251624254,0.0375725419450088,True,True,GARCH-t
2025-01-08,Long-only Tangency Portfolio,0.0008549756410245,0.0296982232991128,0.045431713961916,False,False,Historical VaR
2025-01-08,Long-only Tangency Portfolio,0.0008549756410245,0.0286804907499522,0.0395127794236727,False,False,EWMA-t
2025-01-08,Long-only Tangency Portfolio,0.0008549756410245,0.0320348309479376,0.0469874869389132,False,False,GARCH-t
2025-01-10,Long-only Tangency Portfolio,-0.0270728879236648,0.0296982232991128,0.045431713961916,False,False,Historical VaR
2025-01-10,Long-only Tangency Portfolio,-0.0270728879236648,0.0278087780747576,0.038311830982585,False,False,EWMA-t
2025-01-10,Long-only Tangency Portfolio,-0.0270728879236648,0.0303486012906634,0.0445753095455158,False,False,GARCH-t
2025-01-13,Long-only Tangency Portfolio,-0.0155063285206637,0.0296982232991128,0.045431713961916,False,False,Historical VaR
2025-01-13,Long-only Tangency Portfolio,-0.0155063285206637,0.0289663475750451,0.0399066010557751,False,False,EWMA-t
2025-01-13,Long-only Tangency Portfolio,-0.0155063285206637,0.0321753851364643,0.0471885518618607,False,False,GARCH-t
2025-01-14,Long-only Tangency Portfolio,-0.008333989740151,0.0296982232991128,0.045431713961916,False,False,Historical VaR
2025-01-14,Long-only Tangency Portfolio,-0.008333989740151,0.0287313124924194,0.0395827959487572,False,False,EWMA-t
2025-01-14,Long-only Tangency Portfolio,-0.008333989740151,0.0317082705377093,0.0465203372622763,False,False,GARCH-t
2025-01-15,Long-only Tangency Portfolio,0.0281393123520368,0.0296982232991128,0.045431713961916,False,False,Historical VaR
2025-01-15,Long-only Tangency Portfolio,0.0281393123520368,0.0280461026832368,0.0386387903428136,False,False,EWMA-t
2025-01-15,Long-only Tangency Portfolio,0.0281393123520368,0.0305037858665059,0.0447973034619651,False,False,GARCH-t
2025-01-16,Long-only Tangency Portfolio,-0.0270677251786361,0.0296982232991128,0.045431713961916,False,False,Historical VaR
2025-01-16,Long-only Tangency Portfolio,-0.0270677251786361,0.0293345654479042,0.040413890548029,False,False,EWMA-t
2025-01-16,Long-only Tangency Portfolio,-0.0270677251786361,0.0314272897587041,0.046118389947347,False,False,GARCH-t
2025-01-17,Long-only Tangency Portfolio,0.0211415557669989,0.0296982232991128,0.045431713961916,False,False,Historical VaR
2025-01-17,Long-only Tangency Portfolio,0.0211415557669989,0.030347385554038,0.0418092410599303,False,False,EWMA-t
2025-01-17,Long-only Tangency Portfolio,0.0211415557669989,0.0330700039056169,0.0484683177355954,False,False,GARCH-t
2025-01-21,Long-only Tangency Portfolio,0.0006304938544032,0.0296982232991128,0.045431713961916,False,False,Historical VaR
2025-01-21,Long-only Tangency Portfolio,0.0006304938544032,0.0305627222896619,0.042105907982777,False,False,EWMA-t
2025-01-21,Long-only Tangency Portfolio,0.0006304938544032,0.0325329316046307,0.0477000275697392,False,False,GARCH-t
2025-01-22,Long-only Tangency Portfolio,0.029110872669927,0.0296982232991128,0.045431713961916,False,False,Historical VaR
2025-01-22,Long-only Tangency Portfolio,0.029110872669927,0.0296326847361945,0.0408246060334389,False,False,EWMA-t
2025-01-22,Long-only Tangency Portfolio,0.029110872669927,0.0308092090173613,0.0452342159647997,False,False,GARCH-t
2025-01-23,Long-only Tangency Portfolio,0.0003355976961309,0.0296982232991128,0.045431713961916,False,False,Historical VaR
2025-01-23,Long-only Tangency Portfolio,0.0003355976961309,0.0309038321832265,0.0425758511263989,False,False,EWMA-t
2025-01-23,Long-only Tangency Portfolio,0.0003355976961309,0.0318722741358255,0.0467549469253819,False,False,GARCH-t
2025-01-24,Long-only Tangency Portfolio,-0.0197208027028083,0.0296982232991128,0.045431713961916,False,False,Historical VaR
2025-01-24,Long-only Tangency Portfolio,-0.0197208027028083,0.0299626644642319,0.0412792152771194,False,False,EWMA-t
2025-01-24,Long-only Tangency Portfolio,-0.0197208027028083,0.03020782775717,0.0443739308462285,False,False,GARCH-t
2025-01-27,Long-only Tangency Portfolio,-0.0861118236833533,0.0296982232991128,0.045431713961916,True,True,Historical VaR
2025-01-27,Long-only Tangency Portfolio,-0.0861118236833533,0.0300564244854949,0.0414083873708337,True,True,EWMA-t
2025-01-27,Long-only Tangency Portfolio,-0.0861118236833533,0.0306298571143567,0.044977650316091,True,True,GARCH-t
2025-01-28,Long-only Tangency Portfolio,0.0665885808877429,0.0318913435975062,0.0496819922983901,False,False,Historical VaR
2025-01-28,Long-only Tangency Portfolio,0.0665885808877429,0.0445367718446468,0.0613577939611405,False,False,EWMA-t
2025-01-28,Long-only Tangency Portfolio,0.0665885808877429,0.0521450040543575,0.0757553980804069,False,False,GARCH-t
2025-01-29,Long-only Tangency Portfolio,-0.0222139450809545,0.0318913435975062,0.0496819922983901,False,False,Historical VaR
2025-01-29,Long-only Tangency Portfolio,-0.0222139450809545,0.0504262293871051,0.0694716313019687,False,False,EWMA-t
2025-01-29,Long-only Tangency Portfolio,-0.0222139450809545,0.0581253601140814,0.0843103891692557,False,False,GARCH-t
2025-01-30,Long-only Tangency Portfolio,-0.000767538409872,0.0318913435975062,0.0496819922983901,False,False,Historical VaR
2025-01-30,Long-only Tangency Portfolio,-0.000767538409872,0.0496560440246974,0.0684105558620302,False,False,EWMA-t
2025-01-30,Long-only Tangency Portfolio,-0.000767538409872,0.055831900003561,0.0810295592968889,False,False,GARCH-t
2025-01-31,Long-only Tangency Portfolio,-0.0237215393629506,0.0318913435975062,0.0496819922983901,False,False,Historical VaR
2025-01-31,Long-only Tangency Portfolio,-0.0237215393629506,0.0481442568216615,0.0663277841685511,False,False,EWMA-t
2025-01-31,Long-only Tangency Portfolio,-0.0237215393629506,0.0523690968942029,0.0760759663256429,False,False,GARCH-t
2025-02-03,Long-only Tangency Portfolio,-0.0298199772505309,0.0318913435975062,0.0496819922983901,False,False,Historical VaR
2025-02-03,Long-only Tangency Portfolio,-0.0298199772505309,0.0475907283778251,0.0655651944521923,False,False,EWMA-t
2025-02-03,Long-only Tangency Portfolio,-0.0298199772505309,0.0512699334108545,0.074536057289375,False,False,GARCH-t
2025-02-04,Long-only Tangency Portfolio,0.0180788770596188,0.0318913435975062,0.0496819922983901,False,False,Historical VaR
2025-02-04,Long-only Tangency Portfolio,0.0180788770596188,0.0475921618844655,0.0655671693776628,False,False,EWMA-t
2025-02-04,Long-only Tangency Portfolio,0.0180788770596188,0.0506803582563633,0.0736922870460796,False,False,GARCH-t
2025-02-05,Long-only Tangency Portfolio,0.0294982471787556,0.0318913435975062,0.0496819922983901,False,False,Historical VaR
2025-02-05,Long-only Tangency Portfolio,0.0294982471787556,0.0466809586262136,0.0643118152183724,False,False,EWMA-t
2025-02-05,Long-only Tangency Portfolio,0.0294982471787556,0.0480736950676103,0.0699617620804182,False,False,GARCH-t
2025-02-06,Long-only Tangency Portfolio,0.0192214454623224,0.0318913435975062,0.0496819922983901,False,False,Historical VaR
2025-02-06,Long-only Tangency Portfolio,0.0192214454623224,0.0467062613857598,0.064346674536697,False,False,EWMA-t
2025-02-06,Long-only Tangency Portfolio,0.0192214454623224,0.0469918097254638,0.0684134223116767,False,False,GARCH-t
2025-02-07,Long-only Tangency Portfolio,-0.0046425962166812,0.0318913435975062,0.0496819922983901,False,False,Historical VaR
2025-02-07,Long-only Tangency Portfolio,-0.0046425962166812,0.0459032099591424,0.0632403199013305,False,False,EWMA-t
2025-02-07,Long-only Tangency Portfolio,-0.0046425962166812,0.0448112819336876,0.0652927608466137,False,False,GARCH-t
2025-02-10,Long-only Tangency Portfolio,0.0172122951255414,0.0318913435975062,0.0496819922983901,False,False,Historical VaR
2025-02-10,Long-only Tangency Portfolio,0.0172122951255414,0.0445418405071754,0.0613647769987116,False,False,EWMA-t
2025-02-10,Long-only Tangency Portfolio,0.0172122951255414,0.0421920670388448,0.0615442725118711,False,False,GARCH-t
2025-02-11,Long-only Tangency Portfolio,0.0050650305203216,0.0318913435975062,0.0496819922983901,False,False,Historical VaR
2025-02-11,Long-only Tangency Portfolio,0.0050650305203216,0.0437064929755347,0.0602139283940766,False,False,EWMA-t
2025-02-11,Long-only Tangency Portfolio,0.0050650305203216,0.0402707504235401,0.0587945810169131,False,False,GARCH-t
2025-02-12,Long-only Tangency Portfolio,-0.000336619485141,0.0318913435975062,0.0496819922983901,False,False,Historical VaR
2025-02-12,Long-only Tangency Portfolio,-0.000336619485141,0.0424212982974069,0.0584433305937784,False,False,EWMA-t
2025-02-12,Long-only Tangency Portfolio,-0.000336619485141,0.0378670274544177,0.05535449386429,False,False,GARCH-t
2025-02-13,Long-only Tangency Portfolio,0.0259589380370172,0.0318913435975062,0.0496819922983901,False,False,Historical VaR
2025-02-13,Long-only Tangency Portfolio,0.0259589380370172,0.0411291853816633,0.0566632016177656,False,False,EWMA-t
2025-02-13,Long-only Tangency Portfolio,0.0259589380370172,0.0356690438443403,0.0522088505119429,False,False,GARCH-t
2025-02-14,Long-only Tangency Portfolio,0.0198653842924046,0.0318913435975062,0.0496819922983901,False,False,Historical VaR
2025-02-14,Long-only Tangency Portfolio,0.0198653842924046,0.0411484779809167,0.0566897808079703,False,False,EWMA-t
2025-02-14,Long-only Tangency Portfolio,0.0198653842924046,0.0355349029647088,0.0520168748464484,False,False,GARCH-t
2025-02-18,Long-only Tangency Portfolio,0.0021842469162434,0.0318913435975062,0.0496819922983901,False,False,Historical VaR
2025-02-18,Long-only Tangency Portfolio,0.0021842469162434,0.0406444831210489,0.0559954329356749,False,False,EWMA-t
2025-02-18,Long-only Tangency Portfolio,0.0021842469162434,0.0345551309119751,0.0506146744704463,False,False,GARCH-t
2025-02-19,Long-only Tangency Portfolio,0.0004025322611843,0.0318913435975062,0.0496819922983901,False,False,Historical VaR
2025-02-19,Long-only Tangency Portfolio,0.0004025322611843,0.0394155476416459,0.0543023427808748,False,False,EWMA-t
2025-02-19,Long-only Tangency Portfolio,0.0004025322611843,0.0325977256801483,0.0478133347665855,False,False,GARCH-t
2025-02-20,Long-only Tangency Portfolio,0.0053525832870032,0.0318913435975062,0.0496819922983901,False,False,Historical VaR
2025-02-20,Long-only Tangency Portfolio,0.0053525832870032,0.0382151155804763,0.0526485214547464,False,False,EWMA-t
2025-02-20,Long-only Tangency Portfolio,0.0053525832870032,0.0308242602503165,0.0452752404357678,False,False,GARCH-t
2025-02-21,Long-only Tangency Portfolio,-0.024477235928623,0.0318913435975062,0.0496819922983901,False,False,Historical VaR
2025-02-21,Long-only Tangency Portfolio,-0.024477235928623,0.0371100266578808,0.0511260532646882,False,False,EWMA-t
2025-02-21,Long-only Tangency Portfolio,-0.024477235928623,0.0292112731582416,0.0429668146129619,False,False,GARCH-t
2025-02-24,Long-only Tangency Portfolio,-0.015702608254251,0.0318913435975062,0.0496819922983901,False,False,Historical VaR
2025-02-24,Long-only Tangency Portfolio,-0.015702608254251,0.0372313957561167,0.0512932620634936,False,False,EWMA-t
2025-02-24,Long-only Tangency Portfolio,-0.015702608254251,0.030760755560596,0.0451843557248236,False,False,GARCH-t
2025-02-25,Long-only Tangency Portfolio,-0.0167783899862755,0.0318913435975062,0.0496819922983901,False,False,Historical VaR
2025-02-25,Long-only Tangency Portfolio,-0.0167783899862755,0.0366159155621242,0.0504453221395609,False,False,EWMA-t
2025-02-25,Long-only Tangency Portfolio,-0.0167783899862755,0.0304976667118046,0.0448078362255502,False,False,GARCH-t
2025-02-26,Long-only Tangency Portfolio,0.0108283985042833,0.0318913435975062,0.0496819922983901,False,False,Historical VaR
2025-02-26,Long-only Tangency Portfolio,0.0108283985042833,0.036101884875024,0.049737148024499,False,False,EWMA-t
2025-02-26,Long-only Tangency Portfolio,0.0108283985042833,0.0304300873039754,0.0447111199834369,False,False,GARCH-t
2025-02-27,Long-only Tangency Portfolio,-0.0543769689380387,0.0318913435975062,0.0496819922983901,True,True,Historical VaR
2025-02-27,Long-only Tangency Portfolio,-0.0543769689380387,0.0352573702070012,0.0485736699624057,True,True,EWMA-t
2025-02-27,Long-only Tangency Portfolio,-0.0543769689380387,0.0290979139128069,0.0428045805748217,True,True,GARCH-t
2025-02-28,Long-only Tangency Portfolio,0.0306721779569409,0.0346552176791254,0.0513145231265381,False,False,Historical VaR
2025-02-28,Long-only Tangency Portfolio,0.0306721779569409,0.040259392224784,0.0554648976747953,False,False,EWMA-t
2025-02-28,Long-only Tangency Portfolio,0.0306721779569409,0.0394679345015922,0.0576456313357348,False,False,GARCH-t
2025-03-03,Long-only Tangency Portfolio,-0.0569149592203531,0.0346552176791254,0.0513145231265381,True,True,Historical VaR
2025-03-03,Long-only Tangency Portfolio,-0.0569149592203531,0.0408348461259994,0.0562576938394584,True,True,EWMA-t
2025-03-03,Long-only Tangency Portfolio,-0.0569149592203531,0.0396253393587705,0.0578709012332626,True,False,GARCH-t
2025-03-04,Long-only Tangency Portfolio,0.0063299886191084,0.0369059854197728,0.0528856772230674,False,False,Historical VaR
2025-03-04,Long-only Tangency Portfolio,0.0063299886191084,0.0454198819533174,0.0625744445141222,False,False,EWMA-t
2025-03-04,Long-only Tangency Portfolio,0.0063299886191084,0.0477312786055582,0.0694787060818174,False,False,GARCH-t
2025-03-05,Long-only Tangency Portfolio,0.0073853620460125,0.0369059854197728,0.0528856772230674,False,False,Historical VaR
2025-03-05,Long-only Tangency Portfolio,0.0073853620460125,0.0441057502790099,0.0607639805498451,False,False,EWMA-t
2025-03-05,Long-only Tangency Portfolio,0.0073853620460125,0.0447356082342295,0.0651909372785947,False,False,GARCH-t
2025-03-06,Long-only Tangency Portfolio,-0.0340657251449614,0.0369059854197728,0.0528856772230674,False,False,Historical VaR
2025-03-06,Long-only Tangency Portfolio,-0.0340657251449614,0.0428595603707839,0.0590471191686002,False,False,EWMA-t
2025-03-06,Long-only Tangency Portfolio,-0.0340657251449614,0.0420017552639948,0.0612779134724506,False,False,GARCH-t
2025-03-07,Long-only Tangency Portfolio,0.0168437721387328,0.0369059854197728,0.0528856772230674,False,False,Historical VaR
2025-03-07,Long-only Tangency Portfolio,0.0168437721387328,0.0436376845438419,0.0601191318158845,False,False,EWMA-t
2025-03-07,Long-only Tangency Portfolio,0.0168437721387328,0.0434906253999038,0.0634089660014272,False,False,GARCH-t
2025-03-10,Long-only Tangency Portfolio,-0.0491742751036375,0.0369059854197728,0.0528856772230674,True,False,Historical VaR
2025-03-10,Long-only Tangency Portfolio,-0.0491742751036375,0.0428181419237248,0.0589900574545247,True,False,EWMA-t
2025-03-10,Long-only Tangency Portfolio,-0.0491742751036375,0.0413979913555648,0.0604137329284711,True,False,GARCH-t
2025-03-11,Long-only Tangency Portfolio,-0.0017006406159358,0.0385157061388337,0.0537902779338151,False,False,Historical VaR
2025-03-11,Long-only Tangency Portfolio,-0.0017006406159358,0.0457525645297579,0.0630327774406958,False,False,EWMA-t
2025-03-11,Long-only Tangency Portfolio,-0.0017006406159358,0.0467318029336329,0.0680481345988273,False,False,GARCH-t
2025-03-12,Long-only Tangency Portfolio,0.030487200224077,0.0385157061388337,0.0537902779338151,False,False,Historical VaR
2025-03-12,Long-only Tangency Portfolio,0.030487200224077,0.044363743744755,0.0611194151549782,False,False,EWMA-t
2025-03-12,Long-only Tangency Portfolio,0.030487200224077,0.0438315564349448,0.0638969480805272,False,False,GARCH-t
2025-03-13,Long-only Tangency Portfolio,-0.0142618818007957,0.0385157061388337,0.0537902779338151,False,False,Historical VaR
2025-03-13,Long-only Tangency Portfolio,-0.0142618818007957,0.044634490667406,0.0614924200497555,False,False,EWMA-t
2025-03-13,Long-only Tangency Portfolio,-0.0142618818007957,0.0433914035839402,0.0632669476368035,False,False,GARCH-t
2025-03-14,Long-only Tangency Portfolio,0.038317290876921,0.0385157061388337,0.0537902779338151,False,False,Historical VaR
2025-03-14,Long-only Tangency Portfolio,0.038317290876921,0.0436327694085024,0.060112360290941,False,False,EWMA-t
2025-03-14,Long-only Tangency Portfolio,0.038317290876921,0.0415701751322998,0.0606601833501769,False,False,GARCH-t
2025-03-17,Long-only Tangency Portfolio,-0.0091796566781395,0.0385157061388337,0.0537902779338151,False,False,Historical VaR
2025-03-17,Long-only Tangency Portfolio,-0.0091796566781395,0.0448797048913496,0.061830248841693,False,False,EWMA-t
2025-03-17,Long-only Tangency Portfolio,-0.0091796566781395,0.0428913022426005,0.0625511416020777,False,False,GARCH-t
2025-03-18,Long-only Tangency Portfolio,-0.0226029034234326,0.0385157061388337,0.0537902779338151,False,False,Historical VaR
2025-03-18,Long-only Tangency Portfolio,-0.0226029034234326,0.0436603612583399,0.0601503732624074,False,False,EWMA-t
2025-03-18,Long-only Tangency Portfolio,-0.0226029034234326,0.0406716155769411,0.0593740553214793,False,False,GARCH-t
2025-03-19,Long-only Tangency Portfolio,0.0154788743747442,0.0385157061388337,0.0537902779338151,False,False,Historical VaR
2025-03-19,Long-only Tangency Portfolio,0.0154788743747442,0.0432435719370026,0.0595761674489949,False,False,EWMA-t
2025-03-19,Long-only Tangency Portfolio,0.0154788743747442,0.0402261085644562,0.0587363913488232,False,False,GARCH-t
2025-03-20,Long-only Tangency Portfolio,0.0027984718217685,0.0385157061388337,0.0537902779338151,False,False,Historical VaR
2025-03-20,Long-only Tangency Portfolio,0.0027984718217685,0.0423610431368083,0.058360317757958,False,False,EWMA-t
2025-03-20,Long-only Tangency Portfolio,0.0027984718217685,0.0383190843229117,0.0560068256635782,False,False,GARCH-t
2025-03-21,Long-only Tangency Portfolio,0.0039417080189166,0.0385157061388337,0.0537902779338151,False,False,Historical VaR
2025-03-21,Long-only Tangency Portfolio,0.0039417080189166,0.0410851372551654,0.0566025170248306,False,False,EWMA-t
2025-03-21,Long-only Tangency Portfolio,0.0039417080189166,0.036032428691008,0.0527338852306022,False,False,GARCH-t
2025-03-24,Long-only Tangency Portfolio,0.0226711174654657,0.0385157061388337,0.0537902779338151,False,False,Historical VaR
2025-03-24,Long-only Tangency Portfolio,0.0226711174654657,0.0398633410189784,0.0549192625225967,False,False,EWMA-t
2025-03-24,Long-only Tangency Portfolio,0.0226711174654657,0.0339398093079905,0.0497386731427176,False,False,GARCH-t
2025-03-25,Long-only Tangency Portfolio,0.0020843560892606,0.0385157061388337,0.0537902779338151,False,False,Historical VaR
2025-03-25,Long-only Tangency Portfolio,0.0020843560892606,0.0396530733982456,0.0546295792605359,False,False,EWMA-t
2025-03-25,Long-only Tangency Portfolio,0.0020843560892606,0.0335157787604178,0.0491317489060269,False,False,GARCH-t
2025-03-26,Long-only Tangency Portfolio,-0.0373664349982828,0.0385157061388337,0.0537902779338151,False,False,Historical VaR
2025-03-26,Long-only Tangency Portfolio,-0.0373664349982828,0.0384537235799416,0.0529772489278498,False,False,EWMA-t
2025-03-26,Long-only Tangency Portfolio,-0.0373664349982828,0.0316306266993665,0.0464334893531504,True,False,GARCH-t
2025-03-27,Long-only Tangency Portfolio,-0.0076690885345953,0.0385157061388337,0.0537902779338151,False,False,Historical VaR
2025-03-27,Long-only Tangency Portfolio,-0.0076690885345953,0.0400444418937665,0.0551687630970927,False,False,EWMA-t
2025-03-27,Long-only Tangency Portfolio,-0.0076690885345953,0.035904595687412,0.0525509150446675,False,False,GARCH-t
2025-03-28,Long-only Tangency Portfolio,-0.0205102697151678,0.0385157061388337,0.0537902779338151,False,False,Historical VaR
2025-03-28,Long-only Tangency Portfolio,-0.0205102697151678,0.0389402238209993,0.0536474946667414,False,False,EWMA-t
2025-03-28,Long-only Tangency Portfolio,-0.0205102697151678,0.034205944223392,0.0501195978928598,False,False,GARCH-t
2025-03-31,Long-only Tangency Portfolio,0.0004108759450999,0.0385157061388337,0.0537902779338151,False,False,Historical VaR
2025-03-31,Long-only Tangency Portfolio,0.0004108759450999,0.0385967907263576,0.0531743508759438,False,False,EWMA-t
2025-03-31,Long-only Tangency Portfolio,0.0004108759450999,0.0342532464445934,0.0501873026010719,False,False,GARCH-t
2025-04-01,Long-only Tangency Portfolio,0.0119231600876625,0.0385157061388337,0.0537902779338151,False,False,Historical VaR
2025-04-01,Long-only Tangency Portfolio,0.0119231600876625,0.037421322050532,0.0515549213162384,False,False,EWMA-t
2025-04-01,Long-only Tangency Portfolio,0.0119231600876625,0.0323492910643437,0.0474191425734333,False,False,GARCH-t
2025-04-02,Long-only Tangency Portfolio,0.0026194116780265,0.0385157061388337,0.0537902779338151,False,False,Historical VaR
2025-04-02,Long-only Tangency Portfolio,0.0026194116780265,0.0365797902154817,0.0503955526685316,False,False,EWMA-t
2025-04-02,Long-only Tangency Portfolio,0.0026194116780265,0.0309255668762151,0.0453825595229054,False,False,GARCH-t
2025-04-03,Long-only Tangency Portfolio,-0.0815913634300612,0.0385157061388337,0.0537902779338151,True,True,Historical VaR
2025-04-03,Long-only Tangency Portfolio,-0.0815913634300612,0.0354802168989358,0.0488806832649489,True,True,EWMA-t
2025-04-03,Long-only Tangency Portfolio,-0.0815913634300612,0.0292883194086476,0.043040539579878,True,True,GARCH-t
2025-04-04,Long-only Tangency Portfolio,-0.0718808830679565,0.040218253062797,0.0570002546226781,True,True,Historical VaR
2025-04-04,Long-only Tangency Portfolio,-0.0718808830679565,0.046922115889447,0.0646440547825987,True,True,EWMA-t
2025-04-04,Long-only Tangency Portfolio,-0.0718808830679565,0.0500995821283785,0.0728102557008063,True,False,GARCH-t
2025-04-07,Long-only Tangency Portfolio,0.0058833290064185,0.0412346109110291,0.0594023163113869,False,False,Historical VaR
2025-04-07,Long-only Tangency Portfolio,0.0058833290064185,0.0534787668575616,0.0736770767667693,False,False,EWMA-t
2025-04-07,Long-only Tangency Portfolio,0.0058833290064185,0.0598866795149985,0.0868103245467644,False,False,GARCH-t
2025-04-08,Long-only Tangency Portfolio,-0.0275288767075517,0.0412346109110291,0.0594023163113869,False,False,Historical VaR
2025-04-08,Long-only Tangency Portfolio,-0.0275288767075517,0.0519006239238976,0.0715028875529046,False,False,EWMA-t
2025-04-08,Long-only Tangency Portfolio,-0.0275288767075517,0.0560123591954559,0.0812682573676799,False,False,GARCH-t
2025-04-09,Long-only Tangency Portfolio,0.1708602209217989,0.0412346109110291,0.0594023163113869,False,False,Historical VaR
2025-04-09,Long-only Tangency Portfolio,0.1708602209217989,0.0514585642139991,0.0708938670182981,False,False,EWMA-t
2025-04-09,Long-only Tangency Portfolio,0.1708602209217989,0.0545236490386518,0.0791387143720796,False,False,GARCH-t
2025-04-10,Long-only Tangency Portfolio,-0.0513064166620454,0.0412346109110291,0.0594023163113869,True,False,Historical VaR
2025-04-10,Long-only Tangency Portfolio,-0.0513064166620454,0.0833960618675338,0.1148937870730231,False,False,EWMA-t
2025-04-10,Long-only Tangency Portfolio,-0.0513064166620454,0.0987289777992064,0.1423727480756833,False,False,GARCH-t
2025-04-11,Long-only Tangency Portfolio,0.0343847862059558,0.0433148070730025,0.0601224908754894,False,False,Historical VaR
2025-04-11,Long-only Tangency Portfolio,0.0343847862059558,0.0833083993316183,0.1147730154141437,False,False,EWMA-t
2025-04-11,Long-only Tangency Portfolio,0.0343847862059558,0.0960007305039001,0.1384700945662471,False,False,GARCH-t
2025-04-14,Long-only Tangency Portfolio,0.0073355385396632,0.0433148070730025,0.0601224908754894,False,False,Historical VaR
2025-04-14,Long-only Tangency Portfolio,0.0073355385396632,0.0818824467128251,0.112808497031728,False,False,EWMA-t
2025-04-14,Long-only Tangency Portfolio,0.0073355385396632,0.0909422435237265,0.1312341222262117,False,False,GARCH-t
2025-04-15,Long-only Tangency Portfolio,0.0068142270555411,0.0433148070730025,0.0601224908754894,False,False,Historical VaR
2025-04-15,Long-only Tangency Portfolio,0.0068142270555411,0.0794398043594748,0.1094432969952184,False,False,EWMA-t
2025-04-15,Long-only Tangency Portfolio,0.0068142270555411,0.0848550010532949,0.1225265544661739,False,False,GARCH-t
2025-04-16,Long-only Tangency Portfolio,-0.0559791255860358,0.0433148070730025,0.0601224908754894,True,False,Historical VaR
2025-04-16,Long-only Tangency Portfolio,-0.0559791255860358,0.0770658465585191,0.1061727228698288,False,False,EWMA-t
2025-04-16,Long-only Tangency Portfolio,-0.0559791255860358,0.0791918961518894,0.1144256992923049,False,False,GARCH-t
2025-04-17,Long-only Tangency Portfolio,-0.0115029992173143,0.0465246431453149,0.0609678037766015,False,False,Historical VaR
2025-04-17,Long-only Tangency Portfolio,-0.0115029992173143,0.0778599025321767,0.1072666845739965,False,False,EWMA-t
2025-04-17,Long-only Tangency Portfolio,-0.0115029992173143,0.0795650686618809,0.1149595083089028,False,False,GARCH-t
2025-04-21,Long-only Tangency Portfolio,-0.0343530875456545,0.0465246431453149,0.0609678037766015,False,False,Historical VaR
2025-04-21,Long-only Tangency Portfolio,-0.0343530875456545,0.0756219273866909,0.1041834521757018,False,False,EWMA-t
2025-04-21,Long-only Tangency Portfolio,-0.0343530875456545,0.0745895362163182,0.1078421992609305,False,False,GARCH-t
2025-04-22,Long-only Tangency Portfolio,0.0257475585553862,0.0465246431453149,0.0609678037766015,False,False,Historical VaR
2025-04-22,Long-only Tangency Portfolio,0.0257475585553862,0.0745391513067488,0.102691724130147,False,False,EWMA-t
2025-04-22,Long-only Tangency Portfolio,0.0257475585553862,0.0720650568255082,0.1042310279528918,False,False,GARCH-t
2025-04-23,Long-only Tangency Portfolio,0.0324174587746053,0.0465246431453149,0.0609678037766015,False,False,Historical VaR
2025-04-23,Long-only Tangency Portfolio,0.0324174587746053,0.0729666496367121,0.1005253068197451,False,False,EWMA-t
2025-04-23,Long-only Tangency Portfolio,0.0324174587746053,0.0682741845466838,0.0988083300074998,False,False,GARCH-t
2025-04-24,Long-only Tangency Portfolio,0.0292647106859897,0.0433148070730025,0.0596009054864254,False,False,Historical VaR
2025-04-24,Long-only Tangency Portfolio,0.0292647106859897,0.071871016234138,0.0990158653899401,False,False,EWMA-t
2025-04-24,Long-only Tangency Portfolio,0.0292647106859897,0.065487316550138,0.094821821824841,False,False,GARCH-t
2025-04-25,Long-only Tangency Portfolio,0.0268877860729675,0.0433148070730025,0.0596009054864254,False,False,Historical VaR
2025-04-25,Long-only Tangency Portfolio,0.0268877860729675,0.0706153436522259,0.0972859398391534,False,False,EWMA-t
2025-04-25,Long-only Tangency Portfolio,0.0268877860729675,0.0626149005666649,0.0907129405156766,False,False,GARCH-t
2025-04-28,Long-only Tangency Portfolio,-0.0102904265933068,0.0433148070730025,0.0596009054864254,False,False,Historical VaR
2025-04-28,Long-only Tangency Portfolio,-0.0102904265933068,0.0692670777438929,0.095428449536603,False,False,EWMA-t
2025-04-28,Long-only Tangency Portfolio,-0.0102904265933068,0.0597597575409523,0.0866287675125879,False,False,GARCH-t
2025-04-29,Long-only Tangency Portfolio,0.003782360667989,0.0433148070730025,0.0596009054864254,False,False,Historical VaR
2025-04-29,Long-only Tangency Portfolio,0.003782360667989,0.0672774198112664,0.0926873208820816,False,False,EWMA-t
2025-04-29,Long-only Tangency Portfolio,0.003782360667989,0.0562449817471718,0.0816010150393873,False,False,GARCH-t
2025-04-30,Long-only Tangency Portfolio,0.0019532128732409,0.0433148070730025,0.0596009054864254,False,False,Historical VaR
2025-04-30,Long-only Tangency Portfolio,0.0019532128732409,0.0652446520863633,0.0898868003667975,False,False,EWMA-t
2025-04-30,Long-only Tangency Portfolio,0.0019532128732409,0.052475807844866,0.0767375291805633,False,False,GARCH-t
2025-05-01,Long-only Tangency Portfolio,0.0185668034894783,0.0433148070730025,0.0596009054864254,False,False,Historical VaR
2025-05-01,Long-only Tangency Portfolio,0.0185668034894783,0.0632616499131447,0.087154841274808,False,False,EWMA-t
2025-05-01,Long-only Tangency Portfolio,0.0185668034894783,0.0490799853355079,0.0718476225207231,False,False,GARCH-t
2025-05-02,Long-only Tangency Portfolio,0.0013036844334883,0.0433148070730025,0.0596009054864254,False,False,Historical VaR
2025-05-02,Long-only Tangency Portfolio,0.0013036844334883,0.0617628388229253,0.0850899466214384,False,False,EWMA-t
2025-05-02,Long-only Tangency Portfolio,0.0013036844334883,0.0466315691976125,0.0683219593431686,False,False,GARCH-t
2025-05-05,Long-only Tangency Portfolio,-0.0155189543841927,0.0433148070730025,0.0596009054864254,False,False,Historical VaR
2025-05-05,Long-only Tangency Portfolio,-0.0155189543841927,0.0598834648061454,0.0825007548385283,False,False,EWMA-t
2025-05-05,Long-only Tangency Portfolio,-0.0155189543841927,0.0436906525220079,0.0640871066680234,False,False,GARCH-t
2025-05-06,Long-only Tangency Portfolio,-0.0024012598565005,0.0433148070730025,0.0596009054864254,False,False,Historical VaR
2025-05-06,Long-only Tangency Portfolio,-0.0024012598565005,0.0583755899501828,0.0804233731402304,False,False,EWMA-t
2025-05-06,Long-only Tangency Portfolio,-0.0024012598565005,0.0419740901957711,0.0616152962221111,False,False,GARCH-t
2025-05-07,Long-only Tangency Portfolio,0.013430271692229,0.0433148070730025,0.0596009054864254,False,False,Historical VaR
2025-05-07,Long-only Tangency Portfolio,0.013430271692229,0.0566050261600074,0.077984087944357,False,False,EWMA-t
2025-05-07,Long-only Tangency Portfolio,0.013430271692229,0.0394772531934425,0.0580199081084579,False,False,GARCH-t
2025-05-08,Long-only Tangency Portfolio,0.0043876540551875,0.0433148070730025,0.0596009054864254,False,False,Historical VaR
2025-05-08,Long-only Tangency Portfolio,0.0043876540551875,0.0551314200418611,0.0759539178886446,False,False,EWMA-t
2025-05-08,Long-only Tangency Portfolio,0.0043876540551875,0.0374868949667356,0.055153837834932,False,False,GARCH-t
2025-05-09,Long-only Tangency Portfolio,-0.0014421482455389,0.0433148070730025,0.0596009054864254,False,False,Historical VaR
2025-05-09,Long-only Tangency Portfolio,-0.0014421482455389,0.0534794357158134,0.0736779982450243,False,False,EWMA-t
2025-05-09,Long-only Tangency Portfolio,-0.0014421482455389,0.0352838917194911,0.0519815636007329,False,False,GARCH-t
2025-05-12,Long-only Tangency Portfolio,0.0566647570023063,0.0433148070730025,0.0596009054864254,False,False,Historical VaR
2025-05-12,Long-only Tangency Portfolio,0.0566647570023063,0.0518533045766907,0.0714376962371436,False,False,EWMA-t
2025-05-12,Long-only Tangency Portfolio,0.0566647570023063,0.0333168250921236,0.0491490326969514,False,False,GARCH-t
2025-05-13,Long-only Tangency Portfolio,0.0363316470552197,0.0433148070730025,0.0596009054864254,False,False,Historical VaR
2025-05-13,Long-only Tangency Portfolio,0.0363316470552197,0.0549419892874821,0.0756929413356598,False,False,EWMA-t
2025-05-13,Long-only Tangency Portfolio,0.0363316470552197,0.0413926947022938,0.0607781000236286,False,False,GARCH-t
2025-05-14,Long-only Tangency Portfolio,0.0231797629715069,0.0433148070730025,0.0596009054864254,False,False,Historical VaR
2025-05-14,Long-only Tangency Portfolio,0.0231797629715069,0.0551310128923232,0.075953356963449,False,False,EWMA-t
2025-05-14,Long-only Tangency Portfolio,0.0231797629715069,0.0423506647790391,0.0621575549996454,False,False,GARCH-t
2025-05-15,Long-only Tangency Portfolio,-0.0036874659156695,0.0433148070730025,0.0596009054864254,False,False,Historical VaR
2025-05-15,Long-only Tangency Portfolio,-0.0036874659156695,0.0542149050530886,0.0746912458198301,False,False,EWMA-t
2025-05-15,Long-only Tangency Portfolio,-0.0036874659156695,0.0410443539413523,0.0602764973037786,False,False,GARCH-t
2025-05-16,Long-only Tangency Portfolio,0.0021785577618092,0.0433148070730025,0.0596009054864254,False,False,Historical VaR
2025-05-16,Long-only Tangency Portfolio,0.0021785577618092,0.0525830830345119,0.0724431035533377,False,False,EWMA-t
2025-05-16,Long-only Tangency Portfolio,0.0021785577618092,0.0386712455987123,0.0568592756270806,False,False,GARCH-t
2025-05-19,Long-only Tangency Portfolio,-0.0034420893485791,0.0433148070730025,0.0596009054864254,False,False,Historical VaR
2025-05-19,Long-only Tangency Portfolio,-0.0034420893485791,0.050988310576254,0.0702460040363359,False,False,EWMA-t
2025-05-19,Long-only Tangency Portfolio,-0.0034420893485791,0.036361255252481,0.053532942420008,False,False,GARCH-t
2025-05-20,Long-only Tangency Portfolio,-0.0086672332558572,0.0433148070730025,0.0596009054864254,False,False,Historical VaR
2025-05-20,Long-only Tangency Portfolio,-0.0086672332558572,0.0494533292852999,0.0681312781169744,False,False,EWMA-t
2025-05-20,Long-only Tangency Portfolio,-0.0086672332558572,0.0343758064100018,0.0506739415473606,False,False,GARCH-t
2025-05-21,Long-only Tangency Portfolio,-0.0204314703001494,0.0433148070730025,0.0596009054864254,False,False,Historical VaR
2025-05-21,Long-only Tangency Portfolio,-0.0204314703001494,0.0480664686506389,0.0662206163076459,False,False,EWMA-t
2025-05-21,Long-only Tangency Portfolio,-0.0204314703001494,0.032907444397908,0.0485595338708088,False,False,GARCH-t
2025-05-22,Long-only Tangency Portfolio,0.0032872476429497,0.0433148070730025,0.0596009054864254,False,False,Historical VaR
2025-05-22,Long-only Tangency Portfolio,0.0032872476429497,0.0472823481555503,0.065140342597055,False,False,EWMA-t
2025-05-22,Long-only Tangency Portfolio,0.0032872476429497,0.0331249281178462,0.048872705447828,False,False,GARCH-t
2025-05-23,Long-only Tangency Portfolio,-0.0187654564203376,0.0433148070730025,0.0596009054864254,False,False,Historical VaR
2025-05-23,Long-only Tangency Portfolio,-0.0187654564203376,0.0458599635323321,0.0631807398007556,False,False,EWMA-t
2025-05-23,Long-only Tangency Portfolio,-0.0187654564203376,0.0312805494152243,0.0462168423465134,False,False,GARCH-t
2025-05-27,Long-only Tangency Portfolio,0.029118352524241,0.0433148070730025,0.0596009054864254,False,False,Historical VaR
2025-05-27,Long-only Tangency Portfolio,0.029118352524241,0.0450645830950645,0.0620849533984357,False,False,EWMA-t
2025-05-27,Long-only Tangency Portfolio,0.029118352524241,0.0314394848583196,0.0464457057454497,False,False,GARCH-t
2025-05-28,Long-only Tangency Portfolio,-0.0027948292589324,0.0433148070730025,0.0596009054864254,False,False,Historical VaR
2025-05-28,Long-only Tangency Portfolio,-0.0027948292589324,0.0451516431255753,0.062204894992608,False,False,EWMA-t
2025-05-28,Long-only Tangency Portfolio,-0.0027948292589324,0.032499188908256,0.0479716553134743,False,False,GARCH-t
2025-05-29,Long-only Tangency Portfolio,0.0178909610272891,0.0433148070730025,0.0596009054864254,False,False,Historical VaR
2025-05-29,Long-only Tangency Portfolio,0.0178909610272891,0.0437897877799946,0.0603286826799937,False,False,EWMA-t
2025-05-29,Long-only Tangency Portfolio,0.0178909610272891,0.0303594382809203,0.0449132964485048,False,False,GARCH-t
2025-05-30,Long-only Tangency Portfolio,-0.0148994271562833,0.0433148070730025,0.0596009054864254,False,False,Historical VaR
2025-05-30,Long-only Tangency Portfolio,-0.0148994271562833,0.0430285677575134,0.0592799586848775,False,False,EWMA-t
2025-05-30,Long-only Tangency Portfolio,-0.0148994271562833,0.0296921513878729,0.0439520791189872,False,False,GARCH-t
2025-06-02,Long-only Tangency Portfolio,0.0113483927326045,0.0433148070730025,0.0596009054864254,False,False,Historical VaR
2025-06-02,Long-only Tangency Portfolio,0.0113483927326045,0.0421227883272754,0.0580320768705278,False,False,EWMA-t
2025-06-02,Long-only Tangency Portfolio,0.0113483927326045,0.0294447656835135,0.0435957235115524,False,False,GARCH-t
2025-06-03,Long-only Tangency Portfolio,0.0191744269753288,0.0433148070730025,0.0596009054864254,False,False,Historical VaR
2025-06-03,Long-only Tangency Portfolio,0.0191744269753288,0.0410800490610064,0.0565955070787588,False,False,EWMA-t
2025-06-03,Long-only Tangency Portfolio,0.0191744269753288,0.0281985994940634,0.0418006387448071,False,False,GARCH-t
2025-06-04,Long-only Tangency Portfolio,0.002067521279584,0.0433148070730025,0.0596009054864254,False,False,Historical VaR
2025-06-04,Long-only Tangency Portfolio,0.002067521279584,0.04052848827649,0.0558356281838212,False,False,EWMA-t
2025-06-04,Long-only Tangency Portfolio,0.002067521279584,0.0279892511045897,0.0414990753513621,False,False,GARCH-t
2025-06-05,Long-only Tangency Portfolio,-0.0116949485003152,0.0433148070730025,0.0596009054864254,False,False,Historical VaR
2025-06-05,Long-only Tangency Portfolio,-0.0116949485003152,0.0393021471299042,0.0541461122112501,False,False,EWMA-t
2025-06-05,Long-only Tangency Portfolio,-0.0116949485003152,0.0265481073235765,0.0394231281222624,False,False,GARCH-t
2025-06-06,Long-only Tangency Portfolio,0.0136747375416161,0.0433148070730025,0.0596009054864254,False,False,Historical VaR
2025-06-06,Long-only Tangency Portfolio,0.0136747375416161,0.0383784021815873,0.052873479511036,False,False,EWMA-t
2025-06-06,Long-only Tangency Portfolio,0.0136747375416161,0.0262559714737104,0.0390023105632927,False,False,GARCH-t
2025-06-09,Long-only Tangency Portfolio,-0.0008062443412274,0.0433148070730025,0.0596009054864254,False,False,Historical VaR
2025-06-09,Long-only Tangency Portfolio,-0.0008062443412274,0.037591668226083,0.0517896052663456,False,False,EWMA-t
2025-06-09,Long-only Tangency Portfolio,-0.0008062443412274,0.0255852846084027,0.0380361956218326,False,False,GARCH-t
2025-06-10,Long-only Tangency Portfolio,0.0075634480157537,0.0433148070730025,0.0596009054864254,False,False,Historical VaR
2025-06-10,Long-only Tangency Portfolio,0.0075634480157537,0.036447838706802,0.0502137646056096,False,False,EWMA-t
2025-06-10,Long-only Tangency Portfolio,0.0075634480157537,0.0244468148870338,0.0363962460938071,False,False,GARCH-t
2025-06-11,Long-only Tangency Portfolio,-0.0117712180000339,0.0433148070730025,0.0596009054864254,False,False,Historical VaR
2025-06-11,Long-only Tangency Portfolio,-0.0117712180000339,0.0354610946315119,0.0488543387389299,False,False,EWMA-t
2025-06-11,Long-only Tangency Portfolio,-0.0117712180000339,0.0234912847000715,0.0350198183771008,False,False,GARCH-t
2025-06-12,Long-only Tangency Portfolio,0.0100548771138646,0.0433148070730025,0.0596009054864254,False,False,Historical VaR
2025-06-12,Long-only Tangency Portfolio,0.0100548771138646,0.0346876948644906,0.0477888348510412,False,False,EWMA-t
2025-06-12,Long-only Tangency Portfolio,0.0100548771138646,0.0236344807859269,0.0352260903130213,False,False,GARCH-t
2025-06-13,Long-only Tangency Portfolio,-0.0176726961585325,0.0433148070730025,0.0596009054864254,False,False,Historical VaR
2025-06-13,Long-only Tangency Portfolio,-0.0176726961585325,0.0338601202723924,0.0466486949350508,False,False,EWMA-t
2025-06-13,Long-only Tangency Portfolio,-0.0176726961585325,0.0229346316439116,0.0342179675245144,False,False,GARCH-t
2025-06-16,Long-only Tangency Portfolio,0.0152346016336315,0.0433148070730025,0.0596009054864254,False,False,Historical VaR
2025-06-16,Long-only Tangency Portfolio,0.0152346016336315,0.0335483935835695,0.0462192326917678,False,False,EWMA-t
2025-06-16,Long-only Tangency Portfolio,0.0152346016336315,0.0242382970327921,0.0360958790746144,False,False,GARCH-t
2025-06-17,Long-only Tangency Portfolio,-0.0077768488129178,0.0433148070730025,0.0596009054864254,False,False,Historical VaR
2025-06-17,Long-only Tangency Portfolio,-0.0077768488129178,0.0330676458340893,0.0455569120937958,False,False,EWMA-t
2025-06-17,Long-only Tangency Portfolio,-0.0077768488129178,0.0240091282239004,0.0357657646473917,False,False,GARCH-t
2025-06-18,Long-only Tangency Portfolio,0.0074616698781821,0.0433148070730025,0.0596009054864254,False,False,Historical VaR
2025-06-18,Long-only Tangency Portfolio,0.0074616698781821,0.0322042359295437,0.0443674022835225,False,False,EWMA-t
2025-06-18,Long-only Tangency Portfolio,0.0074616698781821,0.0235573567718044,0.0351149942617293,False,False,GARCH-t
2025-06-20,Long-only Tangency Portfolio,0.0020374460446369,0.0433148070730025,0.0596009054864254,False,False,Historical VaR
2025-06-20,Long-only Tangency Portfolio,0.0020374460446369,0.031359258505019,0.0432032866871642,False,False,EWMA-t
2025-06-20,Long-only Tangency Portfolio,0.0020374460446369,0.0226951244931808,0.0338729608621259,False,False,GARCH-t
2025-06-23,Long-only Tangency Portfolio,0.0029197030019488,0.0433148070730025,0.0596009054864254,False,False,Historical VaR
2025-06-23,Long-only Tangency Portfolio,0.0029197030019488,0.0304143704732534,0.0419015254061344,False,False,EWMA-t
2025-06-23,Long-only Tangency Portfolio,0.0029197030019488,0.0218038492383078,0.032589091466098,False,False,GARCH-t
2025-06-24,Long-only Tangency Portfolio,0.0128954261386439,0.0433148070730025,0.0596009054864254,False,False,Historical VaR
2025-06-24,Long-only Tangency Portfolio,0.0128954261386439,0.0295099296216812,0.0406554877360854,False,False,EWMA-t
2025-06-24,Long-only Tangency Portfolio,0.0128954261386439,0.0210095143463212,0.0314448632914204,False,False,GARCH-t
2025-06-25,Long-only Tangency Portfolio,0.0275331973282138,0.0433148070730025,0.0596009054864254,False,False,Historical VaR
2025-06-25,Long-only Tangency Portfolio,0.0275331973282138,0.0290520931831055,0.0400247317853843,False,False,EWMA-t
2025-06-25,Long-only Tangency Portfolio,0.0275331973282138,0.0209253813193108,0.0313236708562178,False,False,GARCH-t
2025-06-26,Long-only Tangency Portfolio,0.0019665975376929,0.0433148070730025,0.0596009054864254,False,False,Historical VaR
2025-06-26,Long-only Tangency Portfolio,0.0019665975376929,0.0301554077596893,0.0415447554795238,False,False,EWMA-t
2025-06-26,Long-only Tangency Portfolio,0.0019665975376929,0.0237016023537392,0.0353227779819052,False,False,GARCH-t
2025-06-27,Long-only Tangency Portfolio,0.0101708715749711,0.0433148070730025,0.0596009054864254,False,False,Historical VaR
2025-06-27,Long-only Tangency Portfolio,0.0101708715749711,0.0292468686762307,0.0402930717229428,False,False,EWMA-t
2025-06-27,Long-only Tangency Portfolio,0.0101708715749711,0.022599081984273,0.0337236212353676,False,False,GARCH-t
2025-06-30,Long-only Tangency Portfolio,0.0088614011494681,0.0433148070730025,0.0596009054864254,False,False,Historical VaR
2025-06-30,Long-only Tangency Portfolio,0.0088614011494681,0.0286335676463142,0.0394481340080803,False,False,EWMA-t
2025-06-30,Long-only Tangency Portfolio,0.0088614011494681,0.0220117695080415,0.0328781521001827,False,False,GARCH-t
2025-07-01,Long-only Tangency Portfolio,-0.0124813255865875,0.0433148070730025,0.0596009054864254,False,False,Historical VaR
2025-07-01,Long-only Tangency Portfolio,-0.0124813255865875,0.0279767851682203,0.0385432924064316,False,False,EWMA-t
2025-07-01,Long-only Tangency Portfolio,-0.0124813255865875,0.0213937015923859,0.0319884087909856,False,False,GARCH-t
2025-07-02,Long-only Tangency Portfolio,0.0233559647001976,0.0433148070730025,0.0596009054864254,False,False,Historical VaR
2025-07-02,Long-only Tangency Portfolio,0.0233559647001976,0.0275602844127625,0.0379694841468841,False,False,EWMA-t
2025-07-02,Long-only Tangency Portfolio,0.0233559647001976,0.0219758086974423,0.0328263845034291,False,False,GARCH-t
2025-07-03,Long-only Tangency Portfolio,0.0102617478332894,0.0433148070730025,0.0596009054864254,False,False,Historical VaR
2025-07-03,Long-only Tangency Portfolio,0.0102617478332894,0.0282390247448049,0.0389045768292152,False,False,EWMA-t
2025-07-03,Long-only Tangency Portfolio,0.0102617478332894,0.0235328745122781,0.0350678677702963,False,False,GARCH-t
2025-07-07,Long-only Tangency Portfolio,-0.0105823038378672,0.0433148070730025,0.0596009054864254,False,False,Historical VaR
2025-07-07,Long-only Tangency Portfolio,-0.0105823038378672,0.0276713686653055,0.0381225236330786,False,False,EWMA-t
2025-07-07,Long-only Tangency Portfolio,-0.0105823038378672,0.0228394974863139,0.034069712787687,False,False,GARCH-t
2025-07-08,Long-only Tangency Portfolio,0.0064258254647757,0.0433148070730025,0.0596009054864254,False,False,Historical VaR
2025-07-08,Long-only Tangency Portfolio,0.0064258254647757,0.0271457761861574,0.0373984209712245,False,False,EWMA-t
2025-07-08,Long-only Tangency Portfolio,0.0064258254647757,0.0228958837278854,0.0341508839339288,False,False,GARCH-t
2025-07-09,Long-only Tangency Portfolio,0.012959299266347,0.0433148070730025,0.0596009054864254,False,False,Historical VaR
2025-07-09,Long-only Tangency Portfolio,0.012959299266347,0.0264385334973049,0.0364240609225325,False,False,EWMA-t
2025-07-09,Long-only Tangency Portfolio,0.012959299266347,0.0220354463430133,0.0329122362274533,False,False,GARCH-t
2025-07-10,Long-only Tangency Portfolio,0.0064861198937213,0.0433148070730025,0.0596009054864254,False,False,Historical VaR
2025-07-10,Long-only Tangency Portfolio,0.0064861198937213,0.0261294325138795,0.0359982160831185,False,False,EWMA-t
2025-07-10,Long-only Tangency Portfolio,0.0064861198937213,0.021803073888421,0.0325777230914723,False,False,GARCH-t
2025-07-11,Long-only Tangency Portfolio,0.0007340373584133,0.0433148070730025,0.0596009054864254,False,False,Historical VaR
2025-07-11,Long-only Tangency Portfolio,0.0007340373584133,0.0254601253032991,0.0350761193028051,False,False,EWMA-t
2025-07-11,Long-only Tangency Portfolio,0.0007340373584133,0.0210714494613593,0.0315245088372869,False,False,GARCH-t
2025-07-14,Long-only Tangency Portfolio,-0.0076443751836316,0.0433148070730025,0.0596009054864254,False,False,Historical VaR
2025-07-14,Long-only Tangency Portfolio,-0.0076443751836316,0.0246861768120962,0.0340098594439764,False,False,EWMA-t
2025-07-14,Long-only Tangency Portfolio,-0.0076443751836316,0.0203634413075753,0.0305052915284284,False,False,GARCH-t
2025-07-15,Long-only Tangency Portfolio,0.0243647271552268,0.0433148070730025,0.0596009054864254,False,False,Historical VaR
2025-07-15,Long-only Tangency Portfolio,0.0243647271552268,0.0241201604018419,0.0332300652011392,False,False,EWMA-t
2025-07-15,Long-only Tangency Portfolio,0.0243647271552268,0.0203772209089976,0.0305251280348356,False,False,GARCH-t
2025-07-16,Long-only Tangency Portfolio,0.0041871008245993,0.0426052706553184,0.0596009054864254,False,False,Historical VaR
2025-07-16,Long-only Tangency Portfolio,0.0041871008245993,0.0252524571385424,0.0347900172810898,False,False,EWMA-t
2025-07-16,Long-only Tangency Portfolio,0.0041871008245993,0.0224948184705899,0.0335735280799989,False,False,GARCH-t
2025-07-17,Long-only Tangency Portfolio,0.0056656657375553,0.0426052706553184,0.0596009054864254,False,False,Historical VaR
2025-07-17,Long-only Tangency Portfolio,0.0056656657375553,0.0245378749063246,0.0338055456286393,False,False,EWMA-t
2025-07-17,Long-only Tangency Portfolio,0.0056656657375553,0.0216131364049016,0.032304297468096,False,False,GARCH-t
2025-07-18,Long-only Tangency Portfolio,5.532499624639999e-05,0.0426052706553184,0.0596009054864254,False,False,Historical VaR
2025-07-18,Long-only Tangency Portfolio,5.532499624639999e-05,0.0238933315292483,0.0329175656944937,False,False,EWMA-t
2025-07-18,Long-only Tangency Portfolio,5.532499624639999e-05,0.0208709251034651,0.0312358428165338,False,False,GARCH-t
2025-07-21,Long-only Tangency Portfolio,-0.0010526550379833,0.0426052706553184,0.0596009054864254,False,False,Historical VaR
2025-07-21,Long-only Tangency Portfolio,-0.0010526550379833,0.0231654545024129,0.031914777957713,False,False,EWMA-t
2025-07-21,Long-only Tangency Portfolio,-0.0010526550379833,0.0202057917144593,0.0302783461278995,False,False,GARCH-t
2025-07-22,Long-only Tangency Portfolio,-0.011456006258832,0.040218253062797,0.0590050465438078,False,False,Historical VaR
2025-07-22,Long-only Tangency Portfolio,-0.011456006258832,0.0224635147077317,0.0309477236448092,False,False,EWMA-t
2025-07-22,Long-only Tangency Portfolio,-0.011456006258832,0.0196651265066246,0.0295000283427476,False,False,GARCH-t
2025-07-23,Long-only Tangency Portfolio,0.0125084773034202,0.040218253062797,0.0590050465438078,False,False,Historical VaR
2025-07-23,Long-only Tangency Portfolio,0.0125084773034202,0.0222353147692266,0.0306333352365613,False,False,EWMA-t
2025-07-23,Long-only Tangency Portfolio,0.0125084773034202,0.0203576956241517,0.0304970202960065,False,False,GARCH-t
2025-07-24,Long-only Tangency Portfolio,0.0096377261570158,0.040218253062797,0.0590050465438078,False,False,Historical VaR
2025-07-24,Long-only Tangency Portfolio,0.0096377261570158,0.0221060911014732,0.0304553052884417,False,False,EWMA-t
2025-07-24,Long-only Tangency Portfolio,0.0096377261570158,0.0203040866785954,0.0304198472226054,False,False,GARCH-t
2025-07-25,Long-only Tangency Portfolio,-0.0003691313358593,0.040218253062797,0.0590050465438078,False,False,Historical VaR
2025-07-25,Long-only Tangency Portfolio,-0.0003691313358593,0.0217616084094187,0.0299807154794634,False,False,EWMA-t
2025-07-25,Long-only Tangency Portfolio,-0.0003691313358593,0.0199622286765253,0.0299277235217421,False,False,GARCH-t
2025-07-28,Long-only Tangency Portfolio,0.0109950309693353,0.040218253062797,0.0590050465438078,False,False,Historical VaR
2025-07-28,Long-only Tangency Portfolio,0.0109950309693353,0.0210991561071132,0.0290680626267662,False,False,EWMA-t
2025-07-28,Long-only Tangency Portfolio,0.0109950309693353,0.019157421677351,0.0287879818632488,False,False,GARCH-t
2025-07-29,Long-only Tangency Portfolio,-0.0090589393320214,0.0384892891627344,0.0581008710638912,False,False,Historical VaR
2025-07-29,Long-only Tangency Portfolio,-0.0090589393320214,0.0209035174346169,0.0287985334970005,False,False,EWMA-t
2025-07-29,Long-only Tangency Portfolio,-0.0090589393320214,0.0190572808466899,0.0286438150660227,False,False,GARCH-t
2025-07-30,Long-only Tangency Portfolio,0.008305000887613,0.0384892891627344,0.0581008710638912,False,False,Historical VaR
2025-07-30,Long-only Tangency Portfolio,0.008305000887613,0.0205740934823441,0.028344689939144,False,False,EWMA-t
2025-07-30,Long-only Tangency Portfolio,0.008305000887613,0.0194254780919989,0.0291738867386188,False,False,GARCH-t
2025-07-31,Long-only Tangency Portfolio,-0.0057500609365384,0.0384892891627344,0.0581008710638912,False,False,Historical VaR
2025-07-31,Long-only Tangency Portfolio,-0.0057500609365384,0.0202100666572489,0.0278431744047799,False,False,EWMA-t
2025-07-31,Long-only Tangency Portfolio,-0.0057500609365384,0.0190519784614721,0.0286361815374263,False,False,GARCH-t
2025-08-01,Long-only Tangency Portfolio,-0.0237635747209044,0.0384892891627344,0.0581008710638912,False,False,Historical VaR
2025-08-01,Long-only Tangency Portfolio,-0.0237635747209044,0.0197230269368826,0.0271721854315026,True,False,EWMA-t
2025-08-01,Long-only Tangency Portfolio,-0.0237635747209044,0.0189934106371001,0.0285518649244677,True,False,GARCH-t
2025-08-04,Long-only Tangency Portfolio,0.0234781782043028,0.0368843715302369,0.057908930181079,False,False,Historical VaR
2025-08-04,Long-only Tangency Portfolio,0.0234781782043028,0.0212613122500501,0.0292914632639422,False,False,EWMA-t
2025-08-04,Long-only Tangency Portfolio,0.0234781782043028,0.0226829980589076,0.0338635444679303,False,False,GARCH-t
2025-08-05,Long-only Tangency Portfolio,-0.0069331129850685,0.0368843715302369,0.057908930181079,False,False,Historical VaR
2025-08-05,Long-only Tangency Portfolio,-0.0069331129850685,0.0225664303603784,0.0310895093456791,False,False,EWMA-t
2025-08-05,Long-only Tangency Portfolio,-0.0069331129850685,0.0240821011654395,0.0358777499875599,False,False,GARCH-t
2025-08-06,Long-only Tangency Portfolio,0.0232523231198714,0.0353146783345724,0.0572550761883016,False,False,Historical VaR
2025-08-06,Long-only Tangency Portfolio,0.0232523231198714,0.0220463672225055,0.0303730243931616,False,False,EWMA-t
2025-08-06,Long-only Tangency Portfolio,0.0232523231198714,0.0234958500191612,0.0350337590842375,False,False,GARCH-t
2025-08-07,Long-only Tangency Portfolio,0.016344101205039,0.0353146783345724,0.0572550761883016,False,False,Historical VaR
2025-08-07,Long-only Tangency Portfolio,0.016344101205039,0.0232290382640784,0.0320023765686126,False,False,EWMA-t
2025-08-07,Long-only Tangency Portfolio,0.016344101205039,0.0246986541317249,0.0367653646187032,False,False,GARCH-t
2025-08-08,Long-only Tangency Portfolio,0.0226275710354792,0.0341950382252733,0.0555553573486836,False,False,Historical VaR
2025-08-08,Long-only Tangency Portfolio,0.0226275710354792,0.0234110395774027,0.0322531176668351,False,False,EWMA-t
2025-08-08,Long-only Tangency Portfolio,0.0226275710354792,0.0245089105248777,0.0364922020344436,False,False,GARCH-t
2025-08-11,Long-only Tangency Portfolio,-0.0052625280136658,0.0341950382252733,0.0555553573486836,False,False,Historical VaR
2025-08-11,Long-only Tangency Portfolio,-0.0052625280136658,0.0243621805714005,0.0335634935814002,False,False,EWMA-t
2025-08-11,Long-only Tangency Portfolio,-0.0052625280136658,0.0254088301747139,0.0377877628243959,False,False,GARCH-t
2025-08-12,Long-only Tangency Portfolio,0.0082231037893198,0.0341950382252733,0.0555553573486836,False,False,Historical VaR
2025-08-12,Long-only Tangency Portfolio,0.0082231037893198,0.0237095208737352,0.0326643318865254,False,False,EWMA-t
2025-08-12,Long-only Tangency Portfolio,0.0082231037893198,0.0245122569884614,0.0364970197390074,False,False,GARCH-t
2025-08-13,Long-only Tangency Portfolio,0.0006580663601621,0.0341950382252733,0.0555553573486836,False,False,Historical VaR
2025-08-13,Long-only Tangency Portfolio,0.0006580663601621,0.0232111374625867,0.0319777148420399,False,False,EWMA-t
2025-08-13,Long-only Tangency Portfolio,0.0006580663601621,0.0235370346628842,0.0350930501660195,False,False,GARCH-t
2025-08-14,Long-only Tangency Portfolio,0.0005867246198687,0.0341950382252733,0.0555553573486836,False,False,Historical VaR
2025-08-14,Long-only Tangency Portfolio,0.0005867246198687,0.0225055045199164,0.0310055725219906,False,False,EWMA-t
2025-08-14,Long-only Tangency Portfolio,0.0005867246198687,0.0225286541791743,0.0336413447651145,False,False,GARCH-t
2025-08-15,Long-only Tangency Portfolio,-0.0071072253397172,0.0341950382252733,0.0555553573486836,False,False,Historical VaR
2025-08-15,Long-only Tangency Portfolio,-0.0071072253397172,0.0218211028656763,0.0300626803017369,False,False,EWMA-t
2025-08-15,Long-only Tangency Portfolio,-0.0071072253397172,0.0216312779015193,0.0323494455168041,False,False,GARCH-t
2025-08-18,Long-only Tangency Portfolio,0.0035811339712861,0.0341950382252733,0.0555553573486836,False,False,Historical VaR
2025-08-18,Long-only Tangency Portfolio,0.0035811339712861,0.0213381820456571,0.0293973658896902,False,False,EWMA-t
2025-08-18,Long-only Tangency Portfolio,0.0035811339712861,0.0213751097486196,0.0319806554647237,False,False,GARCH-t
2025-08-19,Long-only Tangency Portfolio,-0.0212191377090899,0.0341950382252733,0.0555553573486836,False,False,Historical VaR
2025-08-19,Long-only Tangency Portfolio,-0.0212191377090899,0.0207354948924606,0.028567050789668,True,False,EWMA-t
2025-08-19,Long-only Tangency Portfolio,-0.0212191377090899,0.0205823929658248,0.0308394282657031,True,False,GARCH-t
2025-08-20,Long-only Tangency Portfolio,-0.0087249930495295,0.0341950382252733,0.0555553573486836,False,False,Historical VaR
2025-08-20,Long-only Tangency Portfolio,-0.0087249930495295,0.0217494793722057,0.0299640054455872,False,False,EWMA-t
2025-08-20,Long-only Tangency Portfolio,-0.0087249930495295,0.0231814870599055,0.0345811894310478,False,False,GARCH-t
2025-08-21,Long-only Tangency Portfolio,-0.0033273397613678,0.0341950382252733,0.0555553573486836,False,False,Historical VaR
2025-08-21,Long-only Tangency Portfolio,-0.0033273397613678,0.0213612423028252,0.0294291357385006,False,False,EWMA-t
2025-08-21,Long-only Tangency Portfolio,-0.0033273397613678,0.0229138904508029,0.0341959465103707,False,False,GARCH-t
2025-08-22,Long-only Tangency Portfolio,0.0150419932538603,0.0341950382252733,0.0555553573486836,False,False,Historical VaR
2025-08-22,Long-only Tangency Portfolio,0.0150419932538603,0.0207513400731724,0.0285888805113367,False,False,EWMA-t
2025-08-22,Long-only Tangency Portfolio,0.0150419932538603,0.0221559820389833,0.033104830852537,False,False,GARCH-t
2025-08-25,Long-only Tangency Portfolio,0.0046422901021372,0.0341950382252733,0.0555553573486836,False,False,Historical VaR
2025-08-25,Long-only Tangency Portfolio,0.0046422901021372,0.0209617062450505,0.0288786995461674,False,False,EWMA-t
2025-08-25,Long-only Tangency Portfolio,0.0046422901021372,0.0221568389300379,0.0330452567527779,False,False,GARCH-t
2025-08-26,Long-only Tangency Portfolio,0.0097694641120786,0.0341950382252733,0.0555553573486836,False,False,Historical VaR
2025-08-26,Long-only Tangency Portfolio,0.0097694641120786,0.0204040745558357,0.0281104568362468,False,False,EWMA-t
2025-08-26,Long-only Tangency Portfolio,0.0097694641120786,0.0212997601425625,0.0318132942337591,False,False,GARCH-t
2025-08-27,Long-only Tangency Portfolio,0.0018061516319904,0.0341950382252733,0.0555553573486836,False,False,Historical VaR
2025-08-27,Long-only Tangency Portfolio,0.0018061516319904,0.0201481234418858,0.0277578359554914,False,False,EWMA-t
2025-08-27,Long-only Tangency Portfolio,0.0018061516319904,0.020811628539101,0.0311116553079089,False,False,GARCH-t
2025-08-28,Long-only Tangency Portfolio,-0.00083792749633,0.0341950382252733,0.0555553573486836,False,False,Historical VaR
2025-08-28,Long-only Tangency Portfolio,-0.00083792749633,0.019547099383773,0.0269298120822747,False,False,EWMA-t
2025-08-28,Long-only Tangency Portfolio,-0.00083792749633,0.0200896638408675,0.0300739053819092,False,False,GARCH-t
2025-08-29,Long-only Tangency Portfolio,-0.020042199163835,0.0341950382252733,0.0555553573486836,False,False,Historical VaR
2025-08-29,Long-only Tangency Portfolio,-0.020042199163835,0.0189544494785823,0.0261133251824018,True,False,EWMA-t
2025-08-29,Long-only Tangency Portfolio,-0.020042199163835,0.0195258783614709,0.0292635217981204,True,False,GARCH-t
2025-09-02,Long-only Tangency Portfolio,-0.0153816282807184,0.0341950382252733,0.0555553573486836,False,False,Historical VaR
2025-09-02,Long-only Tangency Portfolio,-0.0153816282807184,0.0199790618025358,0.0275249216960082,False,False,EWMA-t
2025-09-02,Long-only Tangency Portfolio,-0.0153816282807184,0.022059408626276,0.0329052107217649,False,False,GARCH-t
2025-09-03,Long-only Tangency Portfolio,0.0142249941744479,0.0341950382252733,0.0555553573486836,False,False,Historical VaR
2025-09-03,Long-only Tangency Portfolio,0.0142249941744479,0.0202831433531181,0.0279438513210177,False,False,EWMA-t
2025-09-03,Long-only Tangency Portfolio,0.0142249941744479,0.0230328817207388,0.0343044780740513,False,False,GARCH-t
2025-09-04,Long-only Tangency Portfolio,0.0058280398441844,0.0341950382252733,0.0555553573486836,False,False,Historical VaR
2025-09-04,Long-only Tangency Portfolio,0.0058280398441844,0.0204371200914176,0.0281559832873026,False,False,EWMA-t
2025-09-04,Long-only Tangency Portfolio,0.0058280398441844,0.0227901356450677,0.0339555555814687,False,False,GARCH-t
2025-09-05,Long-only Tangency Portfolio,-0.0166542356008425,0.0341950382252733,0.0555553573486836,False,False,Historical VaR
2025-09-05,Long-only Tangency Portfolio,-0.0166542356008425,0.019945205989636,0.0274782789352903,False,False,EWMA-t
2025-09-05,Long-only Tangency Portfolio,-0.0166542356008425,0.0218968671336304,0.0326715740600591,False,False,GARCH-t
2025-09-08,Long-only Tangency Portfolio,0.0017624082983985,0.0335643138098956,0.0530973154200457,False,False,Historical VaR
2025-09-08,Long-only Tangency Portfolio,0.0017624082983985,0.0204051938966371,0.028111998939085,False,False,EWMA-t
2025-09-08,Long-only Tangency Portfolio,0.0017624082983985,0.0231568844786843,0.0344827192722658,False,False,GARCH-t
2025-09-09,Long-only Tangency Portfolio,0.0026444573156527,0.0335643138098956,0.0530973154200457,False,False,Historical VaR
2025-09-09,Long-only Tangency Portfolio,0.0026444573156527,0.0197955745342212,0.0272721334148321,False,False,EWMA-t
2025-09-09,Long-only Tangency Portfolio,0.0026444573156527,0.022175194607941,0.0330716411500098,False,False,GARCH-t
2025-09-10,Long-only Tangency Portfolio,0.0097916488925325,0.0335643138098956,0.0530973154200457,False,False,Historical VaR
2025-09-10,Long-only Tangency Portfolio,0.0097916488925325,0.0192203708236015,0.0264796819348507,False,False,EWMA-t
2025-09-10,Long-only Tangency Portfolio,0.0097916488925325,0.0212950854106934,0.0318065747879702,False,False,GARCH-t
2025-09-11,Long-only Tangency Portfolio,0.0050925474789948,0.0335643138098956,0.0530973154200457,False,False,Historical VaR
2025-09-11,Long-only Tangency Portfolio,0.0050925474789948,0.0190242969634921,0.0262095532521583,False,False,EWMA-t
2025-09-11,Long-only Tangency Portfolio,0.0050925474789948,0.0208093821378382,0.0311084263373651,False,False,GARCH-t
2025-09-12,Long-only Tangency Portfolio,0.009576910184055,0.0335643138098956,0.0530973154200457,False,False,Historical VaR
2025-09-12,Long-only Tangency Portfolio,0.009576910184055,0.0185519721922633,0.0255588368936201,False,False,EWMA-t
2025-09-12,Long-only Tangency Portfolio,0.009576910184055,0.0201162481062934,0.0301121175265557,False,False,GARCH-t
2025-09-15,Long-only Tangency Portfolio,0.0045260242337239,0.0335643138098956,0.0530973154200457,False,False,Historical VaR
2025-09-15,Long-only Tangency Portfolio,0.0045260242337239,0.0183726825985822,0.0253118317000952,False,False,EWMA-t
2025-09-15,Long-only Tangency Portfolio,0.0045260242337239,0.0197609086749315,0.0296013536768788,False,False,GARCH-t
2025-09-16,Long-only Tangency Portfolio,-0.0073775414363223,0.0335643138098956,0.0530973154200457,False,False,Historical VaR
2025-09-16,Long-only Tangency Portfolio,-0.0073775414363223,0.0179007204074474,0.0246616148639466,False,False,EWMA-t
2025-09-16,Long-only Tangency Portfolio,-0.0073775414363223,0.0191759088166673,0.0287604766075306,False,False,GARCH-t
2025-09-17,Long-only Tangency Portfolio,-0.0136608122100258,0.0335643138098956,0.0530973154200457,False,False,Historical VaR
2025-09-17,Long-only Tangency Portfolio,-0.0136608122100258,0.017593627312792,0.0242385362696003,False,False,EWMA-t
2025-09-17,Long-only Tangency Portfolio,-0.0136608122100258,0.0192968820443388,0.0289343631678724,False,False,GARCH-t
2025-09-18,Long-only Tangency Portfolio,0.018186150867245,0.0335643138098956,0.0530973154200457,False,False,Historical VaR
2025-09-18,Long-only Tangency Portfolio,0.018186150867245,0.0178748767673105,0.0246260103807061,False,False,EWMA-t
2025-09-18,Long-only Tangency Portfolio,0.018186150867245,0.0204250553803161,0.0305559961906362,False,False,GARCH-t
2025-09-19,Long-only Tangency Portfolio,0.0145059161067356,0.0335643138098956,0.0530973154200457,False,False,Historical VaR
2025-09-19,Long-only Tangency Portfolio,0.0145059161067356,0.018733246283768,0.0258085761067772,False,False,EWMA-t
2025-09-19,Long-only Tangency Portfolio,0.0145059161067356,0.0211760393370287,0.0316354583131088,False,False,GARCH-t
2025-09-22,Long-only Tangency Portfolio,0.0390300736376376,0.0335643138098956,0.0530973154200457,False,False,Historical VaR
2025-09-22,Long-only Tangency Portfolio,0.0390300736376376,0.0190280699677792,0.0262147512763993,False,False,EWMA-t
2025-09-22,Long-only Tangency Portfolio,0.0390300736376376,0.0212268055664155,0.0317084295413674,False,False,GARCH-t
2025-09-23,Long-only Tangency Portfolio,-0.0191052208594525,0.0335643138098956,0.0530973154200457,False,False,Historical VaR
2025-09-23,Long-only Tangency Portfolio,-0.0191052208594525,0.0239452624235452,0.0329891102851884,False,False,EWMA-t
2025-09-23,Long-only Tangency Portfolio,-0.0191052208594525,0.0273172378350653,0.0404555658262374,False,False,GARCH-t
2025-09-24,Long-only Tangency Portfolio,-0.0078651469625729,0.0335643138098956,0.0530973154200457,False,False,Historical VaR
2025-09-24,Long-only Tangency Portfolio,-0.0078651469625729,0.0243887260394588,0.0336000649648271,False,False,EWMA-t
2025-09-24,Long-only Tangency Portfolio,-0.0078651469625729,0.0281320292661639,0.0416265536621558,False,False,GARCH-t
2025-09-25,Long-only Tangency Portfolio,0.0091077685650231,0.0335643138098956,0.0530973154200457,False,False,Historical VaR
2025-09-25,Long-only Tangency Portfolio,0.0091077685650231,0.0238450079568142,0.0328509908692858,False,False,EWMA-t
2025-09-25,Long-only Tangency Portfolio,0.0091077685650231,0.0271616803863321,0.0402320044664824,False,False,GARCH-t
2025-09-26,Long-only Tangency Portfolio,-0.0001780854923225,0.0335643138098956,0.0530973154200457,False,False,Historical VaR
2025-09-26,Long-only Tangency Portfolio,-0.0001780854923225,0.0233914245419401,0.0322260942600051,False,False,EWMA-t
2025-09-26,Long-only Tangency Portfolio,-0.0001780854923225,0.025956341918029,0.0384997370043117,False,False,GARCH-t
2025-09-29,Long-only Tangency Portfolio,0.0104855869146492,0.0335643138098956,0.0530973154200457,False,False,Historical VaR
2025-09-29,Long-only Tangency Portfolio,0.0104855869146492,0.0226789344779554,0.0312445049634609,False,False,EWMA-t
2025-09-29,Long-only Tangency Portfolio,0.0104855869146492,0.024717238262837,0.036718943475696,False,False,GARCH-t
2025-09-30,Long-only Tangency Portfolio,0.015511789629526,0.0335643138098956,0.0530973154200457,False,False,Historical VaR
2025-09-30,Long-only Tangency Portfolio,0.015511789629526,0.022367233214543,0.030815077748471,False,False,EWMA-t
2025-09-30,Long-only Tangency Portfolio,0.015511789629526,0.0238781832040734,0.0355130848596409,False,False,GARCH-t
2025-10-01,Long-only Tangency Portfolio,0.0034094157005458,0.0335643138098956,0.0530973154200457,False,False,Historical VaR
2025-10-01,Long-only Tangency Portfolio,0.0034094157005458,0.0225185130576971,0.0310234942335971,False,False,EWMA-t
2025-10-01,Long-only Tangency Portfolio,0.0034094157005458,0.0236856552641885,0.0352363908897796,False,False,GARCH-t
2025-10-02,Long-only Tangency Portfolio,0.0073284669429885,0.0335643138098956,0.0530973154200457,False,False,Historical VaR
2025-10-02,Long-only Tangency Portfolio,0.0073284669429885,0.0218731938712569,0.0301344454758899,False,False,EWMA-t
2025-10-02,Long-only Tangency Portfolio,0.0073284669429885,0.0226411736173801,0.0337353008481186,False,False,GARCH-t
2025-10-03,Long-only Tangency Portfolio,-0.0024103993727392,0.0335643138098956,0.0530973154200457,False,False,Historical VaR
2025-10-03,Long-only Tangency Portfolio,-0.0024103993727392,0.0213996750494995,0.029482084087789,False,False,EWMA-t
2025-10-03,Long-only Tangency Portfolio,-0.0024103993727392,0.0218261831382055,0.032564026947734,False,False,GARCH-t
2025-10-06,Long-only Tangency Portfolio,-0.0075581988888273,0.0317305638030246,0.0530973154200457,False,False,Historical VaR
2025-10-06,Long-only Tangency Portfolio,-0.0075581988888273,0.0207691624426695,0.0286134341830603,False,False,EWMA-t
2025-10-06,Long-only Tangency Portfolio,-0.0075581988888273,0.0211358311733509,0.0315718788684921,False,False,GARCH-t
2025-10-07,Long-only Tangency Portfolio,-0.0021932925496403,0.0317305638030246,0.0530973154200457,False,False,Historical VaR
2025-10-07,Long-only Tangency Portfolio,-0.0021932925496403,0.0203522839637428,0.0280391055382711,False,False,EWMA-t
2025-10-07,Long-only Tangency Portfolio,-0.0021932925496403,0.0209979584923465,0.0313737333969033,False,False,GARCH-t
2025-10-08,Long-only Tangency Portfolio,0.0151004401566288,0.0317305638030246,0.0530973154200457,False,False,Historical VaR
2025-10-08,Long-only Tangency Portfolio,0.0151004401566288,0.0197509093560866,0.0272105987170147,False,False,EWMA-t
2025-10-08,Long-only Tangency Portfolio,0.0151004401566288,0.0203922197709732,0.0305031883133392,False,False,GARCH-t
2025-10-09,Long-only Tangency Portfolio,0.0043187151114393,0.0317305638030246,0.0530973154200457,False,False,Historical VaR
2025-10-09,Long-only Tangency Portfolio,0.0043187151114393,0.0200393142304624,0.0276079307670579,False,False,EWMA-t
2025-10-09,Long-only Tangency Portfolio,0.0043187151114393,0.0206382955424518,0.0308568392283068,False,False,GARCH-t
2025-10-10,Long-only Tangency Portfolio,-0.0422988846937953,0.0317305638030246,0.0530973154200457,True,False,Historical VaR
2025-10-10,Long-only Tangency Portfolio,-0.0422988846937953,0.0195021237055961,0.0268678496121508,True,True,EWMA-t
2025-10-10,Long-only Tangency Portfolio,-0.0422988846937953,0.019942113191488,0.0298563119357448,True,True,GARCH-t
2025-10-13,Long-only Tangency Portfolio,0.0202062956026699,0.0341950382252733,0.0537306353853406,False,False,Historical VaR
2025-10-13,Long-only Tangency Portfolio,0.0202062956026699,0.025123952617348,0.0346129780928428,False,False,EWMA-t
2025-10-13,Long-only Tangency Portfolio,0.0202062956026699,0.029683623021182,0.043856446299789,False,False,GARCH-t
2025-10-14,Long-only Tangency Portfolio,-0.0251868183099649,0.0341950382252733,0.0537306353853406,False,False,Historical VaR
2025-10-14,Long-only Tangency Portfolio,-0.0251868183099649,0.0256085645154085,0.0352806222834912,False,False,EWMA-t
2025-10-14,Long-only Tangency Portfolio,-0.0251868183099649,0.0293868991672486,0.0434300058509561,False,False,GARCH-t
2025-10-15,Long-only Tangency Portfolio,0.0018039449759062,0.0341950382252733,0.0537306353853406,False,False,Historical VaR
2025-10-15,Long-only Tangency Portfolio,0.0018039449759062,0.0267113004026592,0.0367998487240491,False,False,EWMA-t
2025-10-15,Long-only Tangency Portfolio,0.0018039449759062,0.0311404785098135,0.0459501846367012,False,False,GARCH-t
2025-10-16,Long-only Tangency Portfolio,0.0032660150428381,0.0341950382252733,0.0537306353853406,False,False,Historical VaR
2025-10-16,Long-only Tangency Portfolio,0.0032660150428381,0.0259071759403804,0.0356920157798986,False,False,EWMA-t
2025-10-16,Long-only Tangency Portfolio,0.0032660150428381,0.029358029452259,0.0433885153740205,False,False,GARCH-t
2025-10-17,Long-only Tangency Portfolio,0.0121786937211917,0.0341950382252733,0.0537306353853406,False,False,Historical VaR
2025-10-17,Long-only Tangency Portfolio,0.0121786937211917,0.025150399778013,0.0346494140393142,False,False,EWMA-t
2025-10-17,Long-only Tangency Portfolio,0.0121786937211917,0.0277420488602234,0.0410660883772091,False,False,GARCH-t
2025-10-20,Long-only Tangency Portfolio,0.0136828060096877,0.0341950382252733,0.0537306353853406,False,False,Historical VaR
2025-10-20,Long-only Tangency Portfolio,0.0136828060096877,0.0248451045851791,0.0342288123934523,False,False,EWMA-t
2025-10-20,Long-only Tangency Portfolio,0.0136828060096877,0.026706487875753,0.0395778187785321,False,False,GARCH-t
2025-10-21,Long-only Tangency Portfolio,-0.003815872832794,0.0341950382252733,0.0537306353853406,False,False,Historical VaR
2025-10-21,Long-only Tangency Portfolio,-0.003815872832794,0.0246755365946402,0.0339952005398096,False,False,EWMA-t
2025-10-21,Long-only Tangency Portfolio,-0.003815872832794,0.0258895560833065,0.0384607665479075,False,False,GARCH-t
2025-10-22,Long-only Tangency Portfolio,-0.0089502086212815,0.0341950382252733,0.0537306353853406,False,False,Historical VaR
2025-10-22,Long-only Tangency Portfolio,-0.0089502086212815,0.0239703277925836,0.033023642553364,False,False,EWMA-t
2025-10-22,Long-only Tangency Portfolio,-0.0089502086212815,0.0248420460687556,0.0369531530568821,False,False,GARCH-t
2025-10-23,Long-only Tangency Portfolio,0.0076930991705201,0.0341950382252733,0.0537306353853406,False,False,Historical VaR
2025-10-23,Long-only Tangency Portfolio,0.0076930991705201,0.0235022589599467,0.0323787895520565,False,False,EWMA-t
2025-10-23,Long-only Tangency Portfolio,0.0076930991705201,0.0243842525407569,0.0362942804071434,False,False,GARCH-t
2025-10-24,Long-only Tangency Portfolio,0.018000383372979,0.0341950382252733,0.0537306353853406,False,False,Historical VaR
2025-10-24,Long-only Tangency Portfolio,0.018000383372979,0.0229840896098315,0.0316649136489657,False,False,EWMA-t
2025-10-24,Long-only Tangency Portfolio,0.018000383372979,0.0234043966814131,0.0348840371710055,False,False,GARCH-t
2025-10-27,Long-only Tangency Portfolio,0.0255443989773931,0.0341950382252733,0.0537306353853406,False,False,Historical VaR
2025-10-27,Long-only Tangency Portfolio,0.0255443989773931,0.0233695936944366,0.0321960181546289,False,False,EWMA-t
2025-10-27,Long-only Tangency Portfolio,0.0255443989773931,0.0236367137822991,0.0352183961657897,False,False,GARCH-t
2025-10-28,Long-only Tangency Portfolio,0.0296791000029928,0.0341950382252733,0.0537306353853406,False,False,Historical VaR
2025-10-28,Long-only Tangency Portfolio,0.0296791000029928,0.0247626243467198,0.0341151803256656,False,False,EWMA-t
2025-10-28,Long-only Tangency Portfolio,0.0296791000029928,0.0252768200278795,0.0375788951282862,False,False,GARCH-t
2025-10-29,Long-only Tangency Portfolio,0.0181695944049226,0.0341950382252733,0.0537306353853406,False,False,Historical VaR
2025-10-29,Long-only Tangency Portfolio,0.0181695944049226,0.02666726766522,0.0367391853324417,False,False,EWMA-t
2025-10-29,Long-only Tangency Portfolio,0.0181695944049226,0.0275601171377852,0.040865097149361,False,False,GARCH-t
2025-10-30,Long-only Tangency Portfolio,-0.0101861873013159,0.0341950382252733,0.0537306353853406,False,False,Historical VaR
2025-10-30,Long-only Tangency Portfolio,-0.0101861873013159,0.0268137365260901,0.0369409737830807,False,False,EWMA-t
2025-10-30,Long-only Tangency Portfolio,-0.0101861873013159,0.0272443863056328,0.0404106861599923,False,False,GARCH-t
2025-10-31,Long-only Tangency Portfolio,-0.0031716612554187,0.0341950382252733,0.0537306353853406,False,False,Historical VaR
2025-10-31,Long-only Tangency Portfolio,-0.0031716612554187,0.0263003840580377,0.0362337340425339,False,False,EWMA-t
2025-10-31,Long-only Tangency Portfolio,-0.0031716612554187,0.0266384709308737,0.0395386313054158,False,False,GARCH-t
2025-11-03,Long-only Tangency Portfolio,0.0105250134874623,0.0341950382252733,0.0537306353853406,False,False,Historical VaR
2025-11-03,Long-only Tangency Portfolio,0.0105250134874623,0.0255293247063787,0.0351714545177418,False,False,EWMA-t
2025-11-03,Long-only Tangency Portfolio,0.0105250134874623,0.025472886516925,0.0378610809593685,False,False,GARCH-t
2025-11-04,Long-only Tangency Portfolio,-0.0215453103820974,0.0341950382252733,0.0537306353853406,False,False,Historical VaR
2025-11-04,Long-only Tangency Portfolio,-0.0215453103820974,0.0250915812850352,0.0345683804838103,False,False,EWMA-t
2025-11-04,Long-only Tangency Portfolio,-0.0215453103820974,0.0245598368990896,0.03654698763071,False,False,GARCH-t
2025-11-05,Long-only Tangency Portfolio,-0.0104560576159984,0.0317305638030246,0.0535441560914552,False,False,Historical VaR
2025-11-05,Long-only Tangency Portfolio,-0.0104560576159984,0.0257453437310445,0.0354690614222871,False,False,EWMA-t
2025-11-05,Long-only Tangency Portfolio,-0.0104560576159984,0.0263541231681382,0.0391293879403998,False,False,GARCH-t
2025-11-06,Long-only Tangency Portfolio,-0.0222871046281192,0.0317305638030246,0.0535441560914552,False,False,Historical VaR
2025-11-06,Long-only Tangency Portfolio,-0.0222871046281192,0.025293830460185,0.0348470168264024,False,False,EWMA-t
2025-11-06,Long-only Tangency Portfolio,-0.0222871046281192,0.025891306832507,0.038463286288127,False,False,GARCH-t
2025-11-07,Long-only Tangency Portfolio,-0.0016727342329863,0.0317305638030246,0.0535441560914552,False,False,Historical VaR
2025-11-07,Long-only Tangency Portfolio,-0.0016727342329863,0.0260264403204308,0.0358563249328736,False,False,EWMA-t
2025-11-07,Long-only Tangency Portfolio,-0.0016727342329863,0.0276011685416803,0.0409241797829188,False,False,GARCH-t
2025-11-10,Long-only Tangency Portfolio,0.0357818820221264,0.0317305638030246,0.0535441560914552,False,False,Historical VaR
2025-11-10,Long-only Tangency Portfolio,0.0357818820221264,0.0252420499744779,0.0347756794518771,False,False,EWMA-t
2025-11-10,Long-only Tangency Portfolio,0.0357818820221264,0.0262638376081791,0.0389994457667228,False,False,GARCH-t
2025-11-11,Long-only Tangency Portfolio,-0.008460295869652,0.0317305638030246,0.0535441560914552,False,False,Historical VaR
2025-11-11,Long-only Tangency Portfolio,-0.008460295869652,0.0281920276771328,0.038839829514231,False,False,EWMA-t
2025-11-11,Long-only Tangency Portfolio,-0.008460295869652,0.0299226716173535,0.0442653691822797,False,False,GARCH-t
2025-11-12,Long-only Tangency Portfolio,-0.0004158605144913,0.0317305638030246,0.0535441560914552,False,False,Historical VaR
2025-11-12,Long-only Tangency Portfolio,-0.0004158605144913,0.0275327504559983,0.0379315509340333,False,False,EWMA-t
2025-11-12,Long-only Tangency Portfolio,-0.0004158605144913,0.0288214082688844,0.0426803919904047,False,False,GARCH-t
2025-11-13,Long-only Tangency Portfolio,-0.0219136854950121,0.0317305638030246,0.0535441560914552,False,False,Historical VaR
2025-11-13,Long-only Tangency Portfolio,-0.0219136854950121,0.0266944874853136,0.0367766857628454,False,False,EWMA-t
2025-11-13,Long-only Tangency Portfolio,-0.0219136854950121,0.0273206492949039,0.0405204465535867,False,False,GARCH-t
2025-11-14,Long-only Tangency Portfolio,0.0099386394344596,0.0317305638030246,0.0535441560914552,False,False,Historical VaR
2025-11-14,Long-only Tangency Portfolio,0.0099386394344596,0.0272635183475158,0.0375606329811647,False,False,EWMA-t
2025-11-14,Long-only Tangency Portfolio,0.0099386394344596,0.0286879445586349,0.0424883062944788,False,False,GARCH-t
2025-11-17,Long-only Tangency Portfolio,-0.0180324951212121,0.0317305638030246,0.0535441560914552,False,False,Historical VaR
2025-11-17,Long-only Tangency Portfolio,-0.0180324951212121,0.0267172546468616,0.0368080518172199,False,False,EWMA-t
2025-11-17,Long-only Tangency Portfolio,-0.0180324951212121,0.0273917885176853,0.0406228326410861,False,False,GARCH-t
2025-11-18,Long-only Tangency Portfolio,-0.0171976577712298,0.0317305638030246,0.0535441560914552,False,False,Historical VaR
2025-11-18,Long-only Tangency Portfolio,-0.0171976577712298,0.0268463337097497,0.0369858825448939,False,False,EWMA-t
2025-11-18,Long-only Tangency Portfolio,-0.0171976577712298,0.027991618791859,0.0413731253818884,False,False,GARCH-t
2025-11-19,Long-only Tangency Portfolio,0.0174810715968978,0.0317305638030246,0.0535441560914552,False,False,Historical VaR
2025-11-19,Long-only Tangency Portfolio,0.0174810715968978,0.0268835554381639,0.0370371624883726,False,False,EWMA-t
2025-11-19,Long-only Tangency Portfolio,0.0174810715968978,0.0283273435241872,0.0418551764830356,False,False,GARCH-t
2025-11-20,Long-only Tangency Portfolio,-0.0220665313360931,0.0317305638030246,0.0535441560914552,False,False,Historical VaR
2025-11-20,Long-only Tangency Portfolio,-0.0220665313360931,0.0269464092246865,0.0371237554209853,False,False,EWMA-t
2025-11-20,Long-only Tangency Portfolio,-0.0220665313360931,0.0278284731928139,0.0411388724118386,False,False,GARCH-t
2025-11-21,Long-only Tangency Portfolio,0.0015190430048057,0.0317305638030246,0.0535441560914552,False,False,Historical VaR
2025-11-21,Long-only Tangency Portfolio,0.0015190430048057,0.0275141829234564,0.0379059706598264,False,False,EWMA-t
2025-11-21,Long-only Tangency Portfolio,0.0015190430048057,0.0291337077861611,0.0430129963961373,False,False,GARCH-t
2025-11-24,Long-only Tangency Portfolio,0.0182695655729044,0.0317305638030246,0.0535441560914552,False,False,Historical VaR
2025-11-24,Long-only Tangency Portfolio,0.0182695655729044,0.026682605421822,0.0367603159818003,False,False,EWMA-t
2025-11-24,Long-only Tangency Portfolio,0.0182695655729044,0.0275747398612629,0.0407745488452557,False,False,GARCH-t
2025-11-25,Long-only Tangency Portfolio,-0.0131952676472656,0.0317305638030246,0.0535441560914552,False,False,Historical VaR
2025-11-25,Long-only Tangency Portfolio,-0.0131952676472656,0.0268384593622248,0.0369750341476482,False,False,EWMA-t
2025-11-25,Long-only Tangency Portfolio,-0.0131952676472656,0.0272797421805417,0.0403509757714421,False,False,GARCH-t
2025-11-26,Long-only Tangency Portfolio,0.009374828014854,0.0317305638030246,0.0535441560914552,False,False,Historical VaR
2025-11-26,Long-only Tangency Portfolio,0.009374828014854,0.0265277172264886,0.0365469283117323,False,False,EWMA-t
2025-11-26,Long-only Tangency Portfolio,0.009374828014854,0.0270733377510467,0.0400546095137948,False,False,GARCH-t
2025-11-28,Long-only Tangency Portfolio,-0.0080864090451373,0.0317305638030246,0.0535441560914552,False,False,Historical VaR
2025-11-28,Long-only Tangency Portfolio,-0.0080864090451373,0.025979627938925,0.0357918320578785,False,False,EWMA-t
2025-11-28,Long-only Tangency Portfolio,-0.0080864090451373,0.0259181407677645,0.0383959173645111,False,False,GARCH-t
2025-12-01,Long-only Tangency Portfolio,0.0149885175829338,0.0317305638030246,0.0535441560914552,False,False,Historical VaR
2025-12-01,Long-only Tangency Portfolio,0.0149885175829338,0.025385971818288,0.034973958906657,False,False,EWMA-t
2025-12-01,Long-only Tangency Portfolio,0.0149885175829338,0.0252389983101995,0.0374207691612949,False,False,GARCH-t
2025-12-02,Long-only Tangency Portfolio,0.0094013213245723,0.0317305638030246,0.0535441560914552,False,False,Historical VaR
2025-12-02,Long-only Tangency Portfolio,0.0094013213245723,0.0253011294422218,0.0348570725492892,False,False,EWMA-t
2025-12-02,Long-only Tangency Portfolio,0.0094013213245723,0.0248106270602719,0.036805691352474,False,False,GARCH-t
2025-12-03,Long-only Tangency Portfolio,-0.0096289874925838,0.0317305638030246,0.0535441560914552,False,False,Historical VaR
2025-12-03,Long-only Tangency Portfolio,-0.0096289874925838,0.0248044127349794,0.0341727517034419,False,False,EWMA-t
2025-12-03,Long-only Tangency Portfolio,-0.0096289874925838,0.0238989710294536,0.0354966880196666,False,False,GARCH-t
2025-12-04,Long-only Tangency Portfolio,0.0077168785487788,0.0317305638030246,0.0535441560914552,False,False,Historical VaR
2025-12-04,Long-only Tangency Portfolio,0.0077168785487788,0.0243418712257489,0.0335355136314766,False,False,EWMA-t
2025-12-04,Long-only Tangency Portfolio,0.0077168785487788,0.0236500719998225,0.035139305796212,False,False,GARCH-t
2025-12-05,Long-only Tangency Portfolio,-0.0055097886434583,0.0317305638030246,0.0535441560914552,False,False,Historical VaR
2025-12-05,Long-only Tangency Portfolio,-0.0055097886434583,0.0237925349283794,0.032778699386678,False,False,EWMA-t
2025-12-05,Long-only Tangency Portfolio,-0.0055097886434583,0.022762166065685,0.0338644040923729,False,False,GARCH-t
2025-12-08,Long-only Tangency Portfolio,0.0092779340106508,0.0317305638030246,0.0535441560914552,False,False,Historical VaR
2025-12-08,Long-only Tangency Portfolio,0.0092779340106508,0.0231681587557291,0.0319185035761384,False,False,EWMA-t
2025-12-08,Long-only Tangency Portfolio,0.0092779340106508,0.0222057778856622,0.033065512890687,False,False,GARCH-t
2025-12-09,Long-only Tangency Portfolio,-0.0027108332332601,0.0317305638030246,0.0535441560914552,False,False,Historical VaR
2025-12-09,Long-only Tangency Portfolio,-0.0027108332332601,0.0227535879132086,0.0313473541352585,False,False,EWMA-t
2025-12-09,Long-only Tangency Portfolio,-0.0027108332332601,0.0215798850891748,0.0321668233313729,False,False,GARCH-t
2025-12-10,Long-only Tangency Portfolio,-0.0024941686825358,0.0317305638030246,0.0535441560914552,False,False,Historical VaR
2025-12-10,Long-only Tangency Portfolio,-0.0024941686825358,0.022085886065813,0.0304274690451832,False,False,EWMA-t
2025-12-10,Long-only Tangency Portfolio,-0.0024941686825358,0.0209487719234711,0.0312606380933472,False,False,GARCH-t
2025-12-11,Long-only Tangency Portfolio,-0.0095770361877359,0.0317305638030246,0.0535441560914552,False,False,Historical VaR
2025-12-11,Long-only Tangency Portfolio,-0.0095770361877359,0.021435270304929,0.029531123258303,False,False,EWMA-t
2025-12-11,Long-only Tangency Portfolio,-0.0095770361877359,0.0203780367181645,0.0304411466836031,False,False,GARCH-t
2025-12-12,Long-only Tangency Portfolio,-0.0188266036476212,0.0317305638030246,0.0535441560914552,False,False,Historical VaR
2025-12-12,Long-only Tangency Portfolio,-0.0188266036476212,0.0211171320836702,0.0290928279211544,False,False,EWMA-t
2025-12-12,Long-only Tangency Portfolio,-0.0188266036476212,0.0206108051090385,0.03077536769364,False,False,GARCH-t
2025-12-15,Long-only Tangency Portfolio,-0.0019185622400277,0.0317305638030246,0.0535441560914552,False,False,Historical VaR
2025-12-15,Long-only Tangency Portfolio,-0.0019185622400277,0.0217576991985076,0.0299753298049366,False,False,EWMA-t
2025-12-15,Long-only Tangency Portfolio,-0.0019185622400277,0.022557434056831,0.0335704391836104,False,False,GARCH-t
2025-12-16,Long-only Tangency Portfolio,0.0054968433678345,0.0317305638030246,0.0535441560914552,False,False,Historical VaR
2025-12-16,Long-only Tangency Portfolio,0.0054968433678345,0.021108214146978,0.0290805417832182,False,False,EWMA-t
2025-12-16,Long-only Tangency Portfolio,0.0054968433678345,0.0217700795484996,0.0324399144674172,False,False,GARCH-t
2025-12-17,Long-only Tangency Portfolio,-0.0258728484103087,0.0317305638030246,0.0535441560914552,False,False,Historical VaR
2025-12-17,Long-only Tangency Portfolio,-0.0258728484103087,0.0205777902314652,0.0283497829075273,True,False,EWMA-t
2025-12-17,Long-only Tangency Portfolio,-0.0258728484103087,0.0209327266026663,0.0311849785566631,True,False,GARCH-t
2025-12-18,Long-only Tangency Portfolio,0.0118877722190784,0.0317305638030246,0.0535441560914552,False,False,Historical VaR
2025-12-18,Long-only Tangency Portfolio,0.0118877722190784,0.0223705178853958,0.030819603001404,False,False,EWMA-t
2025-12-18,Long-only Tangency Portfolio,0.0118877722190784,0.0246322945989988,0.0364923096654283,False,False,GARCH-t
2025-12-19,Long-only Tangency Portfolio,0.0248845001693094,0.0317305638030246,0.0535441560914552,False,False,Historical VaR
2025-12-19,Long-only Tangency Portfolio,0.0248845001693094,0.0221817897505202,0.0305595944391588,False,False,EWMA-t
2025-12-19,Long-only Tangency Portfolio,0.0248845001693094,0.0239413785467033,0.0355011344088773,False,False,GARCH-t
2025-12-22,Long-only Tangency Portfolio,0.0046847306564549,0.0317305638030246,0.0535441560914552,False,False,Historical VaR
2025-12-22,Long-only Tangency Portfolio,0.0046847306564549,0.0236058712896393,0.0325215350568114,False,False,EWMA-t
2025-12-22,Long-only Tangency Portfolio,0.0046847306564549,0.0253998210306799,0.0375933887405254,False,False,GARCH-t
2025-12-23,Long-only Tangency Portfolio,0.0194226705721369,0.0317305638030246,0.0535441560914552,False,False,Historical VaR
2025-12-23,Long-only Tangency Portfolio,0.0194226705721369,0.0229599695350141,0.0316316837016734,False,False,EWMA-t
2025-12-23,Long-only Tangency Portfolio,0.0194226705721369,0.0242106857466236,0.0358874774849793,False,False,GARCH-t
2025-12-24,Long-only Tangency Portfolio,0.000327211671563,0.0317305638030246,0.0535441560914552,False,False,Historical VaR
2025-12-24,Long-only Tangency Portfolio,0.000327211671563,0.0235210217070335,0.0324046387710775,False,False,EWMA-t
2025-12-24,Long-only Tangency Portfolio,0.000327211671563,0.0245709747600554,0.0364043413704459,False,False,GARCH-t
2025-12-26,Long-only Tangency Portfolio,0.0052524753135244,0.0317305638030246,0.0535441560914552,False,False,Historical VaR
2025-12-26,Long-only Tangency Portfolio,0.0052524753135244,0.0228048357358229,0.0314179576660193,False,False,EWMA-t
2025-12-26,Long-only Tangency Portfolio,0.0052524753135244,0.023473371278624,0.0348297399283682,False,False,GARCH-t
2025-12-29,Long-only Tangency Portfolio,-0.0065117455744043,0.0317305638030246,0.0535441560914552,False,False,Historical VaR
2025-12-29,Long-only Tangency Portfolio,-0.0065117455744043,0.0222053421362454,0.0305920422877739,False,False,EWMA-t
2025-12-29,Long-only Tangency Portfolio,-0.0065117455744043,0.0224973741410749,0.0334295926746036,False,False,GARCH-t
2025-12-30,Long-only Tangency Portfolio,-0.0030107525484446,0.0317305638030246,0.0535441560914552,False,False,Historical VaR
2025-12-30,Long-only Tangency Portfolio,-0.0030107525484446,0.0216790015958891,0.0298669090306707,False,False,EWMA-t
2025-12-30,Long-only Tangency Portfolio,-0.0030107525484446,0.0220575575866336,0.032798640065042,False,False,GARCH-t
2025-12-31,Long-only Tangency Portfolio,-0.0052172515614351,0.0317305638030246,0.0535441560914552,False,False,Historical VaR
2025-12-31,Long-only Tangency Portfolio,-0.0052172515614351,0.0210515323674561,0.0290024519530574,False,False,EWMA-t
2025-12-31,Long-only Tangency Portfolio,-0.0052172515614351,0.0213790090004691,0.0318252069442751,False,False,GARCH-t
2026-01-02,Long-only Tangency Portfolio,0.0052083346158455,0.0317305638030246,0.0535441560914552,False,False,Historical VaR
2026-01-02,Long-only Tangency Portfolio,0.0052083346158455,0.0205119696367798,0.0282591026377225,False,False,EWMA-t
2026-01-02,Long-only Tangency Portfolio,0.0052083346158455,0.0209529146988167,0.0312139400221185,False,False,GARCH-t
2026-01-05,Long-only Tangency Portfolio,-0.0075879921865446,0.0317305638030246,0.0535441560914552,False,False,Historical VaR
2026-01-05,Long-only Tangency Portfolio,-0.0075879921865446,0.0199911512330152,0.027541577164147,False,False,EWMA-t
2026-01-05,Long-only Tangency Portfolio,-0.0075879921865446,0.020251001388245,0.0302069883043648,False,False,GARCH-t
2026-01-06,Long-only Tangency Portfolio,-0.0093394194182912,0.0317305638030246,0.0535441560914552,False,False,Historical VaR
2026-01-06,Long-only Tangency Portfolio,-0.0093394194182912,0.0196080399494183,0.0270137691926774,False,False,EWMA-t
2026-01-06,Long-only Tangency Portfolio,-0.0093394194182912,0.0202252149824317,0.0301699956084901,False,False,GARCH-t
2026-01-07,Long-only Tangency Portfolio,0.0031391273244203,0.0317305638030246,0.0535441560914552,False,False,Historical VaR
2026-01-07,Long-only Tangency Portfolio,0.0031391273244203,0.0193584561083945,0.0266699204299743,False,False,EWMA-t
2026-01-07,Long-only Tangency Portfolio,0.0031391273244203,0.0204347609502683,0.0304706063378828,False,False,GARCH-t
2026-01-08,Long-only Tangency Portfolio,-0.0147158204358713,0.0317305638030246,0.0535441560914552,False,False,Historical VaR
2026-01-08,Long-only Tangency Portfolio,-0.0147158204358713,0.0188088345252419,0.0259127131502616,False,False,EWMA-t
2026-01-08,Long-only Tangency Portfolio,-0.0147158204358713,0.0197535899477195,0.0294934111475796,False,False,GARCH-t
2026-01-09,Long-only Tangency Portfolio,2.555260165907887e-05,0.0317305638030246,0.0535441560914552,False,False,Historical VaR
2026-01-09,Long-only Tangency Portfolio,2.555260165907887e-05,0.0191225842500318,0.0263449625067299,False,False,EWMA-t
2026-01-09,Long-only Tangency Portfolio,2.555260165907887e-05,0.0209652797583868,0.0312316787054953,False,False,GARCH-t
2026-01-12,Long-only Tangency Portfolio,0.0013978618528051,0.0285598719518923,0.0527107634865159,False,False,Historical VaR
2026-01-12,Long-only Tangency Portfolio,0.0013978618528051,0.0185400359918107,0.0255423925287119,False,False,EWMA-t
2026-01-12,Long-only Tangency Portfolio,0.0013978618528051,0.020264531313545,0.0302263980823484,False,False,GARCH-t
2026-01-13,Long-only Tangency Portfolio,0.0033836199242918,0.0285598719518923,0.0527107634865159,False,False,Historical VaR
2026-01-13,Long-only Tangency Portfolio,0.0033836199242918,0.0179835444813044,0.0247757206297724,False,False,EWMA-t
2026-01-13,Long-only Tangency Portfolio,0.0033836199242918,0.0196110044399735,0.0292888606428531,False,False,GARCH-t
2026-01-14,Long-only Tangency Portfolio,-0.0107842394070079,0.0285598719518923,0.0527107634865159,False,False,Historical VaR
2026-01-14,Long-only Tangency Portfolio,-0.0107842394070079,0.017485845119653,0.0240900459923442,False,False,EWMA-t
2026-01-14,Long-only Tangency Portfolio,-0.0107842394070079,0.0190260552466782,0.0284497034618793,False,False,GARCH-t
2026-01-15,Long-only Tangency Portfolio,0.0094530903919761,0.0285598719518923,0.0527107634865159,False,False,Historical VaR
2026-01-15,Long-only Tangency Portfolio,0.0094530903919761,0.0174699834929442,0.0240681936132162,False,False,EWMA-t
2026-01-15,Long-only Tangency Portfolio,0.0094530903919761,0.0196427951242783,0.0293344669644417,False,False,GARCH-t
2026-01-16,Long-only Tangency Portfolio,-0.0062770093244233,0.0285598719518923,0.0527107634865159,False,False,Historical VaR
2026-01-16,Long-only Tangency Portfolio,-0.0062770093244233,0.0173366140575322,0.0238844520890827,False,False,EWMA-t
2026-01-16,Long-only Tangency Portfolio,-0.0062770093244233,0.0192330060809393,0.0287262065598698,False,False,GARCH-t
2026-01-20,Long-only Tangency Portfolio,-0.0390210210671781,0.0285598719518923,0.0527107634865159,True,False,Historical VaR
2026-01-20,Long-only Tangency Portfolio,-0.0390210210671781,0.0169868182613071,0.0234025424781186,True,True,EWMA-t
2026-01-20,Long-only Tangency Portfolio,-0.0390210210671781,0.0191736281663822,0.0286410239235643,True,True,GARCH-t
2026-01-21,Long-only Tangency Portfolio,0.0175906535998203,0.0317305638030246,0.0534185360877964,False,False,Historical VaR
2026-01-21,Long-only Tangency Portfolio,0.0175906535998203,0.0224535739234615,0.0309340283416295,False,False,EWMA-t
2026-01-21,Long-only Tangency Portfolio,0.0175906535998203,0.0277357309311911,0.0409240839007455,False,False,GARCH-t
2026-01-22,Long-only Tangency Portfolio,0.0064589145483653,0.0317305638030246,0.0534185360877964,False,False,Historical VaR
2026-01-22,Long-only Tangency Portfolio,0.0064589145483653,0.0228308577797207,0.0314538079340518,False,False,EWMA-t
2026-01-22,Long-only Tangency Portfolio,0.0064589145483653,0.0273351109086744,0.0403493606230881,False,False,GARCH-t
2026-01-23,Long-only Tangency Portfolio,0.0095579548677247,0.0317305638030246,0.0534185360877964,False,False,Historical VaR
2026-01-23,Long-only Tangency Portfolio,0.0095579548677247,0.0222790233421857,0.0306935520305246,False,False,EWMA-t
2026-01-23,Long-only Tangency Portfolio,0.0095579548677247,0.0260089731856712,0.0384469039909859,False,False,GARCH-t
2026-01-26,Long-only Tangency Portfolio,0.0081745116302332,0.0317305638030246,0.0534185360877964,False,False,Historical VaR
2026-01-26,Long-only Tangency Portfolio,0.0081745116302332,0.0219214150420891,0.0302008792235987,False,False,EWMA-t
2026-01-26,Long-only Tangency Portfolio,0.0081745116302332,0.0249785134728686,0.036968622451497,False,False,GARCH-t
2026-01-27,Long-only Tangency Portfolio,0.0114825390239658,0.0317305638030246,0.0534185360877964,False,False,Historical VaR
2026-01-27,Long-only Tangency Portfolio,0.0114825390239658,0.0214927347578934,0.0296102913685868,False,False,EWMA-t
2026-01-27,Long-only Tangency Portfolio,0.0114825390239658,0.0239695710765047,0.035521209320812,False,False,GARCH-t
2026-01-28,Long-only Tangency Portfolio,0.0064933312289177,0.0317305638030246,0.0534185360877964,False,False,Historical VaR
2026-01-28,Long-only Tangency Portfolio,0.0064933312289177,0.0213164441542094,0.0293674178487939,False,False,EWMA-t
2026-01-28,Long-only Tangency Portfolio,0.0064933312289177,0.0233183635948086,0.0345869971564663,False,False,GARCH-t
2026-01-29,Long-only Tangency Portfolio,0.0019962548886482,0.0285598719518923,0.0490883940545024,False,False,Historical VaR
2026-01-29,Long-only Tangency Portfolio,0.0019962548886482,0.0208225174677357,0.0286869407821964,False,False,EWMA-t
2026-01-29,Long-only Tangency Portfolio,0.0019962548886482,0.0224006386247032,0.033270443132297,False,False,GARCH-t
2026-01-30,Long-only Tangency Portfolio,-0.0026031455231278,0.0285598719518923,0.0490883940545024,False,False,Historical VaR
2026-01-30,Long-only Tangency Portfolio,-0.0026031455231278,0.0202032721502755,0.0278338136913363,False,False,EWMA-t
2026-01-30,Long-only Tangency Portfolio,-0.0026031455231278,0.0214986057447949,0.031976400737613,False,False,GARCH-t
2026-02-02,Long-only Tangency Portfolio,-0.0015072314208829,0.0285598719518923,0.0490883940545024,False,False,Historical VaR
2026-02-02,Long-only Tangency Portfolio,-0.0015072314208829,0.0196142417669749,0.0270223133647864,False,False,EWMA-t
2026-02-02,Long-only Tangency Portfolio,-0.0015072314208829,0.0208479920062103,0.0310430403479364,False,False,GARCH-t
2026-02-03,Long-only Tangency Portfolio,-0.0181726838434379,0.0285598719518923,0.0490883940545024,False,False,Historical VaR
2026-02-03,Long-only Tangency Portfolio,-0.0181726838434379,0.0190258479204267,0.0262116899875366,False,False,EWMA-t
2026-02-03,Long-only Tangency Portfolio,-0.0181726838434379,0.02021125325908,0.0301295848060405,False,False,GARCH-t
2026-02-04,Long-only Tangency Portfolio,-0.0092743898532231,0.0285598719518923,0.0490883940545024,False,False,Historical VaR
2026-02-04,Long-only Tangency Portfolio,-0.0092743898532231,0.0197682316576785,0.027234463450986,False,False,EWMA-t
2026-02-04,Long-only Tangency Portfolio,-0.0092743898532231,0.0220461753398358,0.0327619355953832,False,False,GARCH-t
2026-02-05,Long-only Tangency Portfolio,-0.010302616930349,0.0266180611440681,0.0489121555511963,False,False,Historical VaR
2026-02-05,Long-only Tangency Portfolio,-0.010302616930349,0.0195062539486676,0.0268735398001212,False,False,EWMA-t
2026-02-05,Long-only Tangency Portfolio,-0.010302616930349,0.0219713703159435,0.0326546214670314,False,False,GARCH-t
2026-02-06,Long-only Tangency Portfolio,0.0490975903643865,0.0266180611440681,0.0489121555511963,False,False,Historical VaR
2026-02-06,Long-only Tangency Portfolio,0.0490975903643865,0.0193365340565584,0.026639718673447,False,False,EWMA-t
2026-02-06,Long-only Tangency Portfolio,0.0490975903643865,0.0220472764763751,0.0327635152688031,False,False,GARCH-t
2026-02-09,Long-only Tangency Portfolio,0.0110181052176286,0.0266180611440681,0.0489121555511963,False,False,Historical VaR
2026-02-09,Long-only Tangency Portfolio,0.0110181052176286,0.026836954608793,0.0369729610662998,False,False,EWMA-t
2026-02-09,Long-only Tangency Portfolio,0.0110181052176286,0.031330583905336,0.046081204283843,False,False,GARCH-t
2026-02-10,Long-only Tangency Portfolio,-0.0058958309552449,0.0266180611440681,0.0489121555511963,False,False,Historical VaR
2026-02-10,Long-only Tangency Portfolio,-0.0058958309552449,0.026373843514675,0.0363349382838419,False,False,EWMA-t
2026-02-10,Long-only Tangency Portfolio,-0.0058958309552449,0.0298610508000744,0.0439730348579199,False,False,GARCH-t
2026-02-11,Long-only Tangency Portfolio,0.0063726643334114,0.0266180611440681,0.0489121555511963,False,False,Historical VaR
2026-02-11,Long-only Tangency Portfolio,0.0063726643334114,0.0256741570669217,0.0353709883808628,False,False,EWMA-t
2026-02-11,Long-only Tangency Portfolio,0.0063726643334114,0.0285452216146096,0.0420853666940643,False,False,GARCH-t
2026-02-12,Long-only Tangency Portfolio,-0.0289996059994183,0.0266180611440681,0.0489121555511963,True,False,Historical VaR
2026-02-12,Long-only Tangency Portfolio,-0.0289996059994183,0.0250164945301108,0.034464934332528,True,False,EWMA-t
2026-02-12,Long-only Tangency Portfolio,-0.0289996059994183,0.0270993306443692,0.0400111139087645,True,False,GARCH-t
2026-02-13,Long-only Tangency Portfolio,-0.0215591642332165,0.0281907048888917,0.0490252885736476,False,False,Historical VaR
2026-02-13,Long-only Tangency Portfolio,-0.0215591642332165,0.0267754179387051,0.036888182709721,False,False,EWMA-t
2026-02-13,Long-only Tangency Portfolio,-0.0215591642332165,0.0301598154599109,0.0444016380102806,False,False,GARCH-t
2026-02-17,Long-only Tangency Portfolio,0.018639899606959,0.0281907048888917,0.0490252885736476,False,False,Historical VaR
2026-02-17,Long-only Tangency Portfolio,0.018639899606959,0.0272948620676046,0.037603814860756,False,False,EWMA-t
2026-02-17,Long-only Tangency Portfolio,0.018639899606959,0.0309312688143369,0.0455724197853942,False,False,GARCH-t
2026-02-18,Long-only Tangency Portfolio,0.0103102229111952,0.0281907048888917,0.0490252885736476,False,False,Historical VaR
2026-02-18,Long-only Tangency Portfolio,0.0103102229111952,0.0274492086221427,0.0378164563185832,False,False,EWMA-t
2026-02-18,Long-only Tangency Portfolio,0.0103102229111952,0.0302978099855891,0.0446621938297337,False,False,GARCH-t
2026-02-19,Long-only Tangency Portfolio,-0.0057879348032062,0.0281907048888917,0.0490252885736476,False,False,Historical VaR
2026-02-19,Long-only Tangency Portfolio,-0.0057879348032062,0.026916774266463,0.0370829276827947,False,False,EWMA-t
2026-02-19,Long-only Tangency Portfolio,-0.0057879348032062,0.0289123901120399,0.0426714644071362,False,False,GARCH-t
2026-02-20,Long-only Tangency Portfolio,0.011705242230562,0.0281907048888917,0.0490252885736476,False,False,Historical VaR
2026-02-20,Long-only Tangency Portfolio,0.011705242230562,0.0261947824085168,0.0360882478749269,False,False,EWMA-t
2026-02-20,Long-only Tangency Portfolio,0.011705242230562,0.0277095411496067,0.0409430737104426,False,False,GARCH-t
2026-02-23,Long-only Tangency Portfolio,0.0063770321130173,0.0281907048888917,0.0490252885736476,False,False,Historical VaR
2026-02-23,Long-only Tangency Portfolio,0.0063770321130173,0.025806123045687,0.0355527963790538,False,False,EWMA-t
2026-02-23,Long-only Tangency Portfolio,0.0063770321130173,0.0266910762228139,0.0394796270439414,False,False,GARCH-t
2026-02-24,Long-only Tangency Portfolio,0.0130157776297011,0.0281907048888917,0.0490252885736476,False,False,Historical VaR
2026-02-24,Long-only Tangency Portfolio,0.0130157776297011,0.0251439763001151,0.034640564488324,False,False,EWMA-t
2026-02-24,Long-only Tangency Portfolio,0.0130157776297011,0.0254561700767497,0.0377051729264192,False,False,GARCH-t
2026-02-25,Long-only Tangency Portfolio,0.0121776853195977,0.0281907048888917,0.0490252885736476,False,False,Historical VaR
2026-02-25,Long-only Tangency Portfolio,0.0121776853195977,0.0249038499421496,0.0343097451903273,False,False,EWMA-t
2026-02-25,Long-only Tangency Portfolio,0.0121776853195977,0.0248077383436263,0.0367734321925666,False,False,GARCH-t
2026-02-26,Long-only Tangency Portfolio,-0.0330892120517412,0.0281907048888917,0.0490252885736476,True,False,Historical VaR
2026-02-26,Long-only Tangency Portfolio,-0.0330892120517412,0.024610466261868,0.03390555389714,True,False,EWMA-t
2026-02-26,Long-only Tangency Portfolio,-0.0330892120517412,0.0241513000688634,0.0358301867457247,True,False,GARCH-t
2026-02-27,Long-only Tangency Portfolio,-0.0372372013076619,0.0308399287229636,0.0493398736545955,True,False,Historical VaR
2026-02-27,Long-only Tangency Portfolio,-0.0372372013076619,0.0271445204347321,0.0373966909370521,True,False,EWMA-t
2026-02-27,Long-only Tangency Portfolio,-0.0372372013076619,0.0290200694275538,0.0428261903394626,True,False,GARCH-t
2026-03-02,Long-only Tangency Portfolio,0.0185217302656724,0.0335286429436903,0.0496589497512048,False,False,Historical VaR
2026-03-02,Long-only Tangency Portfolio,0.0185217302656724,0.0300787370726148,0.0414391271632915,False,False,EWMA-t
2026-03-02,Long-only Tangency Portfolio,0.0185217302656724,0.0338536890417234,0.0497716867678639,False,False,GARCH-t
2026-03-03,Long-only Tangency Portfolio,-0.0085718770660354,0.0308399287229636,0.0480214299907204,False,False,Historical VaR
2026-03-03,Long-only Tangency Portfolio,-0.0085718770660354,0.0300487098362969,0.0413977589881205,False,False,EWMA-t
2026-03-03,Long-only Tangency Portfolio,-0.0085718770660354,0.0328676285776732,0.0483548025324615,False,False,GARCH-t
2026-03-04,Long-only Tangency Portfolio,0.0078657482976455,0.0308399287229636,0.0480214299907204,False,False,Historical VaR
2026-03-04,Long-only Tangency Portfolio,0.0078657482976455,0.0293255781851011,0.040401508900314,False,False,EWMA-t
2026-03-04,Long-only Tangency Portfolio,0.0078657482976455,0.0314887650579146,0.0463734940274105,False,False,GARCH-t
2026-03-05,Long-only Tangency Portfolio,-0.0018376506857311,0.0281907048888917,0.0458740951275715,False,False,Historical VaR
2026-03-05,Long-only Tangency Portfolio,-0.0018376506857311,0.0285981582431723,0.039399350884107,False,False,EWMA-t
2026-03-05,Long-only Tangency Portfolio,-0.0018376506857311,0.0298571003986971,0.0440289319874597,False,False,GARCH-t
2026-03-06,Long-only Tangency Portfolio,-0.0216868447918608,0.0281907048888917,0.0458740951275715,False,False,Historical VaR
2026-03-06,Long-only Tangency Portfolio,-0.0216868447918608,0.0277362571765997,0.0382119197824071,False,False,EWMA-t
2026-03-06,Long-only Tangency Portfolio,-0.0216868447918608,0.0283419343667011,0.0418517684736381,False,False,GARCH-t
2026-03-09,Long-only Tangency Portfolio,0.019305933036645,0.0281907048888917,0.0458740951275715,False,False,Historical VaR
2026-03-09,Long-only Tangency Portfolio,0.019305933036645,0.028197313809462,0.0388471121574238,False,False,EWMA-t
2026-03-09,Long-only Tangency Portfolio,0.019305933036645,0.0294364240595848,0.0434244562024285,False,False,GARCH-t
2026-03-10,Long-only Tangency Portfolio,0.0077573453199753,0.0266180611440681,0.0453712606323862,False,False,Historical VaR
2026-03-10,Long-only Tangency Portfolio,0.0077573453199753,0.0283619368451644,0.0390739114041479,False,False,EWMA-t
2026-03-10,Long-only Tangency Portfolio,0.0077573453199753,0.0290767479367962,0.0429076324915005,False,False,GARCH-t
2026-03-11,Long-only Tangency Portfolio,0.0038430123770181,0.0266180611440681,0.0453712606323862,False,False,Historical VaR
2026-03-11,Long-only Tangency Portfolio,0.0038430123770181,0.0276647955012238,0.0381134678611693,False,False,EWMA-t
2026-03-11,Long-only Tangency Portfolio,0.0038430123770181,0.0276673940636876,0.0408825119662249,False,False,GARCH-t
2026-03-12,Long-only Tangency Portfolio,-0.0167135327827601,0.0254955318551196,0.0435788431944378,False,False,Historical VaR
2026-03-12,Long-only Tangency Portfolio,-0.0167135327827601,0.0268640966175833,0.0370103542969734,False,False,EWMA-t
2026-03-12,Long-only Tangency Portfolio,-0.0167135327827601,0.0262784093592382,0.038886660187658,False,False,GARCH-t
2026-03-13,Long-only Tangency Portfolio,-0.0182054285876905,0.0254955318551196,0.0435788431944378,False,False,Historical VaR
2026-03-13,Long-only Tangency Portfolio,-0.0182054285876905,0.0268535091310022,0.0369957680395214,False,False,EWMA-t
2026-03-13,Long-only Tangency Portfolio,-0.0182054285876905,0.0267578897678165,0.0395756323722929,False,False,GARCH-t
2026-03-16,Long-only Tangency Portfolio,0.0140760251739836,0.0254955318551196,0.0435788431944378,False,False,Historical VaR
2026-03-16,Long-only Tangency Portfolio,0.0140760251739836,0.0269915835740187,0.0371859915980554,False,False,EWMA-t
2026-03-16,Long-only Tangency Portfolio,0.0140760251739836,0.0274327113016791,0.040545292984293,False,False,GARCH-t
2026-03-17,Long-only Tangency Portfolio,-0.001941843995047,0.0254955318551196,0.0435788431944378,False,False,Historical VaR
2026-03-17,Long-only Tangency Portfolio,-0.001941843995047,0.0267421435672694,0.0368423409941638,False,False,EWMA-t
2026-03-17,Long-only Tangency Portfolio,-0.001941843995047,0.0266633526758178,0.0394116604779866,False,False,GARCH-t
2026-03-18,Long-only Tangency Portfolio,-0.0120878575120991,0.0254955318551196,0.0435788431944378,False,False,Historical VaR
2026-03-18,Long-only Tangency Portfolio,-0.0120878575120991,0.0259385916229066,0.0357352968013053,False,False,EWMA-t
2026-03-18,Long-only Tangency Portfolio,-0.0120878575120991,0.0254725296196908,0.0377015347952611,False,False,GARCH-t
2026-03-19,Long-only Tangency Portfolio,-0.0076511325102138,0.0254955318551196,0.0435788431944378,False,False,Historical VaR
2026-03-19,Long-only Tangency Portfolio,-0.0076511325102138,0.0255889404867326,0.0352535864868155,False,False,EWMA-t
2026-03-19,Long-only Tangency Portfolio,-0.0076511325102138,0.0253327460304196,0.0375007933796441,False,False,GARCH-t
2026-03-20,Long-only Tangency Portfolio,-0.0210782190024264,0.0254955318551196,0.0435788431944378,False,False,Historical VaR
2026-03-20,Long-only Tangency Portfolio,-0.0210782190024264,0.0249892237843808,0.0344273637424659,False,False,EWMA-t
2026-03-20,Long-only Tangency Portfolio,-0.0210782190024264,0.0246833128975748,0.0365681508061093,False,False,GARCH-t
2026-03-23,Long-only Tangency Portfolio,0.0153684985791291,0.0254955318551196,0.0435788431944378,False,False,Historical VaR
2026-03-23,Long-only Tangency Portfolio,0.0153684985791291,0.0255921585172717,0.0352580199301614,False,False,EWMA-t
2026-03-23,Long-only Tangency Portfolio,0.0153684985791291,0.0262648814750443,0.0388394211089527,False,False,GARCH-t
2026-03-24,Long-only Tangency Portfolio,-0.002216870898018,0.0254955318551196,0.0435788431944378,False,False,Historical VaR
2026-03-24,Long-only Tangency Portfolio,-0.002216870898018,0.0255302187547372,0.0351726862377947,False,False,EWMA-t
2026-03-24,Long-only Tangency Portfolio,-0.002216870898018,0.025786993785144,0.0381531327407924,False,False,GARCH-t
2026-03-25,Long-only Tangency Portfolio,0.0127628502551584,0.0254955318551196,0.0435788431944378,False,False,Historical VaR
2026-03-25,Long-only Tangency Portfolio,0.0127628502551584,0.0247676470012325,0.0341220999785269,False,False,EWMA-t
2026-03-25,Long-only Tangency Portfolio,0.0127628502551584,0.0246951431742407,0.0365851401143496,False,False,GARCH-t
2026-03-26,Long-only Tangency Portfolio,-0.0240528911358749,0.0254955318551196,0.0435788431944378,False,False,Historical VaR
2026-03-26,Long-only Tangency Portfolio,-0.0240528911358749,0.0245264779409398,0.033789844161629,False,False,EWMA-t
2026-03-26,Long-only Tangency Portfolio,-0.0240528911358749,0.0241162435066291,0.0357537897435198,False,False,GARCH-t
2026-03-27,Long-only Tangency Portfolio,-0.019703178744774,0.0254955318551196,0.0435788431944378,False,False,Historical VaR
2026-03-27,Long-only Tangency Portfolio,-0.019703178744774,0.0255725822162006,0.0352310498872531,False,False,EWMA-t
2026-03-27,Long-only Tangency Portfolio,-0.019703178744774,0.0264876266656856,0.0391593026138155,False,False,GARCH-t
2026-03-30,Long-only Tangency Portfolio,-0.0112159912050688,0.0245631583642154,0.0426419496030287,False,False,Historical VaR
2026-03-30,Long-only Tangency Portfolio,-0.0112159912050688,0.0259635575963753,0.0357696921333575,False,False,EWMA-t
2026-03-30,Long-only Tangency Portfolio,-0.0112159912050688,0.027475647872453,0.0405781871677187,False,False,GARCH-t
2026-03-31,Long-only Tangency Portfolio,0.0445600250139393,0.0245631583642154,0.0426419496030287,False,False,Historical VaR
2026-03-31,Long-only Tangency Portfolio,0.0445600250139393,0.0255519826527267,0.0352026701076021,False,False,EWMA-t
2026-03-31,Long-only Tangency Portfolio,0.0445600250139393,0.0269717178991828,0.0398544998111878,False,False,GARCH-t
2026-04-01,Long-only Tangency Portfolio,0.0071787708036812,0.0245631583642154,0.0426419496030287,False,False,Historical VaR
2026-04-01,Long-only Tangency Portfolio,0.0071787708036812,0.0302898302277361,0.0417299477545036,False,False,EWMA-t
2026-04-01,Long-only Tangency Portfolio,0.0071787708036812,0.032937631735139,0.0484220719784405,False,False,GARCH-t
2026-04-02,Long-only Tangency Portfolio,0.0062233543899267,0.0245631583642154,0.0426419496030287,False,False,Historical VaR
2026-04-02,Long-only Tangency Portfolio,0.0062233543899267,0.0295009975282414,0.0406431820945621,False,False,EWMA-t
2026-04-02,Long-only Tangency Portfolio,0.0062233543899267,0.0311654364547119,0.0458770451180097,False,False,GARCH-t
2026-04-06,Long-only Tangency Portfolio,0.0051999902041084,0.0245631583642154,0.0426419496030287,False,False,Historical VaR
2026-04-06,Long-only Tangency Portfolio,0.0051999902041084,0.02870566184968,0.0395474573557927,False,False,EWMA-t
2026-04-06,Long-only Tangency Portfolio,0.0051999902041084,0.0295209056945816,0.043515355634034,False,False,GARCH-t
2026-04-07,Long-only Tangency Portfolio,-0.0065862953577747,0.0245631583642154,0.0426419496030287,False,False,Historical VaR
2026-04-07,Long-only Tangency Portfolio,-0.0065862953577747,0.0279053851085032,0.0384449253723722,False,False,EWMA-t
2026-04-07,Long-only Tangency Portfolio,-0.0065862953577747,0.0279990755167395,0.0413298748789511,False,False,GARCH-t
2026-04-08,Long-only Tangency Portfolio,0.021308453891978,0.0238937671076412,0.0382159132727067,False,False,Historical VaR
2026-04-08,Long-only Tangency Portfolio,0.021308453891978,0.0271776338776225,0.0374423109432192,False,False,EWMA-t
2026-04-08,Long-only Tangency Portfolio,0.021308453891978,0.0269631607321963,0.0398422109736819,False,False,GARCH-t
2026-04-09,Long-only Tangency Portfolio,0.0080328990861085,0.0229515161698726,0.034514581861395,False,False,Historical VaR
2026-04-09,Long-only Tangency Portfolio,0.0080328990861085,0.0276362834296856,0.0380741871109401,False,False,EWMA-t
2026-04-09,Long-only Tangency Portfolio,0.0080328990861085,0.0272409177586413,0.0402410942687585,False,False,GARCH-t
2026-04-10,Long-only Tangency Portfolio,0.0145275655121485,0.0229515161698726,0.034514581861395,False,False,Historical VaR
2026-04-10,Long-only Tangency Portfolio,0.0145275655121485,0.0269779414871598,0.0371671970532327,False,False,EWMA-t
2026-04-10,Long-only Tangency Portfolio,0.0145275655121485,0.0260374571389943,0.0385128199435193,False,False,GARCH-t
2026-04-13,Long-only Tangency Portfolio,0.0015391773177058,0.0221657893175049,0.0341113686245156,False,False,Historical VaR
2026-04-13,Long-only Tangency Portfolio,0.0015391773177058,0.0267661338541091,0.036875392134065,False,False,EWMA-t
2026-04-13,Long-only Tangency Portfolio,0.0015391773177058,0.0254895114511382,0.0377259221850991,False,False,GARCH-t
2026-04-14,Long-only Tangency Portfolio,0.0221807140577873,0.0221657893175049,0.0341113686245156,False,False,Historical VaR
2026-04-14,Long-only Tangency Portfolio,0.0221807140577873,0.0259577112138945,0.0357616376400295,False,False,EWMA-t
2026-04-14,Long-only Tangency Portfolio,0.0221807140577873,0.0243207992408303,0.0360475496038167,False,False,GARCH-t
2026-04-15,Long-only Tangency Portfolio,0.0200079344119033,0.0219824661234986,0.0318621466763654,False,False,Historical VaR
2026-04-15,Long-only Tangency Portfolio,0.0200079344119033,0.0266202047423648,0.0366743472895358,False,False,EWMA-t
2026-04-15,Long-only Tangency Portfolio,0.0200079344119033,0.0251548572243208,0.0372099129968139,False,False,GARCH-t
2026-04-16,Long-only Tangency Portfolio,-0.005081057911862,0.0219824661234986,0.0318621466763654,False,False,Historical VaR
2026-04-16,Long-only Tangency Portfolio,-0.005081057911862,0.0269695250246646,0.0371556017904808,False,False,EWMA-t
2026-04-16,Long-only Tangency Portfolio,-0.005081057911862,0.0254733466025142,0.0376668868459646,False,False,GARCH-t
2026-04-17,Long-only Tangency Portfolio,0.0199230868417672,0.0219824661234986,0.0318621466763654,False,False,Historical VaR
2026-04-17,Long-only Tangency Portfolio,0.0199230868417672,0.026223335254224,0.0361275847992558,False,False,EWMA-t
2026-04-17,Long-only Tangency Portfolio,0.0199230868417672,0.0245946485276363,0.0364061162551334,False,False,GARCH-t
2026-04-20,Long-only Tangency Portfolio,0.0047045622791298,0.0219824661234986,0.0318621466763654,False,False,Historical VaR
2026-04-20,Long-only Tangency Portfolio,0.0047045622791298,0.0265917906063966,0.0366352014640052,False,False,EWMA-t
2026-04-20,Long-only Tangency Portfolio,0.0047045622791298,0.0249803594618946,0.0369595407093096,False,False,GARCH-t
2026-04-21,Long-only Tangency Portfolio,-0.0154141260333035,0.0217889231082789,0.0292417282078252,False,False,Historical VaR
2026-04-21,Long-only Tangency Portfolio,-0.0154141260333035,0.0258472761377887,0.0356094925166824,False,False,EWMA-t
2026-04-21,Long-only Tangency Portfolio,-0.0154141260333035,0.0238899735985002,0.0353950369639056,False,False,GARCH-t
2026-04-22,Long-only Tangency Portfolio,0.0184984104837577,0.0217889231082789,0.0292417282078252,False,False,Historical VaR
2026-04-22,Long-only Tangency Portfolio,0.0184984104837577,0.0257748452225245,0.0355097052848933,False,False,EWMA-t
2026-04-22,Long-only Tangency Portfolio,0.0184984104837577,0.0244869999383533,0.0362516602714541,False,False,GARCH-t
2026-04-23,Long-only Tangency Portfolio,-0.0092466548215264,0.0216166204846065,0.0282674018421487,False,False,Historical VaR
2026-04-23,Long-only Tangency Portfolio,-0.0092466548215264,0.0260159256856291,0.035841839042473,False,False,EWMA-t
2026-04-23,Long-only Tangency Portfolio,-0.0092466548215264,0.0246628367582085,0.0365039538607959,False,False,GARCH-t
2026-04-24,Long-only Tangency Portfolio,0.0223134032441079,0.0216166204846065,0.0282674018421487,False,False,Historical VaR
2026-04-24,Long-only Tangency Portfolio,0.0223134032441079,0.0254813273841906,0.0351053291637135,False,False,EWMA-t
2026-04-24,Long-only Tangency Portfolio,0.0223134032441079,0.0242666624788283,0.0359355164252687,False,False,GARCH-t
2026-04-27,Long-only Tangency Portfolio,0.0181259987344608,0.0216166204846065,0.0282674018421487,False,False,Historical VaR
2026-04-27,Long-only Tangency Portfolio,0.0181259987344608,0.0262012213144761,0.0360971186809783,False,False,EWMA-t
2026-04-27,Long-only Tangency Portfolio,0.0181259987344608,0.025120295768827,0.0371603236464913,False,False,GARCH-t
2026-04-28,Long-only Tangency Portfolio,-0.0042590944678656,0.0216166204846065,0.0282674018421487,False,False,Historical VaR
2026-04-28,Long-only Tangency Portfolio,-0.0042590944678656,0.0263737292566155,0.0363347808718386,False,False,EWMA-t
2026-04-28,Long-only Tangency Portfolio,-0.0042590944678656,0.0251538620826968,0.0372084851510848,False,False,GARCH-t
2026-04-29,Long-only Tangency Portfolio,-0.0117701805433517,0.0216166204846065,0.0282674018421487,False,False,Historical VaR
2026-04-29,Long-only Tangency Portfolio,-0.0117701805433517,0.0256244825752984,0.0353025524099582,False,False,EWMA-t
2026-04-29,Long-only Tangency Portfolio,-0.0117701805433517,0.0242513771652709,0.0359135848035254,False,False,GARCH-t
2026-04-30,Long-only Tangency Portfolio,-0.0263977149195611,0.0216166204846065,0.0282674018421487,True,False,Historical VaR
2026-04-30,Long-only Tangency Portfolio,-0.0263977149195611,0.0252667730666901,0.0348097401692397,True,False,EWMA-t
2026-04-30,Long-only Tangency Portfolio,-0.0263977149195611,0.0242276492983537,0.0358795396660114,True,False,GARCH-t
2026-05-01,Long-only Tangency Portfolio,0.0099266741685154,0.0217889231082789,0.0286297764673564,False,False,Historical VaR
2026-05-01,Long-only Tangency Portfolio,0.0099266741685154,0.0265838941177224,0.036624322563155,False,False,EWMA-t
2026-05-01,Long-only Tangency Portfolio,0.0099266741685154,0.0271259531835467,0.0400380742141279,False,False,GARCH-t
2026-05-06,Long-only Tangency Portfolio,0.0376986564778035,0.0217889231082789,0.0286297764673564,False,False,Historical VaR
2026-05-06,Long-only Tangency Portfolio,0.0376986564778035,0.0260648247469141,0.0359092067119952,False,False,EWMA-t
2026-05-06,Long-only Tangency Portfolio,0.0376986564778035,0.026055788883024,0.0385025847029622,False,False,GARCH-t
2026-05-07,Long-only Tangency Portfolio,0.0106823196388212,0.0217889231082789,0.0286297764673564,False,False,Historical VaR
2026-05-07,Long-only Tangency Portfolio,0.0106823196388212,0.0292577730249567,0.0403080945176965,False,False,EWMA-t
2026-05-07,Long-only Tangency Portfolio,0.0106823196388212,0.0301774461472065,0.0444164069961192,False,False,GARCH-t
2026-05-08,Long-only Tangency Portfolio,0.0174789992542064,0.0217889231082789,0.0286297764673564,False,False,Historical VaR
2026-05-08,Long-only Tangency Portfolio,0.0174789992542064,0.0286725023240472,0.039501773861966,False,False,EWMA-t
2026-05-08,Long-only Tangency Portfolio,0.0174789992542064,0.0288553129681296,0.0425193883534257,False,False,GARCH-t
2026-05-11,Long-only Tangency Portfolio,0.0102667715377554,0.0217889231082789,0.0286297764673564,False,False,Historical VaR
2026-05-11,Long-only Tangency Portfolio,0.0102667715377554,0.0286272861724357,0.0394394800943806,False,False,EWMA-t
2026-05-11,Long-only Tangency Portfolio,0.0102667715377554,0.0283292563319169,0.0417645935552913,False,False,GARCH-t
2026-05-12,Long-only Tangency Portfolio,0.0058718467270691,0.0217889231082789,0.0286297764673564,False,False,Historical VaR
2026-05-12,Long-only Tangency Portfolio,0.0058718467270691,0.0280441558125895,0.0386361081617058,False,False,EWMA-t
2026-05-12,Long-only Tangency Portfolio,0.0058718467270691,0.0271610439309649,0.0400884230012938,False,False,GARCH-t
2026-05-13,Long-only Tangency Portfolio,0.0182674668679587,0.0217889231082789,0.0286297764673564,False,False,Historical VaR
2026-05-13,Long-only Tangency Portfolio,0.0182674668679587,0.0272866362209995,0.0375924822073048,False,False,EWMA-t
2026-05-13,Long-only Tangency Portfolio,0.0182674668679587,0.0258904211359589,0.038265312313125,False,False,GARCH-t
2026-05-14,Long-only Tangency Portfolio,0.0247804748001653,0.0217889231082789,0.0286297764673564,False,False,Historical VaR
2026-05-14,Long-only Tangency Portfolio,0.0247804748001653,0.0274031806538104,0.0377530441205183,False,False,EWMA-t
2026-05-14,Long-only Tangency Portfolio,0.0247804748001653,0.025841709171777,0.0381954195779319,False,False,GARCH-t
2026-05-15,Long-only Tangency Portfolio,-0.021658513718855,0.0217889231082789,0.0286297764673564,False,False,Historical VaR
2026-05-15,Long-only Tangency Portfolio,-0.021658513718855,0.0282810041410251,0.0389624113564431,False,False,EWMA-t
2026-05-15,Long-only Tangency Portfolio,-0.021658513718855,0.0268322131248187,0.039546401260766,False,False,GARCH-t
2026-05-18,Long-only Tangency Portfolio,-0.0142320327136996,0.0217889231082789,0.0286297764673564,False,False,Historical VaR
2026-05-18,Long-only Tangency Portfolio,-0.0142320327136996,0.0286981701529031,0.0395371361320439,False,False,EWMA-t
2026-05-18,Long-only Tangency Portfolio,-0.0142320327136996,0.0281362220547437,0.0414132640922872,False,False,GARCH-t
2026-05-19,Long-only Tangency Portfolio,-0.0044698603283449,0.0217889231082789,0.0286297764673564,False,False,Historical VaR
2026-05-19,Long-only Tangency Portfolio,-0.0044698603283449,0.0283752504756564,0.0390922534384438,False,False,EWMA-t
2026-05-19,Long-only Tangency Portfolio,-0.0044698603283449,0.0279554703315949,0.0411544938753536,False,False,GARCH-t
