Date,Portfolio,Return,Model,"Rolling VaR (95%, 252D)","Rolling ES (95%, 252D)",VaR Breach,Loss Exceeds ES
2025-01-02,Equal Weighted Portfolio,0.00031050378128456553,EWMA-t,0.0201964742746924,0.027501133636174017,False,False
2025-01-03,Equal Weighted Portfolio,0.01701313207666073,EWMA-t,0.01958158901257541,0.0266638567167276,False,False
2025-01-06,Equal Weighted Portfolio,0.01839299116534883,EWMA-t,0.020129410348466353,0.02740981403393928,False,False
2025-01-07,Equal Weighted Portfolio,-0.02336886131547289,EWMA-t,0.02081339876998645,0.028341187338506144,True,False
2025-01-08,Equal Weighted Portfolio,7.473706041158928e-05,EWMA-t,0.02217333379014081,0.030192983558831717,False,False
2025-01-10,Equal Weighted Portfolio,-0.018603340204443743,EWMA-t,0.021497864807096517,0.029273211002635167,False,False
2025-01-13,Equal Weighted Portfolio,-0.008202434768141375,EWMA-t,0.022089548419755353,0.03007889470171797,False,False
2025-01-14,Equal Weighted Portfolio,-0.005821534603803214,EWMA-t,0.02165815366065813,0.029491473117211807,False,False
2025-01-15,Equal Weighted Portfolio,0.027196766310019528,EWMA-t,0.021122783178815847,0.028762469878044622,False,False
2025-01-16,Equal Weighted Portfolio,-0.017829390868250885,EWMA-t,0.023103796194842593,0.03145997553907077,False,False
2025-01-17,Equal Weighted Portfolio,0.01781817313828249,EWMA-t,0.023471626421563523,0.03196084257570756,False,False
2025-01-21,Equal Weighted Portfolio,0.004229156217570295,EWMA-t,0.02381090810805876,0.032422835638145395,False,False
2025-01-22,Equal Weighted Portfolio,0.022320519681787897,EWMA-t,0.023145359990555704,0.03151657212542471,False,False
2025-01-23,Equal Weighted Portfolio,0.00017962085444696023,EWMA-t,0.02409583263309372,0.03281081164487983,False,False
2025-01-24,Equal Weighted Portfolio,-0.006381883477658201,EWMA-t,0.023361883284688637,0.031811407548989507,False,False
2025-01-27,Equal Weighted Portfolio,-0.039427049894391636,EWMA-t,0.02278879759420173,0.031031048267230688,True,True
2025-01-28,Equal Weighted Portfolio,0.03670329376481845,EWMA-t,0.026991862053856827,0.03675427677802425,False,False
2025-01-29,Equal Weighted Portfolio,-0.010252224755668515,EWMA-t,0.029885970733158657,0.040695126476073984,False,False
2025-01-30,Equal Weighted Portfolio,-0.00882683255419714,EWMA-t,0.029254660954710666,0.03983548462241257,False,False
2025-01-31,Equal Weighted Portfolio,-0.0031306641762167903,EWMA-t,0.028575054833941998,0.03891007860881738,False,False
2025-02-03,Equal Weighted Portfolio,-0.017544252168799467,EWMA-t,0.027731884115366544,0.03776194996545764,False,False
2025-02-04,Equal Weighted Portfolio,0.017231580184723594,EWMA-t,0.027758118387123137,0.03779767264673423,False,False
2025-02-05,Equal Weighted Portfolio,-0.00816177669368099,EWMA-t,0.027752477980924603,0.037789992218827936,False,False
2025-02-06,Equal Weighted Portfolio,0.01030089512383432,EWMA-t,0.027097776697625257,0.03689849862252477,False,False
2025-02-07,Equal Weighted Portfolio,-0.020400112770167844,EWMA-t,0.026582720723912222,0.03619715724132433,False,False
2025-02-10,Equal Weighted Portfolio,0.0118039718799412,EWMA-t,0.026992581374740775,0.03675525626283372,False,False
2025-02-11,Equal Weighted Portfolio,0.0013081054675115893,EWMA-t,0.02657875933386018,0.03619176309600349,False,False
2025-02-12,Equal Weighted Portfolio,-0.005056884128545281,EWMA-t,0.025774197104436965,0.035096206857372685,False,False
2025-02-13,Equal Weighted Portfolio,0.014897715558289405,EWMA-t,0.025068011897723824,0.03413460863594237,False,False
2025-02-14,Equal Weighted Portfolio,0.004234630044694443,EWMA-t,0.025000452690214312,0.03404261461912522,False,False
2025-02-18,Equal Weighted Portfolio,-0.0016421460115814356,EWMA-t,0.02429597386368608,0.03308333994134224,False,False
2025-02-19,Equal Weighted Portfolio,0.0040019032610624896,EWMA-t,0.023564670627982592,0.032087539004004906,False,False
2025-02-20,Equal Weighted Portfolio,-0.0007267146585347552,EWMA-t,0.022900932734370497,0.031183740436821726,False,False
2025-02-21,Equal Weighted Portfolio,-0.023217714968921978,EWMA-t,0.022205117112285462,0.03023626227064118,True,False
2025-02-24,Equal Weighted Portfolio,-0.010977670799119887,EWMA-t,0.02338472383715489,0.03184250907082719,False,False
2025-02-25,Equal Weighted Portfolio,-0.012803616120480955,EWMA-t,0.023079655164894228,0.03142710318314888,False,False
2025-02-26,Equal Weighted Portfolio,0.0013021208893986723,EWMA-t,0.022936025204393792,0.03123152514887631,False,False
2025-02-27,Equal Weighted Portfolio,-0.03347935548900618,EWMA-t,0.022243196192748817,0.030288113790184742,True,True
2025-02-28,Equal Weighted Portfolio,0.019792391043408443,EWMA-t,0.02526674237467648,0.03440521593749025,False,False
2025-03-03,Equal Weighted Portfolio,-0.035794449177586785,EWMA-t,0.025703761610827946,0.03500029625950666,True,True
2025-03-04,Equal Weighted Portfolio,0.005175308791723521,EWMA-t,0.028621274195046204,0.038973014585117864,False,False
2025-03-05,Equal Weighted Portfolio,0.015717308667630617,EWMA-t,0.027823885821042473,0.03788722684141812,False,False
2025-03-06,Equal Weighted Portfolio,-0.022126555576407792,EWMA-t,0.027675268904226686,0.03768485816882914,False,False
2025-03-07,Equal Weighted Portfolio,0.005532139532657899,EWMA-t,0.028207729506096305,0.038409899082844666,False,False
2025-03-10,Equal Weighted Portfolio,-0.040062479707403,EWMA-t,0.027434799444486777,0.03735741573220481,True,True
2025-03-11,Equal Weighted Portfolio,-0.0024310527376239623,EWMA-t,0.030914563206657072,0.04209574020132646,False,False
2025-03-12,Equal Weighted Portfolio,0.016820783740118153,EWMA-t,0.029988023392128166,0.04083408953339158,False,False
2025-03-13,Equal Weighted Portfolio,-0.019434598982999353,EWMA-t,0.029817429548907884,0.040601795321238504,False,False
2025-03-14,Equal Weighted Portfolio,0.027038356106247323,EWMA-t,0.029902232644539468,0.04071726999439212,False,False
2025-03-17,Equal Weighted Portfolio,-0.006453615898052023,EWMA-t,0.030879605822516334,0.042048139433006705,False,False
2025-03-18,Equal Weighted Portfolio,-0.018416044157015456,EWMA-t,0.03004626093199867,0.04091339042248922,False,False
2025-03-19,Equal Weighted Portfolio,0.015521185984486284,EWMA-t,0.03001763396309311,0.0408744096535311,False,False
2025-03-20,Equal Weighted Portfolio,-0.001928701753221085,EWMA-t,0.029736331660724646,0.04049136595469637,False,False
2025-03-21,Equal Weighted Portfolio,0.007526807586646212,EWMA-t,0.028840417988933817,0.03927141829059993,False,False
2025-03-24,Equal Weighted Portfolio,0.02110181054732827,EWMA-t,0.028118045476009774,0.03828777813921388,False,False
2025-03-25,Equal Weighted Portfolio,0.008385435791554843,EWMA-t,0.028496444721947223,0.03880303679717643,False,False
2025-03-26,Equal Weighted Portfolio,-0.027087715916630152,EWMA-t,0.02782441936492115,0.037887953357408424,False,False
2025-03-27,Equal Weighted Portfolio,-0.005121838913007326,EWMA-t,0.029003701760107387,0.03949375852437478,False,False
2025-03-28,Equal Weighted Portfolio,-0.03286446767416922,EWMA-t,0.028192172926216754,0.03838871600027438,True,False
2025-03-31,Equal Weighted Portfolio,-0.0026054696657709982,EWMA-t,0.03023468664627758,0.041169965935541473,False,False
2025-04-01,Equal Weighted Portfolio,0.013243840089978188,EWMA-t,0.02933151698319695,0.03994013793374798,False,False
2025-04-02,Equal Weighted Portfolio,0.0050626281808072715,EWMA-t,0.028910929749586978,0.03936743273976913,False,False
2025-04-03,Equal Weighted Portfolio,-0.06463203526422115,EWMA-t,0.028100798470505946,0.03826429323800125,True,True
2025-04-04,Equal Weighted Portfolio,-0.051120139946950666,EWMA-t,0.03725942918530604,0.05073541685028934,True,True
2025-04-07,Equal Weighted Portfolio,0.005627502583695177,EWMA-t,0.041341171025248015,0.05629344278500742,False,False
2025-04-08,Equal Weighted Portfolio,-0.023366752151927316,EWMA-t,0.040142797946138765,0.05466164221693135,False,False
2025-04-09,Equal Weighted Portfolio,0.13208170326269075,EWMA-t,0.03998991556410651,0.054453465345973534,False,False
2025-04-10,Equal Weighted Portfolio,-0.042391285173926055,EWMA-t,0.06481570025745537,0.08825823805970345,False,False
2025-04-11,Equal Weighted Portfolio,0.027305463404392948,EWMA-t,0.06501466694252979,0.08852916700110958,False,False
2025-04-14,Equal Weighted Portfolio,0.003306814980392937,EWMA-t,0.06394210186124703,0.08706867665845544,False,False
2025-04-15,Equal Weighted Portfolio,-0.004990403436449409,EWMA-t,0.06200780491391851,0.08443478333049063,False,False
2025-04-16,Equal Weighted Portfolio,-0.0387169824491093,EWMA-t,0.060150819134592866,0.08190616306820543,False,False
2025-04-17,Equal Weighted Portfolio,-0.009739277005418568,EWMA-t,0.06027307948029451,0.08207264252693744,False,False
2025-04-21,Equal Weighted Portfolio,-0.028307204010389646,EWMA-t,0.05856229059257112,0.07974309563748269,False,False
2025-04-22,Equal Weighted Portfolio,0.027583725547254634,EWMA-t,0.05785917666241074,0.0787856795116876,False,False
2025-04-23,Equal Weighted Portfolio,0.030252836631522985,EWMA-t,0.05713567276727179,0.07780049877984863,False,False
2025-04-24,Equal Weighted Portfolio,0.029158822386649998,EWMA-t,0.05665818907542164,0.07715031882070994,False,False
2025-04-25,Equal Weighted Portfolio,0.017404378016255162,EWMA-t,0.05611616886288432,0.07641226077672875,False,False
2025-04-28,Equal Weighted Portfolio,-0.0067487273781426495,EWMA-t,0.05483544628639512,0.07466832655098968,False,False
2025-04-29,Equal Weighted Portfolio,0.002250734928857456,EWMA-t,0.05323113615658219,0.07248376964893975,False,False
2025-04-30,Equal Weighted Portfolio,-0.002956482136640615,EWMA-t,0.051617090347667385,0.07028595586807138,False,False
2025-05-01,Equal Weighted Portfolio,0.029592046515259176,EWMA-t,0.050058128959847646,0.06816314943775353,False,False
2025-05-02,Equal Weighted Portfolio,0.0058304261960344436,EWMA-t,0.04990878034047487,0.06795978442047942,False,False
2025-05-05,Equal Weighted Portfolio,-0.01060246410118153,EWMA-t,0.04844264734600731,0.06596338055013753,False,False
2025-05-06,Equal Weighted Portfolio,-0.004647504935994329,EWMA-t,0.047151589839608196,0.06420537345778288,False,False
2025-05-07,Equal Weighted Portfolio,-0.007070371040585234,EWMA-t,0.0457516803636117,0.062299144823304425,False,False
2025-05-08,Equal Weighted Portfolio,0.011450733035623939,EWMA-t,0.04444495357584295,0.060519801185022586,False,False
2025-05-09,Equal Weighted Portfolio,-0.0006568714062761497,EWMA-t,0.04332561969274346,0.0589956267036781,False,False
2025-05-12,Equal Weighted Portfolio,0.051193400954239236,EWMA-t,0.04200654101147514,0.05719946373994512,False,False
2025-05-13,Equal Weighted Portfolio,0.017504063150788052,EWMA-t,0.045430814658191,0.061862228432650185,False,False
2025-05-14,Equal Weighted Portfolio,0.01575545247867114,EWMA-t,0.04458141704322319,0.060705620749459246,False,False
2025-05-15,Equal Weighted Portfolio,-0.007654249655263113,EWMA-t,0.04366509168944673,0.0594578789077063,False,False
2025-05-16,Equal Weighted Portfolio,0.004033071935941646,EWMA-t,0.04244174785300667,0.057792076160585945,False,False
2025-05-19,Equal Weighted Portfolio,0.0010086007691377128,EWMA-t,0.04117935419907986,0.05607310006080192,False,False
2025-05-20,Equal Weighted Portfolio,-0.008965496872558055,EWMA-t,0.039926835260005615,0.05436757016202734,False,False
2025-05-21,Equal Weighted Portfolio,-0.008053047952522418,EWMA-t,0.038870724905488194,0.052929485890530245,False,False
2025-05-22,Equal Weighted Portfolio,0.006079530753944495,EWMA-t,0.037819387770137804,0.051497901215764835,False,False
2025-05-23,Equal Weighted Portfolio,-0.015282604905041387,EWMA-t,0.036745114397548434,0.05003508472712732,False,False
2025-05-27,Equal Weighted Portfolio,0.02632459223105457,EWMA-t,0.03612906444476344,0.04919622187177595,False,False
2025-05-28,Equal Weighted Portfolio,-0.004206016806092583,EWMA-t,0.03652609709757586,0.049736853265870365,False,False
2025-05-29,Equal Weighted Portfolio,0.007079166907401158,EWMA-t,0.03545196953538018,0.04827423532431923,False,False
2025-05-30,Equal Weighted Portfolio,-0.004999081848281084,EWMA-t,0.0344845107168979,0.04695686607002737,False,False
2025-06-02,Equal Weighted Portfolio,0.003606387361862629,EWMA-t,0.033491719000156246,0.045605001516657716,False,False
2025-06-03,Equal Weighted Portfolio,0.003547633089291046,EWMA-t,0.03250238170219262,0.04425784077600099,False,False
2025-06-04,Equal Weighted Portfolio,0.004418674033844794,EWMA-t,0.03154309457954922,0.04295159875591065,False,False
2025-06-05,Equal Weighted Portfolio,-0.0020845241752800673,EWMA-t,0.030631489654797173,0.04171028462761177,False,False
2025-06-06,Equal Weighted Portfolio,0.018369031792293232,EWMA-t,0.02970964202618823,0.04045502321506254,False,False
2025-06-09,Equal Weighted Portfolio,0.006405454553139034,EWMA-t,0.02969651238735202,0.04043714484939741,False,False
2025-06-10,Equal Weighted Portfolio,0.005562410662847573,EWMA-t,0.028901813936318698,0.039355019919814334,False,False
2025-06-11,Equal Weighted Portfolio,-0.01008147970439548,EWMA-t,0.028106594790883715,0.038272185971115896,False,False
2025-06-12,Equal Weighted Portfolio,0.004107601376381176,EWMA-t,0.02753723197703611,0.037496896055751225,False,False
2025-06-13,Equal Weighted Portfolio,-0.010874438455792012,EWMA-t,0.026747156675306985,0.03642106637577981,False,False
2025-06-16,Equal Weighted Portfolio,0.013711856273721557,EWMA-t,0.026282557119957584,0.0357884304867038,False,False
2025-06-17,Equal Weighted Portfolio,-0.006031843578307084,EWMA-t,0.026046143896008407,0.03546651134493894,False,False
2025-06-18,Equal Weighted Portfolio,-0.0020401981234260845,EWMA-t,0.02536383067117261,0.03453741912207253,False,False
2025-06-20,Equal Weighted Portfolio,-0.0087747035726939,EWMA-t,0.024604230500849096,0.033503086816839237,False,False
2025-06-23,Equal Weighted Portfolio,0.0013307425489964995,EWMA-t,0.02410296369575651,0.032820521869773044,False,False
2025-06-24,Equal Weighted Portfolio,0.01188420666150365,EWMA-t,0.023374548992746377,0.03182865418942562,False,False
2025-06-25,Equal Weighted Portfolio,0.01454562575508922,EWMA-t,0.02313932259586031,0.0315083511262506,False,False
2025-06-26,Equal Weighted Portfolio,0.010737713281854711,EWMA-t,0.02315213050208827,0.03152579139508089,False,False
2025-06-27,Equal Weighted Portfolio,0.013090267384996725,EWMA-t,0.022840533311476664,0.031101495755004538,False,False
2025-06-30,Equal Weighted Portfolio,0.0004758470192244074,EWMA-t,0.022735157827821813,0.030958008074008662,False,False
2025-07-01,Equal Weighted Portfolio,-0.005074758723378969,EWMA-t,0.022043347595220416,0.030015983966291796,False,False
2025-07-02,Equal Weighted Portfolio,0.01194128296826691,EWMA-t,0.02146478899927458,0.02922817233902172,False,False
2025-07-03,Equal Weighted Portfolio,0.010912298260993936,EWMA-t,0.02133410680304808,0.029050225015473417,False,False
2025-07-07,Equal Weighted Portfolio,-0.00845968054367674,EWMA-t,0.021124631691479188,0.02876498696063494,False,False
2025-07-08,Equal Weighted Portfolio,-0.004542096000510653,EWMA-t,0.020749512259201644,0.028254194359100655,False,False
2025-07-09,Equal Weighted Portfolio,0.013204782827856355,EWMA-t,0.02019653691486148,0.027501218932034936,False,False
2025-07-10,Equal Weighted Portfolio,0.002813825983446505,EWMA-t,0.02025809944697484,0.027585047396330428,False,False
2025-07-11,Equal Weighted Portfolio,0.005960935238567911,EWMA-t,0.019672101063187595,0.02678710515928814,False,False
2025-07-14,Equal Weighted Portfolio,-0.0013056461454693526,EWMA-t,0.019216319923206725,0.026166477129416204,False,False
2025-07-15,Equal Weighted Portfolio,0.010567111407281393,EWMA-t,0.01863798690227593,0.025378972663116367,False,False
2025-07-16,Equal Weighted Portfolio,-0.00035013945032991156,EWMA-t,0.018541847128103143,0.025248061062343032,False,False
2025-07-17,Equal Weighted Portfolio,0.005804489462497786,EWMA-t,0.017977515069428077,0.02447962142531948,False,False
2025-07-18,Equal Weighted Portfolio,0.0031303804787598203,EWMA-t,0.01757867533340959,0.02393652936229514,False,False
2025-07-21,Equal Weighted Portfolio,0.008447925922793798,EWMA-t,0.017087557624093554,0.0232677842352352,False,False
2025-07-22,Equal Weighted Portfolio,-0.005739115337134804,EWMA-t,0.016896804806254793,0.02300803995197512,False,False
2025-07-23,Equal Weighted Portfolio,0.00459078945625433,EWMA-t,0.016536790241974034,0.022517815346007112,False,False
2025-07-24,Equal Weighted Portfolio,0.010299658095390707,EWMA-t,0.016134331625387792,0.021969795525951834,False,False
2025-07-25,Equal Weighted Portfolio,0.001174551506284116,EWMA-t,0.01615867030391482,0.022002937015976082,False,False
2025-07-28,Equal Weighted Portfolio,0.003920711984095581,EWMA-t,0.015673219491500575,0.021341908388681347,False,False
2025-07-29,Equal Weighted Portfolio,-0.002390218437179215,EWMA-t,0.015273767953875106,0.020797983247688858,False,False
2025-07-30,Equal Weighted Portfolio,0.0027629710980324523,EWMA-t,0.014838268262448403,0.02020497205922385,False,False
2025-07-31,Equal Weighted Portfolio,0.003683604927730677,EWMA-t,0.014427206850565248,0.01964523798548809,False,False
2025-08-01,Equal Weighted Portfolio,-0.032744146506027576,EWMA-t,0.014062502612322773,0.01914862754461756,True,True
2025-08-04,Equal Weighted Portfolio,0.015808266683205185,EWMA-t,0.018753494430625343,0.02553625694600241,False,False
2025-08-05,Equal Weighted Portfolio,-0.0037571842227197565,EWMA-t,0.01921555055467966,0.026165429495735665,False,False
2025-08-06,Equal Weighted Portfolio,0.020065605036438908,EWMA-t,0.01868866355015463,0.02544797803735101,False,False
2025-08-07,Equal Weighted Portfolio,0.007404856571549746,EWMA-t,0.01976293973915324,0.026910798361036464,False,False
2025-08-08,Equal Weighted Portfolio,0.015549598776672124,EWMA-t,0.01938088543113669,0.02639056267840521,False,False
2025-08-11,Equal Weighted Portfolio,-0.004175170435448572,EWMA-t,0.01976038181804251,0.026907315291202577,False,False
2025-08-12,Equal Weighted Portfolio,0.008909414137217775,EWMA-t,0.019228626301383472,0.026183234477565834,False,False
2025-08-13,Equal Weighted Portfolio,-9.857556515486827e-05,EWMA-t,0.018969207972507285,0.025829989746180376,False,False
2025-08-14,Equal Weighted Portfolio,0.007228138447790644,EWMA-t,0.018391370332966,0.02504315983077534,False,False
2025-08-15,Equal Weighted Portfolio,-0.0025188920256752124,EWMA-t,0.018056229381492265,0.024586805124103446,False,False
2025-08-18,Equal Weighted Portfolio,-0.0002628609285313386,EWMA-t,0.01753416535668737,0.02387592102039684,False,False
2025-08-19,Equal Weighted Portfolio,-0.014889248990827398,EWMA-t,0.017000318310275264,0.023148992212676522,False,False
2025-08-20,Equal Weighted Portfolio,-0.011764934653457494,EWMA-t,0.017491509392879072,0.023817837250669674,False,False
2025-08-21,Equal Weighted Portfolio,-0.0029512307632370005,EWMA-t,0.01757840751572666,0.023936164680331926,False,False
2025-08-22,Equal Weighted Portfolio,0.019459508657829572,EWMA-t,0.01708236776686528,0.023260717310818285,False,False
2025-08-25,Equal Weighted Portfolio,0.0019212365868683358,EWMA-t,0.018244391845733073,0.024843022174862773,False,False
2025-08-26,Equal Weighted Portfolio,0.002711102118785491,EWMA-t,0.017704721790189924,0.024108164292488167,False,False
2025-08-27,Equal Weighted Portfolio,0.003323099819940834,EWMA-t,0.017198441196294417,0.023418772169845815,False,False
2025-08-28,Equal Weighted Portfolio,0.0075266082225071695,EWMA-t,0.016725636501473472,0.022774963507044978,False,False
2025-08-29,Equal Weighted Portfolio,-0.009321000808034108,EWMA-t,0.016484010176454133,0.022445945790190252,False,False
2025-09-02,Equal Weighted Portfolio,-0.011247586593343484,EWMA-t,0.01639679139899651,0.02232718173158169,False,False
2025-09-03,Equal Weighted Portfolio,0.026127773319055983,EWMA-t,0.016501123249633494,0.022469248318444945,False,False
2025-09-04,Equal Weighted Portfolio,0.013280297356827342,EWMA-t,0.01901363722101221,0.02589048816208556,False,False
2025-09-05,Equal Weighted Portfolio,-0.011272858712126667,EWMA-t,0.019159882028564664,0.02608962678110365,False,False
2025-09-08,Equal Weighted Portfolio,0.00366794865445943,EWMA-t,0.01909781700397241,0.02600511408288568,False,False
2025-09-09,Equal Weighted Portfolio,0.006999775265942532,EWMA-t,0.01857211776970198,0.025289279987415786,False,False
2025-09-10,Equal Weighted Portfolio,-0.004927481680579705,EWMA-t,0.018215519672952006,0.024803707516709107,False,False
2025-09-11,Equal Weighted Portfolio,0.003632482984252672,EWMA-t,0.01776658625343938,0.024192403890351315,False,False
2025-09-12,Equal Weighted Portfolio,0.00672799575533294,EWMA-t,0.017284472614658892,0.023535919425409904,False,False
2025-09-15,Equal Weighted Portfolio,0.015785903004551783,EWMA-t,0.01696549041083609,0.023101567761075872,False,False
2025-09-16,Equal Weighted Portfolio,-0.0024626521249191406,EWMA-t,0.017581079922042758,0.02393980364237201,False,False
2025-09-17,Equal Weighted Portfolio,-0.007484224943151397,EWMA-t,0.017072977608633105,0.023247930920832806,False,False
2025-09-18,Equal Weighted Portfolio,0.007091945547252676,EWMA-t,0.01681247975773496,0.02289321622597822,False,False
2025-09-19,Equal Weighted Portfolio,0.013146255836198417,EWMA-t,0.0165371634520603,0.02251832353869051,False,False
2025-09-22,Equal Weighted Portfolio,0.009956166979193994,EWMA-t,0.016846219372579366,0.022939158782290223,False,False
2025-09-23,Equal Weighted Portfolio,-0.015467534032920782,EWMA-t,0.016795725984759247,0.022870402949598957,False,False
2025-09-24,Equal Weighted Portfolio,-0.006969280825067892,EWMA-t,0.0173829827563367,0.023670058708036807,False,False
2025-09-25,Equal Weighted Portfolio,0.0003173848664330234,EWMA-t,0.017074810148858068,0.023250426254074384,False,False
2025-09-26,Equal Weighted Portfolio,0.0032015141844613073,EWMA-t,0.01655511313105576,0.022542765256292632,False,False
2025-09-29,Equal Weighted Portfolio,0.004422631944474032,EWMA-t,0.01610007782757683,0.021923152817014954,False,False
2025-09-30,Equal Weighted Portfolio,0.003657775213593673,EWMA-t,0.015706193647073527,0.02138680863446771,False,False
2025-10-01,Equal Weighted Portfolio,0.004630824971949289,EWMA-t,0.015295504684302089,0.02082758171721158,False,False
2025-10-02,Equal Weighted Portfolio,0.0038884599818458155,EWMA-t,0.014940935714493194,0.020344772267931927,False,False
2025-10-03,Equal Weighted Portfolio,-0.0026196641050439066,EWMA-t,0.01456625843149007,0.019834581732189792,False,False
2025-10-06,Equal Weighted Portfolio,0.006462108678675848,EWMA-t,0.014160034945909662,0.019281435365593617,False,False
2025-10-07,Equal Weighted Portfolio,-0.00512555397512915,EWMA-t,0.013961873108943031,0.01901160236970097,False,False
2025-10-08,Equal Weighted Portfolio,0.00771381883311153,EWMA-t,0.013685778579739445,0.018635649991054423,False,False
2025-10-09,Equal Weighted Portfolio,-0.0008001661697550678,EWMA-t,0.013611179799616574,0.018534070329507983,False,False
2025-10-10,Equal Weighted Portfolio,-0.03493979765785149,EWMA-t,0.013200279358192117,0.017974555446014836,True,True
2025-10-13,Equal Weighted Portfolio,0.018234166990990053,EWMA-t,0.018777083551066522,0.025568377777826286,False,False
2025-10-14,Equal Weighted Portfolio,-0.010979334544222464,EWMA-t,0.019566311133688136,0.026643053135704416,False,False
2025-10-15,Equal Weighted Portfolio,0.004717080153683707,EWMA-t,0.019455375628853872,0.026491994485469295,False,False
2025-10-16,Equal Weighted Portfolio,-0.0009083673653566882,EWMA-t,0.01895367711086128,0.0258088416836125,False,False
2025-10-17,Equal Weighted Portfolio,0.006416161628268079,EWMA-t,0.01837974330871417,0.025027327545229273,False,False
2025-10-20,Equal Weighted Portfolio,0.014279472127615912,EWMA-t,0.017997562825065695,0.02450692005177263,False,False
2025-10-21,Equal Weighted Portfolio,-0.00017212557372343548,EWMA-t,0.018330567863596353,0.024960366328661984,False,False
2025-10-22,Equal Weighted Portfolio,-0.005875118706038185,EWMA-t,0.017772273820358748,0.024200148536064565,False,False
2025-10-23,Equal Weighted Portfolio,0.0067995820121819605,EWMA-t,0.017385059772254106,0.02367288693892167,False,False
2025-10-24,Equal Weighted Portfolio,0.016336292212591544,EWMA-t,0.01706621488131226,0.023238722250781486,False,False
2025-10-27,Equal Weighted Portfolio,0.022889367044497223,EWMA-t,0.017749663869269895,0.024169361019493858,False,False
2025-10-28,Equal Weighted Portfolio,0.014972724068698163,EWMA-t,0.019420826108020067,0.026444949096427955,False,False
2025-10-29,Equal Weighted Portfolio,0.01224563376474992,EWMA-t,0.01972831944088199,0.026863656595779203,False,False
2025-10-30,Equal Weighted Portfolio,-0.010149264848972075,EWMA-t,0.01972419180544925,0.02685803607746035,False,False
2025-10-31,Equal Weighted Portfolio,0.014934713899006049,EWMA-t,0.01953536538698851,0.02660091493356663,False,False
2025-11-03,Equal Weighted Portfolio,0.012699745270507701,EWMA-t,0.019829903814129777,0.02700198199782896,False,False
2025-11-04,Equal Weighted Portfolio,-0.016176958823920583,EWMA-t,0.01986385967720613,0.02704821901501787,False,False
2025-11-05,Equal Weighted Portfolio,-0.0006991561368633766,EWMA-t,0.020282200216671657,0.027617864930675882,False,False
2025-11-06,Equal Weighted Portfolio,-0.01685510979299034,EWMA-t,0.019666244666705406,0.026779130621747946,False,False
2025-11-07,Equal Weighted Portfolio,-0.0038277791292188335,EWMA-t,0.02018634985055888,0.027487347411048867,False,False
2025-11-10,Equal Weighted Portfolio,0.02724364148042047,EWMA-t,0.01962919273033505,0.026728677743698977,False,False
2025-11-11,Equal Weighted Portfolio,0.0008165045431061336,EWMA-t,0.02183953470001038,0.029738456037817156,False,False
2025-11-12,Equal Weighted Portfolio,-0.0065523262780720955,EWMA-t,0.021176648851678227,0.028835817683589424,False,False
2025-11-13,Equal Weighted Portfolio,-0.021817974445047073,EWMA-t,0.020692576121960533,0.0281766655638417,True,False
2025-11-14,Equal Weighted Portfolio,0.0019188418276591124,EWMA-t,0.021819840579373757,0.0297116389490467,False,False
2025-11-17,Equal Weighted Portfolio,-0.003770026228994161,EWMA-t,0.021168573501918694,0.028824821641910303,False,False
2025-11-18,Equal Weighted Portfolio,-0.020341865440561248,EWMA-t,0.020577170541341998,0.0280195201011345,False,False
2025-11-19,Equal Weighted Portfolio,0.009588084500934556,EWMA-t,0.02149429311765174,0.029268347504809174,False,False
2025-11-20,Equal Weighted Portfolio,-0.018264693677576972,EWMA-t,0.02117783946878121,0.028837438923000485,False,False
2025-11-21,Equal Weighted Portfolio,0.009288908188472634,EWMA-t,0.0217526901685728,0.029620201582502222,False,False
2025-11-24,Equal Weighted Portfolio,0.025790496028760847,EWMA-t,0.02140401670189895,0.029145419921507012,False,False
2025-11-25,Equal Weighted Portfolio,0.0030835508681170687,EWMA-t,0.023097719438212226,0.03145170094153987,False,False
2025-11-26,Equal Weighted Portfolio,0.004210905241393803,EWMA-t,0.02242687568248198,0.030538226464539287,False,False
2025-11-28,Equal Weighted Portfolio,0.003444982796370844,EWMA-t,0.021806626320464786,0.029693645357926988,False,False
2025-12-01,Equal Weighted Portfolio,0.001647626911982014,EWMA-t,0.021185667348596112,0.02884809798982322,False,False
2025-12-02,Equal Weighted Portfolio,0.006267340063369798,EWMA-t,0.020550483105675043,0.027983180355657073,False,False
2025-12-03,Equal Weighted Portfolio,-0.00732410202037026,EWMA-t,0.02007628739160327,0.02733747756986292,False,False
2025-12-04,Equal Weighted Portfolio,-0.0010996240163741124,EWMA-t,0.01967661809883341,0.026793255916061097,False,False
2025-12-05,Equal Weighted Portfolio,0.0012298736997797153,EWMA-t,0.019082089291982154,0.025983697973155223,False,False
2025-12-08,Equal Weighted Portfolio,-0.000859074331827436,EWMA-t,0.018507092557487052,0.02520073646112892,False,False
2025-12-09,Equal Weighted Portfolio,0.0022779741128400085,EWMA-t,0.017946471914803957,0.024437350584766083,False,False
2025-12-10,Equal Weighted Portfolio,-0.00017076672627993608,EWMA-t,0.01742279455913247,0.023724269640801217,False,False
2025-12-11,Equal Weighted Portfolio,-0.007430213921337603,EWMA-t,0.016892159530881308,0.02300171457373902,False,False
2025-12-12,Equal Weighted Portfolio,-0.013976248878144417,EWMA-t,0.016636161932064252,0.02265312778181419,False,False
2025-12-15,Equal Weighted Portfolio,-0.007096590364428935,EWMA-t,0.017040053107556873,0.023203098288577955,False,False
2025-12-16,Equal Weighted Portfolio,0.0016383963444413397,EWMA-t,0.01675498924906572,0.02281493255427293,False,False
2025-12-17,Equal Weighted Portfolio,-0.017204719384720214,EWMA-t,0.01625733678002579,0.022137289176062672,True,False
2025-12-18,Equal Weighted Portfolio,0.016083490192505503,EWMA-t,0.017152771862406168,0.023356585154565155,False,False
2025-12-19,Equal Weighted Portfolio,0.013476788828219146,EWMA-t,0.017792338984328835,0.02422747086709462,False,False
2025-12-22,Equal Weighted Portfolio,0.0033116078594671583,EWMA-t,0.018046055266271704,0.024572951235622472,False,False
2025-12-23,Equal Weighted Portfolio,0.013874826754083936,EWMA-t,0.017544698137586846,0.02389026329673365,False,False
2025-12-24,Equal Weighted Portfolio,0.0011116065874578807,EWMA-t,0.017863870351350807,0.024324873693790685,False,False
2025-12-26,Equal Weighted Portfolio,0.0012800875554184635,EWMA-t,0.017325180503358753,0.02359135054036368,False,False
2025-12-29,Equal Weighted Portfolio,-0.0031605858233568766,EWMA-t,0.016804926901875662,0.022882931653755552,False,False
2025-12-30,Equal Weighted Portfolio,-0.0005651716047408772,EWMA-t,0.016340318482492025,0.022250283694702035,False,False
2025-12-31,Equal Weighted Portfolio,-0.005533887094613022,EWMA-t,0.015844085441300136,0.0215745731229017,False,False
2026-01-02,Equal Weighted Portfolio,-0.0052962794528572665,EWMA-t,0.015514789986883805,0.02112617811224204,False,False
2026-01-05,Equal Weighted Portfolio,0.0034824521868427774,EWMA-t,0.015185651327222514,0.020677996605853143,False,False
2026-01-06,Equal Weighted Portfolio,0.002799321948419786,EWMA-t,0.014786588268108507,0.020134600448252167,False,False
2026-01-07,Equal Weighted Portfolio,0.008056334388843744,EWMA-t,0.014378331394875562,0.019578685258503696,False,False
2026-01-08,Equal Weighted Portfolio,-0.0013758764902551896,EWMA-t,0.014295777277259412,0.01946627297357221,False,False
2026-01-09,Equal Weighted Portfolio,0.0033549974990776388,EWMA-t,0.013870826851386435,0.01888762650826683,False,False
2026-01-12,Equal Weighted Portfolio,0.0013345150174426611,EWMA-t,0.013512827543750173,0.018400146036821396,False,False
2026-01-13,Equal Weighted Portfolio,-0.002089195068486949,EWMA-t,0.013111678986147134,0.01785391009778804,False,False
2026-01-14,Equal Weighted Portfolio,-0.013482947985553719,EWMA-t,0.01273876498753649,0.017346120591010497,True,False
2026-01-15,Equal Weighted Portfolio,0.0011592114568707904,EWMA-t,0.013440687016015463,0.018301913728209867,False,False
2026-01-16,Equal Weighted Portfolio,-0.0024547328882224884,EWMA-t,0.01303920043534202,0.017755217509946342,False,False
2026-01-20,Equal Weighted Portfolio,-0.029740959038646625,EWMA-t,0.012678775039234595,0.017264433482526178,True,True
2026-01-21,Equal Weighted Portfolio,0.006215923307412718,EWMA-t,0.016967370109126127,0.023104127308508107,False,False
2026-01-22,Equal Weighted Portfolio,0.009507596573378897,EWMA-t,0.01663109115756731,0.0226462230099623,False,False
2026-01-23,Equal Weighted Portfolio,0.012034841625657024,EWMA-t,0.016552233866675245,0.022538844619778283,False,False
2026-01-26,Equal Weighted Portfolio,0.009045733712899118,EWMA-t,0.01673128585316198,0.02278265611584542,False,False
2026-01-27,Equal Weighted Portfolio,0.014915203304549653,EWMA-t,0.016607030626719758,0.022613460268050212,False,False
2026-01-28,Equal Weighted Portfolio,0.0016016931563316962,EWMA-t,0.01713616673606634,0.02333397428732634,False,False
2026-01-29,Equal Weighted Portfolio,-0.017155415215688665,EWMA-t,0.016626065130818556,0.02263937917022094,True,False
2026-01-30,Equal Weighted Portfolio,-0.004072674002041454,EWMA-t,0.017474356711433835,0.023794480788634352,False,False
2026-02-02,Equal Weighted Portfolio,0.005945850750754112,EWMA-t,0.017017548707861055,0.023172454499220518,False,False
2026-02-03,Equal Weighted Portfolio,-0.01782362991227822,EWMA-t,0.016663980793766305,0.02269100816741362,True,False
2026-02-04,Equal Weighted Portfolio,-0.009207806190171364,EWMA-t,0.01761119444502353,0.02398080998385616,False,False
2026-02-05,Equal Weighted Portfolio,-0.02302784307693222,EWMA-t,0.017454400874778595,0.02376730732641451,True,False
2026-02-06,Equal Weighted Portfolio,0.005063086291751362,EWMA-t,0.019193253571714874,0.026135068141577605,False,False
2026-02-09,Equal Weighted Portfolio,0.008157738272298777,EWMA-t,0.0187147633777028,0.025483517648647556,False,False
2026-02-10,Equal Weighted Portfolio,-0.007666600553808501,EWMA-t,0.01842604418632273,0.02509037452091754,False,False
2026-02-11,Equal Weighted Portfolio,-0.008740576134323951,EWMA-t,0.01811732218306914,0.024669993965755834,False,False
2026-02-12,Equal Weighted Portfolio,-0.020170041146355656,EWMA-t,0.017898532710541638,0.02437207273255789,True,False
2026-02-13,Equal Weighted Portfolio,-0.012201337923787416,EWMA-t,0.019080080003186083,0.025980961964932058,False,False
2026-02-17,Equal Weighted Portfolio,0.006757009247562063,EWMA-t,0.01911095426338035,0.02602300282533038,False,False
2026-02-18,Equal Weighted Portfolio,0.00935055601599748,EWMA-t,0.018718317578480286,0.025488357332506338,False,False
2026-02-19,Equal Weighted Portfolio,-0.0032344974318771814,EWMA-t,0.018516850669947835,0.02521402388700191,False,False
2026-02-20,Equal Weighted Portfolio,0.017093175768039683,EWMA-t,0.017997755482132893,0.02450718238903402,False,False
2026-02-23,Equal Weighted Portfolio,-0.010038110726031913,EWMA-t,0.01869938701610115,0.02546257996568895,False,False
2026-02-24,Equal Weighted Portfolio,0.010903500740751615,EWMA-t,0.01855449887945136,0.025265288698207922,False,False
2026-02-25,Equal Weighted Portfolio,0.013662322957388985,EWMA-t,0.01849319282695524,0.02518180947705917,False,False
2026-02-26,Equal Weighted Portfolio,-0.01762605596694733,EWMA-t,0.018717472485442713,0.02548720658627978,False,False
2026-02-27,Equal Weighted Portfolio,-0.014438455310196297,EWMA-t,0.0194259427236712,0.026451916289259386,False,False
2026-03-02,Equal Weighted Portfolio,0.004549194865081475,EWMA-t,0.01967138658081013,0.026786132262975843,False,False
2026-03-03,Equal Weighted Portfolio,-0.002197963269362879,EWMA-t,0.019155834704437612,0.02608411562107774,False,False
2026-03-04,Equal Weighted Portfolio,0.010696616362655155,EWMA-t,0.01859237287459427,0.025316860957187114,False,False
2026-03-05,Equal Weighted Portfolio,0.001615155285905767,EWMA-t,0.01851025690804291,0.025205045293765983,False,False
2026-03-06,Equal Weighted Portfolio,-0.01600279111196732,EWMA-t,0.01795759602539089,0.024452498062869137,False,False
2026-03-09,Equal Weighted Portfolio,0.013108928511237263,EWMA-t,0.01851294457387475,0.02520870503438236,False,False
2026-03-10,Equal Weighted Portfolio,0.002657652137595035,EWMA-t,0.01867457664558945,0.02542879618215698,False,False
2026-03-11,Equal Weighted Portfolio,0.00032888233846966046,EWMA-t,0.018135812200612354,0.024695171451512756,False,False
2026-03-12,Equal Weighted Portfolio,-0.014784302667900519,EWMA-t,0.017583797935859128,0.023943504707229786,False,False
2026-03-13,Equal Weighted Portfolio,-0.013636544345719682,EWMA-t,0.018012209817736297,0.02452686456769772,False,False
2026-03-16,Equal Weighted Portfolio,0.013562637359838581,EWMA-t,0.018268277976152145,0.024875547439211963,False,False
2026-03-17,Equal Weighted Portfolio,0.005983728758315921,EWMA-t,0.01849735053354817,0.02518747094267327,False,False
2026-03-18,Equal Weighted Portfolio,-0.01583630007684638,EWMA-t,0.018087560535386345,0.024629468127482027,False,False
2026-03-19,Equal Weighted Portfolio,-0.005668093562930077,EWMA-t,0.018609483675768864,0.025340160391698518,False,False
2026-03-20,Equal Weighted Portfolio,-0.01880647336585677,EWMA-t,0.01817972397638564,0.024754965235185982,True,False
2026-03-23,Equal Weighted Portfolio,0.011618493966799814,EWMA-t,0.01911457112609748,0.026027927834694615,False,False
2026-03-24,Equal Weighted Portfolio,-0.01506761646694459,EWMA-t,0.019087167479874247,0.025990612839678483,False,False
2026-03-25,Equal Weighted Portfolio,0.008422870917647351,EWMA-t,0.01943115539397712,0.026459014277786224,False,False
2026-03-26,Equal Weighted Portfolio,-0.020898276301613186,EWMA-t,0.019128165342939173,0.026046438806904798,True,False
2026-03-27,Equal Weighted Portfolio,-0.025481782669803634,EWMA-t,0.020284770117014978,0.027621364312390338,True,False
2026-03-30,Equal Weighted Portfolio,-0.0021599462786580765,EWMA-t,0.022072527236253137,0.030055717297792238,False,False
2026-03-31,Equal Weighted Portfolio,0.04055996040902712,EWMA-t,0.0214169590924438,0.029163043314932236,False,False
2026-04-01,Equal Weighted Portfolio,0.010380157800961399,EWMA-t,0.026183381957582744,0.03565338565874204,False,False
2026-04-02,Equal Weighted Portfolio,0.0032495042435650044,EWMA-t,0.025711820755682763,0.03501127023529229,False,False
2026-04-06,Equal Weighted Portfolio,0.007321650291676596,EWMA-t,0.024961265584078688,0.03398925432326402,False,False
2026-04-07,Equal Weighted Portfolio,0.0011941985021457495,EWMA-t,0.02437151540763693,0.03318620334547008,False,False
2026-04-08,Equal Weighted Portfolio,0.023937299553997173,EWMA-t,0.02363372706877489,0.032181571773330746,False,False
2026-04-09,Equal Weighted Portfolio,0.014809998109517244,EWMA-t,0.024771946474586536,0.03373146229188213,False,False
2026-04-10,Equal Weighted Portfolio,0.007583760887128488,EWMA-t,0.024713338872985074,0.03365165749715333,False,False
2026-04-13,Equal Weighted Portfolio,0.010496062377026959,EWMA-t,0.024145355877919838,0.032878246453328874,False,False
2026-04-14,Equal Weighted Portfolio,0.02660440741376007,EWMA-t,0.02377088354596207,0.03236833499531143,False,False
2026-04-15,Equal Weighted Portfolio,0.019424027445065575,EWMA-t,0.02531021438411455,0.0344644109001718,False,False
2026-04-16,Equal Weighted Portfolio,0.0015484584678987722,EWMA-t,0.025700509080347947,0.03499586735403685,False,False
2026-04-17,Equal Weighted Portfolio,0.014421310009088818,EWMA-t,0.024925007276451493,0.0339398821135449,False,False
2026-04-20,Equal Weighted Portfolio,-0.003945876199014542,EWMA-t,0.02482221472992061,0.03379991156618601,False,False
2026-04-21,Equal Weighted Portfolio,-0.005910454066269222,EWMA-t,0.024116002629820662,0.03283827672457069,False,False
2026-04-22,Equal Weighted Portfolio,0.020767204196195578,EWMA-t,0.023496572048439072,0.031994810535115326,False,False
2026-04-23,Equal Weighted Portfolio,-0.010774000500787119,EWMA-t,0.024200359984034647,0.03295314444058288,False,False
2026-04-24,Equal Weighted Portfolio,0.020871193829930124,EWMA-t,0.023842583252704826,0.032465967046826374,False,False
2026-04-27,Equal Weighted Portfolio,0.007005476040525172,EWMA-t,0.024530065355262164,0.033402097626736474,False,False
2026-04-28,Equal Weighted Portfolio,-0.00044674675852633976,EWMA-t,0.023941804835238098,0.03260107508418612,False,False
2026-04-29,Equal Weighted Portfolio,-0.0038457170985446206,EWMA-t,0.02321310581698111,0.031608820257473816,False,False
2026-04-30,Equal Weighted Portfolio,0.005239774987030099,EWMA-t,0.022556694816727365,0.030714998573911287,False,False
2026-05-01,Equal Weighted Portfolio,0.011707567681471763,EWMA-t,0.02196638268886889,0.02991118239815269,False,False
2026-05-06,Equal Weighted Portfolio,0.025910878890569644,EWMA-t,0.021789150983591767,0.029669849542471996,False,False
2026-05-07,Equal Weighted Portfolio,0.004075907955499836,EWMA-t,0.02345430010407435,0.031937249676956436,False,False
2026-05-08,Equal Weighted Portfolio,0.006903637889625868,EWMA-t,0.02279620641758183,0.03104113671331745,False,False
2026-05-11,Equal Weighted Portfolio,-0.005565722873392299,EWMA-t,0.02226785387042306,0.030321689654944806,False,False
2026-05-12,Equal Weighted Portfolio,-0.0035824291421401536,EWMA-t,0.02170014492646628,0.029548651781013985,False,False
2026-05-13,Equal Weighted Portfolio,0.017253878354592245,EWMA-t,0.021086184276388274,0.02871263388722224,False,False
2026-05-14,Equal Weighted Portfolio,0.007325953879295844,EWMA-t,0.02154033745608521,0.02933104515625197,False,False
2026-05-15,Equal Weighted Portfolio,-0.005628233585995757,EWMA-t,0.021081901911266986,0.028706802676592223,False,False
2026-05-18,Equal Weighted Portfolio,-0.00018781109892414011,EWMA-t,0.02055914433557359,0.027994974178561702,False,False
2026-05-19,Equal Weighted Portfolio,-0.010606258616692222,EWMA-t,0.01993296680326644,0.027142320801455816,False,False
2026-05-20,Equal Weighted Portfolio,-0.003634716922868808,EWMA-t,0.019770684566697193,0.02692134433724887,False,False
2025-01-02,Long-only Global Minimum Variance Portfolio,-0.00977264144396644,EWMA-t,0.019131901850759084,0.026130354403151552,False,False
2025-01-03,Long-only Global Minimum Variance Portfolio,0.008359090138764253,EWMA-t,0.018941938776235595,0.025870902807615892,False,False
2025-01-06,Long-only Global Minimum Variance Portfolio,0.013621892977296154,EWMA-t,0.018655979700931368,0.02548033985988676,False,False
2025-01-07,Long-only Global Minimum Variance Portfolio,-0.011587047407596944,EWMA-t,0.01886213555889052,0.02576190756145557,False,False
2025-01-08,Long-only Global Minimum Variance Portfolio,0.000692137733328228,EWMA-t,0.01884514541289327,0.025738702417516794,False,False
2025-01-10,Long-only Global Minimum Variance Portfolio,-0.01608739202704499,EWMA-t,0.01827306808816207,0.024957359122017922,False,False
2025-01-13,Long-only Global Minimum Variance Portfolio,-0.0059764715800117,EWMA-t,0.018809165698003817,0.025689561317550905,False,False
2025-01-14,Long-only Global Minimum Variance Portfolio,-0.004687334885067516,EWMA-t,0.018386578313922666,0.025112391405302845,False,False
2025-01-15,Long-only Global Minimum Variance Portfolio,0.025258875467481106,EWMA-t,0.017921238071280418,0.02447682963245128,False,False
2025-01-16,Long-only Global Minimum Variance Portfolio,-0.017978308690638125,EWMA-t,0.020007437408590942,0.027326160998709624,False,False
2025-01-17,Long-only Global Minimum Variance Portfolio,0.012174309019314265,EWMA-t,0.020642871470837664,0.028194036935763018,False,False
2025-01-21,Long-only Global Minimum Variance Portfolio,-0.005544827801607163,EWMA-t,0.020577139820560263,0.02810426063800387,False,False
2025-01-22,Long-only Global Minimum Variance Portfolio,0.018333009690880094,EWMA-t,0.020068762255383822,0.027409918483611906,False,False
2025-01-23,Long-only Global Minimum Variance Portfolio,-0.00027318629543261205,EWMA-t,0.020746679523060686,0.028335817988982295,False,False
2025-01-24,Long-only Global Minimum Variance Portfolio,-0.00042549218127246077,EWMA-t,0.020114938191904467,0.02747298558460344,False,False
2025-01-27,Long-only Global Minimum Variance Portfolio,-0.008482770299050365,EWMA-t,0.019502871982121587,0.026637025463932748,False,False
2025-01-28,Long-only Global Minimum Variance Portfolio,0.026739886704090592,EWMA-t,0.01919994536357962,0.02622328824311715,False,False
2025-01-29,Long-only Global Minimum Variance Portfolio,-0.0027077840237986605,EWMA-t,0.02137273057169245,0.02919087860463999,False,False
2025-01-30,Long-only Global Minimum Variance Portfolio,-0.01775988689749889,EWMA-t,0.0207488984148058,0.028338848551658934,False,False
2025-01-31,Long-only Global Minimum Variance Portfolio,0.0029560390451735074,EWMA-t,0.02129155570082094,0.02908000995388855,False,False
2025-02-03,Long-only Global Minimum Variance Portfolio,-0.017591919242507303,EWMA-t,0.020675545088097085,0.028238662567092385,False,False
2025-02-04,Long-only Global Minimum Variance Portfolio,0.015726859024770036,EWMA-t,0.021202788980653142,0.02895877235423518,False,False
2025-02-05,Long-only Global Minimum Variance Portfolio,-0.019865288478648976,EWMA-t,0.02146461721170833,0.02931637739128751,False,False
2025-02-06,Long-only Global Minimum Variance Portfolio,0.004068286626014247,EWMA-t,0.022224933079560735,0.03035481691707542,False,False
2025-02-07,Long-only Global Minimum Variance Portfolio,-0.024063002199932362,EWMA-t,0.021607021026492694,0.029510872542773382,True,False
2025-02-10,Long-only Global Minimum Variance Portfolio,0.005396981472051767,EWMA-t,0.02298155757588102,0.03138821476707383,False,False
2025-02-11,Long-only Global Minimum Variance Portfolio,0.0041671964541898756,EWMA-t,0.022382024825249574,0.030569372846782752,False,False
2025-02-12,Long-only Global Minimum Variance Portfolio,-0.00022688379742202207,EWMA-t,0.021761799702282862,0.029722269281267893,False,False
2025-02-13,Long-only Global Minimum Variance Portfolio,0.011197288696209257,EWMA-t,0.021099035750854395,0.02881706617749116,False,False
2025-02-14,Long-only Global Minimum Variance Portfolio,-2.072593845620595e-05,EWMA-t,0.020923568822273378,0.02857741342024724,False,False
2025-02-18,Long-only Global Minimum Variance Portfolio,-0.0013290674660395882,EWMA-t,0.02028615425787369,0.02770683251305774,False,False
2025-02-19,Long-only Global Minimum Variance Portfolio,0.00682542804033161,EWMA-t,0.01967508060845231,0.026872228031476923,False,False
2025-02-20,Long-only Global Minimum Variance Portfolio,0.0010358269608095416,EWMA-t,0.019263100821969675,0.026309545977612064,False,False
2025-02-21,Long-only Global Minimum Variance Portfolio,-0.016533480644339474,EWMA-t,0.018680698689986414,0.02551410105882738,False,False
2025-02-24,Long-only Global Minimum Variance Portfolio,-0.0037811935561969214,EWMA-t,0.019240286855828657,0.02627838665925174,False,False
2025-02-25,Long-only Global Minimum Variance Portfolio,-0.010964208113490376,EWMA-t,0.01871315943568652,0.025558435950149266,False,False
2025-02-26,Long-only Global Minimum Variance Portfolio,-0.009857747789260128,EWMA-t,0.01864701967060468,0.025468102249129307,False,False
2025-02-27,Long-only Global Minimum Variance Portfolio,-0.019109779699719553,EWMA-t,0.01848879328161221,0.025251996623428526,True,False
2025-02-28,Long-only Global Minimum Variance Portfolio,0.014263245582166946,EWMA-t,0.019433108159139467,0.026541742024091704,False,False
2025-03-03,Long-only Global Minimum Variance Portfolio,-0.020549187867570894,EWMA-t,0.01965610468790216,0.02684631071635742,True,False
2025-03-04,Long-only Global Minimum Variance Portfolio,0.003150201979923534,EWMA-t,0.020695531740386117,0.028265960339771697,False,False
2025-03-05,Long-only Global Minimum Variance Portfolio,0.01655688623852926,EWMA-t,0.020103164498092036,0.02745690507183723,False,False
2025-03-06,Long-only Global Minimum Variance Portfolio,-0.008324352951184723,EWMA-t,0.020546695145784867,0.02806267929665185,False,False
2025-03-07,Long-only Global Minimum Variance Portfolio,0.003306590159176801,EWMA-t,0.020187215222849934,0.02757170156425591,False,False
2025-03-10,Long-only Global Minimum Variance Portfolio,-0.039967232669514866,EWMA-t,0.019615260912437663,0.026790526281732188,True,True
2025-03-11,Long-only Global Minimum Variance Portfolio,-0.010513071840217294,EWMA-t,0.024658231072919593,0.033678215679568115,False,False
2025-03-12,Long-only Global Minimum Variance Portfolio,0.0031261943576917682,EWMA-t,0.024260921125441204,0.0331355696940047,False,False
2025-03-13,Long-only Global Minimum Variance Portfolio,-0.022958044263681893,EWMA-t,0.023553853364109284,0.0321698564400496,False,False
2025-03-14,Long-only Global Minimum Variance Portfolio,0.02096022838053162,EWMA-t,0.024551669162357917,0.0335326734062189,False,False
2025-03-17,Long-only Global Minimum Variance Portfolio,-0.001704646086245711,EWMA-t,0.025186764591632306,0.03440008683830814,False,False
2025-03-18,Long-only Global Minimum Variance Portfolio,-0.0139486995384492,EWMA-t,0.0244286486101365,0.03336465191763441,False,False
2025-03-19,Long-only Global Minimum Variance Portfolio,0.014570559846307098,EWMA-t,0.02430967415873479,0.033202156594153334,False,False
2025-03-20,Long-only Global Minimum Variance Portfolio,-0.0046804940433249394,EWMA-t,0.02425375710670246,0.033125785076142104,False,False
2025-03-21,Long-only Global Minimum Variance Portfolio,0.012348066852431887,EWMA-t,0.023586620234620468,0.03221460943668414,False,False
2025-03-24,Long-only Global Minimum Variance Portfolio,0.013764843010936759,EWMA-t,0.02337657606523134,0.031927731078783946,False,False
2025-03-25,Long-only Global Minimum Variance Portfolio,0.011394356541225902,EWMA-t,0.02330016188005088,0.03182336457325986,False,False
2025-03-26,Long-only Global Minimum Variance Portfolio,-0.01805871811469409,EWMA-t,0.023029261690455632,0.03145336905387955,False,False
2025-03-27,Long-only Global Minimum Variance Portfolio,-0.0010295099473032969,EWMA-t,0.023426937995491046,0.03199651541064903,False,False
2025-03-28,Long-only Global Minimum Variance Portfolio,-0.035043425878179504,EWMA-t,0.02271685717141322,0.031026686915145887,True,True
2025-03-31,Long-only Global Minimum Variance Portfolio,0.0018818180478246157,EWMA-t,0.025970880402010572,0.03547103232914995,False,False
2025-04-01,Long-only Global Minimum Variance Portfolio,0.01315493535399739,EWMA-t,0.02519054540259072,0.03440525067047942,False,False
2025-04-02,Long-only Global Minimum Variance Portfolio,0.002472681404161881,EWMA-t,0.024963547548072645,0.034095216966899815,False,False
2025-04-03,Long-only Global Minimum Variance Portfolio,-0.053728880339138196,EWMA-t,0.024222529539459373,0.03308313446014086,True,True
2025-04-04,Long-only Global Minimum Variance Portfolio,-0.0463207886570668,EWMA-t,0.03157121802369583,0.043119974288682965,True,True
2025-04-07,Long-only Global Minimum Variance Portfolio,-0.008302182434278261,EWMA-t,0.03560679997916969,0.0486317727257689,False,False
2025-04-08,Long-only Global Minimum Variance Portfolio,-0.025045678733025475,EWMA-t,0.034675692931191375,0.0473600665806749,False,False
2025-04-09,Long-only Global Minimum Variance Portfolio,0.11774543545269306,EWMA-t,0.03502859488455204,0.04784206012124456,False,False
2025-04-10,Long-only Global Minimum Variance Portfolio,-0.03452691768401566,EWMA-t,0.057372046039532554,0.07835874904341682,False,False
2025-04-11,Long-only Global Minimum Variance Portfolio,0.02726552975352729,EWMA-t,0.05725304424212094,0.07819621637075135,False,False
2025-04-14,Long-only Global Minimum Variance Portfolio,0.00825485159668251,EWMA-t,0.05653218958736102,0.07721167297569462,False,False
2025-04-15,Long-only Global Minimum Variance Portfolio,-0.008142509002103799,EWMA-t,0.05490577765854592,0.07499031932058137,False,False
2025-04-16,Long-only Global Minimum Variance Portfolio,-0.03235164302282576,EWMA-t,0.053329081397216774,0.07283686733154035,False,False
2025-04-17,Long-only Global Minimum Variance Portfolio,-0.00390013267666987,EWMA-t,0.05324253453122111,0.07271866160904658,False,False
2025-04-21,Long-only Global Minimum Variance Portfolio,-0.02268132771074248,EWMA-t,0.051643270148560745,0.07053438607652317,False,False
2025-04-22,Long-only Global Minimum Variance Portfolio,0.0277785960498611,EWMA-t,0.050856125210850596,0.06945930340311939,False,False
2025-04-23,Long-only Global Minimum Variance Portfolio,0.024638411462411438,EWMA-t,0.05049923064871063,0.06897185675688307,False,False
2025-04-24,Long-only Global Minimum Variance Portfolio,0.026714774202817995,EWMA-t,0.04990775758656019,0.06816402276032224,False,False
2025-04-25,Long-only Global Minimum Variance Portfolio,0.010432163262150369,EWMA-t,0.0495116568833088,0.06762302836070452,False,False
2025-04-28,Long-only Global Minimum Variance Portfolio,-0.002241996869097453,EWMA-t,0.048177839265705485,0.06580130005951322,False,False
2025-04-29,Long-only Global Minimum Variance Portfolio,0.003431426902829409,EWMA-t,0.046718445636647954,0.06380806002313588,False,False
2025-04-30,Long-only Global Minimum Variance Portfolio,-0.00024414078422046776,EWMA-t,0.04531525483865474,0.06189158182181431,False,False
2025-05-01,Long-only Global Minimum Variance Portfolio,0.03392868671274978,EWMA-t,0.043934874238436956,0.06000625779201877,False,False
2025-05-02,Long-only Global Minimum Variance Portfolio,0.0018420599015782938,EWMA-t,0.044631753736531644,0.06095805591452389,False,False
2025-05-05,Long-only Global Minimum Variance Portfolio,-0.009874547555518639,EWMA-t,0.04327813706710994,0.05910928606540408,False,False
2025-05-06,Long-only Global Minimum Variance Portfolio,-0.004834671072899393,EWMA-t,0.042138524645058066,0.057552803249281546,False,False
2025-05-07,Long-only Global Minimum Variance Portfolio,-0.0215416231108881,EWMA-t,0.04089890950552875,0.05585973670670319,False,False
2025-05-08,Long-only Global Minimum Variance Portfolio,0.012378926919335361,EWMA-t,0.04054533533006389,0.05537682504508329,False,False
2025-05-09,Long-only Global Minimum Variance Portfolio,0.00013013257613334322,EWMA-t,0.03960961780889385,0.05409882191501593,False,False
2025-05-12,Long-only Global Minimum Variance Portfolio,0.042872352068037876,EWMA-t,0.03840298328652234,0.05245080030427398,False,False
2025-05-13,Long-only Global Minimum Variance Portfolio,0.006169336487237268,EWMA-t,0.040862852680940545,0.05581049029029923,False,False
2025-05-14,Long-only Global Minimum Variance Portfolio,0.011428659566844633,EWMA-t,0.03969201768054442,0.05421136367201424,False,False
2025-05-15,Long-only Global Minimum Variance Portfolio,-0.004615437939905199,EWMA-t,0.038743681249690305,0.05291612563321703,False,False
2025-05-16,Long-only Global Minimum Variance Portfolio,0.00402308053536108,EWMA-t,0.03760709776643358,0.051363779742152976,False,False
2025-05-19,Long-only Global Minimum Variance Portfolio,0.0009950762943869195,EWMA-t,0.03649564807441777,0.049845761586916906,False,False
2025-05-20,Long-only Global Minimum Variance Portfolio,-0.008121320251924224,EWMA-t,0.035386001446849974,0.04833020605737305,False,False
2025-05-21,Long-only Global Minimum Variance Portfolio,-0.004884859647496654,EWMA-t,0.03445592797594565,0.047059911572000956,False,False
2025-05-22,Long-only Global Minimum Variance Portfolio,0.004483448015186488,EWMA-t,0.033461297070135475,0.04570144453239944,False,False
2025-05-23,Long-only Global Minimum Variance Portfolio,-0.017237365045979804,EWMA-t,0.032489675521116645,0.044374403675737625,False,False
2025-05-27,Long-only Global Minimum Variance Portfolio,0.024736523542097662,EWMA-t,0.03221907136555814,0.04400481247968888,False,False
2025-05-28,Long-only Global Minimum Variance Portfolio,-0.003674153136654015,EWMA-t,0.03271320623719334,0.04467970196111654,False,False
2025-05-29,Long-only Global Minimum Variance Portfolio,7.095881420340027e-05,EWMA-t,0.03174943419526661,0.04336338196241263,False,False
2025-05-30,Long-only Global Minimum Variance Portfolio,0.0022164547165395283,EWMA-t,0.030782231140081634,0.04204237588528854,False,False
2025-06-02,Long-only Global Minimum Variance Portfolio,-0.0006191430550762197,EWMA-t,0.029857171065333747,0.04077892869713515,False,False
2025-06-03,Long-only Global Minimum Variance Portfolio,-0.0013721280582536589,EWMA-t,0.02894862249556871,0.039538032924951644,False,False
2025-06-04,Long-only Global Minimum Variance Portfolio,0.0032612252899959426,EWMA-t,0.028071903106758056,0.03834060945286604,False,False
2025-06-05,Long-only Global Minimum Variance Portfolio,0.000598989736647776,EWMA-t,0.027246836699962182,0.037213733631325296,False,False
2025-06-06,Long-only Global Minimum Variance Portfolio,0.017096953157364262,EWMA-t,0.026417835596927217,0.03608148380107396,False,False
2025-06-09,Long-only Global Minimum Variance Portfolio,0.0038461285592415696,EWMA-t,0.026478457119995597,0.036164280686328355,False,False
2025-06-10,Long-only Global Minimum Variance Portfolio,0.00420344791469827,EWMA-t,0.025716212210892667,0.03512320647571258,False,False
2025-06-11,Long-only Global Minimum Variance Portfolio,-0.00789569823194429,EWMA-t,0.02498737978577113,0.034127767040705304,False,False
2025-06-12,Long-only Global Minimum Variance Portfolio,0.002673838680177765,EWMA-t,0.02442379339559417,0.03335802066488786,False,False
2025-06-13,Long-only Global Minimum Variance Portfolio,-0.009102529169809151,EWMA-t,0.023703016663206816,0.032373583696219226,False,False
2025-06-16,Long-only Global Minimum Variance Portfolio,0.010746884655458526,EWMA-t,0.023257288463597828,0.03176480805466954,False,False
2025-06-17,Long-only Global Minimum Variance Portfolio,-0.006550947090631616,EWMA-t,0.022940349656678738,0.03133193298487719,False,False
2025-06-18,Long-only Global Minimum Variance Portfolio,-0.0026130692589268487,EWMA-t,0.02238978791107384,0.030579975670560155,False,False
2025-06-20,Long-only Global Minimum Variance Portfolio,-0.00589007537313074,EWMA-t,0.021731946829577315,0.029681496223271195,False,False
2025-06-23,Long-only Global Minimum Variance Portfolio,0.003986884529626263,EWMA-t,0.021196494473191253,0.028950175315004288,False,False
2025-06-24,Long-only Global Minimum Variance Portfolio,0.005629062883304857,EWMA-t,0.020610321084437166,0.02814957961315916,False,False
2025-06-25,Long-only Global Minimum Variance Portfolio,0.009049026543115882,EWMA-t,0.020104353578819272,0.027458529118471953,False,False
2025-06-26,Long-only Global Minimum Variance Portfolio,0.009376530863511846,EWMA-t,0.019813192632709347,0.02706086145482003,False,False
2025-06-27,Long-only Global Minimum Variance Portfolio,0.007132151081296587,EWMA-t,0.01955935016334115,0.026714163372271643,False,False
2025-06-30,Long-only Global Minimum Variance Portfolio,0.00444854196241919,EWMA-t,0.01916922338842308,0.026181328164863175,False,False
2025-07-01,Long-only Global Minimum Variance Portfolio,-0.0002767738166871618,EWMA-t,0.018667180062560015,0.025495637315470786,False,False
2025-07-02,Long-only Global Minimum Variance Portfolio,0.010024356202912988,EWMA-t,0.018098828939702466,0.024719383267047073,False,False
2025-07-03,Long-only Global Minimum Variance Portfolio,0.00962071130199049,EWMA-t,0.017983638139303936,0.024562055654670845,False,False
2025-07-07,Long-only Global Minimum Variance Portfolio,-0.010199215612602385,EWMA-t,0.017840440284024893,0.02436647600255883,False,False
2025-07-08,Long-only Global Minimum Variance Portfolio,-0.005743324664955022,EWMA-t,0.017754647313998808,0.024249299951292835,False,False
2025-07-09,Long-only Global Minimum Variance Portfolio,0.01147966863095036,EWMA-t,0.017360906456512046,0.023711528629372657,False,False
2025-07-10,Long-only Global Minimum Variance Portfolio,0.0018112755182109887,EWMA-t,0.017425302592752028,0.023799480881860173,False,False
2025-07-11,Long-only Global Minimum Variance Portfolio,0.004386997646008861,EWMA-t,0.01690942542292208,0.023094895766313153,False,False
2025-07-14,Long-only Global Minimum Variance Portfolio,-0.0014038375485512621,EWMA-t,0.01648457211617301,0.022514631056547062,False,False
2025-07-15,Long-only Global Minimum Variance Portfolio,0.0033393386462348324,EWMA-t,0.015991891402680092,0.021841727664527164,False,False
2025-07-16,Long-only Global Minimum Variance Portfolio,0.0012048130730109234,EWMA-t,0.015560075289411696,0.021251953152577798,False,False
2025-07-17,Long-only Global Minimum Variance Portfolio,0.005660942194304084,EWMA-t,0.015093470610922172,0.020614664413057315,False,False
2025-07-18,Long-only Global Minimum Variance Portfolio,0.0030889546667752397,EWMA-t,0.014801567811913838,0.020215983526606026,False,False
2025-07-21,Long-only Global Minimum Variance Portfolio,0.010364712022910061,EWMA-t,0.014401832586203032,0.019670025095670802,False,False
2025-07-22,Long-only Global Minimum Variance Portfolio,5.01638782633738e-05,EWMA-t,0.014544275554106395,0.019864573722492444,False,False
2025-07-23,Long-only Global Minimum Variance Portfolio,-0.00045946213413226134,EWMA-t,0.014101212089868562,0.019259437576910385,False,False
2025-07-24,Long-only Global Minimum Variance Portfolio,0.006692962750480378,EWMA-t,0.013672823012634618,0.01867434371128835,False,False
2025-07-25,Long-only Global Minimum Variance Portfolio,0.003065096546296101,EWMA-t,0.013514360327086977,0.01845791535171725,False,False
2025-07-28,Long-only Global Minimum Variance Portfolio,-0.0010250091578658937,EWMA-t,0.013157833095792174,0.01797097040600408,False,False
2025-07-29,Long-only Global Minimum Variance Portfolio,-0.0003676875661978309,EWMA-t,0.012763341752584815,0.0174321740705747,False,False
2025-07-30,Long-only Global Minimum Variance Portfolio,-0.0016210021729702966,EWMA-t,0.012375361384971383,0.01690227042658325,False,False
2025-07-31,Long-only Global Minimum Variance Portfolio,0.007184512460476165,EWMA-t,0.012015233808852976,0.01641040812937266,False,False
2025-08-01,Long-only Global Minimum Variance Portfolio,-0.024409025542564286,EWMA-t,0.011986014481402912,0.016370500367580455,True,True
2025-08-04,Long-only Global Minimum Variance Portfolio,0.01614510141167937,EWMA-t,0.015064256688318886,0.02057476403320565,False,False
2025-08-05,Long-only Global Minimum Variance Portfolio,-0.00565483082201621,EWMA-t,0.015922210706591902,0.02174655775941026,False,False
2025-08-06,Long-only Global Minimum Variance Portfolio,0.01877219942283046,EWMA-t,0.015596071514223393,0.021301116801797953,False,False
2025-08-07,Long-only Global Minimum Variance Portfolio,0.007543280071497331,EWMA-t,0.016822344856947488,0.022975961116308515,False,False
2025-08-08,Long-only Global Minimum Variance Portfolio,0.019797140462567007,EWMA-t,0.016576711390619985,0.022640474891338278,False,False
2025-08-11,Long-only Global Minimum Variance Portfolio,-0.003789434398730934,EWMA-t,0.017853428476719047,0.024384215278078963,False,False
2025-08-12,Long-only Global Minimum Variance Portfolio,0.011724682194949479,EWMA-t,0.017373394940672676,0.023728585402903117,False,False
2025-08-13,Long-only Global Minimum Variance Portfolio,-0.0013453184277232527,EWMA-t,0.017462123256934692,0.023849770550496238,False,False
2025-08-14,Long-only Global Minimum Variance Portfolio,0.003920700305500211,EWMA-t,0.016938398158736715,0.023134466733212886,False,False
2025-08-15,Long-only Global Minimum Variance Portfolio,-0.0016817942865558885,EWMA-t,0.01649440806902327,0.022528065002417934,False,False
2025-08-18,Long-only Global Minimum Variance Portfolio,-0.003643827928664967,EWMA-t,0.01600555471644265,0.02186038902050328,False,False
2025-08-19,Long-only Global Minimum Variance Portfolio,-0.009005456799473975,EWMA-t,0.015583800261104223,0.021284356722456342,False,False
2025-08-20,Long-only Global Minimum Variance Portfolio,-0.013227400636577364,EWMA-t,0.015517438401214946,0.021193719684315236,False,False
2025-08-21,Long-only Global Minimum Variance Portfolio,-0.0020366623255240364,EWMA-t,0.015916256825780465,0.0217384259481094,False,False
2025-08-22,Long-only Global Minimum Variance Portfolio,0.016438078795500292,EWMA-t,0.015452097608897163,0.021104477220415672,False,False
2025-08-25,Long-only Global Minimum Variance Portfolio,-8.254683099989733e-05,EWMA-t,0.016313013366122675,0.022280316090123636,False,False
2025-08-26,Long-only Global Minimum Variance Portfolio,2.3148833622520693e-05,EWMA-t,0.01581608648377433,0.021601613280047265,False,False
2025-08-27,Long-only Global Minimum Variance Portfolio,0.005349711458637359,EWMA-t,0.015334267468863808,0.020943544797572284,False,False
2025-08-28,Long-only Global Minimum Variance Portfolio,0.010867032606490445,EWMA-t,0.015014832455894694,0.020507260409184255,False,False
2025-08-29,Long-only Global Minimum Variance Portfolio,-0.002068239084338678,EWMA-t,0.01517007735394636,0.0207192939141131,False,False
2025-09-02,Long-only Global Minimum Variance Portfolio,-0.007419764821238887,EWMA-t,0.014730345742261057,0.020118708413244556,False,False
2025-09-03,Long-only Global Minimum Variance Portfolio,0.03557059658126473,EWMA-t,0.014575823105320967,0.019907661372649696,False,False
2025-09-04,Long-only Global Minimum Variance Portfolio,0.008728334152537362,EWMA-t,0.019870652253528038,0.027139339813509893,False,False
2025-09-05,Long-only Global Minimum Variance Portfolio,-0.007502599505462755,EWMA-t,0.01956787362555684,0.026725804718237937,False,False
2025-09-08,Long-only Global Minimum Variance Portfolio,0.00035478455344511626,EWMA-t,0.019199185703940275,0.026222250699868353,False,False
2025-09-09,Long-only Global Minimum Variance Portfolio,0.003017179182490904,EWMA-t,0.018614822598582048,0.025424127483355468,False,False
2025-09-10,Long-only Global Minimum Variance Portfolio,-0.011377889761478112,EWMA-t,0.018086594143604574,0.02470267298071056,False,False
2025-09-11,Long-only Global Minimum Variance Portfolio,0.005951828507274626,EWMA-t,0.018095932288905797,0.024715427020956665,False,False
2025-09-12,Long-only Global Minimum Variance Portfolio,0.011611132479691753,EWMA-t,0.017699669370602557,0.024174211067996925,False,False
2025-09-15,Long-only Global Minimum Variance Portfolio,0.01966791427098984,EWMA-t,0.017755954642964592,0.024251085501389418,False,False
2025-09-16,Long-only Global Minimum Variance Portfolio,-0.0019678673429152998,EWMA-t,0.018868379522273666,0.02577043556757617,False,False
2025-09-17,Long-only Global Minimum Variance Portfolio,-0.0007378355870814957,EWMA-t,0.01830988903565504,0.02500764917759925,False,False
2025-09-18,Long-only Global Minimum Variance Portfolio,-1.0997579904317738e-05,EWMA-t,0.017754460691464833,0.02424904506220808,False,False
2025-09-19,Long-only Global Minimum Variance Portfolio,0.01937446365904919,EWMA-t,0.017213588836470513,0.023510322201933172,False,False
2025-09-22,Long-only Global Minimum Variance Portfolio,0.006769298140789671,EWMA-t,0.018341768843679905,0.025051190624157584,False,False
2025-09-23,Long-only Global Minimum Variance Portfolio,-0.00855782235492001,EWMA-t,0.017980610530873187,0.024557920546624264,False,False
2025-09-24,Long-only Global Minimum Variance Portfolio,-0.006748238591905631,EWMA-t,0.017753846454705385,0.02424820613755035,False,False
2025-09-25,Long-only Global Minimum Variance Portfolio,0.0011556537648973989,EWMA-t,0.017415806506286904,0.023786511125548842,False,False
2025-09-26,Long-only Global Minimum Variance Portfolio,0.002715147361848106,EWMA-t,0.016891348965448073,0.02307020693799729,False,False
2025-09-29,Long-only Global Minimum Variance Portfolio,-0.0011538437553831775,EWMA-t,0.016411445946990507,0.022414755323763712,False,False
2025-09-30,Long-only Global Minimum Variance Portfolio,0.000735932279156281,EWMA-t,0.015917938072460575,0.02174072219507601,False,False
2025-10-01,Long-only Global Minimum Variance Portfolio,0.004716952021463269,EWMA-t,0.015435719447472315,0.021082107925097217,False,False
2025-10-02,Long-only Global Minimum Variance Portfolio,0.0008610034711185738,EWMA-t,0.015079694702274962,0.020595849274970938,False,False
2025-10-03,Long-only Global Minimum Variance Portfolio,0.001119997550104776,EWMA-t,0.014624215934788406,0.019973756306358822,False,False
2025-10-06,Long-only Global Minimum Variance Portfolio,0.01208791789675681,EWMA-t,0.014185523917889475,0.01937459068420466,False,False
2025-10-07,Long-only Global Minimum Variance Portfolio,-0.007601065998146933,EWMA-t,0.014549581141068597,0.019871820093957264,False,False
2025-10-08,Long-only Global Minimum Variance Portfolio,0.001910579545534131,EWMA-t,0.01441871737025699,0.019693086336251706,False,False
2025-10-09,Long-only Global Minimum Variance Portfolio,-0.008922254582040432,EWMA-t,0.013999586229159653,0.01912063696118677,False,False
2025-10-10,Long-only Global Minimum Variance Portfolio,-0.027312287322853512,EWMA-t,0.014018074690578157,0.01914588850455152,True,True
2025-10-13,Long-only Global Minimum Variance Portfolio,0.01438484837742814,EWMA-t,0.017313626195481702,0.023646953241800963,False,False
2025-10-14,Long-only Global Minimum Variance Portfolio,0.00012170029398749838,EWMA-t,0.0177112598096952,0.024190041291439496,False,False
2025-10-15,Long-only Global Minimum Variance Portfolio,0.007404974325705073,EWMA-t,0.017171769996708806,0.023453206024345283,False,False
2025-10-16,Long-only Global Minimum Variance Portfolio,-0.0037701705877316413,EWMA-t,0.016900716146568073,0.023083000635369014,False,False
2025-10-17,Long-only Global Minimum Variance Portfolio,0.0087010797538473,EWMA-t,0.016452608684776854,0.022470975397175734,False,False
2025-10-20,Long-only Global Minimum Variance Portfolio,0.01871617686854925,EWMA-t,0.01631328287023442,0.022280684178879677,False,False
2025-10-21,Long-only Global Minimum Variance Portfolio,-0.002547927997100297,EWMA-t,0.017440756601930292,0.023820587969902312,False,False
2025-10-22,Long-only Global Minimum Variance Portfolio,-0.003189679995485308,EWMA-t,0.016939020292205457,0.02313531644319734,False,False
2025-10-23,Long-only Global Minimum Variance Portfolio,0.0037391476244652286,EWMA-t,0.0164706913968651,0.022495672768044657,False,False
2025-10-24,Long-only Global Minimum Variance Portfolio,0.014006939564655081,EWMA-t,0.01603629959938591,0.021902380386215774,False,False
2025-10-27,Long-only Global Minimum Variance Portfolio,0.022732881994662238,EWMA-t,0.01649215409459725,0.022524986523810474,False,False
2025-10-28,Long-only Global Minimum Variance Portfolio,0.006621146871742452,EWMA-t,0.018313178987930046,0.025012142594907468,False,False
2025-10-29,Long-only Global Minimum Variance Portfolio,0.007422183531240822,EWMA-t,0.01794467386848762,0.024508838247774608,False,False
2025-10-30,Long-only Global Minimum Variance Portfolio,-0.004645688314044172,EWMA-t,0.0176404845766524,0.024093376467586632,False,False
2025-10-31,Long-only Global Minimum Variance Portfolio,0.0011322541880119733,EWMA-t,0.017200117343130743,0.02349192283431913,False,False
2025-11-03,Long-only Global Minimum Variance Portfolio,0.0033763939037998706,EWMA-t,0.01668205953768019,0.022784359406316037,False,False
2025-11-04,Long-only Global Minimum Variance Portfolio,-0.007856621190524276,EWMA-t,0.016228117910568447,0.022164365864257247,False,False
2025-11-05,Long-only Global Minimum Variance Portfolio,0.0017719653196320577,EWMA-t,0.016033416754131342,0.02189844299573683,False,False
2025-11-06,Long-only Global Minimum Variance Portfolio,-0.009230693104311466,EWMA-t,0.01556054207877204,0.021252590693555822,False,False
2025-11-07,Long-only Global Minimum Variance Portfolio,-0.006398400474901166,EWMA-t,0.015515910046362904,0.021191632257030215,False,False
2025-11-10,Long-only Global Minimum Variance Portfolio,0.019510842596407625,EWMA-t,0.015251647232561241,0.020830702066499392,False,False
2025-11-11,Long-only Global Minimum Variance Portfolio,0.009638222442752777,EWMA-t,0.016654283398436765,0.02274642275119185,False,False
2025-11-12,Long-only Global Minimum Variance Portfolio,-0.005697130421021532,EWMA-t,0.0165846314725092,0.022651292140364623,False,False
2025-11-13,Long-only Global Minimum Variance Portfolio,-0.015835658863693206,EWMA-t,0.016234306812308547,0.022172818667177553,False,False
2025-11-14,Long-only Global Minimum Variance Portfolio,0.0012775399579524342,EWMA-t,0.01692377584582412,0.023114495576054522,False,False
2025-11-17,Long-only Global Minimum Variance Portfolio,0.00024078927412003357,EWMA-t,0.016415877953076728,0.022420808558337738,False,False
2025-11-18,Long-only Global Minimum Variance Portfolio,-0.013791200875341497,EWMA-t,0.015916065088434617,0.02173816407321382,False,False
2025-11-19,Long-only Global Minimum Variance Portfolio,0.003923184130178581,EWMA-t,0.016354050571337684,0.022336364711130985,False,False
2025-11-20,Long-only Global Minimum Variance Portfolio,-0.012990650585287821,EWMA-t,0.01593051794240564,0.021757903783324498,False,False
2025-11-21,Long-only Global Minimum Variance Portfolio,0.011315439466749608,EWMA-t,0.016265946522686137,0.02221603218833341,False,False
2025-11-24,Long-only Global Minimum Variance Portfolio,0.02489893932675989,EWMA-t,0.016384534116657853,0.02237799914187886,False,False
2025-11-25,Long-only Global Minimum Variance Portfolio,0.008870209431270652,EWMA-t,0.018653645545792023,0.025477151870449074,False,False
2025-11-26,Long-only Global Minimum Variance Portfolio,0.004063653627343098,EWMA-t,0.018417803264608405,0.02515503844760966,False,False
2025-11-28,Long-only Global Minimum Variance Portfolio,0.007473942397667261,EWMA-t,0.017927891796944328,0.024485917291956098,False,False
2025-12-01,Long-only Global Minimum Variance Portfolio,-0.0031219564169334543,EWMA-t,0.017627810679593348,0.024076066457091833,False,False
2025-12-02,Long-only Global Minimum Variance Portfolio,0.006597930834467302,EWMA-t,0.01713471607898927,0.023402597777993743,False,False
2025-12-03,Long-only Global Minimum Variance Portfolio,-0.00791779425050011,EWMA-t,0.016813577898643572,0.022963987203348583,False,False
2025-12-04,Long-only Global Minimum Variance Portfolio,-0.004294418008698235,EWMA-t,0.016595276143924552,0.022665830634172397,False,False
2025-12-05,Long-only Global Minimum Variance Portfolio,0.0028721374743733838,EWMA-t,0.016177861875078654,0.02209572616348471,False,False
2025-12-08,Long-only Global Minimum Variance Portfolio,-0.0021764618810533724,EWMA-t,0.015725522195188652,0.02147792056118047,False,False
2025-12-09,Long-only Global Minimum Variance Portfolio,0.0030877295624034914,EWMA-t,0.015270399003212975,0.02085631323765418,False,False
2025-12-10,Long-only Global Minimum Variance Portfolio,-0.003942449346852816,EWMA-t,0.014854776008912598,0.020288655290008114,False,False
2025-12-11,Long-only Global Minimum Variance Portfolio,-0.0036680390792382866,EWMA-t,0.014485220337973666,0.019783916099484534,False,False
2025-12-12,Long-only Global Minimum Variance Portfolio,-0.007467642601281485,EWMA-t,0.01411762478781919,0.019281854042220905,False,False
2025-12-15,Long-only Global Minimum Variance Portfolio,-0.009575541622441761,EWMA-t,0.013998190461343693,0.01911873062129542,False,False
2025-12-16,Long-only Global Minimum Variance Portfolio,0.0003775400534629495,EWMA-t,0.014083088893648314,0.019234684912807932,False,False
2025-12-17,Long-only Global Minimum Variance Portfolio,-0.011973133446496604,EWMA-t,0.013654866233956592,0.0186498183402899,False,False
2025-12-18,Long-only Global Minimum Variance Portfolio,0.013288876539877655,EWMA-t,0.014049095142711953,0.019188256242705575,False,False
2025-12-19,Long-only Global Minimum Variance Portfolio,0.007482287979643919,EWMA-t,0.014586625514559555,0.01992241530479999,False,False
2025-12-22,Long-only Global Minimum Variance Portfolio,-0.0009894836134887546,EWMA-t,0.014444295714408159,0.019728021242510874,False,False
2025-12-23,Long-only Global Minimum Variance Portfolio,0.007945362616772825,EWMA-t,0.014009654383660482,0.01913438804810665,False,False
2025-12-24,Long-only Global Minimum Variance Portfolio,0.002528183039121971,EWMA-t,0.013936649862409096,0.01903467846208578,False,False
2025-12-26,Long-only Global Minimum Variance Portfolio,-0.0012192998798095686,EWMA-t,0.013548511221361427,0.018504558648214223,False,False
2025-12-29,Long-only Global Minimum Variance Portfolio,-0.0006824134732900879,EWMA-t,0.013144493584684662,0.017952751299742557,False,False
2025-12-30,Long-only Global Minimum Variance Portfolio,-0.00017427303115065355,EWMA-t,0.012746876853487991,0.017409686308930916,False,False
2025-12-31,Long-only Global Minimum Variance Portfolio,-0.00537943743641575,EWMA-t,0.012358745135292896,0.016879575950292443,False,False
2026-01-02,Long-only Global Minimum Variance Portfolio,-0.009029502008188067,EWMA-t,0.012167056932948277,0.016617768174921214,False,False
2026-01-05,Long-only Global Minimum Variance Portfolio,-0.00021585394211068223,EWMA-t,0.012317843640427244,0.016823712682500498,False,False
2026-01-06,Long-only Global Minimum Variance Portfolio,-0.0008210200727655705,EWMA-t,0.011942893343444597,0.016311605510921277,False,False
2026-01-07,Long-only Global Minimum Variance Portfolio,0.008174638357171393,EWMA-t,0.011583552917126356,0.015820818303025234,False,False
2026-01-08,Long-only Global Minimum Variance Portfolio,-0.0009294646453469192,EWMA-t,0.011680496463962256,0.01595322381376227,False,False
2026-01-09,Long-only Global Minimum Variance Portfolio,0.004138644904248085,EWMA-t,0.011330542493825448,0.01547525662911973,False,False
2026-01-12,Long-only Global Minimum Variance Portfolio,0.0020354650914969075,EWMA-t,0.011104951200740813,0.015167144007355844,False,False
2026-01-13,Long-only Global Minimum Variance Portfolio,-0.0022687594958919178,EWMA-t,0.010796282501946985,0.01474556425247526,False,False
2026-01-14,Long-only Global Minimum Variance Portfolio,-0.011859857478880003,EWMA-t,0.010505235315748826,0.014348051962127807,True,False
2026-01-15,Long-only Global Minimum Variance Portfolio,-0.006073247235683992,EWMA-t,0.011199599745268483,0.015296415003597774,False,False
2026-01-16,Long-only Global Minimum Variance Portfolio,-0.002533317411192018,EWMA-t,0.011117267987440449,0.01518396627646845,False,False
2026-01-20,Long-only Global Minimum Variance Portfolio,-0.023764131072687815,EWMA-t,0.010824407423941137,0.014783977275132441,True,True
2026-01-21,Long-only Global Minimum Variance Portfolio,-0.0018004944847946386,EWMA-t,0.01404398981194396,0.01918128338118069,False,False
2026-01-22,Long-only Global Minimum Variance Portfolio,0.009510135177876664,EWMA-t,0.01363450011782713,0.018622002295840694,False,False
2026-01-23,Long-only Global Minimum Variance Portfolio,0.011046111252043082,EWMA-t,0.013736597536330677,0.018761446965270604,False,False
2026-01-26,Long-only Global Minimum Variance Portfolio,0.016114270815739892,EWMA-t,0.014006799596031518,0.01913048897873694,False,False
2026-01-27,Long-only Global Minimum Variance Portfolio,0.014384505764126044,EWMA-t,0.014982205935015414,0.02046269910209791,False,False
2026-01-28,Long-only Global Minimum Variance Portfolio,-0.0008933411356562696,EWMA-t,0.015585562420840674,0.021286763480487383,False,False
2026-01-29,Long-only Global Minimum Variance Portfolio,-0.0319655490990416,EWMA-t,0.015114835458324535,0.02064384452482811,True,True
2026-01-30,Long-only Global Minimum Variance Portfolio,-0.002151699279028113,EWMA-t,0.01929603561593713,0.026354528324128244,False,False
2026-02-02,Long-only Global Minimum Variance Portfolio,0.012647708642941232,EWMA-t,0.01872727428372535,0.025577714011707303,False,False
2026-02-03,Long-only Global Minimum Variance Portfolio,-0.015456672636650333,EWMA-t,0.018823884736773266,0.025709664582898997,False,False
2026-02-04,Long-only Global Minimum Variance Portfolio,0.002795325047321758,EWMA-t,0.019233407029929463,0.026268990192011826,False,False
2026-02-05,Long-only Global Minimum Variance Portfolio,-0.023410440213651247,EWMA-t,0.01867976436399809,0.025512824956253084,True,False
2026-02-06,Long-only Global Minimum Variance Portfolio,-0.0018639126766487727,EWMA-t,0.020310594037498894,0.027740212367717416,False,False
2026-02-09,Long-only Global Minimum Variance Portfolio,0.007998895370749336,EWMA-t,0.019705451511000106,0.02691370861470948,False,False
2026-02-10,Long-only Global Minimum Variance Portfolio,-0.006675825534200253,EWMA-t,0.01936166794081861,0.02644416896324682,False,False
2026-02-11,Long-only Global Minimum Variance Portfolio,-0.012822850975237858,EWMA-t,0.018954023639302903,0.02588740831539685,False,False
2026-02-12,Long-only Global Minimum Variance Portfolio,-0.020657334705868873,EWMA-t,0.019054085815630027,0.026024073250758447,True,False
2026-02-13,Long-only Global Minimum Variance Portfolio,-0.010463554128246191,EWMA-t,0.020176379872078643,0.027556902640555332,False,False
2026-02-17,Long-only Global Minimum Variance Portfolio,0.0037543495447650184,EWMA-t,0.019988660955851868,0.02730051611675626,False,False
2026-02-18,Long-only Global Minimum Variance Portfolio,0.005424362556858873,EWMA-t,0.019435729768823615,0.026545322618989585,False,False
2026-02-19,Long-only Global Minimum Variance Portfolio,-0.004787980725364079,EWMA-t,0.018963665229325872,0.025900576800489204,False,False
2026-02-20,Long-only Global Minimum Variance Portfolio,0.015414347342399382,EWMA-t,0.01848185399765076,0.025242518948358314,False,False
2026-02-23,Long-only Global Minimum Variance Portfolio,-0.014156801997271418,EWMA-t,0.01891370681007357,0.02583234358401825,False,False
2026-02-24,Long-only Global Minimum Variance Portfolio,0.011555228110506854,EWMA-t,0.019161773333308263,0.026171152878475455,False,False
2026-02-25,Long-only Global Minimum Variance Portfolio,0.01550755638954552,EWMA-t,0.01912421853339747,0.02611986052715234,False,False
2026-02-26,Long-only Global Minimum Variance Portfolio,-0.006394617667550855,EWMA-t,0.019516152561402135,0.02665516408109621,False,False
2026-02-27,Long-only Global Minimum Variance Portfolio,-0.01312240487806475,EWMA-t,0.019087530518349424,0.026069752030724133,False,False
2026-03-02,Long-only Global Minimum Variance Portfolio,0.000971752438151703,EWMA-t,0.01921017703415164,0.02623726266031146,False,False
2026-03-03,Long-only Global Minimum Variance Portfolio,0.0014278220687944348,EWMA-t,0.01862886691134894,0.02544330920782857,False,False
2026-03-04,Long-only Global Minimum Variance Portfolio,0.002748066765830488,EWMA-t,0.0180700585398661,0.024680088650656656,False,False
2026-03-05,Long-only Global Minimum Variance Portfolio,0.0008461127496359406,EWMA-t,0.017552779829549142,0.023973589310903303,False,False
2026-03-06,Long-only Global Minimum Variance Portfolio,-0.009148272298653552,EWMA-t,0.017021295058564388,0.02324768733136966,False,False
2026-03-09,Long-only Global Minimum Variance Portfolio,0.010316670640329593,EWMA-t,0.01688929300839084,0.02306739891154168,False,False
2026-03-10,Long-only Global Minimum Variance Portfolio,-0.0009660200463770771,EWMA-t,0.016868551504206332,0.023039070162030863,False,False
2026-03-11,Long-only Global Minimum Variance Portfolio,-0.00014806048962217764,EWMA-t,0.01635906689693575,0.022343216009381495,False,False
2026-03-12,Long-only Global Minimum Variance Portfolio,-0.014098304706910742,EWMA-t,0.01586081039713728,0.02166269720759331,False,False
2026-03-13,Long-only Global Minimum Variance Portfolio,-0.014442393903187096,EWMA-t,0.01634397223749087,0.02232259972125884,False,False
2026-03-16,Long-only Global Minimum Variance Portfolio,0.011364596639121342,EWMA-t,0.016830523283984884,0.022987131213176797,False,False
2026-03-17,Long-only Global Minimum Variance Portfolio,0.006828223110713103,EWMA-t,0.016917129458618407,0.023105417939417,False,False
2026-03-18,Long-only Global Minimum Variance Portfolio,-0.01649788086133451,EWMA-t,0.01661952414427199,0.022698948556665873,False,False
2026-03-19,Long-only Global Minimum Variance Portfolio,-0.0046092339374407855,EWMA-t,0.017367007759382286,0.023719861789743432,False,False
2026-03-20,Long-only Global Minimum Variance Portfolio,-0.014997293277953681,EWMA-t,0.016934954696852102,0.02312976365245695,False,False
2026-03-23,Long-only Global Minimum Variance Portfolio,0.007364611145066808,EWMA-t,0.017443427558249115,0.023824235962441195,False,False
2026-03-24,Long-only Global Minimum Variance Portfolio,-0.019115185236391087,EWMA-t,0.01715755043573782,0.02343378494584888,True,False
2026-03-25,Long-only Global Minimum Variance Portfolio,0.0016401487116079463,EWMA-t,0.01825022892940011,0.02492616539557215,False,False
2026-03-26,Long-only Global Minimum Variance Portfolio,-0.014178209848617066,EWMA-t,0.017705973077081435,0.02418282067124659,False,False
2026-03-27,Long-only Global Minimum Variance Portfolio,-0.02353339262884099,EWMA-t,0.018046991310882828,0.024648583425868585,True,False
2026-03-30,Long-only Global Minimum Variance Portfolio,-0.0003791978146213923,EWMA-t,0.01978800328329221,0.027026457837626663,False,False
2026-03-31,Long-only Global Minimum Variance Portfolio,0.03599300232409244,EWMA-t,0.01918575892751407,0.02620391240662153,False,False
2026-04-01,Long-only Global Minimum Variance Portfolio,0.009679419099172772,EWMA-t,0.023362475534321022,0.031908472571562166,False,False
2026-04-02,Long-only Global Minimum Variance Portfolio,0.0035813656831234155,EWMA-t,0.022967508303011124,0.031369026268091314,False,False
2026-04-06,Long-only Global Minimum Variance Portfolio,0.006918596342890904,EWMA-t,0.022312197677623564,0.03047400291813364,False,False
2026-04-07,Long-only Global Minimum Variance Portfolio,-0.0008592913465956793,EWMA-t,0.021802439893602102,0.02977777566063715,False,False
2026-04-08,Long-only Global Minimum Variance Portfolio,0.020532538458926133,EWMA-t,0.021140943188053533,0.028874303361472314,False,False
2026-04-09,Long-only Global Minimum Variance Portfolio,0.006527950597675762,EWMA-t,0.022025938167234683,0.030083029636121042,False,False
2026-04-10,Long-only Global Minimum Variance Portfolio,-0.0010189771956859563,EWMA-t,0.02150826789672169,0.029375995503393506,False,False
2026-04-13,Long-only Global Minimum Variance Portfolio,0.014899598900737228,EWMA-t,0.02085687863489199,0.02848632795236841,False,False
2026-04-14,Long-only Global Minimum Variance Portfolio,0.020112058086862533,EWMA-t,0.021051042871183933,0.028751517495274437,False,False
2026-04-15,Long-only Global Minimum Variance Portfolio,0.028137518159294914,EWMA-t,0.02188471439396061,0.029890146185506047,False,False
2026-04-16,Long-only Global Minimum Variance Portfolio,0.0034592356067457463,EWMA-t,0.023922939845112602,0.03267395481088909,False,False
2026-04-17,Long-only Global Minimum Variance Portfolio,0.01545081836629815,EWMA-t,0.02323390041579531,0.03173286465549026,False,False
2026-04-20,Long-only Global Minimum Variance Portfolio,-0.004677649730793494,EWMA-t,0.02332901632876039,0.031862773983613764,False,False
2026-04-21,Long-only Global Minimum Variance Portfolio,-0.005722106493525776,EWMA-t,0.022692794494078197,0.030993822106850425,False,False
2026-04-22,Long-only Global Minimum Variance Portfolio,0.02278727600421894,EWMA-t,0.02211594106897395,0.030205955612749226,False,False
2026-04-23,Long-only Global Minimum Variance Portfolio,-0.013899737930589797,EWMA-t,0.023234686768262874,0.031733938655807814,False,False
2026-04-24,Long-only Global Minimum Variance Portfolio,0.011369480462540577,EWMA-t,0.023178789014673164,0.0316575934956124,False,False
2026-04-27,Long-only Global Minimum Variance Portfolio,0.00024081948426487709,EWMA-t,0.02291193474963,0.031293123900589165,False,False
2026-04-28,Long-only Global Minimum Variance Portfolio,0.005978618097607372,EWMA-t,0.022214146232617346,0.03034008423991023,False,False
2026-04-29,Long-only Global Minimum Variance Portfolio,-0.0036766820019120123,EWMA-t,0.021665012892977165,0.029590077842673,False,False
2026-04-30,Long-only Global Minimum Variance Portfolio,0.014208273195973632,EWMA-t,0.021054577286186964,0.028756344799813077,False,False
2026-05-01,Long-only Global Minimum Variance Portfolio,0.01739117333181886,EWMA-t,0.021162032680680575,0.028903107393649877,False,False
2026-05-06,Long-only Global Minimum Variance Portfolio,0.017983585061795683,EWMA-t,0.02162423269182234,0.029534380237849406,False,False
2026-05-07,Long-only Global Minimum Variance Portfolio,0.004767394137750347,EWMA-t,0.022123035528985195,0.030215645227291414,False,False
2026-05-08,Long-only Global Minimum Variance Portfolio,0.002977362142754675,EWMA-t,0.02153063411086167,0.02940654328200399,False,False
2026-05-11,Long-only Global Minimum Variance Portfolio,-0.010673661085483031,EWMA-t,0.020907445237477784,0.028555391825727017,False,False
2026-05-12,Long-only Global Minimum Variance Portfolio,-0.005001215670061825,EWMA-t,0.020699380530496653,0.02827121701787909,False,False
2026-05-13,Long-only Global Minimum Variance Portfolio,0.013661388613258251,EWMA-t,0.020164671723904452,0.027540911650031613,False,False
2026-05-14,Long-only Global Minimum Variance Portfolio,0.0009401665988163888,EWMA-t,0.020273150927858474,0.027689072562982246,False,False
2026-05-15,Long-only Global Minimum Variance Portfolio,0.009405994420411868,EWMA-t,0.0196590165289708,0.026850287709323552,False,False
2026-05-18,Long-only Global Minimum Variance Portfolio,0.0018064097337423858,EWMA-t,0.01941476231204373,0.026516685263390277,False,False
2026-05-19,Long-only Global Minimum Variance Portfolio,-0.004540640789402902,EWMA-t,0.018836673512275894,0.025727131494389176,False,False
2026-05-20,Long-only Global Minimum Variance Portfolio,-0.012484970046016968,EWMA-t,0.018349680327992737,0.02506199613061282,False,False
2025-01-02,Long-only Tangency Portfolio,0.006802871894919319,EWMA-t,0.022721093982942753,0.031302590501556316,False,False
2025-01-03,Long-only Tangency Portfolio,0.02527121779547542,EWMA-t,0.022189022309951602,0.030569561462126103,False,False
2025-01-06,Long-only Tangency Portfolio,0.022758647288422515,EWMA-t,0.023675005940498966,0.03261678406126504,False,False
2025-01-07,Long-only Tangency Portfolio,-0.04065415481729782,EWMA-t,0.02461928653004235,0.03391770859576303,True,True
2025-01-08,Long-only Tangency Portfolio,0.0008549331807385184,EWMA-t,0.028680512330385533,0.03951281278651788,False,False
2025-01-10,Long-only Tangency Portfolio,-0.02707284395441246,EWMA-t,0.027808798796379514,0.03831186305187307,False,False
2025-01-13,Long-only Tangency Portfolio,-0.01550636480707969,EWMA-t,0.02896635981556301,0.03990662158732332,False,False
2025-01-14,Long-only Tangency Portfolio,-0.008334006728479908,EWMA-t,0.02873132703124878,0.03958281961690093,False,False
2025-01-15,Long-only Tangency Portfolio,0.028139354018219112,EWMA-t,0.02804611743893757,0.03863881422297235,False,False
2025-01-16,Long-only Tangency Portfolio,-0.027067683755382686,EWMA-t,0.02933458463867988,0.04041392070149399,False,False
2025-01-17,Long-only Tangency Portfolio,0.021141520736007613,EWMA-t,0.03034739717445485,0.04180926091204932,False,False
2025-01-21,Long-only Tangency Portfolio,0.0006304640145653798,EWMA-t,0.030562729329011516,0.0421059215508797,False,False
2025-01-22,Long-only Tangency Portfolio,0.029110922101787826,EWMA-t,0.029632691463648216,0.04082461905407808,False,False
2025-01-23,Long-only Tangency Portfolio,0.0003355369492684778,EWMA-t,0.030903845182570243,0.04257587294871089,False,False
2025-01-24,Long-only Tangency Portfolio,-0.019720874802016765,EWMA-t,0.029962676963343097,0.04127923629108941,False,False
2025-01-27,Long-only Tangency Portfolio,-0.08611185633535064,EWMA-t,0.030056443346187667,0.04140841716095418,True,True
2025-01-28,Long-only Tangency Portfolio,0.06658873357206563,EWMA-t,0.044536792329094466,0.06135782782189511,False,False
2025-01-29,Long-only Tangency Portfolio,-0.022213965019199193,EWMA-t,0.05042627663549278,0.06947170278086184,False,False
2025-01-30,Long-only Tangency Portfolio,-0.0007675688198722083,EWMA-t,0.04965609042358313,0.06841062607304788,False,False
2025-01-31,Long-only Tangency Portfolio,-0.02372155611972705,EWMA-t,0.048144301880256826,0.06632785234163274,False,False
2025-02-03,Long-only Tangency Portfolio,-0.029819962836813554,EWMA-t,0.04759077242242211,0.06556526115820838,False,False
2025-02-04,Long-only Tangency Portfolio,0.01807888382543693,EWMA-t,0.04759220177589571,0.06556723036209,False,False
2025-02-05,Long-only Tangency Portfolio,0.029498286119935883,EWMA-t,0.04668099720909462,0.06431187428464341,False,False
2025-02-06,Long-only Tangency Portfolio,0.01922135063960153,EWMA-t,0.04670630126893669,0.06434673539757475,False,False
2025-02-07,Long-only Tangency Portfolio,-0.004642522717727731,EWMA-t,0.04590324197623977,0.06324036982351249,False,False
2025-02-10,Long-only Tangency Portfolio,0.0172123986026629,EWMA-t,0.044541870347899734,0.061364823750143106,False,False
2025-02-11,Long-only Tangency Portfolio,0.005064974535848749,EWMA-t,0.04370652774943766,0.06021398183611403,False,False
2025-02-12,Long-only Tangency Portfolio,-0.00033654528853468665,EWMA-t,0.042421330948501736,0.058443380948506735,False,False
2025-02-13,Long-only Tangency Portfolio,0.0259589362175371,EWMA-t,0.041129216945008956,0.0566632503102978,False,False
2025-02-14,Long-only Tangency Portfolio,0.019865451718208305,EWMA-t,0.04114850734903492,0.05668982647860587,False,False
2025-02-18,Long-only Tangency Portfolio,0.0021842240885753613,EWMA-t,0.04064451604429638,0.05599548344035167,False,False
2025-02-19,Long-only Tangency Portfolio,0.0004023695379546122,EWMA-t,0.039415579360079785,0.054302391470077184,False,False
2025-02-20,Long-only Tangency Portfolio,0.005352607919220198,EWMA-t,0.03821514607020245,0.05264856829916491,False,False
2025-02-21,Long-only Tangency Portfolio,-0.024477178579855537,EWMA-t,0.0371100567099074,0.05112609936615877,False,False
2025-02-24,Long-only Tangency Portfolio,-0.015702635328122418,EWMA-t,0.037231418035372096,0.051293297471874964,False,False
2025-02-25,Long-only Tangency Portfolio,-0.016778341615235774,EWMA-t,0.03661593858673263,0.05044535849687014,False,False
2025-02-26,Long-only Tangency Portfolio,0.010828376900590903,EWMA-t,0.036101903334102854,0.04973717802684023,False,False
2025-02-27,Long-only Tangency Portfolio,-0.05437694363516927,EWMA-t,0.03525738693644126,0.04857369747490484,True,True
2025-02-28,Long-only Tangency Portfolio,0.030672158250561365,EWMA-t,0.0402594002666647,0.055464913851935596,False,False
2025-03-03,Long-only Tangency Portfolio,-0.05691501539759787,EWMA-t,0.04083485115705862,0.05625770594149254,True,True
2025-03-04,Long-only Tangency Portfolio,0.0063299575088495205,EWMA-t,0.04541989648623975,0.06257447028735445,False,False
2025-03-05,Long-only Tangency Portfolio,0.007385345372950952,EWMA-t,0.04410576365776569,0.06076400456659044,False,False
2025-03-06,Long-only Tangency Portfolio,-0.034065720826832006,EWMA-t,0.0428595728642816,0.05904714180793424,False,False
2025-03-07,Long-only Tangency Portfolio,0.01684373414125439,EWMA-t,0.04363769538089593,0.060119152271686745,False,False
2025-03-10,Long-only Tangency Portfolio,-0.04917428054710433,EWMA-t,0.04281814997368436,0.05899007396680257,True,False
2025-03-11,Long-only Tangency Portfolio,-0.0017005518605289662,EWMA-t,0.04575257214515785,0.06303279372586346,False,False
2025-03-12,Long-only Tangency Portfolio,0.030487172353674326,EWMA-t,0.04436375060642665,0.06111943022588056,False,False
2025-03-13,Long-only Tangency Portfolio,-0.014261859490415005,EWMA-t,0.04463449402382186,0.061492430325791075,False,False
2025-03-14,Long-only Tangency Portfolio,0.038317247298403224,EWMA-t,0.043632771488558715,0.0601123686817055,False,False
2025-03-17,Long-only Tangency Portfolio,-0.009179671097539949,EWMA-t,0.04487970087708802,0.061830248994281606,False,False
2025-03-18,Long-only Tangency Portfolio,-0.022602917282871855,EWMA-t,0.043660357830130676,0.06015037406799154,False,False
2025-03-19,Long-only Tangency Portfolio,0.015478917123523948,EWMA-t,0.04324356971084803,0.059576169857859185,False,False
2025-03-20,Long-only Tangency Portfolio,0.002798503974132963,EWMA-t,0.04236104335150942,0.05836032341780904,False,False
2025-03-21,Long-only Tangency Portfolio,0.003941673850159756,EWMA-t,0.041085137796967694,0.0566025229737607,False,False
2025-03-24,Long-only Tangency Portfolio,0.022671104734609017,EWMA-t,0.0398633410243794,0.054919267577820424,False,False
2025-03-25,Long-only Tangency Portfolio,0.0020843575058813826,EWMA-t,0.03965307220130908,0.05462958263268725,False,False
2025-03-26,Long-only Tangency Portfolio,-0.037366454264530155,EWMA-t,0.038453722430703545,0.052977252213844535,False,False
2025-03-27,Long-only Tangency Portfolio,-0.0076690332186915115,EWMA-t,0.04004444336822124,0.055168770199147066,False,False
2025-03-28,Long-only Tangency Portfolio,-0.020510289242420973,EWMA-t,0.03894022356944442,0.05364749925106813,False,False
2025-03-31,Long-only Tangency Portfolio,0.00041085216354012563,EWMA-t,0.03859679200067187,0.05317435751895503,False,False
2025-04-01,Long-only Tangency Portfolio,0.011923149764647901,EWMA-t,0.03742132324604076,0.051554927701833765,False,False
2025-04-02,Long-only Tangency Portfolio,0.0026193911184090803,EWMA-t,0.03657979082382787,0.05039555813863894,False,False
2025-04-03,Long-only Tangency Portfolio,-0.08159140381753197,EWMA-t,0.03548021725498919,0.04888068824823968,True,True
2025-04-04,Long-only Tangency Portfolio,-0.07188089409619473,EWMA-t,0.04692212591596389,0.06464407453763145,True,True
2025-04-07,Long-only Tangency Portfolio,0.005883307280619237,EWMA-t,0.053478776734172825,0.07367709714552906,False,False
2025-04-08,Long-only Tangency Portfolio,-0.027528834794906157,EWMA-t,0.05190063310891245,0.07150290677902414,False,False
2025-04-09,Long-only Tangency Portfolio,0.1708601336885242,EWMA-t,0.051458569391439724,0.07089388066725184,False,False
2025-04-10,Long-only Tangency Portfolio,-0.05130638128247379,EWMA-t,0.08339603513825974,0.11489376080861764,False,False
2025-04-11,Long-only Tangency Portfolio,0.034384763936000234,EWMA-t,0.08330837063057,0.11477298642214696,False,False
2025-04-14,Long-only Tangency Portfolio,0.007335583307229047,EWMA-t,0.08188241773474415,0.11280846747750221,False,False
2025-04-15,Long-only Tangency Portfolio,0.006814220265832704,EWMA-t,0.0794397769102596,0.10944326923798853,False,False
2025-04-16,Long-only Tangency Portfolio,-0.05597909014274211,EWMA-t,0.07706581986548067,0.10617269585376739,False,False
2025-04-17,Long-only Tangency Portfolio,-0.011502997288680187,EWMA-t,0.07785987352334404,0.10726665446804097,False,False
2025-04-21,Long-only Tangency Portfolio,-0.03435312713303911,EWMA-t,0.07562189925456629,0.10418342299418847,False,False
2025-04-22,Long-only Tangency Portfolio,0.02574759589346516,EWMA-t,0.07453912716118008,0.102691700303757,False,False
2025-04-23,Long-only Tangency Portfolio,0.03241747009141183,EWMA-t,0.07296662840413522,0.10052528680742912,False,False
2025-04-24,Long-only Tangency Portfolio,0.029264847406501277,EWMA-t,0.07187099665216963,0.09901584751291151,False,False
2025-04-25,Long-only Tangency Portfolio,0.02688762730384794,EWMA-t,0.07061533350253742,0.09728593479786622,False,False
2025-04-28,Long-only Tangency Portfolio,-0.010290405225312521,EWMA-t,0.06926705851834777,0.09542843182088524,False,False
2025-04-29,Long-only Tangency Portfolio,0.0037823317783544164,EWMA-t,0.06727740069406515,0.09268730306368313,False,False
2025-04-30,Long-only Tangency Portfolio,0.0019532656621856197,EWMA-t,0.06524463329861746,0.08988678274488231,False,False
2025-05-01,Long-only Tangency Portfolio,0.018566741180522827,EWMA-t,0.06326163194799563,0.08715482453507303,False,False
2025-05-02,Long-only Tangency Portfolio,0.0013036298635546969,EWMA-t,0.0617628186223869,0.08508992661224295,False,False
2025-05-05,Long-only Tangency Portfolio,-0.015518974754624396,EWMA-t,0.05988344503978255,0.08250073518951166,False,False
2025-05-06,Long-only Tangency Portfolio,-0.0024012554465192596,EWMA-t,0.05837557169007928,0.08042335537543202,False,False
2025-05-07,Long-only Tangency Portfolio,0.013430252631213762,EWMA-t,0.05660500842930303,0.07798407068470425,False,False
2025-05-08,Long-only Tangency Portfolio,0.004387650106874709,EWMA-t,0.05513140219683898,0.07595390028489901,False,False
2025-05-09,Long-only Tangency Portfolio,-0.001442092593386026,EWMA-t,0.05347941837131859,0.07367798112166328,False,False
2025-05-12,Long-only Tangency Portfolio,0.056664692641359544,EWMA-t,0.051853287524531125,0.07143767931061712,False,False
2025-05-13,Long-only Tangency Portfolio,0.03633174820468227,EWMA-t,0.05494196360587406,0.07569291291155253,False,False
2025-05-14,Long-only Tangency Portfolio,0.02317977512486303,EWMA-t,0.05513099886769742,0.07595334462296807,False,False
2025-05-15,Long-only Tangency Portfolio,-0.003687537065043598,EWMA-t,0.05421489237432398,0.07469123521752247,False,False
2025-05-16,Long-only Tangency Portfolio,0.002178653012673051,EWMA-t,0.05258307150811426,0.07244309433199976,False,False
2025-05-19,Long-only Tangency Portfolio,-0.0034421348927221283,EWMA-t,0.05098830002449965,0.07024599595581135,False,False
2025-05-20,Long-only Tangency Portfolio,-0.008667305558125697,EWMA-t,0.04945331954207878,0.06813127095598638,False,False
2025-05-21,Long-only Tangency Portfolio,-0.020431417653686272,EWMA-t,0.04806646121146181,0.06622061214529859,False,False
2025-05-22,Long-only Tangency Portfolio,0.0032872474873066274,EWMA-t,0.04728233750635676,0.06514033391301395,False,False
2025-05-23,Long-only Tangency Portfolio,-0.01876549617928683,EWMA-t,0.04585995320829713,0.06318073138456926,False,False
2025-05-27,Long-only Tangency Portfolio,0.02911838666634322,EWMA-t,0.045064575698437165,0.06208494891458849,False,False
2025-05-28,Long-only Tangency Portfolio,-0.002794821653798712,EWMA-t,0.04515163942603103,0.062204895613213816,False,False
2025-05-29,Long-only Tangency Portfolio,0.017890974199444697,EWMA-t,0.043789784118800315,0.06032868318098598,False,False
2025-05-30,Long-only Tangency Portfolio,-0.014899444155152063,EWMA-t,0.04302856504208445,0.0592799603924487,False,False
2025-06-02,Long-only Tangency Portfolio,0.011348402564185104,EWMA-t,0.04212278660365786,0.05803207982980976,False,False
2025-06-03,Long-only Tangency Portfolio,0.019174440848713014,EWMA-t,0.04108004779372769,0.05659551053469448,False,False
2025-06-04,Long-only Tangency Portfolio,0.002067518382505259,EWMA-t,0.0405284880110994,0.05583563295020394,False,False
2025-06-05,Long-only Tangency Portfolio,-0.011695001822529746,EWMA-t,0.039302146848595856,0.054146116800415145,False,False
2025-06-06,Long-only Tangency Portfolio,0.013674779610957333,EWMA-t,0.03837840437207268,0.05287348738859166,False,False
2025-06-09,Long-only Tangency Portfolio,-0.0008062494055673447,EWMA-t,0.03759167263528426,0.05178961610097876,False,False
2025-06-10,Long-only Tangency Portfolio,0.007563459792321641,EWMA-t,0.03644784299853635,0.05021377513357009,False,False
2025-06-11,Long-only Tangency Portfolio,-0.011771237471684848,EWMA-t,0.03546109915121457,0.048854349456011074,False,False
2025-06-12,Long-only Tangency Portfolio,0.010054877718409783,EWMA-t,0.03468770019123728,0.047788846582044124,False,False
2025-06-13,Long-only Tangency Portfolio,-0.017672708012956798,EWMA-t,0.03386012540896865,0.04664870629926473,False,False
2025-06-16,Long-only Tangency Portfolio,0.015234637906155818,EWMA-t,0.03354839934846308,0.04621924488213426,False,False
2025-06-17,Long-only Tangency Portfolio,-0.007776854908459741,EWMA-t,0.03306765384026845,0.04555692731107996,False,False
2025-06-18,Long-only Tangency Portfolio,0.0074616420768786156,EWMA-t,0.03220424386946196,0.0443674173001885,False,False
2025-06-20,Long-only Tangency Portfolio,0.002037456919855334,EWMA-t,0.031359265145580066,0.04320329980672365,False,False
2025-06-23,Long-only Tangency Portfolio,0.0029196871530183925,EWMA-t,0.030414377019818833,0.04190153827654859,False,False
2025-06-24,Long-only Tangency Portfolio,0.012895428427675534,EWMA-t,0.02950993572220766,0.04065549987747006,False,False
2025-06-25,Long-only Tangency Portfolio,0.027533191615426465,EWMA-t,0.02905209912427728,0.040024743649253264,False,False
2025-06-26,Long-only Tangency Portfolio,0.001966614967605711,EWMA-t,0.03015541217032819,0.04154476537450486,False,False
2025-06-27,Long-only Tangency Portfolio,0.0101708298581558,EWMA-t,0.029246873129408466,0.040293081561483486,False,False
2025-06-30,Long-only Tangency Portfolio,0.008861462160085785,EWMA-t,0.028633569630485058,0.03944814036743784,False,False
2025-07-01,Long-only Tangency Portfolio,-0.012481324197407712,EWMA-t,0.027976790014107588,0.03854330262517651,False,False
2025-07-02,Long-only Tangency Portfolio,0.023355991040687026,EWMA-t,0.027560288901863253,0.03796949382134802,False,False
2025-07-03,Long-only Tangency Portfolio,0.010261769346789143,EWMA-t,0.028239032063754877,0.03890459048827679,False,False
2025-07-07,Long-only Tangency Portfolio,-0.0105823128777996,EWMA-t,0.027671376880690872,0.038122538455268244,False,False
2025-07-08,Long-only Tangency Portfolio,0.006425775927637091,EWMA-t,0.02714578456903443,0.03739843595761126,False,False
2025-07-09,Long-only Tangency Portfolio,0.012959327182027684,EWMA-t,0.02643853973554571,0.03642407286472239,False,False
2025-07-10,Long-only Tangency Portfolio,0.006486130840668599,EWMA-t,0.026129440521222732,0.035998230423439914,False,False
2025-07-11,Long-only Tangency Portfolio,0.0007340613823951512,EWMA-t,0.02546013344339254,0.03507613374126254,False,False
2025-07-14,Long-only Tangency Portfolio,-0.0076443827689965296,EWMA-t,0.024686184812804927,0.03400987359240211,False,False
2025-07-15,Long-only Tangency Portfolio,0.02436474400776185,EWMA-t,0.024120168450185907,0.033230079343518466,False,False
2025-07-16,Long-only Tangency Portfolio,0.004187077218508692,EWMA-t,0.025252466691457063,0.03479003363967832,False,False
2025-07-17,Long-only Tangency Portfolio,0.005665630070751773,EWMA-t,0.024537883526493193,0.033805560611708696,False,False
2025-07-18,Long-only Tangency Portfolio,5.5306760258235884e-05,EWMA-t,0.023893338547847982,0.03291757838948331,False,False
2025-07-21,Long-only Tangency Portfolio,-0.001052634988724036,EWMA-t,0.02316546130053269,0.03191479025678092,False,False
2025-07-22,Long-only Tangency Portfolio,-0.011455947540061321,EWMA-t,0.022463521153588278,0.03094773536968356,False,False
2025-07-23,Long-only Tangency Portfolio,0.01250845980991241,EWMA-t,0.022235316222287364,0.03063334005402178,False,False
2025-07-24,Long-only Tangency Portfolio,0.009637722166546084,EWMA-t,0.022106090912750013,0.030455307827672057,False,False
2025-07-25,Long-only Tangency Portfolio,-0.00036913287429818007,EWMA-t,0.02176160792968906,0.029980717574156678,False,False
2025-07-28,Long-only Tangency Portfolio,0.0109950391792432,EWMA-t,0.021099155646082172,0.029068064663335804,False,False
2025-07-29,Long-only Tangency Portfolio,-0.009058969156512855,EWMA-t,0.020903517618255978,0.028798536396951586,False,False
2025-07-30,Long-only Tangency Portfolio,0.008305026924194037,EWMA-t,0.02057409563931723,0.028344695516020715,False,False
2025-07-31,Long-only Tangency Portfolio,-0.005750110584372052,EWMA-t,0.020210070334716067,0.027843182030328126,False,False
2025-08-01,Long-only Tangency Portfolio,-0.023763577076632784,EWMA-t,0.019723032681813225,0.027172195843699,True,False
2025-08-04,Long-only Tangency Portfolio,0.023478177416730594,EWMA-t,0.021261317480815743,0.02929147316256814,False,False
2025-08-05,Long-only Tangency Portfolio,-0.006933099917314306,EWMA-t,0.02256643470063614,0.031089518182725935,False,False
2025-08-06,Long-only Tangency Portfolio,0.023252352130375787,EWMA-t,0.02204637075503756,0.03037303205156001,False,False
2025-08-07,Long-only Tangency Portfolio,0.016344128410799616,EWMA-t,0.023229045698813226,0.03200238975278924,False,False
2025-08-08,Long-only Tangency Portfolio,0.022627626152357565,EWMA-t,0.023411049339220724,0.03225313408005383,False,False
2025-08-11,Long-only Tangency Portfolio,-0.005262563424586096,EWMA-t,0.024362197076737285,0.03356351940552778,False,False
2025-08-12,Long-only Tangency Portfolio,0.008223071666643812,EWMA-t,0.02370953801019506,0.03266435849749947,False,False
2025-08-13,Long-only Tangency Portfolio,0.0006581123014816646,EWMA-t,0.023211152155947785,0.03197773802407585,False,False
2025-08-14,Long-only Tangency Portfolio,0.0005867210469257204,EWMA-t,0.022505518970097452,0.03100559527964798,False,False
2025-08-15,Long-only Tangency Portfolio,-0.007107202450870841,EWMA-t,0.02182111686006807,0.030062702344794842,False,False
2025-08-18,Long-only Tangency Portfolio,0.003581113130703832,EWMA-t,0.021338194315694798,0.029397385495974333,False,False
2025-08-19,Long-only Tangency Portfolio,-0.021219110319899693,EWMA-t,0.020735506206711277,0.02856706900285866,True,False
2025-08-20,Long-only Tangency Portfolio,-0.008725022674599495,EWMA-t,0.021749485282618487,0.029964016342370482,False,False
2025-08-21,Long-only Tangency Portfolio,-0.0033273420937539873,EWMA-t,0.021361249786271474,0.029429148753272776,False,False
2025-08-22,Long-only Tangency Portfolio,0.015042002498261271,EWMA-t,0.020751347367924187,0.028588893188916303,False,False
2025-08-25,Long-only Tangency Portfolio,0.0046423001775050725,EWMA-t,0.02096171397431424,0.028878712849007206,False,False
2025-08-26,Long-only Tangency Portfolio,0.009769478903484135,EWMA-t,0.020404082363353063,0.02811047017628445,False,False
2025-08-27,Long-only Tangency Portfolio,0.001806118307919527,EWMA-t,0.020148131938949813,0.02775785021309917,False,False
2025-08-28,Long-only Tangency Portfolio,-0.0008379072007780086,EWMA-t,0.019547107144436214,0.026929825249245535,False,False
2025-08-29,Long-only Tangency Portfolio,-0.02004221180005149,EWMA-t,0.018954456864197847,0.02611333775762822,True,False
2025-09-02,Long-only Tangency Portfolio,-0.015381640514249966,EWMA-t,0.0199790701906787,0.027524935782148766,False,False
2025-09-03,Long-only Tangency Portfolio,0.01422498577606575,EWMA-t,0.020283152459215737,0.02794386643478129,False,False
2025-09-04,Long-only Tangency Portfolio,0.005828090297842201,EWMA-t,0.020437127624767015,0.028155996253806704,False,False
2025-09-05,Long-only Tangency Portfolio,-0.016654248973700405,EWMA-t,0.0199452154892486,0.027478294548402955,False,False
2025-09-08,Long-only Tangency Portfolio,0.0017624022141358268,EWMA-t,0.020405204201722454,0.028112015720135126,False,False
2025-09-09,Long-only Tangency Portfolio,0.002644457456940119,EWMA-t,0.019795584435377225,0.02727214956219903,False,False
2025-09-10,Long-only Tangency Portfolio,0.009791649768618002,EWMA-t,0.019220380409706264,0.02647969757533863,False,False
2025-09-11,Long-only Tangency Portfolio,0.005092526496017114,EWMA-t,0.019024306101835243,0.02620956825094209,False,False
2025-09-12,Long-only Tangency Portfolio,0.009576903088176662,EWMA-t,0.01855198011034417,0.025558850151453302,False,False
2025-09-15,Long-only Tangency Portfolio,0.004526044197661793,EWMA-t,0.01837268951427497,0.025311843554246875,False,False
2025-09-16,Long-only Tangency Portfolio,-0.007377534636488398,EWMA-t,0.017900727843938747,0.024661627375833273,False,False
2025-09-17,Long-only Tangency Portfolio,-0.01366082637124282,EWMA-t,0.017593633967778622,0.024238547665930546,False,False
2025-09-18,Long-only Tangency Portfolio,0.018186170265250826,EWMA-t,0.01787488450879742,0.024626023309509235,False,False
2025-09-19,Long-only Tangency Portfolio,0.014505889061447329,EWMA-t,0.018733255987389227,0.02580859184748307,False,False
2025-09-22,Long-only Tangency Portfolio,0.039030147188794384,EWMA-t,0.019028075718296265,0.02621476160829169,False,False
2025-09-23,Long-only Tangency Portfolio,-0.01910522865124537,EWMA-t,0.023945284623662185,0.03298914390215605,False,False
2025-09-24,Long-only Tangency Portfolio,-0.007865157141383656,EWMA-t,0.02438874735955316,0.03360009742555225,False,False
2025-09-25,Long-only Tangency Portfolio,0.009107832575490216,EWMA-t,0.023845028950546052,0.032851022811535666,False,False
2025-09-26,Long-only Tangency Portfolio,-0.00017816442153205711,EWMA-t,0.023391448447104533,0.03222613015586607,False,False
2025-09-29,Long-only Tangency Portfolio,0.010485612745567852,EWMA-t,0.022678957749585726,0.031244539896288663,False,False
2025-09-30,Long-only Tangency Portfolio,0.015511797208770306,EWMA-t,0.02236725721353779,0.03081511364391063,False,False
2025-10-01,Long-only Tangency Portfolio,0.00340941568890019,EWMA-t,0.022518536190836293,0.031023528955313517,False,False
2025-10-02,Long-only Tangency Portfolio,0.0073284825109165615,EWMA-t,0.02187321625403951,0.03013447908213379,False,False
2025-10-03,Long-only Tangency Portfolio,-0.0024104044277949463,EWMA-t,0.0213996973532749,0.02948211752522508,False,False
2025-10-06,Long-only Tangency Portfolio,-0.007558252151727243,EWMA-t,0.020769184132526566,0.02861346669486809,False,False
2025-10-07,Long-only Tangency Portfolio,-0.0021932394459601707,EWMA-t,0.02035230777649953,0.028039140921985336,False,False
2025-10-08,Long-only Tangency Portfolio,0.015100429862408792,EWMA-t,0.019750931517878982,0.0272106317500639,False,False
2025-10-09,Long-only Tangency Portfolio,0.004318722028699815,EWMA-t,0.02003933349832961,0.02760795984969947,False,False
2025-10-10,Long-only Tangency Portfolio,-0.04229890506838717,EWMA-t,0.01950214254407633,0.026867878035207855,True,True
2025-10-13,Long-only Tangency Portfolio,0.020206284956996633,EWMA-t,0.02512397112377903,0.03461300677031587,False,False
2025-10-14,Long-only Tangency Portfolio,-0.02518681655363942,EWMA-t,0.025608580188319796,0.035280647118621715,False,False
2025-10-15,Long-only Tangency Portfolio,0.001803947715105553,EWMA-t,0.02671131411132884,0.03679987099270281,False,False
2025-10-16,Long-only Tangency Portfolio,0.0032660445741670586,EWMA-t,0.025907189254817654,0.035692037403598824,False,False
2025-10-17,Long-only Tangency Portfolio,0.012178702889651822,EWMA-t,0.025150413253923875,0.034649435789646285,False,False
2025-10-20,Long-only Tangency Portfolio,0.013682745633731818,EWMA-t,0.02484511805489047,0.034228834096584844,False,False
2025-10-21,Long-only Tangency Portfolio,-0.003815832584617732,EWMA-t,0.024675544169922858,0.033995214100783405,False,False
2025-10-22,Long-only Tangency Portfolio,-0.008950269835195807,EWMA-t,0.02397033413856739,0.033023654331448264,False,False
2025-10-23,Long-only Tangency Portfolio,0.007693198654944054,EWMA-t,0.023502268586767756,0.03237880579084242,False,False
2025-10-24,Long-only Tangency Portfolio,0.018000349173218,EWMA-t,0.022984103939337423,0.03166493630097227,False,False
2025-10-27,Long-only Tangency Portfolio,0.025544409555198603,EWMA-t,0.023369602817538658,0.03219603368264772,False,False
2025-10-28,Long-only Tangency Portfolio,0.029679106669143147,EWMA-t,0.024762633929119045,0.034115196662848596,False,False
2025-10-29,Long-only Tangency Portfolio,0.018169612476048223,EWMA-t,0.026667276938501436,0.036739201484936264,False,False
2025-10-30,Long-only Tangency Portfolio,-0.01018616538982238,EWMA-t,0.02681374698443636,0.03694099158677234,False,False
2025-10-31,Long-only Tangency Portfolio,-0.0031716488295512554,EWMA-t,0.026300392755616686,0.03623374935543224,False,False
2025-11-03,Long-only Tangency Portfolio,0.010525024151629585,EWMA-t,0.02552933289018898,0.03517146902518986,False,False
2025-11-04,Long-only Tangency Portfolio,-0.0215453243104903,EWMA-t,0.02509158976613755,0.03456839534540399,False,False
2025-11-05,Long-only Tangency Portfolio,-0.010456052616949714,EWMA-t,0.025745353160691754,0.03546907767346446,False,False
2025-11-06,Long-only Tangency Portfolio,-0.022287104579084758,EWMA-t,0.025293839136613965,0.03484703198270559,False,False
2025-11-07,Long-only Tangency Portfolio,-0.001672735787086264,EWMA-t,0.026026448109834826,0.03585633895990106,False,False
2025-11-10,Long-only Tangency Portfolio,0.03578189622630257,EWMA-t,0.025242057539044852,0.03477569306982405,False,False
2025-11-11,Long-only Tangency Portfolio,-0.008460306508022921,EWMA-t,0.028192036491221113,0.03883984522717646,False,False
2025-11-12,Long-only Tangency Portfolio,-0.00041586676623972594,EWMA-t,0.027532759421932257,0.03793156677269236,False,False
2025-11-13,Long-only Tangency Portfolio,-0.02191368985423809,EWMA-t,0.026694496192802116,0.03677670113930025,False,False
2025-11-14,Long-only Tangency Portfolio,0.009938634019927997,EWMA-t,0.027263526777331633,0.037560648047127866,False,False
2025-11-17,Long-only Tangency Portfolio,-0.018032508490402808,EWMA-t,0.02671726239952041,0.036808065881099715,False,False
2025-11-18,Long-only Tangency Portfolio,-0.0171976453789958,EWMA-t,0.02684634225313055,0.036985897714487334,False,False
2025-11-19,Long-only Tangency Portfolio,0.01748110236238358,EWMA-t,0.026883562169943295,0.03703717516685675,False,False
2025-11-20,Long-only Tangency Portfolio,-0.02206653600003824,EWMA-t,0.026946418513441258,0.037123771630144076,False,False
2025-11-21,Long-only Tangency Portfolio,0.0015190606647371178,EWMA-t,0.02751419192595063,0.03790598654650306,False,False
2025-11-24,Long-only Tangency Portfolio,0.01826958027936217,EWMA-t,0.02668261430110689,0.036760331593432484,False,False
2025-11-25,Long-only Tangency Portfolio,-0.013195285930903557,EWMA-t,0.026838469106709457,0.03697505097099148,False,False
2025-11-26,Long-only Tangency Portfolio,0.009374818245998416,EWMA-t,0.02652772783996929,0.03654694629293308,False,False
2025-11-28,Long-only Tangency Portfolio,-0.00808642994196849,EWMA-t,0.025979637563701558,0.0357918486075499,False,False
2025-12-01,Long-only Tangency Portfolio,0.014988544506617416,EWMA-t,0.02538598207780856,0.034973976255634906,False,False
2025-12-02,Long-only Tangency Portfolio,0.009401324342809105,EWMA-t,0.02530114149771539,0.034857092361815153,False,False
2025-12-03,Long-only Tangency Portfolio,-0.00962897105317719,EWMA-t,0.02480442444471689,0.03417277097672584,False,False
2025-12-04,Long-only Tangency Portfolio,0.007716877330162005,EWMA-t,0.024341881421240528,0.03353553076003108,False,False
2025-12-05,Long-only Tangency Portfolio,-0.005509799623885477,EWMA-t,0.023792544655848343,0.0327787158008821,False,False
2025-12-08,Long-only Tangency Portfolio,0.009277925138032467,EWMA-t,0.023168168536484256,0.031918519984691314,False,False
2025-12-09,Long-only Tangency Portfolio,-0.002710838181428183,EWMA-t,0.022753596695335946,0.031347369115517325,False,False
2025-12-10,Long-only Tangency Portfolio,-0.002494141633548446,EWMA-t,0.022085894661217572,0.030427483683647078,False,False
2025-12-11,Long-only Tangency Portfolio,-0.009577056084518169,EWMA-t,0.021435278146402358,0.029531136775698914,False,False
2025-12-12,Long-only Tangency Portfolio,-0.018826610190871174,EWMA-t,0.0211171409163896,0.029092842763893633,False,False
2025-12-15,Long-only Tangency Portfolio,-0.0019185577677624664,EWMA-t,0.021757708011586836,0.029975344701730938,False,False
2025-12-16,Long-only Tangency Portfolio,0.0054968452008033195,EWMA-t,0.021108222622800023,0.029080556133134712,False,False
2025-12-17,Long-only Tangency Portfolio,-0.025872872917800296,EWMA-t,0.02057779846897174,0.02834979686195323,True,False
2025-12-18,Long-only Tangency Portfolio,0.011887766059319292,EWMA-t,0.022370529139555808,0.0308196213388469,False,False
2025-12-19,Long-only Tangency Portfolio,0.024884519583788064,EWMA-t,0.022181799870903397,0.030559611190712318,False,False
2025-12-22,Long-only Tangency Portfolio,0.004684735893646388,EWMA-t,0.023605883180379764,0.03252155442769313,False,False
2025-12-23,Long-only Tangency Portfolio,0.019422684945168866,EWMA-t,0.022959981183679444,0.03163170265726226,False,False
2025-12-24,Long-only Tangency Portfolio,0.00032721012372262647,EWMA-t,0.023521034101567025,0.03240465882528493,False,False
2025-12-26,Long-only Tangency Portfolio,0.005252480630852426,EWMA-t,0.022804847749150262,0.031417977104354795,False,False
2025-12-29,Long-only Tangency Portfolio,-0.006511750101214286,EWMA-t,0.022205353917559435,0.030592061330555146,False,False
2025-12-30,Long-only Tangency Portfolio,-0.0030107564494361275,EWMA-t,0.021679013133832373,0.029866927671513676,False,False
2025-12-31,Long-only Tangency Portfolio,-0.005217248641363658,EWMA-t,0.021051543618795496,0.029002470119594972,False,False
2026-01-02,Long-only Tangency Portfolio,0.005208362132304941,EWMA-t,0.02051198036855791,0.028259120020143098,False,False
2026-01-05,Long-only Tangency Portfolio,-0.007588000708333333,EWMA-t,0.01999116267108538,0.02754159545366822,False,False
2026-01-06,Long-only Tangency Portfolio,-0.009339442840413721,EWMA-t,0.019608051395684483,0.02701378744497787,False,False
2026-01-07,Long-only Tangency Portfolio,0.003139118403593105,EWMA-t,0.019358468704402117,0.026669940234656332,False,False
2026-01-08,Long-only Tangency Portfolio,-0.01471582301380675,EWMA-t,0.018808846480142364,0.025912732002100567,False,False
2026-01-09,Long-only Tangency Portfolio,2.5550223669952295e-05,EWMA-t,0.01912259552933788,0.026344980467539462,False,False
2026-01-12,Long-only Tangency Portfolio,0.001397868149736812,EWMA-t,0.01854004692700052,0.02554240994166997,False,False
2026-01-13,Long-only Tangency Portfolio,0.0033836377017653235,EWMA-t,0.01798355515259581,0.024775737608693733,False,False
2026-01-14,Long-only Tangency Portfolio,-0.01078422476576535,EWMA-t,0.01748585595794345,0.024090063138315992,False,False
2026-01-15,Long-only Tangency Portfolio,0.009453104456883306,EWMA-t,0.017469992262104102,0.02406820790656205,False,False
2026-01-16,Long-only Tangency Portfolio,-0.006277023737749559,EWMA-t,0.017336623501903795,0.023884467295771716,False,False
2026-01-20,Long-only Tangency Portfolio,-0.0390210491895934,EWMA-t,0.01698682812072115,0.02340255821231314,True,True
2026-01-21,Long-only Tangency Portfolio,0.01759069425554622,EWMA-t,0.022453587947630263,0.030934050505798713,False,False
2026-01-22,Long-only Tangency Portfolio,0.006458904289161775,EWMA-t,0.022830875443762895,0.0314538351606073,False,False
2026-01-23,Long-only Tangency Portfolio,0.009557929167707063,EWMA-t,0.02227903988987959,0.030693577649222658,False,False
2026-01-26,Long-only Tangency Portfolio,0.008174513151564047,EWMA-t,0.021921429108048812,0.030200901377957112,False,False
2026-01-27,Long-only Tangency Portfolio,0.011482528085621873,EWMA-t,0.02149274831087737,0.029610312761941874,False,False
2026-01-28,Long-only Tangency Portfolio,0.0064933340404232116,EWMA-t,0.021316456055754635,0.02936743694465747,False,False
2026-01-29,Long-only Tangency Portfolio,0.001996362192596489,EWMA-t,0.02082252904084299,0.028686959363030357,False,False
2026-01-30,Long-only Tangency Portfolio,-0.002603139592717942,EWMA-t,0.020203284983043177,0.027833833929176616,False,False
2026-02-02,Long-only Tangency Portfolio,-0.0015072109102410094,EWMA-t,0.019614254069269785,0.027022332797213163,False,False
2026-02-03,Long-only Tangency Portfolio,-0.018172670779075546,EWMA-t,0.019025859592842437,0.026211708477679525,False,False
2026-02-04,Long-only Tangency Portfolio,-0.009274402731488808,EWMA-t,0.019768240266321797,0.027234477814210574,False,False
2026-02-05,Long-only Tangency Portfolio,-0.010302574844588916,EWMA-t,0.01950626305600412,0.026873554817216205,False,False
2026-02-06,Long-only Tangency Portfolio,0.04909761674982633,EWMA-t,0.019336539224871697,0.026639728242303838,False,False
2026-02-09,Long-only Tangency Portfolio,0.01101808141029086,EWMA-t,0.026836964879603235,0.03697297861456521,False,False
2026-02-10,Long-only Tangency Portfolio,-0.005895835980619768,EWMA-t,0.026373851785844765,0.036334953018583194,False,False
2026-02-11,Long-only Tangency Portfolio,0.006372693571136906,EWMA-t,0.025674165220990024,0.03537100286567547,False,False
2026-02-12,Long-only Tangency Portfolio,-0.02899963241958202,EWMA-t,0.025016503524689045,0.034464949892023616,True,False
2026-02-13,Long-only Tangency Portfolio,-0.021559185585345367,EWMA-t,0.02677543000084675,0.03688820271809107,False,False
2026-02-17,Long-only Tangency Portfolio,0.01863993236868648,EWMA-t,0.02729487565379103,0.03760383703456083,False,False
2026-02-18,Long-only Tangency Portfolio,0.010310225409412463,EWMA-t,0.027449224638116377,0.037816481859422456,False,False
2026-02-19,Long-only Tangency Portfolio,-0.005787941314886879,EWMA-t,0.026916789738669854,0.03708295240707197,False,False
2026-02-20,Long-only Tangency Portfolio,0.01170525816445363,EWMA-t,0.026194797564614517,0.03608827207228047,False,False
2026-02-23,Long-only Tangency Portfolio,0.006377072357543088,EWMA-t,0.025806138576294588,0.03555282104315039,False,False
2026-02-24,Long-only Tangency Portfolio,0.01301578009181323,EWMA-t,0.025143992833663222,0.03464059045031456,False,False
2026-02-25,Long-only Tangency Portfolio,0.012177666296612977,EWMA-t,0.02490386578389207,0.0343097701688186,False,False
2026-02-26,Long-only Tangency Portfolio,-0.03308924605002708,EWMA-t,0.02461047984951628,0.03390557573304116,True,False
2026-02-27,Long-only Tangency Portfolio,-0.03723721624332913,EWMA-t,0.027144538078926018,0.03739671868248986,True,False
2026-03-02,Long-only Tangency Portfolio,0.01852173210777209,EWMA-t,0.0300787545536639,0.04143915505551806,False,False
2026-03-03,Long-only Tangency Portfolio,-0.008571899547578124,EWMA-t,0.030048726380569282,0.04139778558595836,False,False
2026-03-04,Long-only Tangency Portfolio,0.007865751672596389,EWMA-t,0.02932559510832306,0.040401535928658125,False,False
2026-03-05,Long-only Tangency Portfolio,-0.0018376675921156643,EWMA-t,0.028598174682843997,0.03939937715415841,False,False
2026-03-06,Long-only Tangency Portfolio,-0.0216868617510146,EWMA-t,0.027736273280618524,0.038211945480893225,False,False
2026-03-09,Long-only Tangency Portfolio,0.01930595084893309,EWMA-t,0.02819733058102927,0.038847138833966156,False,False
2026-03-10,Long-only Tangency Portfolio,0.0077573622535444,EWMA-t,0.028361954283889663,0.039073939020671834,False,False
2026-03-11,Long-only Tangency Portfolio,0.0038430181779157005,EWMA-t,0.027664813018199844,0.03811349549722144,False,False
2026-03-12,Long-only Tangency Portfolio,-0.016713542797672228,EWMA-t,0.026864113697504063,0.03701038122950923,False,False
2026-03-13,Long-only Tangency Portfolio,-0.01820543168795424,EWMA-t,0.026853526074884188,0.03699579478329745,False,False
2026-03-16,Long-only Tangency Portfolio,0.014076027853141201,EWMA-t,0.026991599655748665,0.03718601717153848,False,False
2026-03-17,Long-only Tangency Portfolio,-0.0019418436745658222,EWMA-t,0.026742158990185085,0.036842365628420255,False,False
2026-03-18,Long-only Tangency Portfolio,-0.012087850795654434,EWMA-t,0.025938606564903134,0.0357353206712533,False,False
2026-03-19,Long-only Tangency Portfolio,-0.007651132651998974,EWMA-t,0.02558895419975412,0.03525360861934343,False,False
2026-03-20,Long-only Tangency Portfolio,-0.02107821967923661,EWMA-t,0.024989236974603972,0.0344273850788001,False,False
2026-03-23,Long-only Tangency Portfolio,0.015368511407409127,EWMA-t,0.025592170590593804,0.035258039804101665,False,False
2026-03-24,Long-only Tangency Portfolio,-0.002216844834760457,EWMA-t,0.02553023124926986,0.03517270668418873,False,False
2026-03-25,Long-only Tangency Portfolio,0.012762867274304644,EWMA-t,0.024767658749489076,0.03412211930022271,False,False
2026-03-26,Long-only Tangency Portfolio,-0.02405289886714856,EWMA-t,0.024526490402274708,0.033789864435186015,False,False
2026-03-27,Long-only Tangency Portfolio,-0.019703172615924754,EWMA-t,0.025572594408457418,0.03523106992256959,False,False
2026-03-30,Long-only Tangency Portfolio,-0.011216009052978653,EWMA-t,0.02596356807083154,0.03576970985158791,False,False
2026-03-31,Long-only Tangency Portfolio,0.04456003702277537,EWMA-t,0.0255519938221038,0.0352026887311004,False,False
2026-04-01,Long-only Tangency Portfolio,0.0071787805859287075,EWMA-t,0.030289841339165027,0.04172996689810769,False,False
2026-04-02,Long-only Tangency Portfolio,0.006223348679456779,EWMA-t,0.029501008604469896,0.04064320108978342,False,False
2026-04-06,Long-only Tangency Portfolio,0.005199998056175965,EWMA-t,0.02870567235119972,0.03954747545853307,False,False
2026-04-07,Long-only Tangency Portfolio,-0.006586302358424385,EWMA-t,0.02790539548023272,0.03844494319496544,False,False
2026-04-08,Long-only Tangency Portfolio,0.021308470454454224,EWMA-t,0.027177644136733785,0.03744232851850635,False,False
2026-04-09,Long-only Tangency Portfolio,0.008032910777455807,EWMA-t,0.027636294754422176,0.03807420621240453,False,False
2026-04-10,Long-only Tangency Portfolio,0.014527585064183949,EWMA-t,0.026977952908371898,0.03716721620424642,False,False
2026-04-13,Long-only Tangency Portfolio,0.0015391400321306794,EWMA-t,0.02676614624447974,0.03687541259345662,False,False
2026-04-14,Long-only Tangency Portfolio,0.02218071052396948,EWMA-t,0.025957722884748857,0.03576165700578352,False,False
2026-04-15,Long-only Tangency Portfolio,0.020007908311184354,EWMA-t,0.02662021486320062,0.036674364603736756,False,False
2026-04-16,Long-only Tangency Portfolio,-0.005081087018211553,EWMA-t,0.026969531351487958,0.0371556139219478,False,False
2026-04-17,Long-only Tangency Portfolio,0.019923102140491623,EWMA-t,0.026223342226662845,0.036127597725692004,False,False
2026-04-20,Long-only Tangency Portfolio,0.004704579600021965,EWMA-t,0.02659179872105806,0.03663521601072489,False,False
2026-04-21,Long-only Tangency Portfolio,-0.015414158627830356,EWMA-t,0.025847284461703944,0.035609507257412784,False,False
2026-04-22,Long-only Tangency Portfolio,0.018498409204401774,EWMA-t,0.02577485598783432,0.03550972337993332,False,False
2026-04-23,Long-only Tangency Portfolio,-0.00924662172171674,EWMA-t,0.026015935482193803,0.035841855833411235,False,False
2026-04-24,Long-only Tangency Portfolio,0.022313400396482094,EWMA-t,0.025481334925825702,0.03510534278036644,False,False
2026-04-27,Long-only Tangency Portfolio,0.018126013352944337,EWMA-t,0.02620122770798473,0.036097130807028685,False,False
2026-04-28,Long-only Tangency Portfolio,-0.004259107856492689,EWMA-t,0.026373736678975506,0.03633479443717004,False,False
2026-04-29,Long-only Tangency Portfolio,-0.011770179961294033,EWMA-t,0.025624490091903627,0.03530256601025509,False,False
2026-04-30,Long-only Tangency Portfolio,-0.026397697577283368,EWMA-t,0.02526678015337684,0.034809753131947084,True,False
2026-05-01,Long-only Tangency Portfolio,0.009926670273176823,EWMA-t,0.026583897635669252,0.03662433077603376,False,False
2026-05-06,Long-only Tangency Portfolio,0.03769869583227177,EWMA-t,0.02606482786686022,0.03590921431082462,False,False
2026-05-07,Long-only Tangency Portfolio,0.010682312237317085,EWMA-t,0.0292577830626961,0.040308112051404374,False,False
2026-05-08,Long-only Tangency Portfolio,0.01747903196698476,EWMA-t,0.028672511503091483,0.03950179013854823,False,False
2026-05-11,Long-only Tangency Portfolio,0.010266786926150552,EWMA-t,0.028627297796846824,0.039439499734191086,False,False
2026-05-12,Long-only Tangency Portfolio,0.005871865442518979,EWMA-t,0.028044167802845788,0.03863612823169685,False,False
2026-05-13,Long-only Tangency Portfolio,0.018267491994767453,EWMA-t,0.02728664841218826,0.037592502458195697,False,False
2026-05-14,Long-only Tangency Portfolio,0.02478048646020698,EWMA-t,0.02740319454387316,0.0377530667266861,False,False
2026-05-15,Long-only Tangency Portfolio,-0.021658564750477866,EWMA-t,0.02828101820691446,0.0389624343160014,False,False
2026-05-18,Long-only Tangency Portfolio,-0.014232044322124864,EWMA-t,0.028698188962496186,0.039537165679773015,False,False
2026-05-19,Long-only Tangency Portfolio,-0.004469878834656043,EWMA-t,0.028375269199773633,0.03909228282752337,False,False
2026-05-20,Long-only Tangency Portfolio,0.009399584872904817,EWMA-t,0.027566337027909855,0.03797782625521237,False,False
