Date,Portfolio,Return,Model,"Rolling VaR (95%, 252D)","Rolling ES (95%, 252D)",VaR Breach,Loss Exceeds ES
2025-01-02,Equal Weighted Portfolio,0.00031045416371222557,GARCH-t,0.019979393438022137,0.02899531812459793,False,False
2025-01-03,Equal Weighted Portfolio,0.01701315391413403,GARCH-t,0.018810419332726213,0.027351521958765068,False,False
2025-01-06,Equal Weighted Portfolio,0.0183929929649767,GARCH-t,0.019343455424259835,0.02810107037009766,False,False
2025-01-07,Equal Weighted Portfolio,-0.02336883657123705,GARCH-t,0.020092014271462656,0.02915368407416322,True,False
2025-01-08,Equal Weighted Portfolio,7.474621390735066e-05,GARCH-t,0.02322691817929929,0.03356194513025547,False,False
2025-01-10,Equal Weighted Portfolio,-0.01860334701620088,GARCH-t,0.021790698638146942,0.03154235191228354,False,False
2025-01-13,Equal Weighted Portfolio,-0.008202421801049731,GARCH-t,0.023224118583084742,0.033558008374511686,False,False
2025-01-14,Equal Weighted Portfolio,-0.005821584491857768,GARCH-t,0.02244742356158478,0.03246582994850634,False,False
2025-01-15,Equal Weighted Portfolio,0.027196804073222933,GARCH-t,0.021470229614893935,0.031091712544563638,False,False
2025-01-16,Equal Weighted Portfolio,-0.017829458859070946,GARCH-t,0.024104228587010255,0.03479560760225306,False,False
2025-01-17,Equal Weighted Portfolio,0.01781822996226534,GARCH-t,0.024954328770078114,0.03599100741065772,False,False
2025-01-21,Equal Weighted Portfolio,0.004229183509768441,GARCH-t,0.02477819104531215,0.03574332483555438,False,False
2025-01-22,Equal Weighted Portfolio,0.022320483029088668,GARCH-t,0.023211693994060506,0.03354053707920449,False,False
2025-01-23,Equal Weighted Portfolio,0.00017964163278907377,GARCH-t,0.024221674773304076,0.03496075890017048,False,False
2025-01-24,Equal Weighted Portfolio,-0.006381862741632993,GARCH-t,0.02270105373866972,0.03282248140104317,False,False
2025-01-27,Equal Weighted Portfolio,-0.03942705696480138,GARCH-t,0.02175897239135936,0.03149773887715348,True,True
2025-01-28,Equal Weighted Portfolio,0.03670322394269059,GARCH-t,0.03014573509575156,0.043291095389306464,False,False
2025-01-29,Equal Weighted Portfolio,-0.01025216825020232,GARCH-t,0.033674234810799446,0.048252825744547964,False,False
2025-01-30,Equal Weighted Portfolio,-0.008826824093388953,GARCH-t,0.03209938370538931,0.04603829062601727,False,False
2025-01-31,Equal Weighted Portfolio,-0.0031306330649435226,GARCH-t,0.03051773611544316,0.04381419837942802,False,False
2025-02-03,Equal Weighted Portfolio,-0.017544278989301176,GARCH-t,0.028697921985130877,0.04118971664651982,False,False
2025-02-04,Equal Weighted Portfolio,0.017231534430612427,GARCH-t,0.028814193161935262,0.041352981893671495,False,False
2025-02-05,Equal Weighted Portfolio,-0.008161763837828385,GARCH-t,0.028081432124802675,0.040324056108979,False,False
2025-02-06,Equal Weighted Portfolio,0.010300932232597138,GARCH-t,0.026806630515396338,0.03853400972302695,False,False
2025-02-07,Equal Weighted Portfolio,-0.020400137647549957,GARCH-t,0.025421051807002857,0.03658841274455522,False,False
2025-02-10,Equal Weighted Portfolio,0.0118039349527054,GARCH-t,0.02667210656159562,0.03834511435644744,False,False
2025-02-11,Equal Weighted Portfolio,0.001308144383163801,GARCH-t,0.025448709036134592,0.03662724837410526,False,False
2025-02-12,Equal Weighted Portfolio,-0.00505692350467697,GARCH-t,0.023805078053138105,0.03431930047127681,False,False
2025-02-13,Equal Weighted Portfolio,0.01489769786576636,GARCH-t,0.022622039608066823,0.03265810575876905,False,False
2025-02-14,Equal Weighted Portfolio,0.004234651160314074,GARCH-t,0.022249034614137936,0.03213434093418947,False,False
2025-02-18,Equal Weighted Portfolio,-0.0016421322097590618,GARCH-t,0.020888560656372297,0.030223995455088314,False,False
2025-02-19,Equal Weighted Portfolio,0.004001976082523329,GARCH-t,0.01971957521879321,0.028582533644616097,False,False
2025-02-20,Equal Weighted Portfolio,-0.0007267273319549348,GARCH-t,0.018568772606620924,0.026966603729197722,False,False
2025-02-21,Equal Weighted Portfolio,-0.023217735428591204,GARCH-t,0.017561660851261665,0.025552441129599025,True,False
2025-02-24,Equal Weighted Portfolio,-0.01097764138493338,GARCH-t,0.02132654241524607,0.030838999122168743,False,False
2025-02-25,Equal Weighted Portfolio,-0.012803690996135188,GARCH-t,0.02120026682353839,0.03066168591131113,False,False
2025-02-26,Equal Weighted Portfolio,0.0013021672814798719,GARCH-t,0.021431612880971725,0.030986536594709343,False,False
2025-02-27,Equal Weighted Portfolio,-0.033479414526419386,GARCH-t,0.020117298950574257,0.029141007938520987,True,True
2025-02-28,Equal Weighted Portfolio,0.01979245874729281,GARCH-t,0.02680857956185337,0.03853674652814291,False,False
2025-03-03,Equal Weighted Portfolio,-0.03579447155915063,GARCH-t,0.02676172823546918,0.038470958999438636,True,False
2025-03-04,Equal Weighted Portfolio,0.0051753426975785785,GARCH-t,0.03236808969796181,0.046312976980481944,False,False
2025-03-05,Equal Weighted Portfolio,0.015717270920421057,GARCH-t,0.03021307881010255,0.043288099476171855,False,False
2025-03-06,Equal Weighted Portfolio,-0.022126586165546525,GARCH-t,0.029112448692254503,0.04174320181333362,False,False
2025-03-07,Equal Weighted Portfolio,0.0055322194797848175,GARCH-t,0.030165678752974778,0.043221566463593326,False,False
2025-03-10,Equal Weighted Portfolio,-0.04006249578629768,GARCH-t,0.028195794068654596,0.040456541051770795,True,False
2025-03-11,Equal Weighted Portfolio,-0.002431109368999507,GARCH-t,0.03484930879784677,0.04979573610749601,False,False
2025-03-12,Equal Weighted Portfolio,0.01682081496209542,GARCH-t,0.03255688557212376,0.04657798000013088,False,False
2025-03-13,Equal Weighted Portfolio,-0.019434613122010294,GARCH-t,0.031360146715271854,0.04489817946315025,False,False
2025-03-14,Equal Weighted Portfolio,0.027038369397220843,GARCH-t,0.03148716832222927,0.04507647313378153,False,False
2025-03-17,Equal Weighted Portfolio,-0.00645358427009306,GARCH-t,0.03228872053590624,0.04620157058611504,False,False
2025-03-18,Equal Weighted Portfolio,-0.018416061248227256,GARCH-t,0.030455916394829936,0.04362895805437262,False,False
2025-03-19,Equal Weighted Portfolio,0.015521172522883299,GARCH-t,0.030504825808644366,0.04369760967299308,False,False
2025-03-20,Equal Weighted Portfolio,-0.0019287160065314837,GARCH-t,0.029347385964155613,0.04207297113037109,False,False
2025-03-21,Equal Weighted Portfolio,0.00752682219493599,GARCH-t,0.02747263283734225,0.03944147697348259,False,False
2025-03-24,Equal Weighted Portfolio,0.02110184032184126,GARCH-t,0.02581678265672451,0.03711724557860831,False,False
2025-03-25,Equal Weighted Portfolio,0.008385419872313893,GARCH-t,0.02618363180662999,0.037632172787225186,False,False
2025-03-26,Equal Weighted Portfolio,-0.027087731344518074,GARCH-t,0.0246955101055664,0.035543373198052584,True,False
2025-03-27,Equal Weighted Portfolio,-0.005121850527216964,GARCH-t,0.027943435555987974,0.040102318438656887,False,False
2025-03-28,Equal Weighted Portfolio,-0.03286443843899165,GARCH-t,0.02638360240677704,0.03791286119270656,True,False
2025-03-31,Equal Weighted Portfolio,-0.0026054722760985747,GARCH-t,0.0310562072108853,0.04447155527546304,False,False
2025-04-01,Equal Weighted Portfolio,0.013243856407677158,GARCH-t,0.029077219840782757,0.04164790262011996,False,False
2025-04-02,Equal Weighted Portfolio,0.005062606518961932,GARCH-t,0.027804778269805583,0.03986340304870649,False,False
2025-04-03,Equal Weighted Portfolio,-0.06463202791227463,GARCH-t,0.026037449759315812,0.03738486333305273,True,True
2025-04-04,Equal Weighted Portfolio,-0.05112015394504499,GARCH-t,0.04345349930540093,0.06180950778005667,True,False
2025-04-07,Equal Weighted Portfolio,0.005627501777698041,GARCH-t,0.04973898225990874,0.07062440497791554,False,False
2025-04-08,Equal Weighted Portfolio,-0.023366764762115855,GARCH-t,0.046336490216875935,0.06585267656930424,False,False
2025-04-09,Equal Weighted Portfolio,0.1320817713666068,GARCH-t,0.045309999147098406,0.06441310329862664,False,False
2025-04-10,Equal Weighted Portfolio,-0.04239133086749862,GARCH-t,0.08256037433941536,0.1166538348825784,False,False
2025-04-11,Equal Weighted Portfolio,0.027305497159710958,GARCH-t,0.08057957483249265,0.11387591882593379,False,False
2025-04-14,Equal Weighted Portfolio,0.0033067833508237275,GARCH-t,0.07620400427405005,0.1077395240677573,False,False
2025-04-15,Equal Weighted Portfolio,-0.004990368230691589,GARCH-t,0.07088386578665998,0.100278446822916,False,False
2025-04-16,Equal Weighted Portfolio,-0.038717034471132714,GARCH-t,0.06605216238788421,0.09350236150711566,False,False
2025-04-17,Equal Weighted Portfolio,-0.009739237889840147,GARCH-t,0.06537973516257539,0.09255933502736241,False,False
2025-04-21,Equal Weighted Portfolio,-0.02830722791628804,GARCH-t,0.06116789372354032,0.08665255752633527,False,False
2025-04-22,Equal Weighted Portfolio,0.02758373010896116,GARCH-t,0.059286856735870454,0.08401455058372027,False,False
2025-04-23,Equal Weighted Portfolio,0.030252856529561445,GARCH-t,0.056876766027233676,0.08063458726381151,False,False
2025-04-24,Equal Weighted Portfolio,0.029158742800450235,GARCH-t,0.055092552695795854,0.07813236791018267,False,False
2025-04-25,Equal Weighted Portfolio,0.017404452229416292,GARCH-t,0.053333109418319674,0.07566488661579882,False,False
2025-04-28,Equal Weighted Portfolio,-0.0067487420976075855,GARCH-t,0.05032184010821367,0.07144181742672163,False,False
2025-04-29,Equal Weighted Portfolio,0.0022507338050064885,GARCH-t,0.04708846178937435,0.06690725776143554,False,False
2025-04-30,Equal Weighted Portfolio,-0.002956495619405475,GARCH-t,0.04377244760647854,0.06263756997584648,False,False
2025-05-01,Equal Weighted Portfolio,0.029592046570970344,GARCH-t,0.04081782649156433,0.05846977006390786,False,False
2025-05-02,Equal Weighted Portfolio,0.005830440040310369,GARCH-t,0.0408320287060163,0.058489803762253635,False,False
2025-05-05,Equal Weighted Portfolio,-0.01060246410118153,GARCH-t,0.03805156752350549,0.05456767452100444,False,False
2025-05-06,Equal Weighted Portfolio,-0.004647504935994329,GARCH-t,0.03610369939533482,0.051820004245422095,False,False
2025-05-07,Equal Weighted Portfolio,-0.0070703370490625035,GARCH-t,0.0338293914879442,0.048611856761368394,False,False
2025-05-08,Equal Weighted Portfolio,0.01145071835760856,GARCH-t,0.031920557702721175,0.04591924848012385,False,False
2025-05-09,Equal Weighted Portfolio,-0.0006569079914231948,GARCH-t,0.030182820540374723,0.043467989753364814,False,False
2025-05-12,Equal Weighted Portfolio,0.051193426083761165,GARCH-t,0.02819945355495966,0.040670244653179644,False,False
2025-05-13,Equal Weighted Portfolio,0.017504054707845218,GARCH-t,0.037436480067671744,0.05370002978939463,False,False
2025-05-14,Equal Weighted Portfolio,0.01575545247867114,GARCH-t,0.03584377237169686,0.05145335018586757,False,False
2025-05-15,Equal Weighted Portfolio,-0.007654227101124156,GARCH-t,0.03419274781313348,0.049124408591612184,False,False
2025-05-16,Equal Weighted Portfolio,0.004033021163074091,GARCH-t,0.03230322113780235,0.04645903499386092,False,False
2025-05-19,Equal Weighted Portfolio,0.0010086287524740055,GARCH-t,0.030131381200477404,0.04339542922260435,False,False
2025-05-20,Equal Weighted Portfolio,-0.008965474356683802,GARCH-t,0.028117537838522978,0.04055469402842175,False,False
2025-05-21,Equal Weighted Portfolio,-0.008053056832776174,GARCH-t,0.026933013065806807,0.038883798826835514,False,False
2025-05-22,Equal Weighted Portfolio,0.0060795351278394305,GARCH-t,0.025758991529225672,0.03722771953055017,False,False
2025-05-23,Equal Weighted Portfolio,-0.01528260724792072,GARCH-t,0.024174510875837253,0.034992645024947304,False,False
2025-05-27,Equal Weighted Portfolio,0.02632458978041594,GARCH-t,0.024490549912897116,0.0354384509065131,False,False
2025-05-28,Equal Weighted Portfolio,-0.004206047636868582,GARCH-t,0.02634282499255464,0.03805127726009004,False,False
2025-05-29,Equal Weighted Portfolio,0.0070791668646157605,GARCH-t,0.02460721435381563,0.035640670879155914,False,False
2025-05-30,Equal Weighted Portfolio,-0.004999064154246536,GARCH-t,0.02314433133790137,0.03357530662421221,False,False
2025-06-02,Equal Weighted Portfolio,0.0036063740267077374,GARCH-t,0.02199600401277533,0.03195404628795204,False,False
2025-06-03,Equal Weighted Portfolio,0.0035476464067363263,GARCH-t,0.02061765169545691,0.030008026287761436,False,False
2025-06-04,Equal Weighted Portfolio,0.0044186872938221326,GARCH-t,0.01935896918962208,0.028230961527562867,False,False
2025-06-05,Equal Weighted Portfolio,-0.0020845178818690753,GARCH-t,0.018237445830182882,0.026647544239597126,False,False
2025-06-06,Equal Weighted Portfolio,0.018369025163727182,GARCH-t,0.017328079008831865,0.02536365912573765,False,False
2025-06-09,Equal Weighted Portfolio,0.006405441436290582,GARCH-t,0.01848425553251527,0.026996001314718764,False,False
2025-06-10,Equal Weighted Portfolio,0.005562393443732861,GARCH-t,0.017547487290500458,0.025673429638668047,False,False
2025-06-11,Equal Weighted Portfolio,-0.01008144979197394,GARCH-t,0.016649456633750198,0.024405549433540067,False,False
2025-06-12,Equal Weighted Portfolio,0.004107592333540345,GARCH-t,0.017030481140924994,0.02494349702662532,False,False
2025-06-13,Equal Weighted Portfolio,-0.010874425634311246,GARCH-t,0.01611627315204824,0.023652776933993733,False,False
2025-06-16,Equal Weighted Portfolio,0.013711840473880967,GARCH-t,0.016751401477138727,0.024549479763730488,False,False
2025-06-17,Equal Weighted Portfolio,-0.006031843726062603,GARCH-t,0.016971412264187545,0.02486010092094495,False,False
2025-06-18,Equal Weighted Portfolio,-0.002040199328958492,GARCH-t,0.016611876773956213,0.024352492491679416,False,False
2025-06-20,Equal Weighted Portfolio,-0.00877468599233031,GARCH-t,0.01586328900643829,0.02329560250122905,False,False
2025-06-23,Equal Weighted Portfolio,0.0013307245005453215,GARCH-t,0.016106787875033935,0.023639385191878703,False,False
2025-06-24,Equal Weighted Portfolio,0.01188420666150365,GARCH-t,0.015255000189093095,0.022436792899668684,False,False
2025-06-25,Equal Weighted Portfolio,0.014545628525765308,GARCH-t,0.01535701592904801,0.022580823324830766,False,False
2025-06-26,Equal Weighted Portfolio,0.010737728560922612,GARCH-t,0.015967673016983798,0.023442976557679917,False,False
2025-06-27,Equal Weighted Portfolio,0.013090256812574608,GARCH-t,0.015724722685799376,0.023089412360243214,False,False
2025-06-30,Equal Weighted Portfolio,0.0004758400561866603,GARCH-t,0.01598201478261948,0.023452429771863553,False,False
2025-07-01,Equal Weighted Portfolio,-0.005074758723378969,GARCH-t,0.015143125468869388,0.022268827822649984,False,False
2025-07-02,Equal Weighted Portfolio,0.011941300257461297,GARCH-t,0.014874785921966473,0.02189022339229245,False,False
2025-07-03,Equal Weighted Portfolio,0.010912266748871958,GARCH-t,0.015044110411206634,0.022129125941448002,False,False
2025-07-07,Equal Weighted Portfolio,-0.008459680785541357,GARCH-t,0.015008657390091395,0.022079104723857417,False,False
2025-07-08,Equal Weighted Portfolio,-0.004542081599226866,GARCH-t,0.015332250841165275,0.022535667744944955,False,False
2025-07-09,Equal Weighted Portfolio,0.013204800715535559,GARCH-t,0.014968659237697874,0.02202267071002277,False,False
2025-07-10,Equal Weighted Portfolio,0.0028138258826668093,GARCH-t,0.015369061776528607,0.02258760486481795,False,False
2025-07-11,Equal Weighted Portfolio,0.0059609034482704945,GARCH-t,0.014567962699725686,0.021457321747277134,False,False
2025-07-14,Equal Weighted Portfolio,-0.0013056631896298577,GARCH-t,0.013989361491560586,0.0206409643249372,False,False
2025-07-15,Equal Weighted Portfolio,0.0105671281995253,GARCH-t,0.013457013499072513,0.019889866282273946,False,False
2025-07-16,Equal Weighted Portfolio,-0.00035012472483064716,GARCH-t,0.013594771578588783,0.020084231294156728,False,False
2025-07-17,Equal Weighted Portfolio,0.005804504041222569,GARCH-t,0.013046027740028849,0.019310000097868107,False,False
2025-07-18,Equal Weighted Portfolio,0.0031304000128904884,GARCH-t,0.012631529054798125,0.01872517747139739,False,False
2025-07-21,Equal Weighted Portfolio,0.008447917958885243,GARCH-t,0.012129353810277955,0.018016650627010928,False,False
2025-07-22,Equal Weighted Portfolio,-0.0057391722304868335,GARCH-t,0.012126608613638663,0.018012777386477306,False,False
2025-07-23,Equal Weighted Portfolio,0.004590835522784964,GARCH-t,0.01239443914799379,0.018390663643133184,False,False
2025-07-24,Equal Weighted Portfolio,0.01029965411879037,GARCH-t,0.01197527335133342,0.01779925611673016,False,False
2025-07-25,Equal Weighted Portfolio,0.0011745274067900711,GARCH-t,0.0122970408544305,0.018253242879485303,False,False
2025-07-28,Equal Weighted Portfolio,0.003920735856480162,GARCH-t,0.011623781140342545,0.01731958870099821,False,False
2025-07-29,Equal Weighted Portfolio,-0.002390227462250794,GARCH-t,0.0112314361554268,0.01676603477450844,False,False
2025-07-30,Equal Weighted Portfolio,0.0027629796612160364,GARCH-t,0.01111575602436305,0.01660282333246351,False,False
2025-07-31,Equal Weighted Portfolio,0.0036836164167759478,GARCH-t,0.010751850909917798,0.016089394812371326,False,False
2025-08-01,Equal Weighted Portfolio,-0.032744169114916045,GARCH-t,0.010454982094225787,0.015670546847196057,True,True
2025-08-04,Equal Weighted Portfolio,0.015808282785503745,GARCH-t,0.021313698334341602,0.030990954249995494,False,False
2025-08-05,Equal Weighted Portfolio,-0.0037572383607838767,GARCH-t,0.021248041466804177,0.030898319914847393,False,False
2025-08-06,Equal Weighted Portfolio,0.020065659624724064,GARCH-t,0.020131929971633204,0.029323614172947966,False,False
2025-08-07,Equal Weighted Portfolio,0.007404841010798569,GARCH-t,0.021189504919596983,0.03081573153779281,False,False
2025-08-08,Equal Weighted Portfolio,0.015549561278565507,GARCH-t,0.020011218268850155,0.02915330375834391,False,False
2025-08-11,Equal Weighted Portfolio,-0.004175118545925005,GARCH-t,0.020081860008065566,0.02925297117763093,False,False
2025-08-12,Equal Weighted Portfolio,0.008909412248567738,GARCH-t,0.01912361061094053,0.027900990811553526,False,False
2025-08-13,Equal Weighted Portfolio,-9.860408657251735e-05,GARCH-t,0.01829338273307275,0.026729634175572364,False,False
2025-08-14,Equal Weighted Portfolio,0.00722816863625877,GARCH-t,0.017228272724851012,0.025226885702003078,False,False
2025-08-15,Equal Weighted Portfolio,-0.0025189202595996556,GARCH-t,0.01643763646745887,0.024111388316969372,False,False
2025-08-18,Equal Weighted Portfolio,-0.0002628241500652439,GARCH-t,0.015711533960942593,0.023086940677852826,False,False
2025-08-19,Equal Weighted Portfolio,-0.014889297524786472,GARCH-t,0.014909144882396572,0.021954861405584194,False,False
2025-08-20,Equal Weighted Portfolio,-0.011764909694722814,GARCH-t,0.016838417453383735,0.024676844476600915,False,False
2025-08-21,Equal Weighted Portfolio,-0.0029512307632370005,GARCH-t,0.01756012128039113,0.025695086081724106,False,False
2025-08-22,Equal Weighted Portfolio,0.019459508657829572,GARCH-t,0.016751901447091645,0.024554780280986222,False,False
2025-08-25,Equal Weighted Portfolio,0.0019212217908565424,GARCH-t,0.0183172028318624,0.026838391478525916,False,False
2025-08-26,Equal Weighted Portfolio,0.0027111166575940703,GARCH-t,0.01721764555564368,0.02528299356585159,False,False
2025-08-27,Equal Weighted Portfolio,0.003323113166029468,GARCH-t,0.016223168517843996,0.02387623873620278,False,False
2025-08-28,Equal Weighted Portfolio,0.007526580135372329,GARCH-t,0.015333878102601893,0.022618277477117164,False,False
2025-08-29,Equal Weighted Portfolio,-0.009320971924621958,GARCH-t,0.014790640082351668,0.021849830665789383,False,False
2025-09-02,Equal Weighted Portfolio,-0.011247586490037032,GARCH-t,0.015315521517000058,0.02259231084896014,False,False
2025-09-03,Equal Weighted Portfolio,0.026127770912495563,GARCH-t,0.016183733927463372,0.023820455848951903,False,False
2025-09-04,Equal Weighted Portfolio,0.013280271619440322,GARCH-t,0.01995186672461017,0.029150733783646753,False,False
2025-09-05,Equal Weighted Portfolio,-0.011272845953584533,GARCH-t,0.019625748799261794,0.02868941798742292,False,False
2025-09-08,Equal Weighted Portfolio,0.00366794865445943,GARCH-t,0.01979280497284993,0.02892573020991296,False,False
2025-09-09,Equal Weighted Portfolio,0.006999775265942532,GARCH-t,0.018572383664406875,0.027199361973541062,False,False
2025-09-10,Equal Weighted Portfolio,-0.004927481680579705,GARCH-t,0.017634307410985848,0.02587238985661954,False,False
2025-09-11,Equal Weighted Portfolio,0.0036324837223334237,GARCH-t,0.017035368370875974,0.025025150196663203,False,False
2025-09-12,Equal Weighted Portfolio,0.006728008244967156,GARCH-t,0.016073652115027794,0.023664737702213317,False,False
2025-09-15,Equal Weighted Portfolio,0.01578587712284052,GARCH-t,0.015374959709311652,0.02267639018002738,False,False
2025-09-16,Equal Weighted Portfolio,-0.002462627865014566,GARCH-t,0.016247513539498774,0.023910676410969552,False,False
2025-09-17,Equal Weighted Portfolio,-0.007484237021815377,GARCH-t,0.015547644804195673,0.022920664891260475,False,False
2025-09-18,Equal Weighted Portfolio,0.007091957778191871,GARCH-t,0.015596040167189289,0.022989123395616196,False,False
2025-09-19,Equal Weighted Portfolio,0.013146256451076076,GARCH-t,0.014981401989368742,0.022119676246742194,False,False
2025-09-22,Equal Weighted Portfolio,0.009956153976011418,GARCH-t,0.015340343846514901,0.022627423707880845,False,False
2025-09-23,Equal Weighted Portfolio,-0.015467546117309206,GARCH-t,0.015046188460569387,0.022205639679036965,True,False
2025-09-24,Equal Weighted Portfolio,-0.006969281041510378,GARCH-t,0.01708420817256844,0.02508692749121149,False,False
2025-09-25,Equal Weighted Portfolio,0.00031737287539395113,GARCH-t,0.01683400677120748,0.024733200663111677,False,False
2025-09-26,Equal Weighted Portfolio,0.0032015497961592754,GARCH-t,0.01590918562816612,0.02342571778048899,False,False
2025-09-29,Equal Weighted Portfolio,0.004422607649795407,GARCH-t,0.015048967719690401,0.02220956890768235,False,False
2025-09-30,Equal Weighted Portfolio,0.0036578001836007792,GARCH-t,0.014311502401938528,0.02116696376533284,False,False
2025-10-01,Equal Weighted Portfolio,0.004630812322105982,GARCH-t,0.01362329603512494,0.020193999369902186,False,False
2025-10-02,Equal Weighted Portfolio,0.0038884599818458155,GARCH-t,0.013046235144446257,0.019378168933422167,False,False
2025-10-03,Equal Weighted Portfolio,-0.0026196641050439066,GARCH-t,0.012500308535429406,0.018606355159668665,False,False
2025-10-06,Equal Weighted Portfolio,0.006462132939416132,GARCH-t,0.012251111733593799,0.018254048602605225,False,False
2025-10-07,Equal Weighted Portfolio,-0.005125577598820486,GARCH-t,0.011964795671455359,0.017849264009300137,False,False
2025-10-08,Equal Weighted Portfolio,0.007713818556900609,GARCH-t,0.012132246479879382,0.018086000666266845,False,False
2025-10-09,Equal Weighted Portfolio,-0.0008001661697550678,GARCH-t,0.01199796742694353,0.017896161188082946,False,False
2025-10-10,Equal Weighted Portfolio,-0.03493979765785149,GARCH-t,0.011647005709493887,0.017399982611853368,True,True
2025-10-13,Equal Weighted Portfolio,0.018234166601143367,GARCH-t,0.02278998516444721,0.03315357454516001,False,False
2025-10-14,Equal Weighted Portfolio,-0.010979346827796178,GARCH-t,0.022977029095867643,0.03341801133974542,False,False
2025-10-15,Equal Weighted Portfolio,0.004717080431998944,GARCH-t,0.022623659239074834,0.03291842821227493,False,False
2025-10-16,Equal Weighted Portfolio,-0.0009083674905669303,GARCH-t,0.021181721663852297,0.030879862472726716,False,False
2025-10-17,Equal Weighted Portfolio,0.006416161870174219,GARCH-t,0.01989739808850486,0.02906412642132845,False,False
2025-10-20,Equal Weighted Portfolio,0.014279508997379332,GARCH-t,0.018787612102081158,0.027495146093033086,False,False
2025-10-21,Equal Weighted Portfolio,-0.00017214896128572247,GARCH-t,0.01878194956368271,0.0275787013478954,False,False
2025-10-22,Equal Weighted Portfolio,-0.005875095412727416,GARCH-t,0.01769568295855734,0.026037884929154948,False,False
2025-10-23,Equal Weighted Portfolio,0.006799522442186446,GARCH-t,0.017211788148923067,0.025351503644754036,False,False
2025-10-24,Equal Weighted Portfolio,0.016336328452201253,GARCH-t,0.016403464910094236,0.024204936391226815,False,False
2025-10-27,Equal Weighted Portfolio,0.022889367044497223,GARCH-t,0.01720157499893117,0.025337016787549436,False,False
2025-10-28,Equal Weighted Portfolio,0.014972724068698163,GARCH-t,0.019597782414784225,0.02873592062168498,False,False
2025-10-29,Equal Weighted Portfolio,0.01224563376474992,GARCH-t,0.019610737372122287,0.02875429659943886,False,False
2025-10-30,Equal Weighted Portfolio,-0.010149264848972075,GARCH-t,0.019163740876120536,0.028120253780752134,False,False
2025-10-31,Equal Weighted Portfolio,0.014934713899006049,GARCH-t,0.019174100341643418,0.028134948179430793,False,False
2025-11-03,Equal Weighted Portfolio,0.012699745270507701,GARCH-t,0.019240010820315248,0.028228438992114743,False,False
2025-11-04,Equal Weighted Portfolio,-0.016176958823920583,GARCH-t,0.018908993307881417,0.027758906728449318,False,False
2025-11-05,Equal Weighted Portfolio,-0.0006991561368633766,GARCH-t,0.020312189550464387,0.02974927244445807,False,False
2025-11-06,Equal Weighted Portfolio,-0.01685510979299034,GARCH-t,0.019106194013372463,0.028038626351030126,False,False
2025-11-07,Equal Weighted Portfolio,-0.0038277791292188335,GARCH-t,0.020649685910242844,0.030227994638400292,False,False
2025-11-10,Equal Weighted Portfolio,0.027243619629150295,GARCH-t,0.01961986075062784,0.028767237668720948,False,False
2025-11-11,Equal Weighted Portfolio,0.0008165256587237435,GARCH-t,0.022786005688569335,0.033258260481605066,False,False
2025-11-12,Equal Weighted Portfolio,-0.006552305328593544,GARCH-t,0.021312879639137274,0.031168702731114144,False,False
2025-11-13,Equal Weighted Portfolio,-0.021817995093902254,GARCH-t,0.02050370607404416,0.030020929331081914,True,False
2025-11-14,Equal Weighted Portfolio,0.0019188418276591124,GARCH-t,0.023164154672982207,0.033794646449068495,False,False
2025-11-17,Equal Weighted Portfolio,-0.003770026228994161,GARCH-t,0.021645533994885616,0.03164055677751873,False,False
2025-11-18,Equal Weighted Portfolio,-0.02034184404070003,GARCH-t,0.02052233154253563,0.029976711678555,False,False
2025-11-19,Equal Weighted Portfolio,0.00958806244861996,GARCH-t,0.022734060599285937,0.033107231493322405,False,False
2025-11-20,Equal Weighted Portfolio,-0.018264693677576972,GARCH-t,0.021621743689215038,0.031532838772545785,False,False
2025-11-21,Equal Weighted Portfolio,0.009288908188472634,GARCH-t,0.02304424447818928,0.03354627115605355,False,False
2025-11-24,Equal Weighted Portfolio,0.025790496028760847,GARCH-t,0.0218726109482157,0.03188792065872034,False,False
2025-11-25,Equal Weighted Portfolio,0.0030835508681170687,GARCH-t,0.024074881039996065,0.03500505208978169,False,False
2025-11-26,Equal Weighted Portfolio,0.004210886356829469,GARCH-t,0.022489432632347404,0.032760980809763286,False,False
2025-11-28,Equal Weighted Portfolio,0.00344502095219621,GARCH-t,0.02106142768187374,0.030739757740237718,False,False
2025-12-01,Equal Weighted Portfolio,0.0016475890257511504,GARCH-t,0.019741621760208203,0.0288716814599125,False,False
2025-12-02,Equal Weighted Portfolio,0.00626735951391737,GARCH-t,0.01853105943983893,0.02715823047487413,False,False
2025-12-03,Equal Weighted Portfolio,-0.00732410202037026,GARCH-t,0.017558730745450512,0.02578197951187315,False,False
2025-12-04,Equal Weighted Portfolio,-0.0010996049539317323,GARCH-t,0.01730474168275452,0.02542247897039531,False,False
2025-12-05,Equal Weighted Portfolio,0.0012298542807501756,GARCH-t,0.016410447781296224,0.02415667981195124,False,False
2025-12-08,Equal Weighted Portfolio,-0.000859074331827436,GARCH-t,0.01551502224245776,0.02288927891425663,False,False
2025-12-09,Equal Weighted Portfolio,0.0022779741128400085,GARCH-t,0.014787442477645523,0.021859449847438137,False,False
2025-12-10,Equal Weighted Portfolio,-0.00017076672627993608,GARCH-t,0.014042439757362059,0.020804960026099103,False,False
2025-12-11,Equal Weighted Portfolio,-0.007430213921337603,GARCH-t,0.013432267948608084,0.01994131222444505,False,False
2025-12-12,Equal Weighted Portfolio,-0.013976248878144417,GARCH-t,0.013783867800308682,0.02043897277615623,True,False
2025-12-15,Equal Weighted Portfolio,-0.007096590364428935,GARCH-t,0.015656867487369493,0.023090049143535598,False,False
2025-12-16,Equal Weighted Portfolio,0.0016383963444413397,GARCH-t,0.015619753755188035,0.023037517720828363,False,False
2025-12-17,Equal Weighted Portfolio,-0.017204719384720214,GARCH-t,0.014772183192160702,0.021822897274455542,True,False
2025-12-18,Equal Weighted Portfolio,0.016083490192505503,GARCH-t,0.01739351063274406,0.025533189947170517,False,False
2025-12-19,Equal Weighted Portfolio,0.013476788828219146,GARCH-t,0.01798212813220232,0.02636633393424364,False,False
2025-12-22,Equal Weighted Portfolio,0.0033116078594671583,GARCH-t,0.01795952395289082,0.026334339411326065,False,False
2025-12-23,Equal Weighted Portfolio,0.013874826754083936,GARCH-t,0.016911925766529987,0.024851542636445064,False,False
2025-12-24,Equal Weighted Portfolio,0.0011116065874578807,GARCH-t,0.017118886903827398,0.025144480626321082,False,False
2025-12-26,Equal Weighted Portfolio,0.0012800875554184635,GARCH-t,0.016150707750480817,0.02377409554473136,False,False
2025-12-29,Equal Weighted Portfolio,-0.0031605858233568766,GARCH-t,0.015273374046039146,0.02253229539236603,False,False
2025-12-30,Equal Weighted Portfolio,-0.0005651716047408772,GARCH-t,0.014748904880578948,0.021789948567797316,False,False
2025-12-31,Equal Weighted Portfolio,-0.005533887094613022,GARCH-t,0.014078884539008804,0.020841584954228894,False,False
2026-01-02,Equal Weighted Portfolio,-0.0052962794528572665,GARCH-t,0.014004972759976933,0.02073696836649415,False,False
2026-01-05,Equal Weighted Portfolio,0.0034824521868427774,GARCH-t,0.013905261338506463,0.020595834317103684,False,False
2026-01-06,Equal Weighted Portfolio,0.002799321948419786,GARCH-t,0.013263829104674496,0.019687935028985633,False,False
2026-01-07,Equal Weighted Portfolio,0.008056334388843744,GARCH-t,0.012677091977759665,0.018857452568420745,False,False
2026-01-08,Equal Weighted Portfolio,-0.0013758764902551896,GARCH-t,0.012528045344275698,0.018646488221293882,False,False
2026-01-09,Equal Weighted Portfolio,0.0033549974990776388,GARCH-t,0.012160814681799643,0.018126700721614732,False,False
2026-01-12,Equal Weighted Portfolio,0.0013345150174426611,GARCH-t,0.011706411701046996,0.017483527334023294,False,False
2026-01-13,Equal Weighted Portfolio,-0.002089195068486949,GARCH-t,0.011297033538207147,0.016904083204137638,False,False
2026-01-14,Equal Weighted Portfolio,-0.013482947985553719,GARCH-t,0.011148845470145823,0.016694334092065874,True,False
2026-01-15,Equal Weighted Portfolio,0.0011592114568707904,GARCH-t,0.01353860377707651,0.02007685799903396,False,False
2026-01-16,Equal Weighted Portfolio,-0.0024547328882224884,GARCH-t,0.012855494550116853,0.019111116743594,False,False
2026-01-20,Equal Weighted Portfolio,-0.029740959038646625,GARCH-t,0.012533573902015316,0.01865522673619483,True,True
2026-01-21,Equal Weighted Portfolio,0.006215923307412718,GARCH-t,0.020805974122310653,0.03037023979882326,False,False
2026-01-22,Equal Weighted Portfolio,0.009507596573378897,GARCH-t,0.019604502953366906,0.028668768634019653,False,False
2026-01-23,Equal Weighted Portfolio,0.012034841625657024,GARCH-t,0.018804801406272786,0.027536266117104767,False,False
2026-01-26,Equal Weighted Portfolio,0.009045733712899118,GARCH-t,0.01843356413757057,0.027010536058552827,False,False
2026-01-27,Equal Weighted Portfolio,0.014915203304549653,GARCH-t,0.01770975086316438,0.025985503209710603,False,False
2026-01-28,Equal Weighted Portfolio,0.0016016931563316962,GARCH-t,0.01800300095805859,0.02640079122779685,False,False
2026-01-29,Equal Weighted Portfolio,-0.017155415215688665,GARCH-t,0.016937282564659303,0.024891567233879607,True,False
2026-01-30,Equal Weighted Portfolio,-0.004072674002041454,GARCH-t,0.019017422474683535,0.02783737081797634,False,False
2026-02-02,Equal Weighted Portfolio,0.005945850750754112,GARCH-t,0.01816612258769411,0.026631796978375623,False,False
2026-02-03,Equal Weighted Portfolio,-0.01782362991227822,GARCH-t,0.01720053801383809,0.025264378140485808,True,False
2026-02-04,Equal Weighted Portfolio,-0.009207806190171364,GARCH-t,0.019418001817848075,0.028404653845008624,False,False
2026-02-05,Equal Weighted Portfolio,-0.02302784307693222,GARCH-t,0.019215247958212913,0.02811752265564755,True,False
2026-02-06,Equal Weighted Portfolio,0.005063086291751362,GARCH-t,0.022569970925312745,0.032868335277678906,False,False
2026-02-09,Equal Weighted Portfolio,0.008157738272298777,GARCH-t,0.021151316695677234,0.030859298917136412,False,False
2026-02-10,Equal Weighted Portfolio,-0.007666600553808501,GARCH-t,0.02005854684785626,0.02931176583112089,False,False
2026-02-11,Equal Weighted Portfolio,-0.008740576134323951,GARCH-t,0.019531318565005944,0.028565128089220373,False,False
2026-02-12,Equal Weighted Portfolio,-0.020170041146355656,GARCH-t,0.01923562150832474,0.028146374790377026,True,False
2026-02-13,Equal Weighted Portfolio,-0.012201337923787416,GARCH-t,0.021688296837627744,0.03161974681735874,False,False
2026-02-17,Equal Weighted Portfolio,0.006757009247562063,GARCH-t,0.02174328998141151,0.031672602405689525,False,False
2026-02-18,Equal Weighted Portfolio,0.00935055601599748,GARCH-t,0.02050580592545147,0.029920668124230335,False,False
2026-02-19,Equal Weighted Portfolio,-0.0032344974318771814,GARCH-t,0.01961134265087141,0.02865435615302087,False,False
2026-02-20,Equal Weighted Portfolio,0.017093175768039683,GARCH-t,0.01863583963124464,0.027273314374324786,False,False
2026-02-23,Equal Weighted Portfolio,-0.010038110726031913,GARCH-t,0.019261480952078518,0.028159049000631497,False,False
2026-02-24,Equal Weighted Portfolio,0.010903500740751615,GARCH-t,0.019231157073396336,0.028116118796921587,False,False
2026-02-25,Equal Weighted Portfolio,0.013662322957388985,GARCH-t,0.0186639771056125,0.027313149235793352,False,False
2026-02-26,Equal Weighted Portfolio,-0.01762605596694733,GARCH-t,0.018598404058247232,0.02722031598346524,False,False
2026-02-27,Equal Weighted Portfolio,-0.014438455310196297,GARCH-t,0.020442535872416782,0.029831095273277347,False,False
2026-03-02,Equal Weighted Portfolio,0.004549194865081475,GARCH-t,0.02113458330208657,0.0308108425359551,False,False
2026-03-03,Equal Weighted Portfolio,-0.002197963269362879,GARCH-t,0.01984224794800725,0.02898125402606777,False,False
2026-03-04,Equal Weighted Portfolio,0.010696616362655155,GARCH-t,0.018767060013649563,0.02745908604972873,False,False
2026-03-05,Equal Weighted Portfolio,0.001615155285905767,GARCH-t,0.018226641307773878,0.026694003014835873,False,False
2026-03-06,Equal Weighted Portfolio,-0.01600279111196732,GARCH-t,0.017157398539269782,0.025180251744811314,False,False
2026-03-09,Equal Weighted Portfolio,0.013108928511237263,GARCH-t,0.01885460514737052,0.02758302568369976,False,False
2026-03-10,Equal Weighted Portfolio,0.002657652137595035,GARCH-t,0.01866776369595302,0.027318509997732426,False,False
2026-03-11,Equal Weighted Portfolio,0.00032888233846966046,GARCH-t,0.01755762939435219,0.025746867655650364,False,False
2026-03-12,Equal Weighted Portfolio,-0.014784302667900519,GARCH-t,0.01657662070048681,0.02435803136890005,False,False
2026-03-13,Equal Weighted Portfolio,-0.013636544345719682,GARCH-t,0.018063448625769335,0.02646296742879334,False,False
2026-03-16,Equal Weighted Portfolio,0.013562637359838581,GARCH-t,0.018977548542935905,0.02775707944086344,False,False
2026-03-17,Equal Weighted Portfolio,0.005983728758315921,GARCH-t,0.018845072728899265,0.027504782265357224,False,False
2026-03-18,Equal Weighted Portfolio,-0.01583630007684638,GARCH-t,0.01784433411854804,0.02609080341973079,False,False
2026-03-19,Equal Weighted Portfolio,-0.005668093562930077,GARCH-t,0.0193394002722868,0.028203235070046292,False,False
2026-03-20,Equal Weighted Portfolio,-0.01880647336585677,GARCH-t,0.018642885341082976,0.027219104580627578,True,False
2026-03-23,Equal Weighted Portfolio,0.011618493966799814,GARCH-t,0.020792016072611396,0.030255687120198337,False,False
2026-03-24,Equal Weighted Portfolio,-0.01506761646694459,GARCH-t,0.020146933402921254,0.029344227085392697,False,False
2026-03-25,Equal Weighted Portfolio,0.008422870917647351,GARCH-t,0.021023715772938923,0.03058306379120149,False,False
2026-03-26,Equal Weighted Portfolio,-0.020898276301613186,GARCH-t,0.01999483213843738,0.029129317849205888,True,False
2026-03-27,Equal Weighted Portfolio,-0.025481782669803634,GARCH-t,0.022453636091578088,0.03260344859555872,True,False
2026-03-30,Equal Weighted Portfolio,-0.0021599462786580765,GARCH-t,0.025735022813259296,0.03723983552096002,False,False
2026-03-31,Equal Weighted Portfolio,0.04055996040902712,GARCH-t,0.02412972852331944,0.03497165865289333,False,False
2026-04-01,Equal Weighted Portfolio,0.010380157800961399,GARCH-t,0.030666365809943096,0.04420750380687907,False,False
2026-04-02,Equal Weighted Portfolio,0.0032495042435650044,GARCH-t,0.028896503627866287,0.041706803165127544,False,False
2026-04-06,Equal Weighted Portfolio,0.007321650291676596,GARCH-t,0.02692761591919024,0.03892489234377456,False,False
2026-04-07,Equal Weighted Portfolio,0.0011941985021457495,GARCH-t,0.02526890193252164,0.03658123690384812,False,False
2026-04-08,Equal Weighted Portfolio,0.023937299553997173,GARCH-t,0.02359710848663825,0.03421910103511574,False,False
2026-04-09,Equal Weighted Portfolio,0.014809998109517244,GARCH-t,0.02498952449533227,0.0361864946784108,False,False
2026-04-10,Equal Weighted Portfolio,0.007583760887128488,GARCH-t,0.024314729503747835,0.035233053057026585,False,False
2026-04-13,Equal Weighted Portfolio,0.010496062377026959,GARCH-t,0.022906361082747947,0.03324311968826885,False,False
2026-04-14,Equal Weighted Portfolio,0.02660440741376007,GARCH-t,0.021894234359799175,0.031813050177070035,False,False
2026-04-15,Equal Weighted Portfolio,0.019424027445065575,GARCH-t,0.024374005592991983,0.035273568238809686,False,False
2026-04-16,Equal Weighted Portfolio,0.0015484584678987722,GARCH-t,0.024604109206354335,0.03559828644458351,False,False
2026-04-17,Equal Weighted Portfolio,0.014421310009088818,GARCH-t,0.022986092481851225,0.03331496946396175,False,False
2026-04-20,Equal Weighted Portfolio,-0.003945876199014542,GARCH-t,0.02249296332923263,0.0326190742048077,False,False
2026-04-21,Equal Weighted Portfolio,-0.005910454066269222,GARCH-t,0.021303617893641283,0.030940690670333008,False,False
2026-04-22,Equal Weighted Portfolio,0.020767204196195578,GARCH-t,0.02042535286513514,0.029701298380559137,False,False
2026-04-23,Equal Weighted Portfolio,-0.010774000500787119,GARCH-t,0.02160465468865214,0.0313655085448524,False,False
2026-04-24,Equal Weighted Portfolio,0.020871193829930124,GARCH-t,0.021389846195358664,0.031062374545746552,False,False
2026-04-27,Equal Weighted Portfolio,0.007005476040525172,GARCH-t,0.02242177867654037,0.03251861966451127,False,False
2026-04-28,Equal Weighted Portfolio,-0.00044674675852633976,GARCH-t,0.021149594538356343,0.03072333559778736,False,False
2026-04-29,Equal Weighted Portfolio,-0.0038457170985446206,GARCH-t,0.01987448020346343,0.028923916488575542,False,False
2026-04-30,Equal Weighted Portfolio,0.005239774987030099,GARCH-t,0.018934861320655808,0.02759794270972826,False,False
2026-05-01,Equal Weighted Portfolio,0.011707567681471763,GARCH-t,0.01788652180649604,0.0261185442721918,False,False
2026-05-06,Equal Weighted Portfolio,0.025910878890569644,GARCH-t,0.017606980919824548,0.02572406104859527,False,False
2026-05-07,Equal Weighted Portfolio,0.004075907955499836,GARCH-t,0.020887062085602363,0.03035285437947886,False,False
2026-05-08,Equal Weighted Portfolio,0.006903637889625868,GARCH-t,0.019614627148095698,0.02855721638912521,False,False
2026-05-11,Equal Weighted Portfolio,-0.005565722873392299,GARCH-t,0.0186025131880195,0.02712893882167546,False,False
2026-05-12,Equal Weighted Portfolio,-0.0035824291421401536,GARCH-t,0.01797990572710842,0.026250326032183656,False,False
2026-05-13,Equal Weighted Portfolio,0.017253878354592245,GARCH-t,0.017212195258512062,0.025166946409092637,False,False
2026-05-14,Equal Weighted Portfolio,0.007325953879295844,GARCH-t,0.0181191557599875,0.02644683324982233,False,False
2026-05-15,Equal Weighted Portfolio,-0.005628233585995757,GARCH-t,0.017219433469020738,0.0251777226877929,False,False
2026-05-18,Equal Weighted Portfolio,-0.00018781109892414011,GARCH-t,0.01676597987413845,0.0245381609279592,False,False
2026-05-19,Equal Weighted Portfolio,-0.010606258616692222,GARCH-t,0.01589323375562156,0.02330721899752511,False,False
2025-01-02,Long-only Global Minimum Variance Portfolio,-0.00977270156006611,GARCH-t,0.018957879973640443,0.02744225365273558,False,False
2025-01-03,Long-only Global Minimum Variance Portfolio,0.008359084592554454,GARCH-t,0.01883219679744964,0.027265074670554754,False,False
2025-01-06,Long-only Global Minimum Variance Portfolio,0.013621885133942932,GARCH-t,0.018123698249376794,0.026266285051858525,False,False
2025-01-07,Long-only Global Minimum Variance Portfolio,-0.011587013189272044,GARCH-t,0.01814555258696047,0.02629709370427063,False,False
2025-01-08,Long-only Global Minimum Variance Portfolio,0.0006921151922508952,GARCH-t,0.018413683921873165,0.02667508571919629,False,False
2025-01-10,Long-only Global Minimum Variance Portfolio,-0.016087377475902567,GARCH-t,0.01744240942460557,0.025305853718066592,False,False
2025-01-13,Long-only Global Minimum Variance Portfolio,-0.005976457307689259,GARCH-t,0.018746604749529144,0.027144413239224407,False,False
2025-01-14,Long-only Global Minimum Variance Portfolio,-0.004687443089206973,GARCH-t,0.018154034111705172,0.026309050339734127,False,False
2025-01-15,Long-only Global Minimum Variance Portfolio,0.025258960132347033,GARCH-t,0.017485851291741822,0.025367094896373153,False,False
2025-01-16,Long-only Global Minimum Variance Portfolio,-0.017978411880220015,GARCH-t,0.020271589920113756,0.029294226193942,False,False
2025-01-17,Long-only Global Minimum Variance Portfolio,0.012174358132651043,GARCH-t,0.021545005842963566,0.031089395157215725,False,False
2025-01-21,Long-only Global Minimum Variance Portfolio,-0.005544805997538827,GARCH-t,0.021010278518272498,0.030335575545040974,False,False
2025-01-22,Long-only Global Minimum Variance Portfolio,0.01833294489093627,GARCH-t,0.02018662672601599,0.029174451274900953,False,False
2025-01-23,Long-only Global Minimum Variance Portfolio,-0.00027318761881602884,GARCH-t,0.020799984781164012,0.03003911876037697,False,False
2025-01-24,Long-only Global Minimum Variance Portfolio,-0.00042549069711447795,GARCH-t,0.01968597916254343,0.028468674826407036,False,False
2025-01-27,Long-only Global Minimum Variance Portfolio,-0.008482710192187055,GARCH-t,0.018651946249925517,0.02701097058506142,False,False
2025-01-28,Long-only Global Minimum Variance Portfolio,0.02673984320224492,GARCH-t,0.01837206575335223,0.026616415458289026,False,False
2025-01-29,Long-only Global Minimum Variance Portfolio,-0.002707697778138532,GARCH-t,0.021385907161253014,0.030865109430628156,False,False
2025-01-30,Long-only Global Minimum Variance Portfolio,-0.017759851447009964,GARCH-t,0.02032918718664137,0.029375422622684923,False,False
2025-01-31,Long-only Global Minimum Variance Portfolio,0.0029561010691574584,GARCH-t,0.021543607847475527,0.031087424365060626,False,False
2025-02-03,Long-only Global Minimum Variance Portfolio,-0.01759195723223028,GARCH-t,0.020384514123095387,0.029381988495661027,False,False
2025-02-04,Long-only Global Minimum Variance Portfolio,0.015726791701149306,GARCH-t,0.021547025061404358,0.031017378257430107,False,False
2025-02-05,Long-only Global Minimum Variance Portfolio,-0.01986526478186836,GARCH-t,0.021526343406597887,0.03098828385030466,False,False
2025-02-06,Long-only Global Minimum Variance Portfolio,0.004068286149029356,GARCH-t,0.02302440431761478,0.03309571647364601,False,False
2025-02-07,Long-only Global Minimum Variance Portfolio,-0.024063012383854554,GARCH-t,0.021778408778971033,0.031342882775520095,True,False
2025-02-10,Long-only Global Minimum Variance Portfolio,0.0053969603891890604,GARCH-t,0.024283716774448526,0.034867284061448615,False,False
2025-02-11,Long-only Global Minimum Variance Portfolio,0.004167240881623501,GARCH-t,0.022998467951513647,0.03305922987710612,False,False
2025-02-12,Long-only Global Minimum Variance Portfolio,-0.0002268855162783365,GARCH-t,0.021756882034873422,0.03131259951904367,False,False
2025-02-13,Long-only Global Minimum Variance Portfolio,0.011197275130260148,GARCH-t,0.020585383906557037,0.029664566815138866,False,False
2025-02-14,Long-only Global Minimum Variance Portfolio,-2.0673413024504487e-05,GARCH-t,0.02002804794409065,0.02888052126610593,False,False
2025-02-18,Long-only Global Minimum Variance Portfolio,-0.0013290604693624434,GARCH-t,0.01896748520536735,0.027388549545698016,False,False
2025-02-19,Long-only Global Minimum Variance Portfolio,0.006825454627381838,GARCH-t,0.018021970031723608,0.02605842370892648,False,False
2025-02-20,Long-only Global Minimum Variance Portfolio,0.0010358005099886328,GARCH-t,0.017261000434270247,0.024987911726903303,False,False
2025-02-21,Long-only Global Minimum Variance Portfolio,-0.01653346522399682,GARCH-t,0.016371721567527055,0.02373689764513911,True,False
2025-02-24,Long-only Global Minimum Variance Portfolio,-0.0037811397959150034,GARCH-t,0.017967015466804764,0.02598111507477162,False,False
2025-02-25,Long-only Global Minimum Variance Portfolio,-0.010964291577666468,GARCH-t,0.017242251025852865,0.024961535553093172,False,False
2025-02-26,Long-only Global Minimum Variance Portfolio,-0.009857712087507861,GARCH-t,0.017511889771407326,0.02534085623673118,False,False
2025-02-27,Long-only Global Minimum Variance Portfolio,-0.0191098413822392,GARCH-t,0.017561606403871367,0.02541079628550148,True,False
2025-02-28,Long-only Global Minimum Variance Portfolio,0.014263326571981353,GARCH-t,0.01958957134083951,0.028263683932278114,False,False
2025-03-03,Long-only Global Minimum Variance Portfolio,-0.020549213819176643,GARCH-t,0.01955358523260882,0.028213059623269886,True,False
2025-03-04,Long-only Global Minimum Variance Portfolio,0.0031502089131310237,GARCH-t,0.02159231045261318,0.03100235769619803,False,False
2025-03-05,Long-only Global Minimum Variance Portfolio,0.016556831262268513,GARCH-t,0.020425559244946892,0.029364210335511155,False,False
2025-03-06,Long-only Global Minimum Variance Portfolio,-0.008324396474066867,GARCH-t,0.020689608466289703,0.029734941929523667,False,False
2025-03-07,Long-only Global Minimum Variance Portfolio,0.0033067024494117616,GARCH-t,0.0201949415418581,0.029040417414483696,False,False
2025-03-10,Long-only Global Minimum Variance Portfolio,-0.03996724471174903,GARCH-t,0.019124312062603226,0.027537227322036343,True,True
2025-03-11,Long-only Global Minimum Variance Portfolio,-0.01051316435413383,GARCH-t,0.0276075305943257,0.03944787455904865,False,False
2025-03-12,Long-only Global Minimum Variance Portfolio,0.0031261999865324274,GARCH-t,0.02675595744517807,0.03825224493591908,False,False
2025-03-13,Long-only Global Minimum Variance Portfolio,-0.02295808951268827,GARCH-t,0.025255054668292917,0.0361449405625044,False,False
2025-03-14,Long-only Global Minimum Variance Portfolio,0.02096023563570476,GARCH-t,0.02685919947055055,0.03839719927602572,False,False
2025-03-17,Long-only Global Minimum Variance Portfolio,-0.0017045909876714559,GARCH-t,0.02712632352739481,0.03877224801462584,False,False
2025-03-18,Long-only Global Minimum Variance Portfolio,-0.013948741437801834,GARCH-t,0.025648866867842974,0.03669786256597898,False,False
2025-03-19,Long-only Global Minimum Variance Portfolio,0.014570560548310681,GARCH-t,0.025448047290644073,0.03641590694579098,False,False
2025-03-20,Long-only Global Minimum Variance Portfolio,-0.004680517807435364,GARCH-t,0.024871376010889325,0.03560624630116763,False,False
2025-03-21,Long-only Global Minimum Variance Portfolio,0.012348095237949865,GARCH-t,0.02369612152965249,0.033956160135476504,False,False
2025-03-24,Long-only Global Minimum Variance Portfolio,0.013764906903937436,GARCH-t,0.02300475036517048,0.032985458034711965,False,False
2025-03-25,Long-only Global Minimum Variance Portfolio,0.011394337437568052,GARCH-t,0.02255376300747035,0.032352260704496795,False,False
2025-03-26,Long-only Global Minimum Variance Portfolio,-0.01805874373900113,GARCH-t,0.021854042745826908,0.03136983626619428,False,False
2025-03-27,Long-only Global Minimum Variance Portfolio,-0.0010294927177589707,GARCH-t,0.022891777465399752,0.03282684130787889,False,False
2025-03-28,Long-only Global Minimum Variance Portfolio,-0.03504337631779672,GARCH-t,0.02167039383703274,0.0311119886863011,True,True
2025-03-31,Long-only Global Minimum Variance Portfolio,0.0018818140448368587,GARCH-t,0.027540396068978706,0.039353616036078606,False,False
2025-04-01,Long-only Global Minimum Variance Portfolio,0.013154949167738563,GARCH-t,0.025992659231156803,0.03720664946386678,False,False
2025-04-02,Long-only Global Minimum Variance Portfolio,0.0024726575467771163,GARCH-t,0.025207916943819884,0.03610399464360507,False,False
2025-04-03,Long-only Global Minimum Variance Portfolio,-0.05372895833164623,GARCH-t,0.023816930990641447,0.03414949647148093,True,True
2025-04-04,Long-only Global Minimum Variance Portfolio,-0.0463208475381721,GARCH-t,0.03576718384900859,0.0509410013135889,True,False
2025-04-07,Long-only Global Minimum Variance Portfolio,-0.008302209832486349,GARCH-t,0.041527538725314256,0.059034974549479334,False,False
2025-04-08,Long-only Global Minimum Variance Portfolio,-0.02504574496061071,GARCH-t,0.0394663036929094,0.05613869792357387,False,False
2025-04-09,Long-only Global Minimum Variance Portfolio,0.1177455791852592,GARCH-t,0.03957680036769745,0.056293958692674784,False,False
2025-04-10,Long-only Global Minimum Variance Portfolio,-0.03452699008976333,GARCH-t,0.06976386341569578,0.0987103176891774,False,False
2025-04-11,Long-only Global Minimum Variance Portfolio,0.027265576230422577,GARCH-t,0.06826480361567742,0.09660396310497349,False,False
2025-04-14,Long-only Global Minimum Variance Portfolio,0.008254816766078638,GARCH-t,0.06561789042597821,0.09288474007528214,False,False
2025-04-15,Long-only Global Minimum Variance Portfolio,-0.008142437064599268,GARCH-t,0.06190914351712224,0.08767351631154355,False,False
2025-04-16,Long-only Global Minimum Variance Portfolio,-0.03235171113151967,GARCH-t,0.058540047340307835,0.08293954160515091,False,False
2025-04-17,Long-only Global Minimum Variance Portfolio,-0.0039000575545394232,GARCH-t,0.05780447105751831,0.08190597077944639,False,False
2025-04-21,Long-only Global Minimum Variance Portfolio,-0.02268135470647115,GARCH-t,0.054535034134358014,0.07731202899621674,False,False
2025-04-22,Long-only Global Minimum Variance Portfolio,0.02777861496924297,GARCH-t,0.05285168023436825,0.07494671961760652,False,False
2025-04-23,Long-only Global Minimum Variance Portfolio,0.024638447964379414,GARCH-t,0.05152851100230373,0.07308751188112891,False,False
2025-04-24,Long-only Global Minimum Variance Portfolio,0.02671468811700953,GARCH-t,0.049928961140388604,0.07083995699087943,False,False
2025-04-25,Long-only Global Minimum Variance Portfolio,0.01043222288066823,GARCH-t,0.048728347014726746,0.06915295353216692,False,False
2025-04-28,Long-only Global Minimum Variance Portfolio,-0.0022420143674343803,GARCH-t,0.0461304742671768,0.06550263806715795,False,False
2025-04-29,Long-only Global Minimum Variance Portfolio,0.003431416621096579,GARCH-t,0.04351804456836266,0.061831868380758354,False,False
2025-04-30,Long-only Global Minimum Variance Portfolio,-0.0002441589659231136,GARCH-t,0.04094659599991046,0.058550357694443333,False,False
2025-05-01,Long-only Global Minimum Variance Portfolio,0.033928608919948186,GARCH-t,0.03855665893612394,0.055173809939612,False,False
2025-05-02,Long-only Global Minimum Variance Portfolio,0.001842015395253148,GARCH-t,0.03987136796090717,0.057031255423492244,False,False
2025-05-05,Long-only Global Minimum Variance Portfolio,-0.009874586297781849,GARCH-t,0.03753420952058283,0.05372927429439121,False,False
2025-05-06,Long-only Global Minimum Variance Portfolio,-0.004834666966457474,GARCH-t,0.03583095733753332,0.05132288777412212,False,False
2025-05-07,Long-only Global Minimum Variance Portfolio,-0.021541573420605403,GARCH-t,0.03390535060315685,0.04860235458763494,False,False
2025-05-08,Long-only Global Minimum Variance Portfolio,0.012378897865247518,GARCH-t,0.03406288081058297,0.04882491620913641,False,False
2025-05-09,Long-only Global Minimum Variance Portfolio,0.00013009109171424849,GARCH-t,0.03254099007371884,0.04667476052992553,False,False
2025-05-12,Long-only Global Minimum Variance Portfolio,0.04287242855116711,GARCH-t,0.030664807024392317,0.04402405404947156,False,False
2025-05-13,Long-only Global Minimum Variance Portfolio,0.00616935342190722,GARCH-t,0.03571489034321009,0.05115890615509521,False,False
2025-05-14,Long-only Global Minimum Variance Portfolio,0.011428641867558853,GARCH-t,0.03370956730595456,0.0483257482858964,False,False
2025-05-15,Long-only Global Minimum Variance Portfolio,-0.004615451598376827,GARCH-t,0.03213567959555156,0.046102130310576965,False,False
2025-05-16,Long-only Global Minimum Variance Portfolio,0.004023030410071501,GARCH-t,0.030444278446817484,0.04371248715310037,False,False
2025-05-19,Long-only Global Minimum Variance Portfolio,0.000995099510564081,GARCH-t,0.02871275413983871,0.041266157247700275,False,False
2025-05-20,Long-only Global Minimum Variance Portfolio,-0.008121329138048092,GARCH-t,0.02706792223639615,0.038942307990412886,False,False
2025-05-21,Long-only Global Minimum Variance Portfolio,-0.004884850491184523,GARCH-t,0.02600484805400197,0.03744037691525096,False,False
2025-05-22,Long-only Global Minimum Variance Portfolio,0.004483440178531014,GARCH-t,0.024754390641220137,0.03567370730975468,False,False
2025-05-23,Long-only Global Minimum Variance Portfolio,-0.017237384102180144,GARCH-t,0.02340164469836171,0.03376252255705703,False,False
2025-05-27,Long-only Global Minimum Variance Portfolio,0.02473652583859772,GARCH-t,0.024072647007372473,0.03471052716115622,False,False
2025-05-28,Long-only Global Minimum Variance Portfolio,-0.0036741919871438426,GARCH-t,0.025533018994155256,0.03677376800038462,False,False
2025-05-29,Long-only Global Minimum Variance Portfolio,7.095484246026412e-05,GARCH-t,0.023944432388729738,0.034548882382733376,False,False
2025-05-30,Long-only Global Minimum Variance Portfolio,0.0022164769426703712,GARCH-t,0.02258866888011408,0.0326325209605966,False,False
2025-06-02,Long-only Global Minimum Variance Portfolio,-0.0006191630535025918,GARCH-t,0.0213104726044651,0.03082580023311976,False,False
2025-06-03,Long-only Global Minimum Variance Portfolio,-0.0013720995846911478,GARCH-t,0.020151769692246288,0.0291879824672758,False,False
2025-06-04,Long-only Global Minimum Variance Portfolio,0.0032612459477625116,GARCH-t,0.019101699202472063,0.027703715805472564,False,False
2025-06-05,Long-only Global Minimum Variance Portfolio,0.0005989476364093966,GARCH-t,0.018078968773919152,0.026258094112552498,False,False
2025-06-06,Long-only Global Minimum Variance Portfolio,0.017096991211080673,GARCH-t,0.017120537433327664,0.024903358692101633,False,False
2025-06-09,Long-only Global Minimum Variance Portfolio,0.0038460913242076397,GARCH-t,0.017967912436571948,0.02610111682320702,False,False
2025-06-10,Long-only Global Minimum Variance Portfolio,0.004203435370275054,GARCH-t,0.01704246176383566,0.024792999326274802,False,False
2025-06-11,Long-only Global Minimum Variance Portfolio,-0.007895681348813645,GARCH-t,0.016198109583974597,0.023599513933062654,False,False
2025-06-12,Long-only Global Minimum Variance Portfolio,0.0026738019504848583,GARCH-t,0.016098504237828916,0.023458722532807997,False,False
2025-06-13,Long-only Global Minimum Variance Portfolio,-0.009102511064888158,GARCH-t,0.015282475843286196,0.02230527259501859,False,False
2025-06-16,Long-only Global Minimum Variance Portfolio,0.010746865127416346,GARCH-t,0.015487039793733299,0.022594422185271988,False,False
2025-06-17,Long-only Global Minimum Variance Portfolio,-0.0065509595287997855,GARCH-t,0.01538512082972433,0.02245036050373996,False,False
2025-06-18,Long-only Global Minimum Variance Portfolio,-0.002613070651151735,GARCH-t,0.015182526287446398,0.022163994656975636,False,False
2025-06-20,Long-only Global Minimum Variance Portfolio,-0.005890024828335897,GARCH-t,0.014586152654039695,0.021321025055730726,False,False
2025-06-23,Long-only Global Minimum Variance Portfolio,0.00398684077160649,GARCH-t,0.014380112572338117,0.02102978896516063,False,False
2025-06-24,Long-only Global Minimum Variance Portfolio,0.005629052858811262,GARCH-t,0.013732694754031606,0.0201146687962505,False,False
2025-06-25,Long-only Global Minimum Variance Portfolio,0.009049024831978607,GARCH-t,0.013232268874030223,0.019407320615701874,False,False
2025-06-26,Long-only Global Minimum Variance Portfolio,0.00937654513005467,GARCH-t,0.013140064170489152,0.019276989967559492,False,False
2025-06-27,Long-only Global Minimum Variance Portfolio,0.00713211671556837,GARCH-t,0.01289287817147803,0.01894341055161739,False,False
2025-06-30,Long-only Global Minimum Variance Portfolio,0.004448574761013147,GARCH-t,0.012593399779564498,0.018519846915856585,False,False
2025-07-01,Long-only Global Minimum Variance Portfolio,-0.0002767468724262036,GARCH-t,0.012097619585499406,0.017818646204197087,False,False
2025-07-02,Long-only Global Minimum Variance Portfolio,0.010024400306988363,GARCH-t,0.011609340361218093,0.017128054398285505,False,False
2025-07-03,Long-only Global Minimum Variance Portfolio,0.009620658104665409,GARCH-t,0.011880188681486383,0.017511125439035814,False,False
2025-07-07,Long-only Global Minimum Variance Portfolio,-0.01019922785664038,GARCH-t,0.012044352604232103,0.017743308694510924,False,False
2025-07-08,Long-only Global Minimum Variance Portfolio,-0.005743327217952048,GARCH-t,0.012990139101899452,0.019080970370352734,False,False
2025-07-09,Long-only Global Minimum Variance Portfolio,0.011479706720305603,GARCH-t,0.012941546279097115,0.019012243700069348,False,False
2025-07-10,Long-only Global Minimum Variance Portfolio,0.0018112849976041098,GARCH-t,0.013289473901711757,0.019504330918364628,False,False
2025-07-11,Long-only Global Minimum Variance Portfolio,0.004386945849625635,GARCH-t,0.012655122416897232,0.018607143580268173,False,False
2025-07-14,Long-only Global Minimum Variance Portfolio,-0.0014038705794465513,GARCH-t,0.012150178382666948,0.017892982102280595,False,False
2025-07-15,Long-only Global Minimum Variance Portfolio,0.0033393571959352383,GARCH-t,0.011719304653025736,0.017283581062310586,False,False
2025-07-16,Long-only Global Minimum Variance Portfolio,0.0012048356273836357,GARCH-t,0.011251427823100424,0.016621845135704482,False,False
2025-07-17,Long-only Global Minimum Variance Portfolio,0.005660949699205973,GARCH-t,0.010799209939905264,0.015982256250715733,False,False
2025-07-18,Long-only Global Minimum Variance Portfolio,0.003088966201052117,GARCH-t,0.01057154711777316,0.015660264096110862,False,False
2025-07-21,Long-only Global Minimum Variance Portfolio,0.01036474082758094,GARCH-t,0.010202812394739419,0.015138748607392323,False,False
2025-07-22,Long-only Global Minimum Variance Portfolio,5.0094891354571084e-05,GARCH-t,0.010750384256433598,0.015913200236765533,False,False
2025-07-23,Long-only Global Minimum Variance Portfolio,-0.00045939993263593694,GARCH-t,0.010374739579352003,0.015381911738245697,False,False
2025-07-24,Long-only Global Minimum Variance Portfolio,0.00669295438624711,GARCH-t,0.010059669354489778,0.014936295982431326,False,False
2025-07-25,Long-only Global Minimum Variance Portfolio,0.0030650461282109437,GARCH-t,0.010027626285055878,0.014890976255343046,False,False
2025-07-28,Long-only Global Minimum Variance Portfolio,-0.0010249609518599217,GARCH-t,0.009457217908406335,0.014114176804523714,False,False
2025-07-29,Long-only Global Minimum Variance Portfolio,-0.00036774676318229586,GARCH-t,0.009244441281678896,0.013813009572383388,False,False
2025-07-30,Long-only Global Minimum Variance Portfolio,-0.001620972510806178,GARCH-t,0.009010739079201711,0.013482223966146139,False,False
2025-07-31,Long-only Global Minimum Variance Portfolio,0.007184486767952389,GARCH-t,0.00889703285309736,0.013321282466510298,False,False
2025-08-01,Long-only Global Minimum Variance Portfolio,-0.02440909398611528,GARCH-t,0.009045466265852353,0.0135313773475323,True,True
2025-08-04,Long-only Global Minimum Variance Portfolio,0.016145093716771433,GARCH-t,0.015900665456247718,0.023234329206932896,False,False
2025-08-05,Long-only Global Minimum Variance Portfolio,-0.005654893847004717,GARCH-t,0.016752298639103276,0.024439743600535514,False,False
2025-08-06,Long-only Global Minimum Variance Portfolio,0.01877234909790399,GARCH-t,0.016267520014124393,0.023753580656178355,False,False
2025-08-07,Long-only Global Minimum Variance Portfolio,0.007543300245385885,GARCH-t,0.01769276936124034,0.02577089998106154,False,False
2025-08-08,Long-only Global Minimum Variance Portfolio,0.019797112547221576,GARCH-t,0.016948504458829894,0.024717456263649507,False,False
2025-08-11,Long-only Global Minimum Variance Portfolio,-0.0037893619153884627,GARCH-t,0.018510212020681146,0.026927920594479647,False,False
2025-08-12,Long-only Global Minimum Variance Portfolio,0.011724674697797751,GARCH-t,0.01767290037115131,0.025742777114172583,False,False
2025-08-13,Long-only Global Minimum Variance Portfolio,-0.001345318760411381,GARCH-t,0.01744114324849683,0.025414744603120206,False,False
2025-08-14,Long-only Global Minimum Variance Portfolio,0.003920742320312477,GARCH-t,0.016528239158094676,0.024122606447042623,False,False
2025-08-15,Long-only Global Minimum Variance Portfolio,-0.001681833918833741,GARCH-t,0.015647771034512807,0.022876378645402488,False,False
2025-08-18,Long-only Global Minimum Variance Portfolio,-0.0036437611275435752,GARCH-t,0.014900587924612378,0.021818804453294597,False,False
2025-08-19,Long-only Global Minimum Variance Portfolio,-0.009005528038203252,GARCH-t,0.014375611302159967,0.021075744659772723,False,False
2025-08-20,Long-only Global Minimum Variance Portfolio,-0.013227374177210758,GARCH-t,0.01469323701930507,0.021525316868715172,False,False
2025-08-21,Long-only Global Minimum Variance Portfolio,-0.002036668347736883,GARCH-t,0.015894738775297595,0.023225940493731737,False,False
2025-08-22,Long-only Global Minimum Variance Portfolio,0.016438091186470775,GARCH-t,0.015149048157572276,0.02217047879745706,False,False
2025-08-25,Long-only Global Minimum Variance Portfolio,-8.256418295062435e-05,GARCH-t,0.01625948983611444,0.02375099528590144,False,False
2025-08-26,Long-only Global Minimum Variance Portfolio,2.3183846131807982e-05,GARCH-t,0.015392062714862011,0.02252270063022195,False,False
2025-08-27,Long-only Global Minimum Variance Portfolio,0.005349725747105844,GARCH-t,0.014592031554859641,0.02138984004270753,False,False
2025-08-28,Long-only Global Minimum Variance Portfolio,0.010866996644701497,GARCH-t,0.013952572274281448,0.0204843525410892,False,False
2025-08-29,Long-only Global Minimum Variance Portfolio,-0.002068199987755731,GARCH-t,0.014040112140262772,0.020608310792923093,False,False
2025-09-02,Long-only Global Minimum Variance Portfolio,-0.007419775459924137,GARCH-t,0.013465905151116862,0.0197952218788903,False,False
2025-09-03,Long-only Global Minimum Variance Portfolio,0.035570624654393035,GARCH-t,0.013626157310725527,0.020022142234947665,False,False
2025-09-04,Long-only Global Minimum Variance Portfolio,0.008728307798339103,GARCH-t,0.021767984678717482,0.03155113734998424,False,False
2025-09-05,Long-only Global Minimum Variance Portfolio,-0.007502555903824483,GARCH-t,0.020774730531386325,0.030144669035808355,False,False
2025-09-08,Long-only Global Minimum Variance Portfolio,0.00035477481963999626,GARCH-t,0.020118056841463297,0.029214805576278525,False,False
2025-09-09,Long-only Global Minimum Variance Portfolio,0.0030171655995123964,GARCH-t,0.018939578448346463,0.02754605591808342,False,False
2025-09-10,Long-only Global Minimum Variance Portfolio,-0.011377935774789663,GARCH-t,0.01784799054732327,0.026000344984932887,False,False
2025-09-11,Long-only Global Minimum Variance Portfolio,0.005951843104965821,GARCH-t,0.01814743337286086,0.026424362188543424,False,False
2025-09-12,Long-only Global Minimum Variance Portfolio,0.011611141838670206,GARCH-t,0.01724172197734426,0.025141856212600674,False,False
2025-09-15,Long-only Global Minimum Variance Portfolio,0.019667876583297675,GARCH-t,0.017047110030573603,0.0248662816907842,False,False
2025-09-16,Long-only Global Minimum Variance Portfolio,-0.0019678112168038508,GARCH-t,0.018569138156258984,0.0270215048406829,False,False
2025-09-17,Long-only Global Minimum Variance Portfolio,-0.0007378531977575722,GARCH-t,0.017599025728802942,0.025647805678115726,False,False
2025-09-18,Long-only Global Minimum Variance Portfolio,-1.0983670354721358e-05,GARCH-t,0.016647488241655944,0.02430040901330563,False,False
2025-09-19,Long-only Global Minimum Variance Portfolio,0.019374474603362966,GARCH-t,0.015746672683053235,0.023024835643191185,False,False
2025-09-22,Long-only Global Minimum Variance Portfolio,0.0067693232335221416,GARCH-t,0.017446353581099933,0.025431618774916353,False,False
2025-09-23,Long-only Global Minimum Variance Portfolio,-0.008557841951397416,GARCH-t,0.01662110969565723,0.024317426861311574,False,False
2025-09-24,Long-only Global Minimum Variance Portfolio,-0.006748248128586741,GARCH-t,0.016571455132079495,0.024246992792638408,False,False
2025-09-25,Long-only Global Minimum Variance Portfolio,0.0011556554782645103,GARCH-t,0.016255842860356185,0.023799302694912528,False,False
2025-09-26,Long-only Global Minimum Variance Portfolio,0.002715187371635681,GARCH-t,0.015375242077546293,0.022550186973394365,False,False
2025-09-29,Long-only Global Minimum Variance Portfolio,-0.0011538845835047111,GARCH-t,0.014568836915434978,0.021406316350553786,False,False
2025-09-30,Long-only Global Minimum Variance Portfolio,0.0007359547091621614,GARCH-t,0.013898573340021312,0.020455560019247036,False,False
2025-10-01,Long-only Global Minimum Variance Portfolio,0.004716935230966082,GARCH-t,0.013214339821282345,0.01948498758491495,False,False
2025-10-02,Long-only Global Minimum Variance Portfolio,0.0008610211004280965,GARCH-t,0.012664330683045604,0.018704809921027396,False,False
2025-10-03,Long-only Global Minimum Variance Portfolio,0.0011199929477345725,GARCH-t,0.012082395267134964,0.01787934543006621,False,False
2025-10-06,Long-only Global Minimum Variance Portfolio,0.012087921559495266,GARCH-t,0.011546958400702724,0.017119838260873377,False,False
2025-10-07,Long-only Global Minimum Variance Portfolio,-0.007601089137023702,GARCH-t,0.012205160208090888,0.01805348520008774,False,False
2025-10-08,Long-only Global Minimum Variance Portfolio,0.0019105908849030746,GARCH-t,0.0125705803871113,0.0185718268816814,False,False
2025-10-09,Long-only Global Minimum Variance Portfolio,-0.008922259145053797,GARCH-t,0.011988283711376686,0.017745849950424355,False,False
2025-10-10,Long-only Global Minimum Variance Portfolio,-0.027312308601037123,GARCH-t,0.01265421241999476,0.018690457354350206,True,True
2025-10-13,Long-only Global Minimum Variance Portfolio,0.014384855116366398,GARCH-t,0.019120084443463897,0.02786217574877206,False,False
2025-10-14,Long-only Global Minimum Variance Portfolio,0.00012167744092223269,GARCH-t,0.019150396127082372,0.027905172304410707,False,False
2025-10-15,Long-only Global Minimum Variance Portfolio,0.007404977866568174,GARCH-t,0.01806590551459945,0.026366842677256908,False,False
2025-10-16,Long-only Global Minimum Variance Portfolio,-0.0037701777382775467,GARCH-t,0.017285884426784727,0.02526039736977481,False,False
2025-10-17,Long-only Global Minimum Variance Portfolio,0.008701091407113679,GARCH-t,0.016566445748790654,0.024239887076241886,False,False
2025-10-20,Long-only Global Minimum Variance Portfolio,0.018716266508999765,GARCH-t,0.01605322374368889,0.02351189127188194,False,False
2025-10-21,Long-only Global Minimum Variance Portfolio,-0.0025479529728596926,GARCH-t,0.01749067515459957,0.02557497874019819,False,False
2025-10-22,Long-only Global Minimum Variance Portfolio,-0.0031896736711610803,GARCH-t,0.01665889659007115,0.02439391169002787,False,False
2025-10-23,Long-only Global Minimum Variance Portfolio,0.0037390687850761576,GARCH-t,0.01594635571651016,0.023382153773256354,False,False
2025-10-24,Long-only Global Minimum Variance Portfolio,0.01400699881371187,GARCH-t,0.015121832912563228,0.022211389392705293,False,False
2025-10-27,Long-only Global Minimum Variance Portfolio,0.022732886572538604,GARCH-t,0.015625785562905364,0.02292696670564381,False,False
2025-10-28,Long-only Global Minimum Variance Portfolio,0.006621127686289986,GARCH-t,0.018271876872036137,0.02668423022532621,False,False
2025-10-29,Long-only Global Minimum Variance Portfolio,0.007422186408647488,GARCH-t,0.017413248354671715,0.025465038130888587,False,False
2025-10-30,Long-only Global Minimum Variance Portfolio,-0.004645660202761595,GARCH-t,0.016694004797523854,0.024443762874923974,False,False
2025-10-31,Long-only Global Minimum Variance Portfolio,0.0011322993661417686,GARCH-t,0.016112730744452356,0.02361839460928355,False,False
2025-11-03,Long-only Global Minimum Variance Portfolio,0.003376403183572803,GARCH-t,0.015244885064407103,0.02238611479222043,False,False
2025-11-04,Long-only Global Minimum Variance Portfolio,-0.007856615510043397,GARCH-t,0.014465895309157378,0.02128000413779725,False,False
2025-11-05,Long-only Global Minimum Variance Portfolio,0.001771981242802925,GARCH-t,0.014567977281518995,0.021424953357594787,False,False
2025-11-06,Long-only Global Minimum Variance Portfolio,-0.009230680229322129,GARCH-t,0.013820435755240692,0.02036349697608548,False,False
2025-11-07,Long-only Global Minimum Variance Portfolio,-0.006398400847862884,GARCH-t,0.014265130893785321,0.020994932790740987,False,False
2025-11-10,Long-only Global Minimum Variance Portfolio,0.019510798018007296,GARCH-t,0.014159396203205088,0.020844796968023473,False,False
2025-11-11,Long-only Global Minimum Variance Portfolio,0.009638265142228578,GARCH-t,0.016194676214327686,0.023734751412052744,False,False
2025-11-12,Long-only Global Minimum Variance Portfolio,-0.00569711977171764,GARCH-t,0.015834911995322477,0.023223911528678004,False,False
2025-11-13,Long-only Global Minimum Variance Portfolio,-0.015835675784940748,GARCH-t,0.015459501424838646,0.022690854926846145,True,False
2025-11-14,Long-only Global Minimum Variance Portfolio,0.0012775185715469173,GARCH-t,0.0171757154464422,0.02512775811045423,False,False
2025-11-17,Long-only Global Minimum Variance Portfolio,0.0002407729403279637,GARCH-t,0.016223610783980724,0.02377583646555786,False,False
2025-11-18,Long-only Global Minimum Variance Portfolio,-0.013791154742255313,GARCH-t,0.015353639124004656,0.022523168343511816,False,False
2025-11-19,Long-only Global Minimum Variance Portfolio,0.003923172847868177,GARCH-t,0.016548058675778396,0.024218082654716793,False,False
2025-11-20,Long-only Global Minimum Variance Portfolio,-0.012990646893000501,GARCH-t,0.015689958552445926,0.023000414895240538,False,False
2025-11-21,Long-only Global Minimum Variance Portfolio,0.01131547623819718,GARCH-t,0.01663693453882686,0.024344199957450015,False,False
2025-11-24,Long-only Global Minimum Variance Portfolio,0.024898952768905747,GARCH-t,0.016465288453505905,0.02410062942476679,False,False
2025-11-25,Long-only Global Minimum Variance Portfolio,0.008870208952060397,GARCH-t,0.019540665462405838,0.02846467428404139,False,False
2025-11-26,Long-only Global Minimum Variance Portfolio,0.004063609766244855,GARCH-t,0.018773946027799925,0.0273766782440714,False,False
2025-11-28,Long-only Global Minimum Variance Portfolio,0.00747398692701078,GARCH-t,0.017747534044804007,0.02592017131014806,False,False
2025-12-01,Long-only Global Minimum Variance Portfolio,-0.0031219767375633054,GARCH-t,0.017009937598264805,0.024873501594069886,False,False
2025-12-02,Long-only Global Minimum Variance Portfolio,0.0065979594047570955,GARCH-t,0.01626754976897921,0.02382003277362738,False,False
2025-12-03,Long-only Global Minimum Variance Portfolio,-0.007917775392563933,GARCH-t,0.015587060419472496,0.02285439960445436,False,False
2025-12-04,Long-only Global Minimum Variance Portfolio,-0.004294416143545205,GARCH-t,0.015556621146145942,0.022811205435447963,False,False
2025-12-05,Long-only Global Minimum Variance Portfolio,0.002872099199109132,GARCH-t,0.015051898119514146,0.022094989529770147,False,False
2025-12-08,Long-only Global Minimum Variance Portfolio,-0.0021764859136775045,GARCH-t,0.014283937066109807,0.021005231598455208,False,False
2025-12-09,Long-only Global Minimum Variance Portfolio,0.0030877252344800833,GARCH-t,0.013710503415386275,0.020191513420705597,False,False
2025-12-10,Long-only Global Minimum Variance Portfolio,-0.003942406792920801,GARCH-t,0.013057623187871611,0.019265058357680158,False,False
2025-12-11,Long-only Global Minimum Variance Portfolio,-0.003668053907638768,GARCH-t,0.012765640376617381,0.018850726689477185,False,False
2025-12-12,Long-only Global Minimum Variance Portfolio,-0.007467634416999745,GARCH-t,0.012473882704755291,0.01843671450028574,False,False
2025-12-15,Long-only Global Minimum Variance Portfolio,-0.009575551567959792,GARCH-t,0.012771475574044202,0.018859006995683436,False,False
2025-12-16,Long-only Global Minimum Variance Portfolio,0.000377538350504029,GARCH-t,0.013441020880391799,0.01980911026554655,False,False
2025-12-17,Long-only Global Minimum Variance Portfolio,-0.011973141491082358,GARCH-t,0.01280851567072085,0.01888377797713322,False,False
2025-12-18,Long-only Global Minimum Variance Portfolio,0.01328886444508317,GARCH-t,0.014020810262172955,0.020602706771128285,False,False
2025-12-19,Long-only Global Minimum Variance Portfolio,0.007482287831899808,GARCH-t,0.014544502514797395,0.021345257054347835,False,False
2025-12-22,Long-only Global Minimum Variance Portfolio,-0.000989489842491668,GARCH-t,0.014108808316520761,0.020727480395048195,False,False
2025-12-23,Long-only Global Minimum Variance Portfolio,0.00794536677306067,GARCH-t,0.013476826521775847,0.019831384914686043,False,False
2025-12-24,Long-only Global Minimum Variance Portfolio,0.0025281856033813137,GARCH-t,0.013201781472911477,0.019441394843401107,False,False
2025-12-26,Long-only Global Minimum Variance Portfolio,-0.0012193001625301714,GARCH-t,0.012581920784404708,0.018562486042477046,False,False
2025-12-29,Long-only Global Minimum Variance Portfolio,-0.0006824111919923797,GARCH-t,0.012098394732972131,0.017876887955745803,False,False
2025-12-30,Long-only Global Minimum Variance Portfolio,-0.00017427573811852598,GARCH-t,0.011629036325120402,0.01721137836125555,False,False
2025-12-31,Long-only Global Minimum Variance Portfolio,-0.005379434448734077,GARCH-t,0.011178953819024208,0.01657320032692521,False,False
2026-01-02,Long-only Global Minimum Variance Portfolio,-0.009029485202782106,GARCH-t,0.011295388304829814,0.016738294349183887,False,False
2026-01-05,Long-only Global Minimum Variance Portfolio,-0.0002158581799938798,GARCH-t,0.012087813028879901,0.017861884015299378,False,False
2026-01-06,Long-only Global Minimum Variance Portfolio,-0.0008210401749401451,GARCH-t,0.011597673947298598,0.017166909224243666,False,False
2026-01-07,Long-only Global Minimum Variance Portfolio,0.008174617278901505,GARCH-t,0.01118235949212292,0.016578029276582817,False,False
2026-01-08,Long-only Global Minimum Variance Portfolio,-0.0009294508927478354,GARCH-t,0.011199636357669147,0.016602526376435268,False,False
2026-01-09,Long-only Global Minimum Variance Portfolio,0.004138643787336474,GARCH-t,0.010828649849116268,0.016076499620041512,False,False
2026-01-12,Long-only Global Minimum Variance Portfolio,0.0020354713902045207,GARCH-t,0.010479166120931485,0.01558096194492082,False,False
2026-01-13,Long-only Global Minimum Variance Portfolio,-0.0022687463831924343,GARCH-t,0.010095265019439836,0.015036623413632,False,False
2026-01-14,Long-only Global Minimum Variance Portfolio,-0.011859840821669687,GARCH-t,0.009943767035043653,0.014821812385481747,True,False
2026-01-15,Long-only Global Minimum Variance Portfolio,-0.006073243723272453,GARCH-t,0.011735401690756033,0.017362195242700097,False,False
2026-01-16,Long-only Global Minimum Variance Portfolio,-0.0025333336311288983,GARCH-t,0.011850351917840491,0.017500839849562407,False,False
2026-01-20,Long-only Global Minimum Variance Portfolio,-0.023764159004307662,GARCH-t,0.011531296978754817,0.01704862758250939,True,True
2026-01-21,Long-only Global Minimum Variance Portfolio,-0.0018004648725936565,GARCH-t,0.016939784069552294,0.02471434250817536,False,False
2026-01-22,Long-only Global Minimum Variance Portfolio,0.009510122619844352,GARCH-t,0.016112066290085058,0.023541177364248666,False,False
2026-01-23,Long-only Global Minimum Variance Portfolio,0.011046078315094753,GARCH-t,0.015757752129981782,0.02303899046800926,False,False
2026-01-26,Long-only Global Minimum Variance Portfolio,0.0161142857670026,GARCH-t,0.01565903826423238,0.022899078448004085,False,False
2026-01-27,Long-only Global Minimum Variance Portfolio,0.014384498504330372,GARCH-t,0.016540911408189685,0.024149000655210594,False,False
2026-01-28,Long-only Global Minimum Variance Portfolio,-0.0008933530300461576,GARCH-t,0.016925142741341395,0.02469359063314753,False,False
2026-01-29,Long-only Global Minimum Variance Portfolio,-0.0319654258420222,GARCH-t,0.016054394916492156,0.023459436888231447,True,True
2026-01-30,Long-only Global Minimum Variance Portfolio,-0.002151689242323901,GARCH-t,0.022974196528796783,0.03326721226266976,False,False
2026-02-02,Long-only Global Minimum Variance Portfolio,0.012647769756974427,GARCH-t,0.021697637315312917,0.031457882065145555,False,False
2026-02-03,Long-only Global Minimum Variance Portfolio,-0.015456645053895008,GARCH-t,0.021183453829013526,0.030729104505120907,False,False
2026-02-04,Long-only Global Minimum Variance Portfolio,0.0027953356043198393,GARCH-t,0.021802968353198584,0.03160717292887525,False,False
2026-02-05,Long-only Global Minimum Variance Portfolio,-0.023410397036753915,GARCH-t,0.02052736833035572,0.029799202239451903,True,False
2026-02-06,Long-only Global Minimum Variance Portfolio,-0.00186394323279572,GARCH-t,0.02324627700397418,0.03365284531023651,False,False
2026-02-09,Long-only Global Minimum Variance Portfolio,0.007998844530977442,GARCH-t,0.021936702573306825,0.031796721020595824,False,False
2026-02-10,Long-only Global Minimum Variance Portfolio,-0.006675828993305061,GARCH-t,0.020896602715199872,0.030322536304496613,False,False
2026-02-11,Long-only Global Minimum Variance Portfolio,-0.012822821487128492,GARCH-t,0.020140303549408843,0.029250596276510308,False,False
2026-02-12,Long-only Global Minimum Variance Portfolio,-0.020657381505103063,GARCH-t,0.02038249943203655,0.02959387242032381,True,False
2026-02-13,Long-only Global Minimum Variance Portfolio,-0.010463574648231439,GARCH-t,0.022370721897492993,0.03241187796847915,False,False
2026-02-17,Long-only Global Minimum Variance Portfolio,0.0037543977315622123,GARCH-t,0.022012619490217565,0.03190391146784714,False,False
2026-02-18,Long-only Global Minimum Variance Portfolio,0.005424361545809574,GARCH-t,0.020738422648645,0.030097564598709426,False,False
2026-02-19,Long-only Global Minimum Variance Portfolio,-0.004787993439063281,GARCH-t,0.019624412218746154,0.028518303697582834,False,False
2026-02-20,Long-only Global Minimum Variance Portfolio,0.015414370605037352,GARCH-t,0.018792480879781817,0.027338928172196086,False,False
2026-02-23,Long-only Global Minimum Variance Portfolio,-0.014156764563308355,GARCH-t,0.019079475937030754,0.027745782597042887,False,False
2026-02-24,Long-only Global Minimum Variance Portfolio,0.01155524086647363,GARCH-t,0.019745606315483596,0.02869011276982121,False,False
2026-02-25,Long-only Global Minimum Variance Portfolio,0.015507530902054065,GARCH-t,0.019290269142857967,0.028044610560634106,False,False
2026-02-26,Long-only Global Minimum Variance Portfolio,-0.006394627937207624,GARCH-t,0.01952801382631021,0.0283816458997565,False,False
2026-02-27,Long-only Global Minimum Variance Portfolio,-0.013122407020417875,GARCH-t,0.018868451749899783,0.027446627186120724,False,False
2026-03-02,Long-only Global Minimum Variance Portfolio,0.00097173578933691,GARCH-t,0.019351142133997294,0.02813090628306257,False,False
2026-03-03,Long-only Global Minimum Variance Portfolio,0.0014278038646907572,GARCH-t,0.018248008855912084,0.02656706522012946,False,False
2026-03-04,Long-only Global Minimum Variance Portfolio,0.0027480710690223928,GARCH-t,0.01722476062526716,0.02511647204843786,False,False
2026-03-05,Long-only Global Minimum Variance Portfolio,0.0008460924535319457,GARCH-t,0.016288593754353032,0.023789328516847275,False,False
2026-03-06,Long-only Global Minimum Variance Portfolio,-0.009148285352909302,GARCH-t,0.015421749747614706,0.02256045954894896,False,False
2026-03-09,Long-only Global Minimum Variance Portfolio,0.010316676382518753,GARCH-t,0.015619721931764015,0.022841111975125998,False,False
2026-03-10,Long-only Global Minimum Variance Portfolio,-0.0009660049644868302,GARCH-t,0.01543963874356528,0.022585819627370954,False,False
2026-03-11,Long-only Global Minimum Variance Portfolio,-0.0001480609354047526,GARCH-t,0.014695554081082841,0.021530978682395965,False,False
2026-03-12,Long-only Global Minimum Variance Portfolio,-0.014098317559530754,GARCH-t,0.013980798409189142,0.020517715560090476,True,False
2026-03-13,Long-only Global Minimum Variance Portfolio,-0.014442398651112465,GARCH-t,0.015516989215866585,0.02269547441453503,False,False
2026-03-16,Long-only Global Minimum Variance Portfolio,0.011364599164813347,GARCH-t,0.01684402163728589,0.024576722885310258,False,False
2026-03-17,Long-only Global Minimum Variance Portfolio,0.00682823384483003,GARCH-t,0.016670628407652384,0.024288906735391844,False,False
2026-03-18,Long-only Global Minimum Variance Portfolio,-0.016497881384055776,GARCH-t,0.015991039497944542,0.02332678030724465,True,False
2026-03-19,Long-only Global Minimum Variance Portfolio,-0.004609230817936899,GARCH-t,0.017745326321791124,0.025810407823324638,False,False
2026-03-20,Long-only Global Minimum Variance Portfolio,-0.014997278376467006,GARCH-t,0.01706640815461881,0.024849230997371796,False,False
2026-03-23,Long-only Global Minimum Variance Portfolio,0.007364628506499611,GARCH-t,0.018238636415035203,0.02650881044761985,False,False
2026-03-24,Long-only Global Minimum Variance Portfolio,-0.019115154373562208,GARCH-t,0.017465743947645204,0.02541458972334186,True,False
2026-03-25,Long-only Global Minimum Variance Portfolio,0.0016401646641386687,GARCH-t,0.01962889028833126,0.02847705915536756,False,False
2026-03-26,Long-only Global Minimum Variance Portfolio,-0.014178196224171956,GARCH-t,0.01850666433082322,0.02688827034988889,False,False
2026-03-27,Long-only Global Minimum Variance Portfolio,-0.023533388711497943,GARCH-t,0.01925599397785971,0.027949132065713464,True,False
2026-03-30,Long-only Global Minimum Variance Portfolio,-0.000379210639856749,GARCH-t,0.022299594234941576,0.03225810209483437,False,False
2026-03-31,Long-only Global Minimum Variance Portfolio,0.03599300021616667,GARCH-t,0.02100824272101604,0.03042987417376695,False,False
2026-04-01,Long-only Global Minimum Variance Portfolio,0.009679429662785392,GARCH-t,0.026564265349247086,0.0382958003677406,False,False
2026-04-02,Long-only Global Minimum Variance Portfolio,0.0035813525218314187,GARCH-t,0.02528855473202524,0.036489716010029746,False,False
2026-04-06,Long-only Global Minimum Variance Portfolio,0.006918612826162785,GARCH-t,0.023779502284926975,0.03435327849600732,False,False
2026-04-07,Long-only Global Minimum Variance Portfolio,-0.0008593096225521607,GARCH-t,0.022520470368635005,0.032570806970587535,False,False
2026-04-08,Long-only Global Minimum Variance Portfolio,0.02053256039609872,GARCH-t,0.021226612544952755,0.03073903074727502,False,False
2026-04-09,Long-only Global Minimum Variance Portfolio,0.0065279780213205185,GARCH-t,0.02222248670119453,0.03214893728215493,False,False
2026-04-10,Long-only Global Minimum Variance Portfolio,-0.0010189635364853406,GARCH-t,0.02106045553177378,0.030503794339914844,False,False
2026-04-13,Long-only Global Minimum Variance Portfolio,0.014899552020819277,GARCH-t,0.019880282014058573,0.028832966410010305,False,False
2026-04-14,Long-only Global Minimum Variance Portfolio,0.020112038795159572,GARCH-t,0.019932667234995708,0.028907130665471174,False,False
2026-04-15,Long-only Global Minimum Variance Portfolio,0.028137489756761967,GARCH-t,0.021060600109853576,0.030476672235064593,False,False
2026-04-16,Long-only Global Minimum Variance Portfolio,0.00345920063043636,GARCH-t,0.02407181792653195,0.034735965019179214,False,False
2026-04-17,Long-only Global Minimum Variance Portfolio,0.015450835322736601,GARCH-t,0.022651185998995647,0.03272651645510527,False,False
2026-04-20,Long-only Global Minimum Variance Portfolio,-0.004677628385087491,GARCH-t,0.02246495583173821,0.03246309851064749,False,False
2026-04-21,Long-only Global Minimum Variance Portfolio,-0.005722144452063165,GARCH-t,0.02138954430220739,0.03094195562210781,False,False
2026-04-22,Long-only Global Minimum Variance Portfolio,0.02278728165145444,GARCH-t,0.020495504564177952,0.029677358626231557,False,False
2026-04-23,Long-only Global Minimum Variance Portfolio,-0.013899690260133093,GARCH-t,0.022156555488439634,0.032026873887654565,False,False
2026-04-24,Long-only Global Minimum Variance Portfolio,0.01136945687118932,GARCH-t,0.022337865849024384,0.032283332887812745,False,False
2026-04-27,Long-only Global Minimum Variance Portfolio,0.00024080167332313337,GARCH-t,0.021607426887581296,0.03125014512554633,False,False
2026-04-28,Long-only Global Minimum Variance Portfolio,0.005978615281805853,GARCH-t,0.020357215131118073,0.029481751659147067,False,False
2026-04-29,Long-only Global Minimum Variance Portfolio,-0.0036766664663461287,GARCH-t,0.01931258508524543,0.028004148414436353,False,False
2026-04-30,Long-only Global Minimum Variance Portfolio,0.014208317706919884,GARCH-t,0.018420992263156084,0.026743012520360595,False,False
2026-05-01,Long-only Global Minimum Variance Portfolio,0.017391188448325177,GARCH-t,0.01853787844981321,0.02690834512719956,False,False
2026-05-06,Long-only Global Minimum Variance Portfolio,0.01798361777994545,GARCH-t,0.019262775169759824,0.027933693526573336,False,False
2026-05-07,Long-only Global Minimum Variance Portfolio,0.004767369859048623,GARCH-t,0.02000395482074302,0.028982073727328004,False,False
2026-05-08,Long-only Global Minimum Variance Portfolio,0.002977399029982816,GARCH-t,0.018925100538686557,0.027456061150880416,False,False
2026-05-11,Long-only Global Minimum Variance Portfolio,-0.01067365819013893,GARCH-t,0.017872081971576734,0.025966592551303305,False,False
2026-05-12,Long-only Global Minimum Variance Portfolio,-0.00500119778857995,GARCH-t,0.018020484421020572,0.02617650412879202,False,False
2026-05-13,Long-only Global Minimum Variance Portfolio,0.013661410962945715,GARCH-t,0.017358432190820297,0.025240047698712312,False,False
2026-05-14,Long-only Global Minimum Variance Portfolio,0.0009401490681769557,GARCH-t,0.01751501390336539,0.025461528640633446,False,False
2026-05-15,Long-only Global Minimum Variance Portfolio,0.009405961798279062,GARCH-t,0.016522447557212657,0.02403476765227781,False,False
2026-05-18,Long-only Global Minimum Variance Portfolio,0.0018064071752983944,GARCH-t,0.016123350729107776,0.023470967303001827,False,False
2026-05-19,Long-only Global Minimum Variance Portfolio,-0.004540662367509418,GARCH-t,0.015273346631989593,0.022270174480074862,False,False
2025-01-02,Long-only Tangency Portfolio,0.00680276978147296,GARCH-t,0.024005483912407536,0.03550138282533884,False,False
2025-01-03,Long-only Tangency Portfolio,0.025271275747264017,GARCH-t,0.023084007597373103,0.034183196820195064,False,False
2025-01-06,Long-only Tangency Portfolio,0.02275863402813796,GARCH-t,0.024641149367794792,0.036410712011096066,False,False
2025-01-07,Long-only Tangency Portfolio,-0.04065408111474214,GARCH-t,0.02545332516242542,0.0375725419450088,True,True
2025-01-08,Long-only Tangency Portfolio,0.0008549756410245399,GARCH-t,0.0320348309479376,0.04698748693891327,False,False
2025-01-10,Long-only Tangency Portfolio,-0.02707288792366486,GARCH-t,0.030348601290663427,0.04457530954551586,False,False
2025-01-13,Long-only Tangency Portfolio,-0.01550632852066374,GARCH-t,0.03217538513646435,0.047188551861860724,False,False
2025-01-14,Long-only Tangency Portfolio,-0.008333989740151003,GARCH-t,0.03170827053770934,0.04652033726227636,False,False
2025-01-15,Long-only Tangency Portfolio,0.02813931235203686,GARCH-t,0.030503785866505907,0.04479730346196513,False,False
2025-01-16,Long-only Tangency Portfolio,-0.027067725178636187,GARCH-t,0.031427289758704145,0.04611838994734706,False,False
2025-01-17,Long-only Tangency Portfolio,0.021141555766998908,GARCH-t,0.03307000390561693,0.048468317735595436,False,False
2025-01-21,Long-only Tangency Portfolio,0.0006304938544032006,GARCH-t,0.032532931604630735,0.04770002756973923,False,False
2025-01-22,Long-only Tangency Portfolio,0.02911087266992703,GARCH-t,0.030809209017361335,0.04523421596479978,False,False
2025-01-23,Long-only Tangency Portfolio,0.00033559769613091277,GARCH-t,0.03187227413582553,0.046754946925381936,False,False
2025-01-24,Long-only Tangency Portfolio,-0.019720802702808345,GARCH-t,0.030207827757170003,0.04437393084622858,False,False
2025-01-27,Long-only Tangency Portfolio,-0.08611182368335339,GARCH-t,0.03062985711435676,0.04497765031609105,True,True
2025-01-28,Long-only Tangency Portfolio,0.06658858088774294,GARCH-t,0.05214500405435759,0.07575539808040696,False,False
2025-01-29,Long-only Tangency Portfolio,-0.022213945080954527,GARCH-t,0.05812536011408146,0.08431038916925578,False,False
2025-01-30,Long-only Tangency Portfolio,-0.0007675384098720117,GARCH-t,0.05583190000356107,0.08102955929688894,False,False
2025-01-31,Long-only Tangency Portfolio,-0.02372153936295066,GARCH-t,0.052369096894202966,0.07607596632564294,False,False
2025-02-03,Long-only Tangency Portfolio,-0.029819977250530903,GARCH-t,0.05126993341085459,0.07453605728937505,False,False
2025-02-04,Long-only Tangency Portfolio,0.018078877059618803,GARCH-t,0.050680358256363356,0.07369228704607966,False,False
2025-02-05,Long-only Tangency Portfolio,0.029498247178755613,GARCH-t,0.04807369506761037,0.06996176208041825,False,False
2025-02-06,Long-only Tangency Portfolio,0.01922144546232247,GARCH-t,0.04699180972546386,0.06841342231167676,False,False
2025-02-07,Long-only Tangency Portfolio,-0.004642596216681206,GARCH-t,0.04481128193368764,0.06529276084661376,False,False
2025-02-10,Long-only Tangency Portfolio,0.01721229512554143,GARCH-t,0.04219206703884482,0.061544272511871195,False,False
2025-02-11,Long-only Tangency Portfolio,0.005065030520321672,GARCH-t,0.0402707504235401,0.05879458101691312,False,False
2025-02-12,Long-only Tangency Portfolio,-0.00033661948514107767,GARCH-t,0.03786702745441773,0.05535449386429,False,False
2025-02-13,Long-only Tangency Portfolio,0.025958938037017296,GARCH-t,0.035669043844340304,0.052208850511942996,False,False
2025-02-14,Long-only Tangency Portfolio,0.019865384292404687,GARCH-t,0.03553490296470886,0.05201687484644849,False,False
2025-02-18,Long-only Tangency Portfolio,0.0021842469162434543,GARCH-t,0.03455513091197516,0.05061467447044634,False,False
2025-02-19,Long-only Tangency Portfolio,0.00040253226118433484,GARCH-t,0.03259772568014835,0.047813334766585516,False,False
2025-02-20,Long-only Tangency Portfolio,0.0053525832870032685,GARCH-t,0.030824260250316524,0.04527524043576783,False,False
2025-02-21,Long-only Tangency Portfolio,-0.024477235928623078,GARCH-t,0.029211273158241662,0.042966814612961965,False,False
2025-02-24,Long-only Tangency Portfolio,-0.01570260825425108,GARCH-t,0.030760755560596053,0.045184355724823606,False,False
2025-02-25,Long-only Tangency Portfolio,-0.01677838998627556,GARCH-t,0.030497666711804646,0.044807836225550284,False,False
2025-02-26,Long-only Tangency Portfolio,0.010828398504283396,GARCH-t,0.030430087303975468,0.044711119983436944,False,False
2025-02-27,Long-only Tangency Portfolio,-0.054376968938038776,GARCH-t,0.029097913912806948,0.042804580574821796,True,True
2025-02-28,Long-only Tangency Portfolio,0.03067217795694091,GARCH-t,0.03946793450159227,0.057645631335734866,False,False
2025-03-03,Long-only Tangency Portfolio,-0.056914959220353105,GARCH-t,0.03962533935877053,0.057870901233262655,True,False
2025-03-04,Long-only Tangency Portfolio,0.006329988619108471,GARCH-t,0.04773127860555825,0.06947870608181746,False,False
2025-03-05,Long-only Tangency Portfolio,0.007385362046012582,GARCH-t,0.04473560823422955,0.06519093727859478,False,False
2025-03-06,Long-only Tangency Portfolio,-0.03406572514496147,GARCH-t,0.042001755263994835,0.0612779134724506,False,False
2025-03-07,Long-only Tangency Portfolio,0.016843772138732827,GARCH-t,0.0434906253999038,0.06340896600142722,False,False
2025-03-10,Long-only Tangency Portfolio,-0.04917427510363759,GARCH-t,0.04139799135556485,0.06041373292847118,True,False
2025-03-11,Long-only Tangency Portfolio,-0.001700640615935843,GARCH-t,0.04673180293363295,0.06804813459882732,False,False
2025-03-12,Long-only Tangency Portfolio,0.03048720022407706,GARCH-t,0.0438315564349448,0.0638969480805272,False,False
2025-03-13,Long-only Tangency Portfolio,-0.01426188180079571,GARCH-t,0.04339140358394025,0.06326694763680357,False,False
2025-03-14,Long-only Tangency Portfolio,0.038317290876921026,GARCH-t,0.041570175132299846,0.060660183350176915,False,False
2025-03-17,Long-only Tangency Portfolio,-0.009179656678139553,GARCH-t,0.042891302242600515,0.06255114160207778,False,False
2025-03-18,Long-only Tangency Portfolio,-0.022602903423432665,GARCH-t,0.04067161557694114,0.05937405532147937,False,False
2025-03-19,Long-only Tangency Portfolio,0.015478874374744262,GARCH-t,0.04022610856445623,0.058736391348823226,False,False
2025-03-20,Long-only Tangency Portfolio,0.002798471821768569,GARCH-t,0.03831908432291175,0.05600682566357829,False,False
2025-03-21,Long-only Tangency Portfolio,0.003941708018916686,GARCH-t,0.03603242869100803,0.052733885230602205,False,False
2025-03-24,Long-only Tangency Portfolio,0.022671117465465764,GARCH-t,0.033939809307990565,0.049738673142717654,False,False
2025-03-25,Long-only Tangency Portfolio,0.0020843560892606335,GARCH-t,0.033515778760417864,0.049131748906026944,False,False
2025-03-26,Long-only Tangency Portfolio,-0.03736643499828283,GARCH-t,0.03163062669936655,0.046433489353150476,True,False
2025-03-27,Long-only Tangency Portfolio,-0.0076690885345953586,GARCH-t,0.03590459568741208,0.05255091504466755,False,False
2025-03-28,Long-only Tangency Portfolio,-0.020510269715167884,GARCH-t,0.03420594422339205,0.05011959789285985,False,False
2025-03-31,Long-only Tangency Portfolio,0.0004108759450999559,GARCH-t,0.03425324644459343,0.05018730260107196,False,False
2025-04-01,Long-only Tangency Portfolio,0.011923160087662534,GARCH-t,0.032349291064343755,0.047419142573433354,False,False
2025-04-02,Long-only Tangency Portfolio,0.0026194116780265254,GARCH-t,0.030925566876215126,0.04538255952290541,False,False
2025-04-03,Long-only Tangency Portfolio,-0.08159136343006121,GARCH-t,0.029288319408647654,0.04304053957987801,True,True
2025-04-04,Long-only Tangency Portfolio,-0.07188088306795659,GARCH-t,0.05009958212837859,0.0728102557008063,True,False
2025-04-07,Long-only Tangency Portfolio,0.005883329006418545,GARCH-t,0.0598866795149985,0.08681032454676442,False,False
2025-04-08,Long-only Tangency Portfolio,-0.027528876707551785,GARCH-t,0.056012359195455975,0.08126825736767994,False,False
2025-04-09,Long-only Tangency Portfolio,0.17086022092179895,GARCH-t,0.054523649038651874,0.07913871437207963,False,False
2025-04-10,Long-only Tangency Portfolio,-0.05130641666204541,GARCH-t,0.09872897779920646,0.14237274807568334,False,False
2025-04-11,Long-only Tangency Portfolio,0.0343847862059558,GARCH-t,0.09600073050390019,0.1384700945662471,False,False
2025-04-14,Long-only Tangency Portfolio,0.007335538539663231,GARCH-t,0.09094224352372651,0.13123412222621172,False,False
2025-04-15,Long-only Tangency Portfolio,0.006814227055541126,GARCH-t,0.08485500105329498,0.12252655446617394,False,False
2025-04-16,Long-only Tangency Portfolio,-0.05597912558603586,GARCH-t,0.07919189615188947,0.11442569929230496,False,False
2025-04-17,Long-only Tangency Portfolio,-0.011502999217314314,GARCH-t,0.07956506866188096,0.11495950830890286,False,False
2025-04-21,Long-only Tangency Portfolio,-0.034353087545654526,GARCH-t,0.07458953621631827,0.10784219926093058,False,False
2025-04-22,Long-only Tangency Portfolio,0.025747558555386293,GARCH-t,0.07206505682550823,0.10423102795289184,False,False
2025-04-23,Long-only Tangency Portfolio,0.032417458774605376,GARCH-t,0.06827418454668388,0.09880833000749986,False,False
2025-04-24,Long-only Tangency Portfolio,0.02926471068598976,GARCH-t,0.06548731655013804,0.09482182182484104,False,False
2025-04-25,Long-only Tangency Portfolio,0.026887786072967528,GARCH-t,0.06261490056666494,0.09071294051567669,False,False
2025-04-28,Long-only Tangency Portfolio,-0.010290426593306869,GARCH-t,0.05975975754095236,0.08662876751258798,False,False
2025-04-29,Long-only Tangency Portfolio,0.00378236066798901,GARCH-t,0.05624498174717186,0.0816010150393873,False,False
2025-04-30,Long-only Tangency Portfolio,0.0019532128732409415,GARCH-t,0.05247580784486606,0.07673752918056331,False,False
2025-05-01,Long-only Tangency Portfolio,0.018566803489478333,GARCH-t,0.04907998533550791,0.07184762252072319,False,False
2025-05-02,Long-only Tangency Portfolio,0.0013036844334883945,GARCH-t,0.04663156919761252,0.06832195934316869,False,False
2025-05-05,Long-only Tangency Portfolio,-0.015518954384192728,GARCH-t,0.043690652522007926,0.06408710666802345,False,False
2025-05-06,Long-only Tangency Portfolio,-0.00240125985650056,GARCH-t,0.04197409019577118,0.06161529622211111,False,False
2025-05-07,Long-only Tangency Portfolio,0.01343027169222908,GARCH-t,0.03947725319344254,0.058019908108457946,False,False
2025-05-08,Long-only Tangency Portfolio,0.004387654055187501,GARCH-t,0.03748689496673563,0.055153837834932,False,False
2025-05-09,Long-only Tangency Portfolio,-0.0014421482455389365,GARCH-t,0.035283891719491194,0.051981563600732944,False,False
2025-05-12,Long-only Tangency Portfolio,0.05666475700230638,GARCH-t,0.03331682509212362,0.04914903269695141,False,False
2025-05-13,Long-only Tangency Portfolio,0.036331647055219796,GARCH-t,0.04139269470229383,0.06077810002362861,False,False
2025-05-14,Long-only Tangency Portfolio,0.02317976297150695,GARCH-t,0.0423506647790391,0.062157554999645495,False,False
2025-05-15,Long-only Tangency Portfolio,-0.0036874659156695593,GARCH-t,0.041044353941352335,0.060276497303778695,False,False
2025-05-16,Long-only Tangency Portfolio,0.0021785577618092396,GARCH-t,0.0386712455987123,0.05685927562708069,False,False
2025-05-19,Long-only Tangency Portfolio,-0.003442089348579127,GARCH-t,0.036361255252481045,0.053532942420008084,False,False
2025-05-20,Long-only Tangency Portfolio,-0.008667233255857226,GARCH-t,0.03437580641000187,0.05067394154736063,False,False
2025-05-21,Long-only Tangency Portfolio,-0.020431470300149426,GARCH-t,0.032907444397908006,0.04855953387080889,False,False
2025-05-22,Long-only Tangency Portfolio,0.0032872476429497872,GARCH-t,0.03312492811784628,0.04887270544782809,False,False
2025-05-23,Long-only Tangency Portfolio,-0.01876545642033768,GARCH-t,0.031280549415224373,0.04621684234651341,False,False
2025-05-27,Long-only Tangency Portfolio,0.029118352524241033,GARCH-t,0.03143948485831968,0.046445705745449796,False,False
2025-05-28,Long-only Tangency Portfolio,-0.002794829258932422,GARCH-t,0.03249918890825601,0.047971655313474366,False,False
2025-05-29,Long-only Tangency Portfolio,0.0178909610272891,GARCH-t,0.03035943828092039,0.04491329644850483,False,False
2025-05-30,Long-only Tangency Portfolio,-0.014899427156283302,GARCH-t,0.029692151387872952,0.043952079118987235,False,False
2025-06-02,Long-only Tangency Portfolio,0.011348392732604528,GARCH-t,0.029444765683513553,0.04359572351155248,False,False
2025-06-03,Long-only Tangency Portfolio,0.019174426975328847,GARCH-t,0.02819859949406348,0.041800638744807106,False,False
2025-06-04,Long-only Tangency Portfolio,0.0020675212795840062,GARCH-t,0.027989251104589788,0.04149907535136218,False,False
2025-06-05,Long-only Tangency Portfolio,-0.01169494850031526,GARCH-t,0.026548107323576584,0.03942312812226246,False,False
2025-06-06,Long-only Tangency Portfolio,0.013674737541616168,GARCH-t,0.026255971473710428,0.03900231056329276,False,False
2025-06-09,Long-only Tangency Portfolio,-0.0008062443412274884,GARCH-t,0.0255852846084027,0.03803619562183266,False,False
2025-06-10,Long-only Tangency Portfolio,0.0075634480157537815,GARCH-t,0.024446814887033878,0.03639624609380712,False,False
2025-06-11,Long-only Tangency Portfolio,-0.011771218000033978,GARCH-t,0.023491284700071585,0.03501981837710082,False,False
2025-06-12,Long-only Tangency Portfolio,0.010054877113864663,GARCH-t,0.02363448078592697,0.035226090313021326,False,False
2025-06-13,Long-only Tangency Portfolio,-0.01767269615853255,GARCH-t,0.02293463164391169,0.034217967524514406,False,False
2025-06-16,Long-only Tangency Portfolio,0.015234601633631549,GARCH-t,0.02423829703279214,0.036095879074614486,False,False
2025-06-17,Long-only Tangency Portfolio,-0.007776848812917822,GARCH-t,0.024009128223900476,0.03576576464739178,False,False
2025-06-18,Long-only Tangency Portfolio,0.007461669878182136,GARCH-t,0.023557356771804483,0.03511499426172931,False,False
2025-06-20,Long-only Tangency Portfolio,0.0020374460446369457,GARCH-t,0.022695124493180844,0.03387296086212594,False,False
2025-06-23,Long-only Tangency Portfolio,0.002919703001948802,GARCH-t,0.021803849238307863,0.03258909146609809,False,False
2025-06-24,Long-only Tangency Portfolio,0.012895426138643936,GARCH-t,0.02100951434632129,0.03144486329142047,False,False
2025-06-25,Long-only Tangency Portfolio,0.027533197328213816,GARCH-t,0.020925381319310866,0.03132367085621788,False,False
2025-06-26,Long-only Tangency Portfolio,0.0019665975376929106,GARCH-t,0.023701602353739273,0.03532277798190529,False,False
2025-06-27,Long-only Tangency Portfolio,0.010170871574971197,GARCH-t,0.022599081984273094,0.033723621235367665,False,False
2025-06-30,Long-only Tangency Portfolio,0.008861401149468182,GARCH-t,0.022011769508041564,0.032878152100182724,False,False
2025-07-01,Long-only Tangency Portfolio,-0.012481325586587533,GARCH-t,0.02139370159238592,0.031988408790985697,False,False
2025-07-02,Long-only Tangency Portfolio,0.023355964700197608,GARCH-t,0.021975808697442308,0.03282638450342913,False,False
2025-07-03,Long-only Tangency Portfolio,0.010261747833289448,GARCH-t,0.023532874512278194,0.03506786777029638,False,False
2025-07-07,Long-only Tangency Portfolio,-0.010582303837867279,GARCH-t,0.022839497486313955,0.03406971278768709,False,False
2025-07-08,Long-only Tangency Portfolio,0.006425825464775754,GARCH-t,0.02289588372788549,0.034150883933928886,False,False
2025-07-09,Long-only Tangency Portfolio,0.012959299266347068,GARCH-t,0.022035446343013312,0.03291223622745331,False,False
2025-07-10,Long-only Tangency Portfolio,0.006486119893721328,GARCH-t,0.02180307388842103,0.03257772309147237,False,False
2025-07-11,Long-only Tangency Portfolio,0.000734037358413356,GARCH-t,0.02107144946135937,0.03152450883728692,False,False
2025-07-14,Long-only Tangency Portfolio,-0.007644375183631666,GARCH-t,0.02036344130757533,0.030505291528428485,False,False
2025-07-15,Long-only Tangency Portfolio,0.02436472715522684,GARCH-t,0.020377220908997674,0.0305251280348356,False,False
2025-07-16,Long-only Tangency Portfolio,0.004187100824599399,GARCH-t,0.022494818470589997,0.03357352807999897,False,False
2025-07-17,Long-only Tangency Portfolio,0.0056656657375553044,GARCH-t,0.021613136404901687,0.03230429746809604,False,False
2025-07-18,Long-only Tangency Portfolio,5.532499624639999e-05,GARCH-t,0.0208709251034651,0.03123584281653385,False,False
2025-07-21,Long-only Tangency Portfolio,-0.0010526550379833073,GARCH-t,0.020205791714459374,0.030278346127899557,False,False
2025-07-22,Long-only Tangency Portfolio,-0.011456006258832033,GARCH-t,0.019665126506624667,0.02950002834274766,False,False
2025-07-23,Long-only Tangency Portfolio,0.012508477303420218,GARCH-t,0.02035769562415172,0.030497020296006566,False,False
2025-07-24,Long-only Tangency Portfolio,0.009637726157015837,GARCH-t,0.02030408667859549,0.030419847222605455,False,False
2025-07-25,Long-only Tangency Portfolio,-0.00036913133585931895,GARCH-t,0.019962228676525393,0.029927723521742146,False,False
2025-07-28,Long-only Tangency Portfolio,0.010995030969335308,GARCH-t,0.01915742167735106,0.028787981863248893,False,False
2025-07-29,Long-only Tangency Portfolio,-0.009058939332021499,GARCH-t,0.01905728084668996,0.028643815066022732,False,False
2025-07-30,Long-only Tangency Portfolio,0.008305000887613077,GARCH-t,0.019425478091998984,0.029173886738618884,False,False
2025-07-31,Long-only Tangency Portfolio,-0.005750060936538461,GARCH-t,0.01905197846147213,0.028636181537426385,False,False
2025-08-01,Long-only Tangency Portfolio,-0.023763574720904474,GARCH-t,0.018993410637100198,0.02855186492446777,True,False
2025-08-04,Long-only Tangency Portfolio,0.023478178204302824,GARCH-t,0.02268299805890768,0.033863544467930336,False,False
2025-08-05,Long-only Tangency Portfolio,-0.006933112985068526,GARCH-t,0.024082101165439598,0.035877749987559916,False,False
2025-08-06,Long-only Tangency Portfolio,0.0232523231198714,GARCH-t,0.023495850019161282,0.03503375908423759,False,False
2025-08-07,Long-only Tangency Portfolio,0.016344101205039055,GARCH-t,0.0246986541317249,0.03676536461870327,False,False
2025-08-08,Long-only Tangency Portfolio,0.02262757103547924,GARCH-t,0.024508910524877744,0.036492202034443616,False,False
2025-08-11,Long-only Tangency Portfolio,-0.005262528013665898,GARCH-t,0.02540883017471398,0.03778776282439596,False,False
2025-08-12,Long-only Tangency Portfolio,0.008223103789319897,GARCH-t,0.024512256988461475,0.03649701973900744,False,False
2025-08-13,Long-only Tangency Portfolio,0.0006580663601621648,GARCH-t,0.023537034662884246,0.03509305016601954,False,False
2025-08-14,Long-only Tangency Portfolio,0.0005867246198687167,GARCH-t,0.022528654179174313,0.03364134476511458,False,False
2025-08-15,Long-only Tangency Portfolio,-0.007107225339717246,GARCH-t,0.021631277901519322,0.03234944551680417,False,False
2025-08-18,Long-only Tangency Portfolio,0.003581133971286157,GARCH-t,0.02137510974861967,0.03198065546472375,False,False
2025-08-19,Long-only Tangency Portfolio,-0.02121913770908993,GARCH-t,0.020582392965824824,0.030839428265703194,True,False
2025-08-20,Long-only Tangency Portfolio,-0.00872499304952952,GARCH-t,0.02318148705990559,0.0345811894310478,False,False
2025-08-21,Long-only Tangency Portfolio,-0.0033273397613678224,GARCH-t,0.022913890450802984,0.03419594651037079,False,False
2025-08-22,Long-only Tangency Portfolio,0.015041993253860348,GARCH-t,0.02215598203898335,0.03310483085253706,False,False
2025-08-25,Long-only Tangency Portfolio,0.004642290102137266,GARCH-t,0.022156838930037937,0.033045256752777925,False,False
2025-08-26,Long-only Tangency Portfolio,0.00976946411207863,GARCH-t,0.021299760142562598,0.031813294233759136,False,False
2025-08-27,Long-only Tangency Portfolio,0.0018061516319904847,GARCH-t,0.020811628539101065,0.03111165530790898,False,False
2025-08-28,Long-only Tangency Portfolio,-0.0008379274963300713,GARCH-t,0.020089663840867522,0.030073905381909287,False,False
2025-08-29,Long-only Tangency Portfolio,-0.02004219916383504,GARCH-t,0.01952587836147093,0.02926352179812047,True,False
2025-09-02,Long-only Tangency Portfolio,-0.015381628280718497,GARCH-t,0.022059408626276023,0.03290521072176499,False,False
2025-09-03,Long-only Tangency Portfolio,0.0142249941744479,GARCH-t,0.02303288172073886,0.03430447807405139,False,False
2025-09-04,Long-only Tangency Portfolio,0.005828039844184467,GARCH-t,0.022790135645067794,0.0339555555814687,False,False
2025-09-05,Long-only Tangency Portfolio,-0.016654235600842532,GARCH-t,0.021896867133630493,0.032671574060059105,False,False
2025-09-08,Long-only Tangency Portfolio,0.001762408298398505,GARCH-t,0.02315688447868438,0.03448271927226589,False,False
2025-09-09,Long-only Tangency Portfolio,0.0026444573156527984,GARCH-t,0.022175194607941068,0.03307164115000988,False,False
2025-09-10,Long-only Tangency Portfolio,0.009791648892532557,GARCH-t,0.021295085410693426,0.0318065747879702,False,False
2025-09-11,Long-only Tangency Portfolio,0.005092547478994834,GARCH-t,0.020809382137838214,0.031108426337365137,False,False
2025-09-12,Long-only Tangency Portfolio,0.009576910184055041,GARCH-t,0.020116248106293484,0.030112117526555765,False,False
2025-09-15,Long-only Tangency Portfolio,0.004526024233723982,GARCH-t,0.01976090867493158,0.029601353676878862,False,False
2025-09-16,Long-only Tangency Portfolio,-0.007377541436322384,GARCH-t,0.019175908816667378,0.02876047660753063,False,False
2025-09-17,Long-only Tangency Portfolio,-0.013660812210025831,GARCH-t,0.019296882044338878,0.02893436316787244,False,False
2025-09-18,Long-only Tangency Portfolio,0.01818615086724508,GARCH-t,0.020425055380316134,0.030555996190636238,False,False
2025-09-19,Long-only Tangency Portfolio,0.014505916106735618,GARCH-t,0.021176039337028777,0.03163545831310887,False,False
2025-09-22,Long-only Tangency Portfolio,0.03903007363763763,GARCH-t,0.021226805566415586,0.03170842954136746,False,False
2025-09-23,Long-only Tangency Portfolio,-0.01910522085945254,GARCH-t,0.027317237835065348,0.040455565826237425,False,False
2025-09-24,Long-only Tangency Portfolio,-0.007865146962572914,GARCH-t,0.02813202926616392,0.041626553662155896,False,False
2025-09-25,Long-only Tangency Portfolio,0.00910776856502319,GARCH-t,0.027161680386332144,0.040232004466482466,False,False
2025-09-26,Long-only Tangency Portfolio,-0.00017808549232252696,GARCH-t,0.02595634191802903,0.03849973700431177,False,False
2025-09-29,Long-only Tangency Portfolio,0.010485586914649287,GARCH-t,0.024717238262837074,0.03671894347569605,False,False
2025-09-30,Long-only Tangency Portfolio,0.015511789629526056,GARCH-t,0.023878183204073457,0.03551308485964098,False,False
2025-10-01,Long-only Tangency Portfolio,0.003409415700545836,GARCH-t,0.02368565526418853,0.035236390889779604,False,False
2025-10-02,Long-only Tangency Portfolio,0.007328466942988519,GARCH-t,0.022641173617380116,0.03373530084811866,False,False
2025-10-03,Long-only Tangency Portfolio,-0.002410399372739225,GARCH-t,0.02182618313820556,0.03256402694773406,False,False
2025-10-06,Long-only Tangency Portfolio,-0.007558198888827317,GARCH-t,0.02113583117335092,0.03157187886849218,False,False
2025-10-07,Long-only Tangency Portfolio,-0.0021932925496403874,GARCH-t,0.020997958492346577,0.03137373339690336,False,False
2025-10-08,Long-only Tangency Portfolio,0.015100440156628833,GARCH-t,0.020392219770973215,0.030503188313339268,False,False
2025-10-09,Long-only Tangency Portfolio,0.004318715111439329,GARCH-t,0.020638295542451845,0.030856839228306822,False,False
2025-10-10,Long-only Tangency Portfolio,-0.042298884693795384,GARCH-t,0.019942113191488017,0.029856311935744832,True,True
2025-10-13,Long-only Tangency Portfolio,0.020206295602669913,GARCH-t,0.029683623021182028,0.04385644629978902,False,False
2025-10-14,Long-only Tangency Portfolio,-0.02518681830996499,GARCH-t,0.02938689916724866,0.04343000585095618,False,False
2025-10-15,Long-only Tangency Portfolio,0.0018039449759062302,GARCH-t,0.031140478509813597,0.045950184636701204,False,False
2025-10-16,Long-only Tangency Portfolio,0.0032660150428381854,GARCH-t,0.02935802945225901,0.043388515374020595,False,False
2025-10-17,Long-only Tangency Portfolio,0.012178693721191715,GARCH-t,0.02774204886022344,0.041066088377209126,False,False
2025-10-20,Long-only Tangency Portfolio,0.013682806009687782,GARCH-t,0.02670648787575308,0.0395778187785321,False,False
2025-10-21,Long-only Tangency Portfolio,-0.0038158728327940864,GARCH-t,0.025889556083306595,0.03846076654790759,False,False
2025-10-22,Long-only Tangency Portfolio,-0.008950208621281555,GARCH-t,0.02484204606875566,0.036953153056882106,False,False
2025-10-23,Long-only Tangency Portfolio,0.0076930991705201285,GARCH-t,0.024384252540756976,0.036294280407143435,False,False
2025-10-24,Long-only Tangency Portfolio,0.018000383372979076,GARCH-t,0.023404396681413153,0.03488403717100559,False,False
2025-10-27,Long-only Tangency Portfolio,0.02554439897739312,GARCH-t,0.023636713782299115,0.03521839616578977,False,False
2025-10-28,Long-only Tangency Portfolio,0.029679100002992866,GARCH-t,0.025276820027879524,0.03757889512828626,False,False
2025-10-29,Long-only Tangency Portfolio,0.018169594404922686,GARCH-t,0.027560117137785233,0.04086509714936103,False,False
2025-10-30,Long-only Tangency Portfolio,-0.01018618730131598,GARCH-t,0.02724438630563281,0.04041068615999235,False,False
2025-10-31,Long-only Tangency Portfolio,-0.0031716612554187652,GARCH-t,0.026638470930873702,0.039538631305415885,False,False
2025-11-03,Long-only Tangency Portfolio,0.010525013487462386,GARCH-t,0.025472886516925062,0.03786108095936852,False,False
2025-11-04,Long-only Tangency Portfolio,-0.021545310382097463,GARCH-t,0.024559836899089648,0.03654698763071006,False,False
2025-11-05,Long-only Tangency Portfolio,-0.010456057615998451,GARCH-t,0.02635412316813826,0.039129387940399815,False,False
2025-11-06,Long-only Tangency Portfolio,-0.02228710462811928,GARCH-t,0.025891306832507,0.038463286288127035,False,False
2025-11-07,Long-only Tangency Portfolio,-0.0016727342329863842,GARCH-t,0.027601168541680376,0.04092417978291884,False,False
2025-11-10,Long-only Tangency Portfolio,0.035781882022126496,GARCH-t,0.026263837608179137,0.038999445766722825,False,False
2025-11-11,Long-only Tangency Portfolio,-0.00846029586965205,GARCH-t,0.029922671617353534,0.04426536918227977,False,False
2025-11-12,Long-only Tangency Portfolio,-0.0004158605144913168,GARCH-t,0.028821408268884442,0.04268039199040475,False,False
2025-11-13,Long-only Tangency Portfolio,-0.021913685495012148,GARCH-t,0.02732064929490398,0.040520446553586706,False,False
2025-11-14,Long-only Tangency Portfolio,0.009938639434459622,GARCH-t,0.028687944558634965,0.042488306294478806,False,False
2025-11-17,Long-only Tangency Portfolio,-0.018032495121212196,GARCH-t,0.02739178851768539,0.04062283264108611,False,False
2025-11-18,Long-only Tangency Portfolio,-0.01719765777122983,GARCH-t,0.027991618791859085,0.04137312538188847,False,False
2025-11-19,Long-only Tangency Portfolio,0.017481071596897855,GARCH-t,0.028327343524187212,0.04185517648303561,False,False
2025-11-20,Long-only Tangency Portfolio,-0.022066531336093192,GARCH-t,0.02782847319281391,0.04113887241183867,False,False
2025-11-21,Long-only Tangency Portfolio,0.001519043004805736,GARCH-t,0.029133707786161173,0.043012996396137336,False,False
2025-11-24,Long-only Tangency Portfolio,0.01826956557290448,GARCH-t,0.027574739861262954,0.040774548845255776,False,False
2025-11-25,Long-only Tangency Portfolio,-0.013195267647265604,GARCH-t,0.02727974218054178,0.04035097577144211,False,False
2025-11-26,Long-only Tangency Portfolio,0.009374828014854033,GARCH-t,0.02707333775104677,0.04005460951379484,False,False
2025-11-28,Long-only Tangency Portfolio,-0.008086409045137397,GARCH-t,0.025918140767764566,0.03839591736451111,False,False
2025-12-01,Long-only Tangency Portfolio,0.014988517582933803,GARCH-t,0.02523899831019956,0.03742076916129499,False,False
2025-12-02,Long-only Tangency Portfolio,0.009401321324572333,GARCH-t,0.024810627060271928,0.03680569135247401,False,False
2025-12-03,Long-only Tangency Portfolio,-0.009628987492583865,GARCH-t,0.023898971029453656,0.035496688019666635,False,False
2025-12-04,Long-only Tangency Portfolio,0.0077168785487788764,GARCH-t,0.023650071999822567,0.03513930579621206,False,False
2025-12-05,Long-only Tangency Portfolio,-0.005509788643458333,GARCH-t,0.022762166065685093,0.03386440409237297,False,False
2025-12-08,Long-only Tangency Portfolio,0.009277934010650801,GARCH-t,0.022205777885662203,0.033065512890687085,False,False
2025-12-09,Long-only Tangency Portfolio,-0.0027108332332601483,GARCH-t,0.021579885089174827,0.032166823331372996,False,False
2025-12-10,Long-only Tangency Portfolio,-0.002494168682535809,GARCH-t,0.020948771923471186,0.03126063809334723,False,False
2025-12-11,Long-only Tangency Portfolio,-0.009577036187735982,GARCH-t,0.02037803671816452,0.03044114668360319,False,False
2025-12-12,Long-only Tangency Portfolio,-0.018826603647621273,GARCH-t,0.020610805109038538,0.030775367693640074,False,False
2025-12-15,Long-only Tangency Portfolio,-0.0019185622400277077,GARCH-t,0.022557434056831083,0.033570439183610495,False,False
2025-12-16,Long-only Tangency Portfolio,0.005496843367834528,GARCH-t,0.021770079548499684,0.03243991446741722,False,False
2025-12-17,Long-only Tangency Portfolio,-0.025872848410308767,GARCH-t,0.020932726602666367,0.031184978556663145,True,False
2025-12-18,Long-only Tangency Portfolio,0.011887772219078479,GARCH-t,0.0246322945989988,0.036492309665428324,False,False
2025-12-19,Long-only Tangency Portfolio,0.024884500169309418,GARCH-t,0.023941378546703376,0.03550113440887731,False,False
2025-12-22,Long-only Tangency Portfolio,0.004684730656454918,GARCH-t,0.025399821030679913,0.03759338874052548,False,False
2025-12-23,Long-only Tangency Portfolio,0.019422670572136914,GARCH-t,0.024210685746623696,0.03588747748497931,False,False
2025-12-24,Long-only Tangency Portfolio,0.00032721167156307587,GARCH-t,0.0245709747600554,0.03640434137044594,False,False
2025-12-26,Long-only Tangency Portfolio,0.005252475313524427,GARCH-t,0.02347337127862403,0.03482973992836821,False,False
2025-12-29,Long-only Tangency Portfolio,-0.006511745574404393,GARCH-t,0.022497374141074902,0.0334295926746036,False,False
2025-12-30,Long-only Tangency Portfolio,-0.003010752548444659,GARCH-t,0.022057557586633605,0.032798640065042094,False,False
2025-12-31,Long-only Tangency Portfolio,-0.005217251561435142,GARCH-t,0.021379009000469115,0.03182520694427513,False,False
2026-01-02,Long-only Tangency Portfolio,0.005208334615845586,GARCH-t,0.020952914698816737,0.031213940022118514,False,False
2026-01-05,Long-only Tangency Portfolio,-0.007587992186544608,GARCH-t,0.020251001388245028,0.030206988304364808,False,False
2026-01-06,Long-only Tangency Portfolio,-0.009339419418291264,GARCH-t,0.020225214982431745,0.030169995608490114,False,False
2026-01-07,Long-only Tangency Portfolio,0.0031391273244203793,GARCH-t,0.020434760950268353,0.030470606337882854,False,False
2026-01-08,Long-only Tangency Portfolio,-0.014715820435871347,GARCH-t,0.019753589947719596,0.029493411147579626,False,False
2026-01-09,Long-only Tangency Portfolio,2.555260165907887e-05,GARCH-t,0.020965279758386843,0.031231678705495387,False,False
2026-01-12,Long-only Tangency Portfolio,0.0013978618528051145,GARCH-t,0.020264531313545064,0.03022639808234844,False,False
2026-01-13,Long-only Tangency Portfolio,0.0033836199242918362,GARCH-t,0.019611004439973545,0.029288860642853166,False,False
2026-01-14,Long-only Tangency Portfolio,-0.010784239407007946,GARCH-t,0.01902605524667822,0.028449703461879312,False,False
2026-01-15,Long-only Tangency Portfolio,0.009453090391976143,GARCH-t,0.01964279512427834,0.029334466964441797,False,False
2026-01-16,Long-only Tangency Portfolio,-0.006277009324423381,GARCH-t,0.01923300608093932,0.028726206559869887,False,False
2026-01-20,Long-only Tangency Portfolio,-0.03902102106717817,GARCH-t,0.01917362816638221,0.028641023923564397,True,True
2026-01-21,Long-only Tangency Portfolio,0.017590653599820302,GARCH-t,0.027735730931191103,0.04092408390074559,False,False
2026-01-22,Long-only Tangency Portfolio,0.0064589145483653345,GARCH-t,0.027335110908674496,0.04034936062308811,False,False
2026-01-23,Long-only Tangency Portfolio,0.009557954867724719,GARCH-t,0.026008973185671257,0.03844690399098591,False,False
2026-01-26,Long-only Tangency Portfolio,0.008174511630233272,GARCH-t,0.024978513472868634,0.03696862245149704,False,False
2026-01-27,Long-only Tangency Portfolio,0.011482539023965867,GARCH-t,0.023969571076504707,0.035521209320812014,False,False
2026-01-28,Long-only Tangency Portfolio,0.006493331228917721,GARCH-t,0.023318363594808655,0.03458699715646639,False,False
2026-01-29,Long-only Tangency Portfolio,0.0019962548886482503,GARCH-t,0.022400638624703297,0.03327044313229701,False,False
2026-01-30,Long-only Tangency Portfolio,-0.0026031455231278564,GARCH-t,0.02149860574479494,0.03197640073761301,False,False
2026-02-02,Long-only Tangency Portfolio,-0.001507231420882994,GARCH-t,0.02084799200621035,0.031043040347936465,False,False
2026-02-03,Long-only Tangency Portfolio,-0.01817268384343794,GARCH-t,0.02021125325908004,0.030129584806040586,False,False
2026-02-04,Long-only Tangency Portfolio,-0.009274389853223137,GARCH-t,0.02204617533983584,0.032761935595383235,False,False
2026-02-05,Long-only Tangency Portfolio,-0.010302616930349099,GARCH-t,0.021971370315943522,0.03265462146703145,False,False
2026-02-06,Long-only Tangency Portfolio,0.04909759036438658,GARCH-t,0.022047276476375183,0.032763515268803105,False,False
2026-02-09,Long-only Tangency Portfolio,0.011018105217628634,GARCH-t,0.03133058390533607,0.046081204283843026,False,False
2026-02-10,Long-only Tangency Portfolio,-0.005895830955244959,GARCH-t,0.029861050800074458,0.043973034857919924,False,False
2026-02-11,Long-only Tangency Portfolio,0.00637266433341145,GARCH-t,0.028545221614609637,0.04208536669406431,False,False
2026-02-12,Long-only Tangency Portfolio,-0.028999605999418396,GARCH-t,0.027099330644369243,0.040011113908764565,True,False
2026-02-13,Long-only Tangency Portfolio,-0.021559164233216573,GARCH-t,0.030159815459910925,0.04440163801028064,False,False
2026-02-17,Long-only Tangency Portfolio,0.018639899606959054,GARCH-t,0.030931268814336964,0.04557241978539425,False,False
2026-02-18,Long-only Tangency Portfolio,0.0103102229111952,GARCH-t,0.030297809985589196,0.044662193829733764,False,False
2026-02-19,Long-only Tangency Portfolio,-0.005787934803206203,GARCH-t,0.028912390112039995,0.042671464407136234,False,False
2026-02-20,Long-only Tangency Portfolio,0.011705242230562053,GARCH-t,0.027709541149606734,0.04094307371044267,False,False
2026-02-23,Long-only Tangency Portfolio,0.0063770321130173155,GARCH-t,0.02669107622281391,0.03947962704394145,False,False
2026-02-24,Long-only Tangency Portfolio,0.013015777629701122,GARCH-t,0.02545617007674975,0.03770517292641926,False,False
2026-02-25,Long-only Tangency Portfolio,0.012177685319597745,GARCH-t,0.024807738343626307,0.03677343219256664,False,False
2026-02-26,Long-only Tangency Portfolio,-0.03308921205174124,GARCH-t,0.024151300068863468,0.035830186745724746,True,False
2026-02-27,Long-only Tangency Portfolio,-0.03723720130766194,GARCH-t,0.0290200694275538,0.04282619033946269,True,False
2026-03-02,Long-only Tangency Portfolio,0.018521730265672474,GARCH-t,0.03385368904172349,0.049771686767863976,False,False
2026-03-03,Long-only Tangency Portfolio,-0.008571877066035422,GARCH-t,0.03286762857767322,0.04835480253246157,False,False
2026-03-04,Long-only Tangency Portfolio,0.007865748297645544,GARCH-t,0.03148876505791469,0.04637349402741057,False,False
2026-03-05,Long-only Tangency Portfolio,-0.0018376506857311968,GARCH-t,0.029857100398697167,0.04402893198745977,False,False
2026-03-06,Long-only Tangency Portfolio,-0.021686844791860865,GARCH-t,0.028341934366701182,0.0418517684736381,False,False
2026-03-09,Long-only Tangency Portfolio,0.019305933036645066,GARCH-t,0.029436424059584826,0.043424456202428525,False,False
2026-03-10,Long-only Tangency Portfolio,0.007757345319975309,GARCH-t,0.029076747936796203,0.04290763249150051,False,False
2026-03-11,Long-only Tangency Portfolio,0.003843012377018165,GARCH-t,0.0276673940636876,0.04088251196622499,False,False
2026-03-12,Long-only Tangency Portfolio,-0.016713532782760165,GARCH-t,0.026278409359238263,0.038886660187658004,False,False
2026-03-13,Long-only Tangency Portfolio,-0.0182054285876905,GARCH-t,0.02675788976781657,0.039575632372292995,False,False
2026-03-16,Long-only Tangency Portfolio,0.014076025173983668,GARCH-t,0.027432711301679194,0.04054529298429302,False,False
2026-03-17,Long-only Tangency Portfolio,-0.0019418439950470423,GARCH-t,0.02666335267581781,0.03941166047798661,False,False
2026-03-18,Long-only Tangency Portfolio,-0.012087857512099133,GARCH-t,0.025472529619690834,0.0377015347952611,False,False
2026-03-19,Long-only Tangency Portfolio,-0.007651132510213843,GARCH-t,0.02533274603041965,0.03750079337964417,False,False
2026-03-20,Long-only Tangency Portfolio,-0.021078219002426415,GARCH-t,0.024683312897574826,0.03656815080610938,False,False
2026-03-23,Long-only Tangency Portfolio,0.015368498579129171,GARCH-t,0.026264881475044376,0.03883942110895271,False,False
2026-03-24,Long-only Tangency Portfolio,-0.002216870898018026,GARCH-t,0.02578699378514401,0.03815313274079246,False,False
2026-03-25,Long-only Tangency Portfolio,0.01276285025515849,GARCH-t,0.02469514317424077,0.03658514011434967,False,False
2026-03-26,Long-only Tangency Portfolio,-0.024052891135874988,GARCH-t,0.024116243506629168,0.035753789743519844,False,False
2026-03-27,Long-only Tangency Portfolio,-0.019703178744774046,GARCH-t,0.026487626665685673,0.03915930261381556,False,False
2026-03-30,Long-only Tangency Portfolio,-0.011215991205068873,GARCH-t,0.027475647872453043,0.04057818716771873,False,False
2026-03-31,Long-only Tangency Portfolio,0.044560025013939304,GARCH-t,0.026971717899182835,0.03985449981118785,False,False
2026-04-01,Long-only Tangency Portfolio,0.00717877080368122,GARCH-t,0.03293763173513908,0.04842207197844051,False,False
2026-04-02,Long-only Tangency Portfolio,0.006223354389926761,GARCH-t,0.031165436454711943,0.04587704511800978,False,False
2026-04-06,Long-only Tangency Portfolio,0.005199990204108444,GARCH-t,0.029520905694581673,0.043515355634034074,False,False
2026-04-07,Long-only Tangency Portfolio,-0.006586295357774725,GARCH-t,0.027999075516739576,0.04132987487895118,False,False
2026-04-08,Long-only Tangency Portfolio,0.021308453891978076,GARCH-t,0.026963160732196317,0.03984221097368195,False,False
2026-04-09,Long-only Tangency Portfolio,0.00803289908610856,GARCH-t,0.027240917758641375,0.04024109426875859,False,False
2026-04-10,Long-only Tangency Portfolio,0.014527565512148568,GARCH-t,0.026037457138994306,0.038512819943519315,False,False
2026-04-13,Long-only Tangency Portfolio,0.0015391773177058996,GARCH-t,0.025489511451138206,0.03772592218509912,False,False
2026-04-14,Long-only Tangency Portfolio,0.022180714057787328,GARCH-t,0.024320799240830335,0.03604754960381675,False,False
2026-04-15,Long-only Tangency Portfolio,0.020007934411903308,GARCH-t,0.025154857224320874,0.03720991299681391,False,False
2026-04-16,Long-only Tangency Portfolio,-0.005081057911862089,GARCH-t,0.02547334660251421,0.037666886845964614,False,False
2026-04-17,Long-only Tangency Portfolio,0.019923086841767274,GARCH-t,0.024594648527636355,0.036406116255133486,False,False
2026-04-20,Long-only Tangency Portfolio,0.004704562279129815,GARCH-t,0.024980359461894697,0.036959540709309645,False,False
2026-04-21,Long-only Tangency Portfolio,-0.01541412603330359,GARCH-t,0.023889973598500296,0.03539503696390567,False,False
2026-04-22,Long-only Tangency Portfolio,0.01849841048375772,GARCH-t,0.024486999938353394,0.03625166027145413,False,False
2026-04-23,Long-only Tangency Portfolio,-0.009246654821526474,GARCH-t,0.024662836758208545,0.03650395386079591,False,False
2026-04-24,Long-only Tangency Portfolio,0.02231340324410792,GARCH-t,0.024266662478828357,0.03593551642526872,False,False
2026-04-27,Long-only Tangency Portfolio,0.01812599873446082,GARCH-t,0.02512029576882708,0.03716032364649133,False,False
2026-04-28,Long-only Tangency Portfolio,-0.004259094467865678,GARCH-t,0.02515386208269681,0.037208485151084866,False,False
2026-04-29,Long-only Tangency Portfolio,-0.011770180543351744,GARCH-t,0.024251377165270958,0.0359135848035254,False,False
2026-04-30,Long-only Tangency Portfolio,-0.026397714919561173,GARCH-t,0.024227649298353707,0.035879539666011484,True,False
2026-05-01,Long-only Tangency Portfolio,0.00992667416851543,GARCH-t,0.027125953183546755,0.040038074214127944,False,False
2026-05-06,Long-only Tangency Portfolio,0.037698656477803585,GARCH-t,0.026055788883024032,0.03850258470296228,False,False
2026-05-07,Long-only Tangency Portfolio,0.010682319638821212,GARCH-t,0.03017744614720651,0.04441640699611923,False,False
2026-05-08,Long-only Tangency Portfolio,0.017478999254206436,GARCH-t,0.028855312968129678,0.04251938835342577,False,False
2026-05-11,Long-only Tangency Portfolio,0.010266771537755466,GARCH-t,0.02832925633191699,0.04176459355529138,False,False
2026-05-12,Long-only Tangency Portfolio,0.005871846727069159,GARCH-t,0.02716104393096492,0.04008842300129384,False,False
2026-05-13,Long-only Tangency Portfolio,0.01826746686795871,GARCH-t,0.025890421135958953,0.038265312313125036,False,False
2026-05-14,Long-only Tangency Portfolio,0.024780474800165302,GARCH-t,0.025841709171777066,0.03819541957793191,False,False
2026-05-15,Long-only Tangency Portfolio,-0.021658513718855018,GARCH-t,0.026832213124818774,0.039546401260766015,False,False
2026-05-18,Long-only Tangency Portfolio,-0.014232032713699693,GARCH-t,0.028136222054743767,0.0414132640922872,False,False
2026-05-19,Long-only Tangency Portfolio,-0.004469860328344932,GARCH-t,0.027955470331594928,0.04115449387535366,False,False
